

================================================================
== Synthesis Summary Report of 'myproject'
================================================================
+ General Information: 
    * Date:           Tue Mar 10 19:40:12 2026
    * Version:        2022.2 (Build 3670227 on Oct 13 2022)
    * Project:        myproject_prj
    * Solution:       solution1 (Vivado IP Flow Target)
    * Product family: zynq
    * Target device:  xc7z020-clg484-1
    

+ Performance & Resource Estimates: 
    
    PS: '+' for module; 'o' for loop; '*' for dataflow
    +---------------------------------------------------------------------+------+------+---------+---------+----------+---------+------+----------+---------+--------+-------------+-------------+-----+
    |                               Modules                               | Issue|      | Latency | Latency | Iteration|         | Trip |          |         |        |             |             |     |
    |                               & Loops                               | Type | Slack| (cycles)|   (ns)  |  Latency | Interval| Count| Pipelined|  BRAM   |   DSP  |      FF     |     LUT     | URAM|
    +---------------------------------------------------------------------+------+------+---------+---------+----------+---------+------+----------+---------+--------+-------------+-------------+-----+
    |+ myproject                                                          |    II|  0.00|       29|  145.000|         -|        1|     -|       yes|  1 (~0%)|  5 (2%)|  13071 (12%)|  13088 (24%)|    -|
    | + dense_latency_ap_fixed_16_6_5_3_0_ap_fixed_8_4_5_3_0_config2_s    |     -|  1.54|        7|   35.000|         -|        1|     -|       yes|        -|       -|    9538 (8%)|  11717 (22%)|    -|
    | + dense_latency_ap_fixed_8_4_5_3_0_ap_fixed_8_4_5_3_0_config5_s     |     -|  0.00|        3|   15.000|         -|        1|     -|       yes|        -|       -|    306 (~0%)|     571 (1%)|    -|
    | + dense_latency_ap_fixed_8_4_5_3_0_ap_fixed_8_4_5_3_0_config8_s     |     -|  0.00|        1|    5.000|         -|        1|     -|       yes|        -|       -|     48 (~0%)|    150 (~0%)|    -|
    | + dense_latency_ap_fixed_8_4_5_3_0_ap_fixed_8_4_5_3_0_config11_s    |     -|  0.00|        1|    5.000|         -|        1|     -|       yes|        -|       -|     67 (~0%)|    178 (~0%)|    -|
    | + dense_latency_ap_fixed_8_4_5_3_0_ap_fixed_8_4_5_3_0_config14_s    |     -|  0.10|        2|   10.000|         -|        1|     -|       yes|        -|       -|    151 (~0%)|    269 (~0%)|    -|
    | + dense_latency_ap_fixed_8_4_5_3_0_ap_fixed_8_4_5_3_0_config17_s    |     -|  0.16|        4|   20.000|         -|        1|     -|       yes|        -|  5 (2%)|    178 (~0%)|    139 (~0%)|    -|
    | + sigmoid_ap_fixed_8_4_5_3_0_ap_fixed_8_4_5_3_0_sigmoid_config19_s  |    II|  0.40|        2|   10.000|         -|        1|     -|       yes|  1 (~0%)|       -|     23 (~0%)|     24 (~0%)|    -|
    +---------------------------------------------------------------------+------+------+---------+---------+----------+---------+------+----------+---------+--------+-------------+-------------+-----+


================================================================
== HW Interfaces
================================================================
* Other Ports
+---------------+--------+----------+
| Interface     | Mode   | Bitwidth |
+---------------+--------+----------+
| inputLayer    | ap_vld | 2576     |
| layer19_out_0 | ap_vld | 8        |
| layer19_out_1 | ap_vld | 8        |
+---------------+--------+----------+

* TOP LEVEL CONTROL
+-----------+------------+-----------------------------------+
| Interface | Type       | Ports                             |
+-----------+------------+-----------------------------------+
| ap_clk    | clock      | ap_clk                            |
| ap_rst    | reset      | ap_rst                            |
| ap_ctrl   | ap_ctrl_hs | ap_done ap_idle ap_ready ap_start |
+-----------+------------+-----------------------------------+


================================================================
== SW I/O Information
================================================================
* Top Function Arguments
+-------------+-----------+--------------------------------------+
| Argument    | Direction | Datatype                             |
+-------------+-----------+--------------------------------------+
| inputLayer  | in        | ap_fixed<16, 6, AP_TRN, AP_WRAP, 0>* |
| layer19_out | out       | ap_fixed<8, 4, AP_TRN, AP_WRAP, 0>*  |
+-------------+-----------+--------------------------------------+

* SW-to-HW Mapping
+-------------+----------------------+---------+
| Argument    | HW Interface         | HW Type |
+-------------+----------------------+---------+
| inputLayer  | inputLayer_ap_vld    | port    |
| inputLayer  | inputLayer           | port    |
| layer19_out | layer19_out_0        | port    |
| layer19_out | layer19_out_0_ap_vld | port    |
| layer19_out | layer19_out_1        | port    |
| layer19_out | layer19_out_1_ap_vld | port    |
+-------------+----------------------+---------+


================================================================
== Bind Op Report
================================================================
+-------------------------------------------------------------------+-----+--------+---------------+-----+--------+---------+
| Name                                                              | DSP | Pragma | Variable      | Op  | Impl   | Latency |
+-------------------------------------------------------------------+-----+--------+---------------+-----+--------+---------+
| + myproject                                                       | 5   |        |               |     |        |         |
|  + dense_latency_ap_fixed_16_6_5_3_0_ap_fixed_8_4_5_3_0_config2_s | 0   |        |               |     |        |         |
|    r_V_fu_972_p2                                                  | -   |        | r_V           | sub | fabric | 0       |
|    r_V_29_fu_1002_p2                                              | -   |        | r_V_29        | sub | fabric | 0       |
|    r_V_30_fu_1060_p2                                              | -   |        | r_V_30        | sub | fabric | 0       |
|    r_V_31_fu_1104_p2                                              | -   |        | r_V_31        | sub | fabric | 0       |
|    r_V_32_fu_1134_p2                                              | -   |        | r_V_32        | sub | fabric | 0       |
|    r_V_33_fu_1174_p2                                              | -   |        | r_V_33        | sub | fabric | 0       |
|    r_V_34_fu_1218_p2                                              | -   |        | r_V_34        | sub | fabric | 0       |
|    r_V_35_fu_1280_p2                                              | -   |        | r_V_35        | sub | fabric | 0       |
|    r_V_36_fu_1296_p2                                              | -   |        | r_V_36        | sub | fabric | 0       |
|    r_V_37_fu_1336_p2                                              | -   |        | r_V_37        | sub | fabric | 0       |
|    r_V_38_fu_1404_p2                                              | -   |        | r_V_38        | sub | fabric | 0       |
|    r_V_39_fu_1458_p2                                              | -   |        | r_V_39        | sub | fabric | 0       |
|    r_V_40_fu_1502_p2                                              | -   |        | r_V_40        | sub | fabric | 0       |
|    r_V_41_fu_1550_p2                                              | -   |        | r_V_41        | sub | fabric | 0       |
|    r_V_42_fu_1608_p2                                              | -   |        | r_V_42        | sub | fabric | 0       |
|    r_V_43_fu_1624_p2                                              | -   |        | r_V_43        | sub | fabric | 0       |
|    r_V_44_fu_1668_p2                                              | -   |        | r_V_44        | sub | fabric | 0       |
|    r_V_45_fu_1722_p2                                              | -   |        | r_V_45        | sub | fabric | 0       |
|    r_V_46_fu_1766_p2                                              | -   |        | r_V_46        | sub | fabric | 0       |
|    r_V_47_fu_1838_p2                                              | -   |        | r_V_47        | sub | fabric | 0       |
|    r_V_48_fu_1864_p2                                              | -   |        | r_V_48        | sub | fabric | 0       |
|    r_V_49_fu_1908_p2                                              | -   |        | r_V_49        | sub | fabric | 0       |
|    r_V_50_fu_1966_p2                                              | -   |        | r_V_50        | sub | fabric | 0       |
|    r_V_51_fu_1982_p2                                              | -   |        | r_V_51        | sub | fabric | 0       |
|    r_V_52_fu_2046_p2                                              | -   |        | r_V_52        | sub | fabric | 0       |
|    r_V_53_fu_2076_p2                                              | -   |        | r_V_53        | sub | fabric | 0       |
|    r_V_54_fu_2116_p2                                              | -   |        | r_V_54        | sub | fabric | 0       |
|    r_V_55_fu_2160_p2                                              | -   |        | r_V_55        | sub | fabric | 0       |
|    r_V_56_fu_2214_p2                                              | -   |        | r_V_56        | sub | fabric | 0       |
|    r_V_57_fu_2272_p2                                              | -   |        | r_V_57        | sub | fabric | 0       |
|    r_V_58_fu_2306_p2                                              | -   |        | r_V_58        | sub | fabric | 0       |
|    r_V_59_fu_2350_p2                                              | -   |        | r_V_59        | sub | fabric | 0       |
|    r_V_60_fu_2384_p2                                              | -   |        | r_V_60        | sub | fabric | 0       |
|    r_V_61_fu_2428_p2                                              | -   |        | r_V_61        | sub | fabric | 0       |
|    r_V_62_fu_2472_p2                                              | -   |        | r_V_62        | sub | fabric | 0       |
|    r_V_63_fu_2530_p2                                              | -   |        | r_V_63        | sub | fabric | 0       |
|    r_V_64_fu_2594_p2                                              | -   |        | r_V_64        | sub | fabric | 0       |
|    r_V_65_fu_2638_p2                                              | -   |        | r_V_65        | sub | fabric | 0       |
|    r_V_66_fu_2682_p2                                              | -   |        | r_V_66        | sub | fabric | 0       |
|    r_V_67_fu_2726_p2                                              | -   |        | r_V_67        | sub | fabric | 0       |
|    r_V_68_fu_2770_p2                                              | -   |        | r_V_68        | sub | fabric | 0       |
|    r_V_69_fu_2814_p2                                              | -   |        | r_V_69        | sub | fabric | 0       |
|    r_V_70_fu_2858_p2                                              | -   |        | r_V_70        | sub | fabric | 0       |
|    r_V_71_fu_2898_p2                                              | -   |        | r_V_71        | sub | fabric | 0       |
|    r_V_72_fu_2938_p2                                              | -   |        | r_V_72        | sub | fabric | 0       |
|    r_V_73_fu_2996_p2                                              | -   |        | r_V_73        | sub | fabric | 0       |
|    r_V_74_fu_3040_p2                                              | -   |        | r_V_74        | sub | fabric | 0       |
|    r_V_76_fu_3084_p2                                              | -   |        | r_V_76        | sub | fabric | 0       |
|    r_V_77_fu_3128_p2                                              | -   |        | r_V_77        | sub | fabric | 0       |
|    r_V_79_fu_3158_p2                                              | -   |        | r_V_79        | sub | fabric | 0       |
|    r_V_80_fu_3216_p2                                              | -   |        | r_V_80        | sub | fabric | 0       |
|    r_V_81_fu_3246_p2                                              | -   |        | r_V_81        | sub | fabric | 0       |
|    r_V_82_fu_3300_p2                                              | -   |        | r_V_82        | sub | fabric | 0       |
|    r_V_84_fu_3340_p2                                              | -   |        | r_V_84        | sub | fabric | 0       |
|    r_V_85_fu_3370_p2                                              | -   |        | r_V_85        | sub | fabric | 0       |
|    r_V_86_fu_3414_p2                                              | -   |        | r_V_86        | sub | fabric | 0       |
|    r_V_87_fu_3472_p2                                              | -   |        | r_V_87        | sub | fabric | 0       |
|    r_V_88_fu_3502_p2                                              | -   |        | r_V_88        | sub | fabric | 0       |
|    r_V_89_fu_3560_p2                                              | -   |        | r_V_89        | sub | fabric | 0       |
|    r_V_90_fu_3590_p2                                              | -   |        | r_V_90        | sub | fabric | 0       |
|    r_V_91_fu_3644_p2                                              | -   |        | r_V_91        | sub | fabric | 0       |
|    r_V_92_fu_3674_p2                                              | -   |        | r_V_92        | sub | fabric | 0       |
|    r_V_93_fu_3746_p2                                              | -   |        | r_V_93        | sub | fabric | 0       |
|    r_V_94_fu_3786_p2                                              | -   |        | r_V_94        | sub | fabric | 0       |
|    r_V_96_fu_3826_p2                                              | -   |        | r_V_96        | sub | fabric | 0       |
|    r_V_97_fu_3856_p2                                              | -   |        | r_V_97        | sub | fabric | 0       |
|    r_V_98_fu_3900_p2                                              | -   |        | r_V_98        | sub | fabric | 0       |
|    r_V_99_fu_3944_p2                                              | -   |        | r_V_99        | sub | fabric | 0       |
|    r_V_100_fu_4016_p2                                             | -   |        | r_V_100       | sub | fabric | 0       |
|    r_V_101_fu_4046_p2                                             | -   |        | r_V_101       | sub | fabric | 0       |
|    r_V_102_fu_4090_p2                                             | -   |        | r_V_102       | sub | fabric | 0       |
|    r_V_103_fu_4148_p2                                             | -   |        | r_V_103       | sub | fabric | 0       |
|    r_V_104_fu_4192_p2                                             | -   |        | r_V_104       | sub | fabric | 0       |
|    r_V_105_fu_4236_p2                                             | -   |        | r_V_105       | sub | fabric | 0       |
|    r_V_106_fu_4266_p2                                             | -   |        | r_V_106       | sub | fabric | 0       |
|    r_V_107_fu_4310_p2                                             | -   |        | r_V_107       | sub | fabric | 0       |
|    r_V_108_fu_4350_p2                                             | -   |        | r_V_108       | sub | fabric | 0       |
|    r_V_109_fu_4404_p2                                             | -   |        | r_V_109       | sub | fabric | 0       |
|    r_V_110_fu_4434_p2                                             | -   |        | r_V_110       | sub | fabric | 0       |
|    r_V_112_fu_4478_p2                                             | -   |        | r_V_112       | sub | fabric | 0       |
|    r_V_113_fu_4508_p2                                             | -   |        | r_V_113       | sub | fabric | 0       |
|    r_V_114_fu_4566_p2                                             | -   |        | r_V_114       | sub | fabric | 0       |
|    r_V_115_fu_4596_p2                                             | -   |        | r_V_115       | sub | fabric | 0       |
|    r_V_116_fu_4650_p2                                             | -   |        | r_V_116       | sub | fabric | 0       |
|    r_V_117_fu_4694_p2                                             | -   |        | r_V_117       | sub | fabric | 0       |
|    r_V_118_fu_4724_p2                                             | -   |        | r_V_118       | sub | fabric | 0       |
|    r_V_119_fu_4768_p2                                             | -   |        | r_V_119       | sub | fabric | 0       |
|    r_V_120_fu_4826_p2                                             | -   |        | r_V_120       | sub | fabric | 0       |
|    r_V_121_fu_4856_p2                                             | -   |        | r_V_121       | sub | fabric | 0       |
|    r_V_122_fu_4914_p2                                             | -   |        | r_V_122       | sub | fabric | 0       |
|    r_V_123_fu_4958_p2                                             | -   |        | r_V_123       | sub | fabric | 0       |
|    r_V_125_fu_4988_p2                                             | -   |        | r_V_125       | sub | fabric | 0       |
|    r_V_127_fu_5018_p2                                             | -   |        | r_V_127       | sub | fabric | 0       |
|    r_V_128_fu_5062_p2                                             | -   |        | r_V_128       | sub | fabric | 0       |
|    r_V_129_fu_5102_p2                                             | -   |        | r_V_129       | sub | fabric | 0       |
|    r_V_130_fu_5132_p2                                             | -   |        | r_V_130       | sub | fabric | 0       |
|    r_V_131_fu_5204_p2                                             | -   |        | r_V_131       | sub | fabric | 0       |
|    r_V_132_fu_5248_p2                                             | -   |        | r_V_132       | sub | fabric | 0       |
|    r_V_133_fu_5278_p2                                             | -   |        | r_V_133       | sub | fabric | 0       |
|    r_V_134_fu_5336_p2                                             | -   |        | r_V_134       | sub | fabric | 0       |
|    r_V_136_fu_5366_p2                                             | -   |        | r_V_136       | sub | fabric | 0       |
|    r_V_137_fu_5396_p2                                             | -   |        | r_V_137       | sub | fabric | 0       |
|    r_V_138_fu_5454_p2                                             | -   |        | r_V_138       | sub | fabric | 0       |
|    r_V_139_fu_5484_p2                                             | -   |        | r_V_139       | sub | fabric | 0       |
|    r_V_141_fu_5528_p2                                             | -   |        | r_V_141       | sub | fabric | 0       |
|    r_V_142_fu_5558_p2                                             | -   |        | r_V_142       | sub | fabric | 0       |
|    r_V_143_fu_5612_p2                                             | -   |        | r_V_143       | sub | fabric | 0       |
|    r_V_144_fu_5652_p2                                             | -   |        | r_V_144       | sub | fabric | 0       |
|    r_V_145_fu_5696_p2                                             | -   |        | r_V_145       | sub | fabric | 0       |
|    r_V_146_fu_5740_p2                                             | -   |        | r_V_146       | sub | fabric | 0       |
|    r_V_147_fu_5780_p2                                             | -   |        | r_V_147       | sub | fabric | 0       |
|    r_V_148_fu_5824_p2                                             | -   |        | r_V_148       | sub | fabric | 0       |
|    r_V_149_fu_5868_p2                                             | -   |        | r_V_149       | sub | fabric | 0       |
|    r_V_150_fu_5912_p2                                             | -   |        | r_V_150       | sub | fabric | 0       |
|    r_V_151_fu_5956_p2                                             | -   |        | r_V_151       | sub | fabric | 0       |
|    r_V_153_fu_5986_p2                                             | -   |        | r_V_153       | sub | fabric | 0       |
|    r_V_154_fu_6030_p2                                             | -   |        | r_V_154       | sub | fabric | 0       |
|    r_V_155_fu_6060_p2                                             | -   |        | r_V_155       | sub | fabric | 0       |
|    r_V_156_fu_6104_p2                                             | -   |        | r_V_156       | sub | fabric | 0       |
|    r_V_157_fu_6172_p2                                             | -   |        | r_V_157       | sub | fabric | 0       |
|    r_V_158_fu_6216_p2                                             | -   |        | r_V_158       | sub | fabric | 0       |
|    r_V_159_fu_6246_p2                                             | -   |        | r_V_159       | sub | fabric | 0       |
|    r_V_160_fu_6286_p2                                             | -   |        | r_V_160       | sub | fabric | 0       |
|    r_V_162_fu_6326_p2                                             | -   |        | r_V_162       | sub | fabric | 0       |
|    r_V_164_fu_6356_p2                                             | -   |        | r_V_164       | sub | fabric | 0       |
|    r_V_165_fu_6400_p2                                             | -   |        | r_V_165       | sub | fabric | 0       |
|    r_V_166_fu_6444_p2                                             | -   |        | r_V_166       | sub | fabric | 0       |
|    r_V_167_fu_6484_p2                                             | -   |        | r_V_167       | sub | fabric | 0       |
|    r_V_168_fu_6528_p2                                             | -   |        | r_V_168       | sub | fabric | 0       |
|    r_V_169_fu_6572_p2                                             | -   |        | r_V_169       | sub | fabric | 0       |
|    r_V_170_fu_6612_p2                                             | -   |        | r_V_170       | sub | fabric | 0       |
|    r_V_171_fu_6652_p2                                             | -   |        | r_V_171       | sub | fabric | 0       |
|    r_V_172_fu_6710_p2                                             | -   |        | r_V_172       | sub | fabric | 0       |
|    r_V_173_fu_6750_p2                                             | -   |        | r_V_173       | sub | fabric | 0       |
|    r_V_174_fu_6808_p2                                             | -   |        | r_V_174       | sub | fabric | 0       |
|    r_V_175_fu_6852_p2                                             | -   |        | r_V_175       | sub | fabric | 0       |
|    r_V_176_fu_6882_p2                                             | -   |        | r_V_176       | sub | fabric | 0       |
|    r_V_177_fu_6940_p2                                             | -   |        | r_V_177       | sub | fabric | 0       |
|    r_V_178_fu_6984_p2                                             | -   |        | r_V_178       | sub | fabric | 0       |
|    r_V_179_fu_7028_p2                                             | -   |        | r_V_179       | sub | fabric | 0       |
|    r_V_180_fu_7086_p2                                             | -   |        | r_V_180       | sub | fabric | 0       |
|    r_V_181_fu_7126_p2                                             | -   |        | r_V_181       | sub | fabric | 0       |
|    r_V_183_fu_7156_p2                                             | -   |        | r_V_183       | sub | fabric | 0       |
|    r_V_185_fu_7186_p2                                             | -   |        | r_V_185       | sub | fabric | 0       |
|    r_V_186_fu_7216_p2                                             | -   |        | r_V_186       | sub | fabric | 0       |
|    r_V_187_fu_7270_p2                                             | -   |        | r_V_187       | sub | fabric | 0       |
|    r_V_188_fu_7314_p2                                             | -   |        | r_V_188       | sub | fabric | 0       |
|    r_V_189_fu_7372_p2                                             | -   |        | r_V_189       | sub | fabric | 0       |
|    r_V_190_fu_7430_p2                                             | -   |        | r_V_190       | sub | fabric | 0       |
|    add_ln813_fu_8055_p2                                           | -   |        | add_ln813     | add | fabric | 0       |
|    add_ln813_37_fu_8060_p2                                        | -   |        | add_ln813_37  | add | fabric | 0       |
|    add_ln813_38_fu_7446_p2                                        | -   |        | add_ln813_38  | add | fabric | 0       |
|    add_ln813_39_fu_8064_p2                                        | -   |        | add_ln813_39  | add | fabric | 0       |
|    add_ln813_40_fu_8805_p2                                        | -   |        | add_ln813_40  | add | fabric | 0       |
|    add_ln813_41_fu_7452_p2                                        | -   |        | add_ln813_41  | add | fabric | 0       |
|    add_ln813_42_fu_8068_p2                                        | -   |        | add_ln813_42  | add | fabric | 0       |
|    add_ln813_43_fu_8809_p2                                        | -   |        | add_ln813_43  | add | fabric | 0       |
|    add_ln813_44_fu_9329_p2                                        | -   |        | add_ln813_44  | add | fabric | 0       |
|    add_ln813_45_fu_9613_p2                                        | -   |        | add_ln813_45  | add | fabric | 0       |
|    add_ln813_46_fu_8813_p2                                        | -   |        | add_ln813_46  | add | fabric | 0       |
|    add_ln813_47_fu_8072_p2                                        | -   |        | add_ln813_47  | add | fabric | 0       |
|    add_ln813_48_fu_8817_p2                                        | -   |        | add_ln813_48  | add | fabric | 0       |
|    add_ln813_49_fu_9333_p2                                        | -   |        | add_ln813_49  | add | fabric | 0       |
|    add_ln813_50_fu_8076_p2                                        | -   |        | add_ln813_50  | add | fabric | 0       |
|    add_ln813_51_fu_8821_p2                                        | -   |        | add_ln813_51  | add | fabric | 0       |
|    add_ln813_52_fu_8080_p2                                        | -   |        | add_ln813_52  | add | fabric | 0       |
|    add_ln813_53_fu_8825_p2                                        | -   |        | add_ln813_53  | add | fabric | 0       |
|    add_ln813_54_fu_9337_p2                                        | -   |        | add_ln813_54  | add | fabric | 0       |
|    add_ln813_55_fu_9617_p2                                        | -   |        | add_ln813_55  | add | fabric | 0       |
|    add_ln813_56_fu_9757_p2                                        | -   |        | add_ln813_56  | add | fabric | 0       |
|    add_ln813_57_fu_8084_p2                                        | -   |        | add_ln813_57  | add | fabric | 0       |
|    add_ln813_58_fu_8088_p2                                        | -   |        | add_ln813_58  | add | fabric | 0       |
|    add_ln813_59_fu_8829_p2                                        | -   |        | add_ln813_59  | add | fabric | 0       |
|    add_ln813_60_fu_9341_p2                                        | -   |        | add_ln813_60  | add | fabric | 0       |
|    add_ln813_61_fu_8092_p2                                        | -   |        | add_ln813_61  | add | fabric | 0       |
|    add_ln813_62_fu_8833_p2                                        | -   |        | add_ln813_62  | add | fabric | 0       |
|    add_ln813_63_fu_8096_p2                                        | -   |        | add_ln813_63  | add | fabric | 0       |
|    add_ln813_64_fu_8837_p2                                        | -   |        | add_ln813_64  | add | fabric | 0       |
|    add_ln813_65_fu_9345_p2                                        | -   |        | add_ln813_65  | add | fabric | 0       |
|    add_ln813_66_fu_9621_p2                                        | -   |        | add_ln813_66  | add | fabric | 0       |
|    add_ln813_67_fu_8100_p2                                        | -   |        | add_ln813_67  | add | fabric | 0       |
|    add_ln813_68_fu_8104_p2                                        | -   |        | add_ln813_68  | add | fabric | 0       |
|    add_ln813_69_fu_8841_p2                                        | -   |        | add_ln813_69  | add | fabric | 0       |
|    add_ln813_70_fu_9349_p2                                        | -   |        | add_ln813_70  | add | fabric | 0       |
|    add_ln813_71_fu_8108_p2                                        | -   |        | add_ln813_71  | add | fabric | 0       |
|    add_ln813_72_fu_8845_p2                                        | -   |        | add_ln813_72  | add | fabric | 0       |
|    add_ln813_73_fu_8112_p2                                        | -   |        | add_ln813_73  | add | fabric | 0       |
|    add_ln813_74_fu_8849_p2                                        | -   |        | add_ln813_74  | add | fabric | 0       |
|    add_ln813_75_fu_9353_p2                                        | -   |        | add_ln813_75  | add | fabric | 0       |
|    add_ln813_76_fu_9625_p2                                        | -   |        | add_ln813_76  | add | fabric | 0       |
|    add_ln813_77_fu_9761_p2                                        | -   |        | add_ln813_77  | add | fabric | 0       |
|    add_ln813_78_fu_9829_p2                                        | -   |        | add_ln813_78  | add | fabric | 0       |
|    add_ln813_79_fu_8116_p2                                        | -   |        | add_ln813_79  | add | fabric | 0       |
|    add_ln813_80_fu_7458_p2                                        | -   |        | add_ln813_80  | add | fabric | 0       |
|    add_ln813_81_fu_8120_p2                                        | -   |        | add_ln813_81  | add | fabric | 0       |
|    add_ln813_82_fu_8853_p2                                        | -   |        | add_ln813_82  | add | fabric | 0       |
|    add_ln813_83_fu_7464_p2                                        | -   |        | add_ln813_83  | add | fabric | 0       |
|    add_ln813_84_fu_7470_p2                                        | -   |        | add_ln813_84  | add | fabric | 0       |
|    add_ln813_85_fu_8125_p2                                        | -   |        | add_ln813_85  | add | fabric | 0       |
|    add_ln813_86_fu_8857_p2                                        | -   |        | add_ln813_86  | add | fabric | 0       |
|    add_ln813_87_fu_9357_p2                                        | -   |        | add_ln813_87  | add | fabric | 0       |
|    add_ln813_88_fu_8130_p2                                        | -   |        | add_ln813_88  | add | fabric | 0       |
|    add_ln813_89_fu_7476_p2                                        | -   |        | add_ln813_89  | add | fabric | 0       |
|    add_ln813_90_fu_8136_p2                                        | -   |        | add_ln813_90  | add | fabric | 0       |
|    add_ln813_91_fu_8861_p2                                        | -   |        | add_ln813_91  | add | fabric | 0       |
|    add_ln813_92_fu_7482_p2                                        | -   |        | add_ln813_92  | add | fabric | 0       |
|    add_ln813_93_fu_8140_p2                                        | -   |        | add_ln813_93  | add | fabric | 0       |
|    add_ln813_94_fu_7488_p2                                        | -   |        | add_ln813_94  | add | fabric | 0       |
|    add_ln813_95_fu_8144_p2                                        | -   |        | add_ln813_95  | add | fabric | 0       |
|    add_ln813_96_fu_8865_p2                                        | -   |        | add_ln813_96  | add | fabric | 0       |
|    add_ln813_97_fu_9361_p2                                        | -   |        | add_ln813_97  | add | fabric | 0       |
|    add_ln813_98_fu_9629_p2                                        | -   |        | add_ln813_98  | add | fabric | 0       |
|    add_ln813_99_fu_8149_p2                                        | -   |        | add_ln813_99  | add | fabric | 0       |
|    add_ln813_100_fu_7494_p2                                       | -   |        | add_ln813_100 | add | fabric | 0       |
|    add_ln813_101_fu_8154_p2                                       | -   |        | add_ln813_101 | add | fabric | 0       |
|    add_ln813_102_fu_8869_p2                                       | -   |        | add_ln813_102 | add | fabric | 0       |
|    add_ln813_103_fu_7500_p2                                       | -   |        | add_ln813_103 | add | fabric | 0       |
|    add_ln813_104_fu_8159_p2                                       | -   |        | add_ln813_104 | add | fabric | 0       |
|    add_ln813_105_fu_7506_p2                                       | -   |        | add_ln813_105 | add | fabric | 0       |
|    add_ln813_106_fu_8163_p2                                       | -   |        | add_ln813_106 | add | fabric | 0       |
|    add_ln813_107_fu_8873_p2                                       | -   |        | add_ln813_107 | add | fabric | 0       |
|    add_ln813_108_fu_9365_p2                                       | -   |        | add_ln813_108 | add | fabric | 0       |
|    add_ln813_109_fu_7512_p2                                       | -   |        | add_ln813_109 | add | fabric | 0       |
|    add_ln813_110_fu_7518_p2                                       | -   |        | add_ln813_110 | add | fabric | 0       |
|    add_ln813_111_fu_8168_p2                                       | -   |        | add_ln813_111 | add | fabric | 0       |
|    add_ln813_112_fu_8877_p2                                       | -   |        | add_ln813_112 | add | fabric | 0       |
|    add_ln813_113_fu_7524_p2                                       | -   |        | add_ln813_113 | add | fabric | 0       |
|    add_ln813_114_fu_8172_p2                                       | -   |        | add_ln813_114 | add | fabric | 0       |
|    add_ln813_115_fu_7530_p2                                       | -   |        | add_ln813_115 | add | fabric | 0       |
|    add_ln813_116_fu_8177_p2                                       | -   |        | add_ln813_116 | add | fabric | 0       |
|    add_ln813_117_fu_8881_p2                                       | -   |        | add_ln813_117 | add | fabric | 0       |
|    add_ln813_118_fu_9369_p2                                       | -   |        | add_ln813_118 | add | fabric | 0       |
|    add_ln813_119_fu_9633_p2                                       | -   |        | add_ln813_119 | add | fabric | 0       |
|    add_ln813_120_fu_9765_p2                                       | -   |        | add_ln813_120 | add | fabric | 0       |
|    add_ln813_121_fu_9869_p2                                       | -   |        | add_ln813_121 | add | fabric | 0       |
|    add_ln813_122_fu_8181_p2                                       | -   |        | add_ln813_122 | add | fabric | 0       |
|    add_ln813_123_fu_8885_p2                                       | -   |        | add_ln813_123 | add | fabric | 0       |
|    add_ln813_124_fu_8185_p2                                       | -   |        | add_ln813_124 | add | fabric | 0       |
|    add_ln813_125_fu_8889_p2                                       | -   |        | add_ln813_125 | add | fabric | 0       |
|    add_ln813_126_fu_9373_p2                                       | -   |        | add_ln813_126 | add | fabric | 0       |
|    add_ln813_127_fu_8189_p2                                       | -   |        | add_ln813_127 | add | fabric | 0       |
|    add_ln813_128_fu_8893_p2                                       | -   |        | add_ln813_128 | add | fabric | 0       |
|    add_ln813_129_fu_8193_p2                                       | -   |        | add_ln813_129 | add | fabric | 0       |
|    add_ln813_130_fu_8897_p2                                       | -   |        | add_ln813_130 | add | fabric | 0       |
|    add_ln813_131_fu_9377_p2                                       | -   |        | add_ln813_131 | add | fabric | 0       |
|    add_ln813_132_fu_9637_p2                                       | -   |        | add_ln813_132 | add | fabric | 0       |
|    add_ln813_133_fu_8197_p2                                       | -   |        | add_ln813_133 | add | fabric | 0       |
|    add_ln813_134_fu_8901_p2                                       | -   |        | add_ln813_134 | add | fabric | 0       |
|    add_ln813_135_fu_8201_p2                                       | -   |        | add_ln813_135 | add | fabric | 0       |
|    add_ln813_136_fu_8905_p2                                       | -   |        | add_ln813_136 | add | fabric | 0       |
|    add_ln813_137_fu_9381_p2                                       | -   |        | add_ln813_137 | add | fabric | 0       |
|    add_ln813_138_fu_8205_p2                                       | -   |        | add_ln813_138 | add | fabric | 0       |
|    add_ln813_139_fu_8909_p2                                       | -   |        | add_ln813_139 | add | fabric | 0       |
|    add_ln813_140_fu_8209_p2                                       | -   |        | add_ln813_140 | add | fabric | 0       |
|    add_ln813_141_fu_8913_p2                                       | -   |        | add_ln813_141 | add | fabric | 0       |
|    add_ln813_142_fu_9385_p2                                       | -   |        | add_ln813_142 | add | fabric | 0       |
|    add_ln813_143_fu_9641_p2                                       | -   |        | add_ln813_143 | add | fabric | 0       |
|    add_ln813_144_fu_9769_p2                                       | -   |        | add_ln813_144 | add | fabric | 0       |
|    add_ln813_145_fu_8213_p2                                       | -   |        | add_ln813_145 | add | fabric | 0       |
|    add_ln813_146_fu_8917_p2                                       | -   |        | add_ln813_146 | add | fabric | 0       |
|    add_ln813_147_fu_8217_p2                                       | -   |        | add_ln813_147 | add | fabric | 0       |
|    add_ln813_148_fu_8921_p2                                       | -   |        | add_ln813_148 | add | fabric | 0       |
|    add_ln813_149_fu_9389_p2                                       | -   |        | add_ln813_149 | add | fabric | 0       |
|    add_ln813_150_fu_8221_p2                                       | -   |        | add_ln813_150 | add | fabric | 0       |
|    add_ln813_151_fu_8925_p2                                       | -   |        | add_ln813_151 | add | fabric | 0       |
|    add_ln813_152_fu_8225_p2                                       | -   |        | add_ln813_152 | add | fabric | 0       |
|    add_ln813_153_fu_8929_p2                                       | -   |        | add_ln813_153 | add | fabric | 0       |
|    add_ln813_154_fu_9393_p2                                       | -   |        | add_ln813_154 | add | fabric | 0       |
|    add_ln813_155_fu_9645_p2                                       | -   |        | add_ln813_155 | add | fabric | 0       |
|    add_ln813_156_fu_8229_p2                                       | -   |        | add_ln813_156 | add | fabric | 0       |
|    add_ln813_157_fu_8933_p2                                       | -   |        | add_ln813_157 | add | fabric | 0       |
|    add_ln813_158_fu_8233_p2                                       | -   |        | add_ln813_158 | add | fabric | 0       |
|    add_ln813_159_fu_8937_p2                                       | -   |        | add_ln813_159 | add | fabric | 0       |
|    add_ln813_160_fu_9397_p2                                       | -   |        | add_ln813_160 | add | fabric | 0       |
|    add_ln813_161_fu_8237_p2                                       | -   |        | add_ln813_161 | add | fabric | 0       |
|    add_ln813_162_fu_8941_p2                                       | -   |        | add_ln813_162 | add | fabric | 0       |
|    add_ln813_163_fu_8241_p2                                       | -   |        | add_ln813_163 | add | fabric | 0       |
|    add_ln813_164_fu_8245_p2                                       | -   |        | add_ln813_164 | add | fabric | 0       |
|    add_ln813_165_fu_8945_p2                                       | -   |        | add_ln813_165 | add | fabric | 0       |
|    add_ln813_166_fu_9401_p2                                       | -   |        | add_ln813_166 | add | fabric | 0       |
|    add_ln813_167_fu_9649_p2                                       | -   |        | add_ln813_167 | add | fabric | 0       |
|    add_ln813_168_fu_9773_p2                                       | -   |        | add_ln813_168 | add | fabric | 0       |
|    add_ln813_169_fu_9833_p2                                       | -   |        | add_ln813_169 | add | fabric | 0       |
|    add_ln813_170_fu_8249_p2                                       | -   |        | add_ln813_170 | add | fabric | 0       |
|    add_ln813_171_fu_8949_p2                                       | -   |        | add_ln813_171 | add | fabric | 0       |
|    add_ln813_172_fu_7536_p2                                       | -   |        | add_ln813_172 | add | fabric | 0       |
|    add_ln813_173_fu_8253_p2                                       | -   |        | add_ln813_173 | add | fabric | 0       |
|    add_ln813_174_fu_9405_p2                                       | -   |        | add_ln813_174 | add | fabric | 0       |
|    add_ln813_175_fu_8257_p2                                       | -   |        | add_ln813_175 | add | fabric | 0       |
|    add_ln813_176_fu_7542_p2                                       | -   |        | add_ln813_176 | add | fabric | 0       |
|    add_ln813_177_fu_8261_p2                                       | -   |        | add_ln813_177 | add | fabric | 0       |
|    add_ln813_178_fu_8953_p2                                       | -   |        | add_ln813_178 | add | fabric | 0       |
|    add_ln813_179_fu_9653_p2                                       | -   |        | add_ln813_179 | add | fabric | 0       |
|    add_ln813_180_fu_7548_p2                                       | -   |        | add_ln813_180 | add | fabric | 0       |
|    add_ln813_181_fu_8265_p2                                       | -   |        | add_ln813_181 | add | fabric | 0       |
|    add_ln813_182_fu_7554_p2                                       | -   |        | add_ln813_182 | add | fabric | 0       |
|    add_ln813_183_fu_8270_p2                                       | -   |        | add_ln813_183 | add | fabric | 0       |
|    add_ln813_184_fu_8957_p2                                       | -   |        | add_ln813_184 | add | fabric | 0       |
|    add_ln813_185_fu_7560_p2                                       | -   |        | add_ln813_185 | add | fabric | 0       |
|    add_ln813_186_fu_8274_p2                                       | -   |        | add_ln813_186 | add | fabric | 0       |
|    add_ln813_187_fu_7566_p2                                       | -   |        | add_ln813_187 | add | fabric | 0       |
|    add_ln813_188_fu_8279_p2                                       | -   |        | add_ln813_188 | add | fabric | 0       |
|    add_ln813_189_fu_8961_p2                                       | -   |        | add_ln813_189 | add | fabric | 0       |
|    add_ln813_190_fu_9409_p2                                       | -   |        | add_ln813_190 | add | fabric | 0       |
|    add_ln813_191_fu_9777_p2                                       | -   |        | add_ln813_191 | add | fabric | 0       |
|    add_ln813_192_fu_7572_p2                                       | -   |        | add_ln813_192 | add | fabric | 0       |
|    add_ln813_193_fu_8283_p2                                       | -   |        | add_ln813_193 | add | fabric | 0       |
|    add_ln813_194_fu_7578_p2                                       | -   |        | add_ln813_194 | add | fabric | 0       |
|    add_ln813_195_fu_8287_p2                                       | -   |        | add_ln813_195 | add | fabric | 0       |
|    add_ln813_196_fu_8965_p2                                       | -   |        | add_ln813_196 | add | fabric | 0       |
|    add_ln813_197_fu_7584_p2                                       | -   |        | add_ln813_197 | add | fabric | 0       |
|    add_ln813_198_fu_8291_p2                                       | -   |        | add_ln813_198 | add | fabric | 0       |
|    add_ln813_199_fu_7590_p2                                       | -   |        | add_ln813_199 | add | fabric | 0       |
|    add_ln813_200_fu_8295_p2                                       | -   |        | add_ln813_200 | add | fabric | 0       |
|    add_ln813_201_fu_8969_p2                                       | -   |        | add_ln813_201 | add | fabric | 0       |
|    add_ln813_202_fu_9413_p2                                       | -   |        | add_ln813_202 | add | fabric | 0       |
|    add_ln813_203_fu_7596_p2                                       | -   |        | add_ln813_203 | add | fabric | 0       |
|    add_ln813_204_fu_8300_p2                                       | -   |        | add_ln813_204 | add | fabric | 0       |
|    add_ln813_205_fu_7602_p2                                       | -   |        | add_ln813_205 | add | fabric | 0       |
|    add_ln813_206_fu_8305_p2                                       | -   |        | add_ln813_206 | add | fabric | 0       |
|    add_ln813_207_fu_8973_p2                                       | -   |        | add_ln813_207 | add | fabric | 0       |
|    add_ln813_208_fu_7608_p2                                       | -   |        | add_ln813_208 | add | fabric | 0       |
|    add_ln813_209_fu_8309_p2                                       | -   |        | add_ln813_209 | add | fabric | 0       |
|    add_ln813_210_fu_7614_p2                                       | -   |        | add_ln813_210 | add | fabric | 0       |
|    add_ln813_211_fu_7620_p2                                       | -   |        | add_ln813_211 | add | fabric | 0       |
|    add_ln813_212_fu_8313_p2                                       | -   |        | add_ln813_212 | add | fabric | 0       |
|    add_ln813_213_fu_8977_p2                                       | -   |        | add_ln813_213 | add | fabric | 0       |
|    add_ln813_214_fu_9417_p2                                       | -   |        | add_ln813_214 | add | fabric | 0       |
|    add_ln813_215_fu_9657_p2                                       | -   |        | add_ln813_215 | add | fabric | 0       |
|    add_ln813_216_fu_9837_p2                                       | -   |        | add_ln813_216 | add | fabric | 0       |
|    add_ln813_217_fu_9873_p2                                       | -   |        | add_ln813_217 | add | fabric | 0       |
|    add_ln813_218_fu_8981_p2                                       | -   |        | add_ln813_218 | add | fabric | 0       |
|    add_ln813_219_fu_8317_p2                                       | -   |        | add_ln813_219 | add | fabric | 0       |
|    add_ln813_220_fu_8985_p2                                       | -   |        | add_ln813_220 | add | fabric | 0       |
|    add_ln813_221_fu_9421_p2                                       | -   |        | add_ln813_221 | add | fabric | 0       |
|    add_ln813_222_fu_8321_p2                                       | -   |        | add_ln813_222 | add | fabric | 0       |
|    add_ln813_223_fu_8989_p2                                       | -   |        | add_ln813_223 | add | fabric | 0       |
|    add_ln813_224_fu_8325_p2                                       | -   |        | add_ln813_224 | add | fabric | 0       |
|    add_ln813_225_fu_8993_p2                                       | -   |        | add_ln813_225 | add | fabric | 0       |
|    add_ln813_226_fu_9425_p2                                       | -   |        | add_ln813_226 | add | fabric | 0       |
|    add_ln813_227_fu_9661_p2                                       | -   |        | add_ln813_227 | add | fabric | 0       |
|    add_ln813_228_fu_8329_p2                                       | -   |        | add_ln813_228 | add | fabric | 0       |
|    add_ln813_229_fu_8997_p2                                       | -   |        | add_ln813_229 | add | fabric | 0       |
|    add_ln813_230_fu_8333_p2                                       | -   |        | add_ln813_230 | add | fabric | 0       |
|    add_ln813_231_fu_9001_p2                                       | -   |        | add_ln813_231 | add | fabric | 0       |
|    add_ln813_232_fu_9429_p2                                       | -   |        | add_ln813_232 | add | fabric | 0       |
|    add_ln813_233_fu_8337_p2                                       | -   |        | add_ln813_233 | add | fabric | 0       |
|    add_ln813_234_fu_9005_p2                                       | -   |        | add_ln813_234 | add | fabric | 0       |
|    add_ln813_235_fu_8341_p2                                       | -   |        | add_ln813_235 | add | fabric | 0       |
|    add_ln813_236_fu_9009_p2                                       | -   |        | add_ln813_236 | add | fabric | 0       |
|    add_ln813_237_fu_9433_p2                                       | -   |        | add_ln813_237 | add | fabric | 0       |
|    add_ln813_238_fu_9665_p2                                       | -   |        | add_ln813_238 | add | fabric | 0       |
|    add_ln813_239_fu_9781_p2                                       | -   |        | add_ln813_239 | add | fabric | 0       |
|    add_ln813_240_fu_8345_p2                                       | -   |        | add_ln813_240 | add | fabric | 0       |
|    add_ln813_241_fu_8349_p2                                       | -   |        | add_ln813_241 | add | fabric | 0       |
|    add_ln813_242_fu_9013_p2                                       | -   |        | add_ln813_242 | add | fabric | 0       |
|    add_ln813_243_fu_9437_p2                                       | -   |        | add_ln813_243 | add | fabric | 0       |
|    add_ln813_244_fu_8353_p2                                       | -   |        | add_ln813_244 | add | fabric | 0       |
|    add_ln813_245_fu_9017_p2                                       | -   |        | add_ln813_245 | add | fabric | 0       |
|    add_ln813_246_fu_8357_p2                                       | -   |        | add_ln813_246 | add | fabric | 0       |
|    add_ln813_247_fu_9021_p2                                       | -   |        | add_ln813_247 | add | fabric | 0       |
|    add_ln813_248_fu_9441_p2                                       | -   |        | add_ln813_248 | add | fabric | 0       |
|    add_ln813_249_fu_9669_p2                                       | -   |        | add_ln813_249 | add | fabric | 0       |
|    add_ln813_250_fu_8361_p2                                       | -   |        | add_ln813_250 | add | fabric | 0       |
|    add_ln813_251_fu_9025_p2                                       | -   |        | add_ln813_251 | add | fabric | 0       |
|    add_ln813_252_fu_9029_p2                                       | -   |        | add_ln813_252 | add | fabric | 0       |
|    add_ln813_253_fu_9445_p2                                       | -   |        | add_ln813_253 | add | fabric | 0       |
|    add_ln813_254_fu_8365_p2                                       | -   |        | add_ln813_254 | add | fabric | 0       |
|    add_ln813_255_fu_9033_p2                                       | -   |        | add_ln813_255 | add | fabric | 0       |
|    add_ln813_256_fu_8369_p2                                       | -   |        | add_ln813_256 | add | fabric | 0       |
|    add_ln813_257_fu_9037_p2                                       | -   |        | add_ln813_257 | add | fabric | 0       |
|    add_ln813_258_fu_9449_p2                                       | -   |        | add_ln813_258 | add | fabric | 0       |
|    add_ln813_259_fu_9673_p2                                       | -   |        | add_ln813_259 | add | fabric | 0       |
|    add_ln813_260_fu_9785_p2                                       | -   |        | add_ln813_260 | add | fabric | 0       |
|    add_ln813_261_fu_9841_p2                                       | -   |        | add_ln813_261 | add | fabric | 0       |
|    add_ln813_262_fu_8373_p2                                       | -   |        | add_ln813_262 | add | fabric | 0       |
|    add_ln813_263_fu_8377_p2                                       | -   |        | add_ln813_263 | add | fabric | 0       |
|    add_ln813_264_fu_9041_p2                                       | -   |        | add_ln813_264 | add | fabric | 0       |
|    add_ln813_265_fu_9453_p2                                       | -   |        | add_ln813_265 | add | fabric | 0       |
|    add_ln813_266_fu_7626_p2                                       | -   |        | add_ln813_266 | add | fabric | 0       |
|    add_ln813_267_fu_8381_p2                                       | -   |        | add_ln813_267 | add | fabric | 0       |
|    add_ln813_268_fu_7632_p2                                       | -   |        | add_ln813_268 | add | fabric | 0       |
|    add_ln813_269_fu_8385_p2                                       | -   |        | add_ln813_269 | add | fabric | 0       |
|    add_ln813_270_fu_9045_p2                                       | -   |        | add_ln813_270 | add | fabric | 0       |
|    add_ln813_271_fu_9677_p2                                       | -   |        | add_ln813_271 | add | fabric | 0       |
|    add_ln813_272_fu_7638_p2                                       | -   |        | add_ln813_272 | add | fabric | 0       |
|    add_ln813_273_fu_8389_p2                                       | -   |        | add_ln813_273 | add | fabric | 0       |
|    add_ln813_274_fu_7644_p2                                       | -   |        | add_ln813_274 | add | fabric | 0       |
|    add_ln813_275_fu_8393_p2                                       | -   |        | add_ln813_275 | add | fabric | 0       |
|    add_ln813_276_fu_9049_p2                                       | -   |        | add_ln813_276 | add | fabric | 0       |
|    add_ln813_277_fu_7650_p2                                       | -   |        | add_ln813_277 | add | fabric | 0       |
|    add_ln813_278_fu_8397_p2                                       | -   |        | add_ln813_278 | add | fabric | 0       |
|    add_ln813_279_fu_7656_p2                                       | -   |        | add_ln813_279 | add | fabric | 0       |
|    add_ln813_280_fu_8402_p2                                       | -   |        | add_ln813_280 | add | fabric | 0       |
|    add_ln813_281_fu_9053_p2                                       | -   |        | add_ln813_281 | add | fabric | 0       |
|    add_ln813_282_fu_9457_p2                                       | -   |        | add_ln813_282 | add | fabric | 0       |
|    add_ln813_283_fu_9789_p2                                       | -   |        | add_ln813_283 | add | fabric | 0       |
|    add_ln813_284_fu_8406_p2                                       | -   |        | add_ln813_284 | add | fabric | 0       |
|    add_ln813_285_fu_7662_p2                                       | -   |        | add_ln813_285 | add | fabric | 0       |
|    add_ln813_286_fu_8412_p2                                       | -   |        | add_ln813_286 | add | fabric | 0       |
|    add_ln813_287_fu_9057_p2                                       | -   |        | add_ln813_287 | add | fabric | 0       |
|    add_ln813_288_fu_7668_p2                                       | -   |        | add_ln813_288 | add | fabric | 0       |
|    add_ln813_289_fu_8417_p2                                       | -   |        | add_ln813_289 | add | fabric | 0       |
|    add_ln813_290_fu_7674_p2                                       | -   |        | add_ln813_290 | add | fabric | 0       |
|    add_ln813_291_fu_8421_p2                                       | -   |        | add_ln813_291 | add | fabric | 0       |
|    add_ln813_292_fu_9061_p2                                       | -   |        | add_ln813_292 | add | fabric | 0       |
|    add_ln813_293_fu_9461_p2                                       | -   |        | add_ln813_293 | add | fabric | 0       |
|    add_ln813_294_fu_7680_p2                                       | -   |        | add_ln813_294 | add | fabric | 0       |
|    add_ln813_295_fu_8426_p2                                       | -   |        | add_ln813_295 | add | fabric | 0       |
|    add_ln813_296_fu_7686_p2                                       | -   |        | add_ln813_296 | add | fabric | 0       |
|    add_ln813_297_fu_8431_p2                                       | -   |        | add_ln813_297 | add | fabric | 0       |
|    add_ln813_298_fu_9065_p2                                       | -   |        | add_ln813_298 | add | fabric | 0       |
|    add_ln813_299_fu_7692_p2                                       | -   |        | add_ln813_299 | add | fabric | 0       |
|    add_ln813_300_fu_8436_p2                                       | -   |        | add_ln813_300 | add | fabric | 0       |
|    add_ln813_301_fu_7698_p2                                       | -   |        | add_ln813_301 | add | fabric | 0       |
|    add_ln813_302_fu_8440_p2                                       | -   |        | add_ln813_302 | add | fabric | 0       |
|    add_ln813_303_fu_9069_p2                                       | -   |        | add_ln813_303 | add | fabric | 0       |
|    add_ln813_304_fu_9465_p2                                       | -   |        | add_ln813_304 | add | fabric | 0       |
|    add_ln813_305_fu_9681_p2                                       | -   |        | add_ln813_305 | add | fabric | 0       |
|    add_ln813_306_fu_9845_p2                                       | -   |        | add_ln813_306 | add | fabric | 0       |
|    add_ln813_307_fu_9877_p2                                       | -   |        | add_ln813_307 | add | fabric | 0       |
|    add_ln813_308_fu_8445_p2                                       | -   |        | add_ln813_308 | add | fabric | 0       |
|    add_ln813_309_fu_9073_p2                                       | -   |        | add_ln813_309 | add | fabric | 0       |
|    add_ln813_310_fu_7704_p2                                       | -   |        | add_ln813_310 | add | fabric | 0       |
|    add_ln813_311_fu_8449_p2                                       | -   |        | add_ln813_311 | add | fabric | 0       |
|    add_ln813_312_fu_9469_p2                                       | -   |        | add_ln813_312 | add | fabric | 0       |
|    add_ln813_313_fu_7710_p2                                       | -   |        | add_ln813_313 | add | fabric | 0       |
|    add_ln813_314_fu_8453_p2                                       | -   |        | add_ln813_314 | add | fabric | 0       |
|    add_ln813_315_fu_8457_p2                                       | -   |        | add_ln813_315 | add | fabric | 0       |
|    add_ln813_316_fu_9077_p2                                       | -   |        | add_ln813_316 | add | fabric | 0       |
|    add_ln813_317_fu_9473_p2                                       | -   |        | add_ln813_317 | add | fabric | 0       |
|    add_ln813_318_fu_9685_p2                                       | -   |        | add_ln813_318 | add | fabric | 0       |
|    add_ln813_319_fu_8461_p2                                       | -   |        | add_ln813_319 | add | fabric | 0       |
|    add_ln813_320_fu_9081_p2                                       | -   |        | add_ln813_320 | add | fabric | 0       |
|    add_ln813_321_fu_8465_p2                                       | -   |        | add_ln813_321 | add | fabric | 0       |
|    add_ln813_322_fu_9085_p2                                       | -   |        | add_ln813_322 | add | fabric | 0       |
|    add_ln813_323_fu_9477_p2                                       | -   |        | add_ln813_323 | add | fabric | 0       |
|    add_ln813_324_fu_8469_p2                                       | -   |        | add_ln813_324 | add | fabric | 0       |
|    add_ln813_325_fu_9089_p2                                       | -   |        | add_ln813_325 | add | fabric | 0       |
|    add_ln813_326_fu_8473_p2                                       | -   |        | add_ln813_326 | add | fabric | 0       |
|    add_ln813_327_fu_8477_p2                                       | -   |        | add_ln813_327 | add | fabric | 0       |
|    add_ln813_328_fu_9093_p2                                       | -   |        | add_ln813_328 | add | fabric | 0       |
|    add_ln813_329_fu_9481_p2                                       | -   |        | add_ln813_329 | add | fabric | 0       |
|    add_ln813_330_fu_9689_p2                                       | -   |        | add_ln813_330 | add | fabric | 0       |
|    add_ln813_331_fu_9793_p2                                       | -   |        | add_ln813_331 | add | fabric | 0       |
|    add_ln813_332_fu_8481_p2                                       | -   |        | add_ln813_332 | add | fabric | 0       |
|    add_ln813_333_fu_9097_p2                                       | -   |        | add_ln813_333 | add | fabric | 0       |
|    add_ln813_334_fu_8485_p2                                       | -   |        | add_ln813_334 | add | fabric | 0       |
|    add_ln813_335_fu_9101_p2                                       | -   |        | add_ln813_335 | add | fabric | 0       |
|    add_ln813_336_fu_9485_p2                                       | -   |        | add_ln813_336 | add | fabric | 0       |
|    add_ln813_337_fu_8489_p2                                       | -   |        | add_ln813_337 | add | fabric | 0       |
|    add_ln813_338_fu_9105_p2                                       | -   |        | add_ln813_338 | add | fabric | 0       |
|    add_ln813_339_fu_8493_p2                                       | -   |        | add_ln813_339 | add | fabric | 0       |
|    add_ln813_340_fu_8497_p2                                       | -   |        | add_ln813_340 | add | fabric | 0       |
|    add_ln813_341_fu_9109_p2                                       | -   |        | add_ln813_341 | add | fabric | 0       |
|    add_ln813_342_fu_9489_p2                                       | -   |        | add_ln813_342 | add | fabric | 0       |
|    add_ln813_343_fu_9693_p2                                       | -   |        | add_ln813_343 | add | fabric | 0       |
|    add_ln813_344_fu_9113_p2                                       | -   |        | add_ln813_344 | add | fabric | 0       |
|    add_ln813_345_fu_8501_p2                                       | -   |        | add_ln813_345 | add | fabric | 0       |
|    add_ln813_346_fu_9117_p2                                       | -   |        | add_ln813_346 | add | fabric | 0       |
|    add_ln813_347_fu_9493_p2                                       | -   |        | add_ln813_347 | add | fabric | 0       |
|    add_ln813_348_fu_8505_p2                                       | -   |        | add_ln813_348 | add | fabric | 0       |
|    add_ln813_349_fu_9121_p2                                       | -   |        | add_ln813_349 | add | fabric | 0       |
|    add_ln813_350_fu_8509_p2                                       | -   |        | add_ln813_350 | add | fabric | 0       |
|    add_ln813_351_fu_8513_p2                                       | -   |        | add_ln813_351 | add | fabric | 0       |
|    add_ln813_352_fu_9125_p2                                       | -   |        | add_ln813_352 | add | fabric | 0       |
|    add_ln813_353_fu_9497_p2                                       | -   |        | add_ln813_353 | add | fabric | 0       |
|    add_ln813_354_fu_9697_p2                                       | -   |        | add_ln813_354 | add | fabric | 0       |
|    add_ln813_355_fu_9797_p2                                       | -   |        | add_ln813_355 | add | fabric | 0       |
|    add_ln813_356_fu_9849_p2                                       | -   |        | add_ln813_356 | add | fabric | 0       |
|    add_ln813_357_fu_8517_p2                                       | -   |        | add_ln813_357 | add | fabric | 0       |
|    add_ln813_358_fu_9129_p2                                       | -   |        | add_ln813_358 | add | fabric | 0       |
|    add_ln813_359_fu_8521_p2                                       | -   |        | add_ln813_359 | add | fabric | 0       |
|    add_ln813_360_fu_9501_p2                                       | -   |        | add_ln813_360 | add | fabric | 0       |
|    add_ln813_361_fu_8525_p2                                       | -   |        | add_ln813_361 | add | fabric | 0       |
|    add_ln813_362_fu_7716_p2                                       | -   |        | add_ln813_362 | add | fabric | 0       |
|    add_ln813_363_fu_7722_p2                                       | -   |        | add_ln813_363 | add | fabric | 0       |
|    add_ln813_364_fu_8530_p2                                       | -   |        | add_ln813_364 | add | fabric | 0       |
|    add_ln813_365_fu_9133_p2                                       | -   |        | add_ln813_365 | add | fabric | 0       |
|    add_ln813_366_fu_9701_p2                                       | -   |        | add_ln813_366 | add | fabric | 0       |
|    add_ln813_367_fu_7728_p2                                       | -   |        | add_ln813_367 | add | fabric | 0       |
|    add_ln813_368_fu_8534_p2                                       | -   |        | add_ln813_368 | add | fabric | 0       |
|    add_ln813_369_fu_7734_p2                                       | -   |        | add_ln813_369 | add | fabric | 0       |
|    add_ln813_370_fu_8539_p2                                       | -   |        | add_ln813_370 | add | fabric | 0       |
|    add_ln813_371_fu_9137_p2                                       | -   |        | add_ln813_371 | add | fabric | 0       |
|    add_ln813_372_fu_7740_p2                                       | -   |        | add_ln813_372 | add | fabric | 0       |
|    add_ln813_373_fu_8543_p2                                       | -   |        | add_ln813_373 | add | fabric | 0       |
|    add_ln813_374_fu_7746_p2                                       | -   |        | add_ln813_374 | add | fabric | 0       |
|    add_ln813_375_fu_7752_p2                                       | -   |        | add_ln813_375 | add | fabric | 0       |
|    add_ln813_376_fu_8547_p2                                       | -   |        | add_ln813_376 | add | fabric | 0       |
|    add_ln813_377_fu_9141_p2                                       | -   |        | add_ln813_377 | add | fabric | 0       |
|    add_ln813_378_fu_9505_p2                                       | -   |        | add_ln813_378 | add | fabric | 0       |
|    add_ln813_379_fu_9801_p2                                       | -   |        | add_ln813_379 | add | fabric | 0       |
|    add_ln813_380_fu_7758_p2                                       | -   |        | add_ln813_380 | add | fabric | 0       |
|    add_ln813_381_fu_8551_p2                                       | -   |        | add_ln813_381 | add | fabric | 0       |
|    add_ln813_382_fu_7764_p2                                       | -   |        | add_ln813_382 | add | fabric | 0       |
|    add_ln813_383_fu_8556_p2                                       | -   |        | add_ln813_383 | add | fabric | 0       |
|    add_ln813_384_fu_9145_p2                                       | -   |        | add_ln813_384 | add | fabric | 0       |
|    add_ln813_385_fu_7770_p2                                       | -   |        | add_ln813_385 | add | fabric | 0       |
|    add_ln813_386_fu_8560_p2                                       | -   |        | add_ln813_386 | add | fabric | 0       |
|    add_ln813_387_fu_7776_p2                                       | -   |        | add_ln813_387 | add | fabric | 0       |
|    add_ln813_388_fu_7782_p2                                       | -   |        | add_ln813_388 | add | fabric | 0       |
|    add_ln813_389_fu_8564_p2                                       | -   |        | add_ln813_389 | add | fabric | 0       |
|    add_ln813_390_fu_9149_p2                                       | -   |        | add_ln813_390 | add | fabric | 0       |
|    add_ln813_391_fu_9509_p2                                       | -   |        | add_ln813_391 | add | fabric | 0       |
|    add_ln813_392_fu_7788_p2                                       | -   |        | add_ln813_392 | add | fabric | 0       |
|    add_ln813_393_fu_8568_p2                                       | -   |        | add_ln813_393 | add | fabric | 0       |
|    add_ln813_394_fu_7794_p2                                       | -   |        | add_ln813_394 | add | fabric | 0       |
|    add_ln813_395_fu_8573_p2                                       | -   |        | add_ln813_395 | add | fabric | 0       |
|    add_ln813_396_fu_9153_p2                                       | -   |        | add_ln813_396 | add | fabric | 0       |
|    add_ln813_397_fu_7800_p2                                       | -   |        | add_ln813_397 | add | fabric | 0       |
|    add_ln813_398_fu_8577_p2                                       | -   |        | add_ln813_398 | add | fabric | 0       |
|    add_ln813_399_fu_7806_p2                                       | -   |        | add_ln813_399 | add | fabric | 0       |
|    add_ln813_400_fu_8582_p2                                       | -   |        | add_ln813_400 | add | fabric | 0       |
|    add_ln813_401_fu_9157_p2                                       | -   |        | add_ln813_401 | add | fabric | 0       |
|    add_ln813_402_fu_9513_p2                                       | -   |        | add_ln813_402 | add | fabric | 0       |
|    add_ln813_403_fu_9705_p2                                       | -   |        | add_ln813_403 | add | fabric | 0       |
|    add_ln813_404_fu_9853_p2                                       | -   |        | add_ln813_404 | add | fabric | 0       |
|    add_ln813_405_fu_9881_p2                                       | -   |        | add_ln813_405 | add | fabric | 0       |
|    add_ln813_406_fu_9161_p2                                       | -   |        | add_ln813_406 | add | fabric | 0       |
|    add_ln813_407_fu_8586_p2                                       | -   |        | add_ln813_407 | add | fabric | 0       |
|    add_ln813_408_fu_9165_p2                                       | -   |        | add_ln813_408 | add | fabric | 0       |
|    add_ln813_409_fu_9517_p2                                       | -   |        | add_ln813_409 | add | fabric | 0       |
|    add_ln813_410_fu_8590_p2                                       | -   |        | add_ln813_410 | add | fabric | 0       |
|    add_ln813_411_fu_9169_p2                                       | -   |        | add_ln813_411 | add | fabric | 0       |
|    add_ln813_412_fu_8594_p2                                       | -   |        | add_ln813_412 | add | fabric | 0       |
|    add_ln813_413_fu_9173_p2                                       | -   |        | add_ln813_413 | add | fabric | 0       |
|    add_ln813_414_fu_9521_p2                                       | -   |        | add_ln813_414 | add | fabric | 0       |
|    add_ln813_415_fu_9709_p2                                       | -   |        | add_ln813_415 | add | fabric | 0       |
|    add_ln813_416_fu_9177_p2                                       | -   |        | add_ln813_416 | add | fabric | 0       |
|    add_ln813_417_fu_8598_p2                                       | -   |        | add_ln813_417 | add | fabric | 0       |
|    add_ln813_418_fu_9181_p2                                       | -   |        | add_ln813_418 | add | fabric | 0       |
|    add_ln813_419_fu_9525_p2                                       | -   |        | add_ln813_419 | add | fabric | 0       |
|    add_ln813_420_fu_8602_p2                                       | -   |        | add_ln813_420 | add | fabric | 0       |
|    add_ln813_421_fu_9185_p2                                       | -   |        | add_ln813_421 | add | fabric | 0       |
|    add_ln813_422_fu_8606_p2                                       | -   |        | add_ln813_422 | add | fabric | 0       |
|    add_ln813_423_fu_9189_p2                                       | -   |        | add_ln813_423 | add | fabric | 0       |
|    add_ln813_424_fu_9529_p2                                       | -   |        | add_ln813_424 | add | fabric | 0       |
|    add_ln813_425_fu_9713_p2                                       | -   |        | add_ln813_425 | add | fabric | 0       |
|    add_ln813_426_fu_9805_p2                                       | -   |        | add_ln813_426 | add | fabric | 0       |
|    add_ln813_427_fu_9193_p2                                       | -   |        | add_ln813_427 | add | fabric | 0       |
|    add_ln813_428_fu_8610_p2                                       | -   |        | add_ln813_428 | add | fabric | 0       |
|    add_ln813_429_fu_9197_p2                                       | -   |        | add_ln813_429 | add | fabric | 0       |
|    add_ln813_430_fu_9533_p2                                       | -   |        | add_ln813_430 | add | fabric | 0       |
|    add_ln813_431_fu_9201_p2                                       | -   |        | add_ln813_431 | add | fabric | 0       |
|    add_ln813_432_fu_9205_p2                                       | -   |        | add_ln813_432 | add | fabric | 0       |
|    add_ln813_433_fu_9537_p2                                       | -   |        | add_ln813_433 | add | fabric | 0       |
|    add_ln813_434_fu_9717_p2                                       | -   |        | add_ln813_434 | add | fabric | 0       |
|    add_ln813_435_fu_8614_p2                                       | -   |        | add_ln813_435 | add | fabric | 0       |
|    add_ln813_436_fu_9209_p2                                       | -   |        | add_ln813_436 | add | fabric | 0       |
|    add_ln813_437_fu_8618_p2                                       | -   |        | add_ln813_437 | add | fabric | 0       |
|    add_ln813_438_fu_9213_p2                                       | -   |        | add_ln813_438 | add | fabric | 0       |
|    add_ln813_439_fu_9541_p2                                       | -   |        | add_ln813_439 | add | fabric | 0       |
|    add_ln813_440_fu_8622_p2                                       | -   |        | add_ln813_440 | add | fabric | 0       |
|    add_ln813_441_fu_9217_p2                                       | -   |        | add_ln813_441 | add | fabric | 0       |
|    add_ln813_442_fu_8626_p2                                       | -   |        | add_ln813_442 | add | fabric | 0       |
|    add_ln813_443_fu_9221_p2                                       | -   |        | add_ln813_443 | add | fabric | 0       |
|    add_ln813_444_fu_9545_p2                                       | -   |        | add_ln813_444 | add | fabric | 0       |
|    add_ln813_445_fu_9721_p2                                       | -   |        | add_ln813_445 | add | fabric | 0       |
|    add_ln813_446_fu_9809_p2                                       | -   |        | add_ln813_446 | add | fabric | 0       |
|    add_ln813_447_fu_9857_p2                                       | -   |        | add_ln813_447 | add | fabric | 0       |
|    add_ln813_448_fu_8630_p2                                       | -   |        | add_ln813_448 | add | fabric | 0       |
|    add_ln813_449_fu_8634_p2                                       | -   |        | add_ln813_449 | add | fabric | 0       |
|    add_ln813_450_fu_9225_p2                                       | -   |        | add_ln813_450 | add | fabric | 0       |
|    add_ln813_451_fu_9549_p2                                       | -   |        | add_ln813_451 | add | fabric | 0       |
|    add_ln813_452_fu_7812_p2                                       | -   |        | add_ln813_452 | add | fabric | 0       |
|    add_ln813_453_fu_8638_p2                                       | -   |        | add_ln813_453 | add | fabric | 0       |
|    add_ln813_454_fu_7818_p2                                       | -   |        | add_ln813_454 | add | fabric | 0       |
|    add_ln813_455_fu_8643_p2                                       | -   |        | add_ln813_455 | add | fabric | 0       |
|    add_ln813_456_fu_9229_p2                                       | -   |        | add_ln813_456 | add | fabric | 0       |
|    add_ln813_457_fu_9725_p2                                       | -   |        | add_ln813_457 | add | fabric | 0       |
|    add_ln813_458_fu_8647_p2                                       | -   |        | add_ln813_458 | add | fabric | 0       |
|    add_ln813_459_fu_7824_p2                                       | -   |        | add_ln813_459 | add | fabric | 0       |
|    add_ln813_460_fu_8652_p2                                       | -   |        | add_ln813_460 | add | fabric | 0       |
|    add_ln813_461_fu_9233_p2                                       | -   |        | add_ln813_461 | add | fabric | 0       |
|    add_ln813_462_fu_7830_p2                                       | -   |        | add_ln813_462 | add | fabric | 0       |
|    add_ln813_463_fu_8656_p2                                       | -   |        | add_ln813_463 | add | fabric | 0       |
|    add_ln813_464_fu_7836_p2                                       | -   |        | add_ln813_464 | add | fabric | 0       |
|    add_ln813_465_fu_8661_p2                                       | -   |        | add_ln813_465 | add | fabric | 0       |
|    add_ln813_466_fu_9237_p2                                       | -   |        | add_ln813_466 | add | fabric | 0       |
|    add_ln813_467_fu_9553_p2                                       | -   |        | add_ln813_467 | add | fabric | 0       |
|    add_ln813_468_fu_9813_p2                                       | -   |        | add_ln813_468 | add | fabric | 0       |
|    add_ln813_469_fu_8666_p2                                       | -   |        | add_ln813_469 | add | fabric | 0       |
|    add_ln813_470_fu_7842_p2                                       | -   |        | add_ln813_470 | add | fabric | 0       |
|    add_ln813_471_fu_8671_p2                                       | -   |        | add_ln813_471 | add | fabric | 0       |
|    add_ln813_472_fu_9241_p2                                       | -   |        | add_ln813_472 | add | fabric | 0       |
|    add_ln813_473_fu_7848_p2                                       | -   |        | add_ln813_473 | add | fabric | 0       |
|    add_ln813_474_fu_8675_p2                                       | -   |        | add_ln813_474 | add | fabric | 0       |
|    add_ln813_475_fu_7854_p2                                       | -   |        | add_ln813_475 | add | fabric | 0       |
|    add_ln813_476_fu_8679_p2                                       | -   |        | add_ln813_476 | add | fabric | 0       |
|    add_ln813_477_fu_9245_p2                                       | -   |        | add_ln813_477 | add | fabric | 0       |
|    add_ln813_478_fu_9557_p2                                       | -   |        | add_ln813_478 | add | fabric | 0       |
|    add_ln813_479_fu_7860_p2                                       | -   |        | add_ln813_479 | add | fabric | 0       |
|    add_ln813_480_fu_8683_p2                                       | -   |        | add_ln813_480 | add | fabric | 0       |
|    add_ln813_481_fu_7866_p2                                       | -   |        | add_ln813_481 | add | fabric | 0       |
|    add_ln813_482_fu_8687_p2                                       | -   |        | add_ln813_482 | add | fabric | 0       |
|    add_ln813_483_fu_9249_p2                                       | -   |        | add_ln813_483 | add | fabric | 0       |
|    add_ln813_484_fu_7872_p2                                       | -   |        | add_ln813_484 | add | fabric | 0       |
|    add_ln813_485_fu_8692_p2                                       | -   |        | add_ln813_485 | add | fabric | 0       |
|    add_ln813_486_fu_7878_p2                                       | -   |        | add_ln813_486 | add | fabric | 0       |
|    add_ln813_487_fu_8696_p2                                       | -   |        | add_ln813_487 | add | fabric | 0       |
|    add_ln813_488_fu_9253_p2                                       | -   |        | add_ln813_488 | add | fabric | 0       |
|    add_ln813_489_fu_9561_p2                                       | -   |        | add_ln813_489 | add | fabric | 0       |
|    add_ln813_490_fu_9729_p2                                       | -   |        | add_ln813_490 | add | fabric | 0       |
|    add_ln813_491_fu_9861_p2                                       | -   |        | add_ln813_491 | add | fabric | 0       |
|    add_ln813_492_fu_9885_p2                                       | -   |        | add_ln813_492 | add | fabric | 0       |
|    add_ln813_493_fu_8701_p2                                       | -   |        | add_ln813_493 | add | fabric | 0       |
|    add_ln813_494_fu_8705_p2                                       | -   |        | add_ln813_494 | add | fabric | 0       |
|    add_ln813_495_fu_9257_p2                                       | -   |        | add_ln813_495 | add | fabric | 0       |
|    add_ln813_496_fu_9565_p2                                       | -   |        | add_ln813_496 | add | fabric | 0       |
|    add_ln813_497_fu_8709_p2                                       | -   |        | add_ln813_497 | add | fabric | 0       |
|    add_ln813_498_fu_8713_p2                                       | -   |        | add_ln813_498 | add | fabric | 0       |
|    add_ln813_499_fu_9261_p2                                       | -   |        | add_ln813_499 | add | fabric | 0       |
|    add_ln813_500_fu_9569_p2                                       | -   |        | add_ln813_500 | add | fabric | 0       |
|    add_ln813_501_fu_9733_p2                                       | -   |        | add_ln813_501 | add | fabric | 0       |
|    add_ln813_502_fu_9265_p2                                       | -   |        | add_ln813_502 | add | fabric | 0       |
|    add_ln813_503_fu_8717_p2                                       | -   |        | add_ln813_503 | add | fabric | 0       |
|    add_ln813_504_fu_9269_p2                                       | -   |        | add_ln813_504 | add | fabric | 0       |
|    add_ln813_505_fu_9573_p2                                       | -   |        | add_ln813_505 | add | fabric | 0       |
|    add_ln813_506_fu_8721_p2                                       | -   |        | add_ln813_506 | add | fabric | 0       |
|    add_ln813_507_fu_8725_p2                                       | -   |        | add_ln813_507 | add | fabric | 0       |
|    add_ln813_508_fu_9273_p2                                       | -   |        | add_ln813_508 | add | fabric | 0       |
|    add_ln813_509_fu_9577_p2                                       | -   |        | add_ln813_509 | add | fabric | 0       |
|    add_ln813_510_fu_9737_p2                                       | -   |        | add_ln813_510 | add | fabric | 0       |
|    add_ln813_511_fu_9817_p2                                       | -   |        | add_ln813_511 | add | fabric | 0       |
|    add_ln813_512_fu_8729_p2                                       | -   |        | add_ln813_512 | add | fabric | 0       |
|    add_ln813_513_fu_9277_p2                                       | -   |        | add_ln813_513 | add | fabric | 0       |
|    add_ln813_514_fu_9581_p2                                       | -   |        | add_ln813_514 | add | fabric | 0       |
|    add_ln813_515_fu_9281_p2                                       | -   |        | add_ln813_515 | add | fabric | 0       |
|    add_ln813_516_fu_8733_p2                                       | -   |        | add_ln813_516 | add | fabric | 0       |
|    add_ln813_517_fu_9285_p2                                       | -   |        | add_ln813_517 | add | fabric | 0       |
|    add_ln813_518_fu_9585_p2                                       | -   |        | add_ln813_518 | add | fabric | 0       |
|    add_ln813_519_fu_9741_p2                                       | -   |        | add_ln813_519 | add | fabric | 0       |
|    add_ln813_520_fu_8737_p2                                       | -   |        | add_ln813_520 | add | fabric | 0       |
|    add_ln813_521_fu_8741_p2                                       | -   |        | add_ln813_521 | add | fabric | 0       |
|    add_ln813_522_fu_9289_p2                                       | -   |        | add_ln813_522 | add | fabric | 0       |
|    add_ln813_523_fu_9589_p2                                       | -   |        | add_ln813_523 | add | fabric | 0       |
|    add_ln813_524_fu_9293_p2                                       | -   |        | add_ln813_524 | add | fabric | 0       |
|    add_ln813_525_fu_7884_p2                                       | -   |        | add_ln813_525 | add | fabric | 0       |
|    add_ln813_526_fu_8745_p2                                       | -   |        | add_ln813_526 | add | fabric | 0       |
|    add_ln813_527_fu_9593_p2                                       | -   |        | add_ln813_527 | add | fabric | 0       |
|    add_ln813_528_fu_9745_p2                                       | -   |        | add_ln813_528 | add | fabric | 0       |
|    add_ln813_529_fu_9821_p2                                       | -   |        | add_ln813_529 | add | fabric | 0       |
|    add_ln813_530_fu_9865_p2                                       | -   |        | add_ln813_530 | add | fabric | 0       |
|    add_ln813_531_fu_7890_p2                                       | -   |        | add_ln813_531 | add | fabric | 0       |
|    add_ln813_532_fu_7896_p2                                       | -   |        | add_ln813_532 | add | fabric | 0       |
|    add_ln813_533_fu_8749_p2                                       | -   |        | add_ln813_533 | add | fabric | 0       |
|    add_ln813_534_fu_9297_p2                                       | -   |        | add_ln813_534 | add | fabric | 0       |
|    add_ln813_535_fu_8753_p2                                       | -   |        | add_ln813_535 | add | fabric | 0       |
|    add_ln813_536_fu_7902_p2                                       | -   |        | add_ln813_536 | add | fabric | 0       |
|    add_ln813_537_fu_8759_p2                                       | -   |        | add_ln813_537 | add | fabric | 0       |
|    add_ln813_538_fu_9301_p2                                       | -   |        | add_ln813_538 | add | fabric | 0       |
|    add_ln813_539_fu_9597_p2                                       | -   |        | add_ln813_539 | add | fabric | 0       |
|    add_ln813_540_fu_7908_p2                                       | -   |        | add_ln813_540 | add | fabric | 0       |
|    add_ln813_541_fu_7914_p2                                       | -   |        | add_ln813_541 | add | fabric | 0       |
|    add_ln813_542_fu_8763_p2                                       | -   |        | add_ln813_542 | add | fabric | 0       |
|    add_ln813_543_fu_9305_p2                                       | -   |        | add_ln813_543 | add | fabric | 0       |
|    add_ln813_544_fu_8767_p2                                       | -   |        | add_ln813_544 | add | fabric | 0       |
|    add_ln813_545_fu_7920_p2                                       | -   |        | add_ln813_545 | add | fabric | 0       |
|    add_ln813_546_fu_8773_p2                                       | -   |        | add_ln813_546 | add | fabric | 0       |
|    add_ln813_547_fu_9309_p2                                       | -   |        | add_ln813_547 | add | fabric | 0       |
|    add_ln813_548_fu_9601_p2                                       | -   |        | add_ln813_548 | add | fabric | 0       |
|    add_ln813_549_fu_9749_p2                                       | -   |        | add_ln813_549 | add | fabric | 0       |
|    add_ln813_550_fu_8777_p2                                       | -   |        | add_ln813_550 | add | fabric | 0       |
|    add_ln813_551_fu_7926_p2                                       | -   |        | add_ln813_551 | add | fabric | 0       |
|    add_ln813_552_fu_8782_p2                                       | -   |        | add_ln813_552 | add | fabric | 0       |
|    add_ln813_553_fu_9313_p2                                       | -   |        | add_ln813_553 | add | fabric | 0       |
|    add_ln813_554_fu_7932_p2                                       | -   |        | add_ln813_554 | add | fabric | 0       |
|    add_ln813_555_fu_7938_p2                                       | -   |        | add_ln813_555 | add | fabric | 0       |
|    add_ln813_556_fu_8787_p2                                       | -   |        | add_ln813_556 | add | fabric | 0       |
|    add_ln813_557_fu_9317_p2                                       | -   |        | add_ln813_557 | add | fabric | 0       |
|    add_ln813_558_fu_9605_p2                                       | -   |        | add_ln813_558 | add | fabric | 0       |
|    add_ln813_559_fu_7944_p2                                       | -   |        | add_ln813_559 | add | fabric | 0       |
|    add_ln813_560_fu_7950_p2                                       | -   |        | add_ln813_560 | add | fabric | 0       |
|    add_ln813_561_fu_8792_p2                                       | -   |        | add_ln813_561 | add | fabric | 0       |
|    add_ln813_562_fu_9321_p2                                       | -   |        | add_ln813_562 | add | fabric | 0       |
|    add_ln813_563_fu_8796_p2                                       | -   |        | add_ln813_563 | add | fabric | 0       |
|    add_ln813_564_fu_7956_p2                                       | -   |        | add_ln813_564 | add | fabric | 0       |
|    add_ln813_565_fu_8801_p2                                       | -   |        | add_ln813_565 | add | fabric | 0       |
|    add_ln813_566_fu_9325_p2                                       | -   |        | add_ln813_566 | add | fabric | 0       |
|    add_ln813_567_fu_9609_p2                                       | -   |        | add_ln813_567 | add | fabric | 0       |
|    add_ln813_568_fu_9753_p2                                       | -   |        | add_ln813_568 | add | fabric | 0       |
|    add_ln813_569_fu_9825_p2                                       | -   |        | add_ln813_569 | add | fabric | 0       |
|    add_ln813_570_fu_9889_p2                                       | -   |        | add_ln813_570 | add | fabric | 0       |
|  + dense_latency_ap_fixed_8_4_5_3_0_ap_fixed_8_4_5_3_0_config5_s  | 0   |        |               |     |        |         |
|    r_V_fu_106_p2                                                  | -   |        | r_V           | sub | fabric | 0       |
|    r_V_3_fu_549_p2                                                | -   |        | r_V_3         | add | fabric | 0       |
|    r_V_4_fu_142_p2                                                | -   |        | r_V_4         | sub | fabric | 0       |
|    sub_ln1273_fu_579_p2                                           | -   |        | sub_ln1273    | sub | fabric | 0       |
|    r_V_5_fu_585_p2                                                | -   |        | r_V_5         | sub | fabric | 0       |
|    r_V_6_fu_601_p2                                                | -   |        | r_V_6         | sub | fabric | 0       |
|    r_V_7_fu_635_p2                                                | -   |        | r_V_7         | sub | fabric | 0       |
|    r_V_8_fu_202_p2                                                | -   |        | r_V_8         | add | fabric | 0       |
|    r_V_9_fu_218_p2                                                | -   |        | r_V_9         | sub | fabric | 0       |
|    r_V_10_fu_270_p2                                               | -   |        | r_V_10        | sub | fabric | 0       |
|    r_V_11_fu_298_p2                                               | -   |        | r_V_11        | add | fabric | 0       |
|    sub_ln1273_6_fu_328_p2                                         | -   |        | sub_ln1273_6  | sub | fabric | 0       |
|    r_V_12_fu_334_p2                                               | -   |        | r_V_12        | sub | fabric | 0       |
|    r_V_13_fu_362_p2                                               | -   |        | r_V_13        | sub | fabric | 0       |
|    r_V_14_fu_390_p2                                               | -   |        | r_V_14        | sub | fabric | 0       |
|    r_V_15_fu_406_p2                                               | -   |        | r_V_15        | add | fabric | 0       |
|    r_V_16_fu_438_p2                                               | -   |        | r_V_16        | sub | fabric | 0       |
|    r_V_17_fu_454_p2                                               | -   |        | r_V_17        | sub | fabric | 0       |
|    r_V_18_fu_470_p2                                               | -   |        | r_V_18        | sub | fabric | 0       |
|    add_ln813_fu_657_p2                                            | -   |        | add_ln813     | add | fabric | 0       |
|    add_ln813_5_fu_703_p2                                          | -   |        | add_ln813_5   | add | fabric | 0       |
|    add_ln813_6_fu_496_p2                                          | -   |        | add_ln813_6   | add | fabric | 0       |
|    add_ln813_7_fu_662_p2                                          | -   |        | add_ln813_7   | add | fabric | 0       |
|    add_ln813_8_fu_719_p2                                          | -   |        | add_ln813_8   | add | fabric | 0       |
|    add_ln813_9_fu_502_p2                                          | -   |        | add_ln813_9   | add | fabric | 0       |
|    add_ln813_10_fu_667_p2                                         | -   |        | add_ln813_10  | add | fabric | 0       |
|    add_ln813_11_fu_508_p2                                         | -   |        | add_ln813_11  | add | fabric | 0       |
|    add_ln813_12_fu_672_p2                                         | -   |        | add_ln813_12  | add | fabric | 0       |
|    add_ln813_13_fu_707_p2                                         | -   |        | add_ln813_13  | add | fabric | 0       |
|    add_ln813_14_fu_514_p2                                         | -   |        | add_ln813_14  | add | fabric | 0       |
|    add_ln813_15_fu_676_p2                                         | -   |        | add_ln813_15  | add | fabric | 0       |
|    add_ln813_16_fu_520_p2                                         | -   |        | add_ln813_16  | add | fabric | 0       |
|    add_ln813_17_fu_684_p2                                         | -   |        | add_ln813_17  | add | fabric | 0       |
|    add_ln813_18_fu_711_p2                                         | -   |        | add_ln813_18  | add | fabric | 0       |
|    add_ln813_19_fu_689_p2                                         | -   |        | add_ln813_19  | add | fabric | 0       |
|    add_ln813_20_fu_526_p2                                         | -   |        | add_ln813_20  | add | fabric | 0       |
|    add_ln813_21_fu_697_p2                                         | -   |        | add_ln813_21  | add | fabric | 0       |
|    add_ln813_22_fu_715_p2                                         | -   |        | add_ln813_22  | add | fabric | 0       |
|  + dense_latency_ap_fixed_8_4_5_3_0_ap_fixed_8_4_5_3_0_config8_s  | 0   |        |               |     |        |         |
|    r_V_fu_104_p2                                                  | -   |        | r_V           | sub | fabric | 0       |
|    r_V_1_fu_140_p2                                                | -   |        | r_V_1         | sub | fabric | 0       |
|    r_V_2_fu_156_p2                                                | -   |        | r_V_2         | sub | fabric | 0       |
|    sub_ln1270_fu_198_p2                                           | -   |        | sub_ln1270    | sub | fabric | 0       |
|    add_ln813_fu_228_p2                                            | -   |        | add_ln813     | add | fabric | 0       |
|    add_ln813_1_fu_249_p2                                          | -   |        | add_ln813_1   | add | fabric | 0       |
|    add_ln813_2_fu_234_p2                                          | -   |        | add_ln813_2   | add | fabric | 0       |
|    add_ln813_3_fu_240_p2                                          | -   |        | add_ln813_3   | add | fabric | 0       |
|    add_ln813_4_fu_254_p2                                          | -   |        | add_ln813_4   | add | fabric | 0       |
|  + dense_latency_ap_fixed_8_4_5_3_0_ap_fixed_8_4_5_3_0_config11_s | 0   |        |               |     |        |         |
|    r_V_fu_127_p2                                                  | -   |        | r_V           | sub | fabric | 0       |
|    r_V_25_fu_154_p2                                               | -   |        | r_V_25        | sub | fabric | 0       |
|    r_V_26_fu_70_p2                                                | -   |        | r_V_26        | sub | fabric | 0       |
|    r_V_27_fu_173_p2                                               | -   |        | r_V_27        | sub | fabric | 0       |
|    r_V_28_fu_200_p2                                               | -   |        | r_V_28        | sub | fabric | 0       |
|    add_ln813_fu_222_p2                                            | -   |        | add_ln813     | add | fabric | 0       |
|    add_ln813_34_fu_228_p2                                         | -   |        | add_ln813_34  | add | fabric | 0       |
|    add_ln813_35_fu_233_p2                                         | -   |        | add_ln813_35  | add | fabric | 0       |
|    add_ln813_36_fu_239_p2                                         | -   |        | add_ln813_36  | add | fabric | 0       |
|  + dense_latency_ap_fixed_8_4_5_3_0_ap_fixed_8_4_5_3_0_config14_s | 0   |        |               |     |        |         |
|    sub_ln1270_fu_102_p2                                           | -   |        | sub_ln1270    | sub | fabric | 0       |
|    r_V_fu_130_p2                                                  | -   |        | r_V           | add | fabric | 0       |
|    sub_ln1273_fu_162_p2                                           | -   |        | sub_ln1273    | sub | fabric | 0       |
|    r_V_20_fu_168_p2                                               | -   |        | r_V_20        | sub | fabric | 0       |
|    r_V_21_fu_338_p2                                               | -   |        | r_V_21        | sub | fabric | 0       |
|    r_V_22_fu_236_p2                                               | -   |        | r_V_22        | sub | fabric | 0       |
|    r_V_23_fu_252_p2                                               | -   |        | r_V_23        | sub | fabric | 0       |
|    sub_ln1273_17_fu_280_p2                                        | -   |        | sub_ln1273_17 | sub | fabric | 0       |
|    r_V_24_fu_286_p2                                               | -   |        | r_V_24        | sub | fabric | 0       |
|    add_ln813_fu_354_p2                                            | -   |        | add_ln813     | add | fabric | 0       |
|    add_ln813_27_fu_302_p2                                         | -   |        | add_ln813_27  | add | fabric | 0       |
|    add_ln813_28_fu_371_p2                                         | -   |        | add_ln813_28  | add | fabric | 0       |
|    add_ln813_29_fu_308_p2                                         | -   |        | add_ln813_29  | add | fabric | 0       |
|    add_ln813_30_fu_314_p2                                         | -   |        | add_ln813_30  | add | fabric | 0       |
|    add_ln813_31_fu_362_p2                                         | -   |        | add_ln813_31  | add | fabric | 0       |
|    add_ln813_32_fu_367_p2                                         | -   |        | add_ln813_32  | add | fabric | 0       |
|    add_ln813_33_fu_375_p2                                         | -   |        | add_ln813_33  | add | fabric | 0       |
|  + dense_latency_ap_fixed_8_4_5_3_0_ap_fixed_8_4_5_3_0_config17_s | 5   |        |               |     |        |         |
|    mul_8s_9s_17_3_0_U19                                           | 1   |        | r_V           | mul | dsp    | 2       |
|    mul_8s_11s_17_2_0_U22                                          | 1   |        | mul_ln1270    | mul | auto   | 1       |
|    sub_ln1273_fu_257_p2                                           | -   |        | sub_ln1273    | sub | fabric | 0       |
|    r_V_19_fu_274_p2                                               | -   |        | r_V_19        | sub | fabric | 0       |
|    mul_8s_10ns_17_3_0_U21                                         | 1   |        | mul_ln1270_1  | mul | dsp    | 2       |
|    mul_8s_10ns_17_3_0_U18                                         | 1   |        | mul_ln1270_2  | mul | dsp    | 2       |
|    mul_8s_10s_17_3_0_U20                                          | 1   |        | mul_ln1270_3  | mul | dsp    | 2       |
|    add_ln813_fu_333_p2                                            | -   |        | add_ln813     | add | fabric | 0       |
|    add_ln813_23_fu_338_p2                                         | -   |        | add_ln813_23  | add | fabric | 0       |
|    add_ln813_24_fu_347_p2                                         | -   |        | add_ln813_24  | add | fabric | 0       |
|    add_ln813_25_fu_343_p2                                         | -   |        | add_ln813_25  | add | fabric | 0       |
|    add_ln813_26_fu_351_p2                                         | -   |        | add_ln813_26  | add | fabric | 0       |
+-------------------------------------------------------------------+-----+--------+---------------+-----+--------+---------+


================================================================
== Bind Storage Report
================================================================
+---------------------------------------------------------------------+------+------+--------+---------------+---------+------+---------+
| Name                                                                | BRAM | URAM | Pragma | Variable      | Storage | Impl | Latency |
+---------------------------------------------------------------------+------+------+--------+---------------+---------+------+---------+
| + myproject                                                         | 1    | 0    |        |               |         |      |         |
|  + sigmoid_ap_fixed_8_4_5_3_0_ap_fixed_8_4_5_3_0_sigmoid_config19_s | 1    | 0    |        |               |         |      |         |
|    sigmoid_table_U                                                  | 1    | -    |        | sigmoid_table | rom_2p  | auto | 1       |
+---------------------------------------------------------------------+------+------+--------+---------------+---------+------+---------+


================================================================
== Pragma Report
================================================================
* Pragmas with Warnings
+----------+-----------------------------------+-----------------------------------------------------------------------------------------+----------------------------------------------------------------------------+
| Type     | Options                           | Location                                                                                | Messages                                                                   |
+----------+-----------------------------------+-----------------------------------------------------------------------------------------+----------------------------------------------------------------------------+
| resource | variable=weights core=ROM_nP_BRAM | firmware/nnet_utils/nnet_dense_resource.h:33 in dense_resource_rf_leq_nin, weights      | 'Resource pragma' is deprecated, use 'bind_op/bind_storage pragma' instead |
| resource | variable=weights core=ROM_nP_BRAM | firmware/nnet_utils/nnet_dense_resource.h:107 in dense_resource_rf_gt_nin_rem0, weights | 'Resource pragma' is deprecated, use 'bind_op/bind_storage pragma' instead |
| resource | variable=weights core=ROM_nP_BRAM | firmware/nnet_utils/nnet_dense_resource.h:189 in dense_resource_rf_gt_nin, weights      | 'Resource pragma' is deprecated, use 'bind_op/bind_storage pragma' instead |
+----------+-----------------------------------+-----------------------------------------------------------------------------------------+----------------------------------------------------------------------------+

* Valid Pragma Syntax
+----------------------+-----------------------------------------------------------------------+------------------------------------------------------------------------------------------------+
| Type                 | Options                                                               | Location                                                                                       |
+----------------------+-----------------------------------------------------------------------+------------------------------------------------------------------------------------------------+
| array_reshape        | variable=inputLayer complete dim=0                                    | firmware/myproject.cpp:13 in myproject, inputLayer                                             |
| array_partition      | variable=layer19_out complete dim=0                                   | firmware/myproject.cpp:14 in myproject, layer19_out                                            |
| interface            | ap_vld port=inputLayer,layer19_out                                    | firmware/myproject.cpp:15 in myproject, inputLayer,layer19_out                                 |
| pipeline             |                                                                       | firmware/myproject.cpp:16 in myproject                                                         |
| array_partition      | variable=layer2_out complete dim=0                                    | firmware/myproject.cpp:43 in myproject, layer2_out                                             |
| array_partition      | variable=layer5_out complete dim=0                                    | firmware/myproject.cpp:47 in myproject, layer5_out                                             |
| array_partition      | variable=layer8_out complete dim=0                                    | firmware/myproject.cpp:51 in myproject, layer8_out                                             |
| array_partition      | variable=layer11_out complete dim=0                                   | firmware/myproject.cpp:55 in myproject, layer11_out                                            |
| array_partition      | variable=layer14_out complete dim=0                                   | firmware/myproject.cpp:59 in myproject, layer14_out                                            |
| array_partition      | variable=layer17_out complete dim=0                                   | firmware/myproject.cpp:63 in myproject, layer17_out                                            |
| pipeline             |                                                                       | firmware/nnet_utils/nnet_activation.h:29 in linear                                             |
| pipeline             |                                                                       | firmware/nnet_utils/nnet_activation.h:40 in relu                                               |
| pipeline             |                                                                       | firmware/nnet_utils/nnet_activation.h:54 in relu_max                                           |
| pipeline             |                                                                       | firmware/nnet_utils/nnet_activation.h:109 in sigmoid                                           |
| pipeline             |                                                                       | firmware/nnet_utils/nnet_activation.h:171 in softmax_latency                                   |
| array_partition      | variable=exp_res complete                                             | firmware/nnet_utils/nnet_activation.h:193 in softmax_latency, exp_res                          |
| unroll               |                                                                       | firmware/nnet_utils/nnet_activation.h:196 in softmax_latency                                   |
| unroll               |                                                                       | firmware/nnet_utils/nnet_activation.h:210 in softmax_latency                                   |
| pipeline             |                                                                       | firmware/nnet_utils/nnet_activation.h:217 in softmax_stable                                    |
| unroll               |                                                                       | firmware/nnet_utils/nnet_activation.h:244 in softmax_stable                                    |
| array_partition      | variable=exp_res complete                                             | firmware/nnet_utils/nnet_activation.h:250 in softmax_stable, exp_res                           |
| unroll               |                                                                       | firmware/nnet_utils/nnet_activation.h:253 in softmax_stable                                    |
| unroll               |                                                                       | firmware/nnet_utils/nnet_activation.h:267 in softmax_stable                                    |
| pipeline             |                                                                       | firmware/nnet_utils/nnet_activation.h:315 in softmax_legacy                                    |
| unroll               |                                                                       | firmware/nnet_utils/nnet_activation.h:360 in softmax_argmax                                    |
| pipeline             |                                                                       | firmware/nnet_utils/nnet_activation.h:368 in softmax_argmax                                    |
| inline               |                                                                       | firmware/nnet_utils/nnet_activation.h:380 in softmax                                           |
| pipeline             |                                                                       | firmware/nnet_utils/nnet_activation.h:427 in tanh                                              |
| function_instantiate | variable=table                                                        | firmware/nnet_utils/nnet_activation.h:456 in unary_lut, table                                  |
| array_partition      | variable=table                                                        | firmware/nnet_utils/nnet_activation.h:457 in unary_lut, table                                  |
| unroll               |                                                                       | firmware/nnet_utils/nnet_activation.h:460 in unary_lut                                         |
| pipeline             |                                                                       | firmware/nnet_utils/nnet_activation.h:471 in hard_sigmoid                                      |
| pipeline             |                                                                       | firmware/nnet_utils/nnet_activation.h:486 in hard_tanh                                         |
| pipeline             |                                                                       | firmware/nnet_utils/nnet_activation.h:504 in leaky_relu                                        |
| pipeline             |                                                                       | firmware/nnet_utils/nnet_activation.h:521 in thresholded_relu                                  |
| pipeline             |                                                                       | firmware/nnet_utils/nnet_activation.h:566 in softplus                                          |
| pipeline             |                                                                       | firmware/nnet_utils/nnet_activation.h:615 in softsign                                          |
| pipeline             |                                                                       | firmware/nnet_utils/nnet_activation.h:664 in elu                                               |
| pipeline             |                                                                       | firmware/nnet_utils/nnet_activation.h:720 in selu                                              |
| pipeline             |                                                                       | firmware/nnet_utils/nnet_activation.h:743 in prelu                                             |
| pipeline             |                                                                       | firmware/nnet_utils/nnet_activation.h:760 in binary_tanh                                       |
| pipeline             |                                                                       | firmware/nnet_utils/nnet_activation.h:780 in ternary_tanh                                      |
| pipeline             |                                                                       | firmware/nnet_utils/nnet_activation_stream.h:20 in linear                                      |
| unroll               |                                                                       | firmware/nnet_utils/nnet_activation_stream.h:28 in linear                                      |
| pipeline             |                                                                       | firmware/nnet_utils/nnet_activation_stream.h:42 in relu                                        |
| unroll               |                                                                       | firmware/nnet_utils/nnet_activation_stream.h:50 in relu                                        |
| pipeline             |                                                                       | firmware/nnet_utils/nnet_activation_stream.h:81 in sigmoid                                     |
| unroll               |                                                                       | firmware/nnet_utils/nnet_activation_stream.h:89 in sigmoid                                     |
| array_partition      | variable=exp_res complete                                             | firmware/nnet_utils/nnet_activation_stream.h:133 in softmax_latency, exp_res                   |
| pipeline             | II=ii                                                                 | firmware/nnet_utils/nnet_activation_stream.h:137 in softmax_latency                            |
| unroll               |                                                                       | firmware/nnet_utils/nnet_activation_stream.h:142 in softmax_latency                            |
| unroll               |                                                                       | firmware/nnet_utils/nnet_activation_stream.h:161 in softmax_latency                            |
| allocation           | operation instances=mul limit=multiplier_limit                        | firmware/nnet_utils/nnet_activation_stream.h:162 in softmax_latency                            |
| array_partition      | variable=data_array complete                                          | firmware/nnet_utils/nnet_activation_stream.h:194 in softmax_stable, data_array                 |
| pipeline             | II=ii                                                                 | firmware/nnet_utils/nnet_activation_stream.h:197 in softmax_stable                             |
| unroll               |                                                                       | firmware/nnet_utils/nnet_activation_stream.h:202 in softmax_stable                             |
| unroll               |                                                                       | firmware/nnet_utils/nnet_activation_stream.h:214 in softmax_stable                             |
| array_partition      | variable=exp_res complete                                             | firmware/nnet_utils/nnet_activation_stream.h:220 in softmax_stable, exp_res                    |
| unroll               |                                                                       | firmware/nnet_utils/nnet_activation_stream.h:223 in softmax_stable                             |
| unroll               |                                                                       | firmware/nnet_utils/nnet_activation_stream.h:242 in softmax_stable                             |
| allocation           | operation instances=mul limit=multiplier_limit                        | firmware/nnet_utils/nnet_activation_stream.h:243 in softmax_stable                             |
| pipeline             |                                                                       | firmware/nnet_utils/nnet_activation_stream.h:275 in softmax_legacy                             |
| unroll               |                                                                       | firmware/nnet_utils/nnet_activation_stream.h:279 in softmax_legacy                             |
| unroll               |                                                                       | firmware/nnet_utils/nnet_activation_stream.h:286 in softmax_legacy                             |
| unroll               |                                                                       | firmware/nnet_utils/nnet_activation_stream.h:289 in softmax_legacy                             |
| unroll               |                                                                       | firmware/nnet_utils/nnet_activation_stream.h:312 in softmax_legacy                             |
| pipeline             |                                                                       | firmware/nnet_utils/nnet_activation_stream.h:329 in softmax_argmax                             |
| unroll               |                                                                       | firmware/nnet_utils/nnet_activation_stream.h:334 in softmax_argmax                             |
| pipeline             |                                                                       | firmware/nnet_utils/nnet_activation_stream.h:342 in softmax_argmax                             |
| pipeline             |                                                                       | firmware/nnet_utils/nnet_activation_stream.h:393 in tanh                                       |
| unroll               |                                                                       | firmware/nnet_utils/nnet_activation_stream.h:401 in tanh                                       |
| function_instantiate | variable=table                                                        | firmware/nnet_utils/nnet_activation_stream.h:421 in unary_lut, table                           |
| array_partition      | variable=table complete                                               | firmware/nnet_utils/nnet_activation_stream.h:422 in unary_lut, table                           |
| pipeline             | II=CONFIG_T::reuse_factor rewind                                      | firmware/nnet_utils/nnet_activation_stream.h:426 in unary_lut                                  |
| unroll               |                                                                       | firmware/nnet_utils/nnet_activation_stream.h:434 in unary_lut                                  |
| pipeline             |                                                                       | firmware/nnet_utils/nnet_activation_stream.h:452 in hard_sigmoid                               |
| unroll               |                                                                       | firmware/nnet_utils/nnet_activation_stream.h:460 in hard_sigmoid                               |
| pipeline             |                                                                       | firmware/nnet_utils/nnet_activation_stream.h:477 in hard_tanh                                  |
| unroll               |                                                                       | firmware/nnet_utils/nnet_activation_stream.h:485 in hard_tanh                                  |
| pipeline             |                                                                       | firmware/nnet_utils/nnet_activation_stream.h:506 in leaky_relu                                 |
| unroll               |                                                                       | firmware/nnet_utils/nnet_activation_stream.h:514 in leaky_relu                                 |
| pipeline             |                                                                       | firmware/nnet_utils/nnet_activation_stream.h:532 in thresholded_relu                           |
| unroll               |                                                                       | firmware/nnet_utils/nnet_activation_stream.h:540 in thresholded_relu                           |
| pipeline             |                                                                       | firmware/nnet_utils/nnet_activation_stream.h:571 in softplus                                   |
| unroll               |                                                                       | firmware/nnet_utils/nnet_activation_stream.h:579 in softplus                                   |
| pipeline             |                                                                       | firmware/nnet_utils/nnet_activation_stream.h:612 in softsign                                   |
| unroll               |                                                                       | firmware/nnet_utils/nnet_activation_stream.h:620 in softsign                                   |
| pipeline             |                                                                       | firmware/nnet_utils/nnet_activation_stream.h:653 in elu                                        |
| unroll               |                                                                       | firmware/nnet_utils/nnet_activation_stream.h:661 in elu                                        |
| pipeline             |                                                                       | firmware/nnet_utils/nnet_activation_stream.h:701 in selu                                       |
| unroll               |                                                                       | firmware/nnet_utils/nnet_activation_stream.h:709 in selu                                       |
| pipeline             |                                                                       | firmware/nnet_utils/nnet_activation_stream.h:733 in prelu                                      |
| unroll               |                                                                       | firmware/nnet_utils/nnet_activation_stream.h:741 in prelu                                      |
| pipeline             |                                                                       | firmware/nnet_utils/nnet_activation_stream.h:758 in binary_tanh                                |
| unroll               |                                                                       | firmware/nnet_utils/nnet_activation_stream.h:766 in binary_tanh                                |
| pipeline             |                                                                       | firmware/nnet_utils/nnet_activation_stream.h:783 in ternary_tanh                               |
| unroll               |                                                                       | firmware/nnet_utils/nnet_activation_stream.h:791 in ternary_tanh                               |
| array_partition      | variable=data_buf complete dim=0                                      | firmware/nnet_utils/nnet_conv1d_latency.h:19 in conv_1d_latency_cl, data_buf                   |
| array_partition      | variable=mult complete                                                | firmware/nnet_utils/nnet_conv1d_latency.h:22 in conv_1d_latency_cl, mult                       |
| array_partition      | variable=acc complete                                                 | firmware/nnet_utils/nnet_conv1d_latency.h:25 in conv_1d_latency_cl, acc                        |
| array_partition      | variable=weights complete                                             | firmware/nnet_utils/nnet_conv1d_latency.h:27 in conv_1d_latency_cl, weights                    |
| array_partition      | variable=biases complete                                              | firmware/nnet_utils/nnet_conv1d_latency.h:28 in conv_1d_latency_cl, biases                     |
| allocation           | operation instances=mul limit=CONFIG_T::mult_config::multiplier_limit | firmware/nnet_utils/nnet_conv1d_latency.h:31 in conv_1d_latency_cl                             |
| pipeline             | II=CONFIG_T::reuse_factor rewind                                      | firmware/nnet_utils/nnet_conv1d_latency.h:35 in conv_1d_latency_cl                             |
| unroll               |                                                                       | firmware/nnet_utils/nnet_conv1d_latency.h:41 in conv_1d_latency_cl                             |
| unroll               |                                                                       | firmware/nnet_utils/nnet_conv1d_latency.h:48 in conv_1d_latency_cl                             |
| unroll               |                                                                       | firmware/nnet_utils/nnet_conv1d_latency.h:52 in conv_1d_latency_cl                             |
| unroll               |                                                                       | firmware/nnet_utils/nnet_conv1d_latency.h:62 in conv_1d_latency_cl                             |
| unroll               |                                                                       | firmware/nnet_utils/nnet_conv1d_latency.h:69 in conv_1d_latency_cl                             |
| unroll               |                                                                       | firmware/nnet_utils/nnet_conv1d_latency.h:72 in conv_1d_latency_cl                             |
| unroll               |                                                                       | firmware/nnet_utils/nnet_conv1d_latency.h:80 in conv_1d_latency_cl                             |
| array_partition      | variable=mult complete dim=0                                          | firmware/nnet_utils/nnet_conv1d_latency.h:98 in pointwise_conv_1d_latency_cl, mult             |
| array_partition      | variable=acc complete dim=0                                           | firmware/nnet_utils/nnet_conv1d_latency.h:99 in pointwise_conv_1d_latency_cl, acc              |
| function_instantiate | variable=weights,biases                                               | firmware/nnet_utils/nnet_conv1d_latency.h:102 in pointwise_conv_1d_latency_cl, weights,biases  |
| pipeline             | II=CONFIG_T::reuse_factor                                             | firmware/nnet_utils/nnet_conv1d_latency.h:105 in pointwise_conv_1d_latency_cl                  |
| array_partition      | variable=weights complete dim=0                                       | firmware/nnet_utils/nnet_conv1d_latency.h:106 in pointwise_conv_1d_latency_cl, weights         |
| array_partition      | variable=biases complete dim=0                                        | firmware/nnet_utils/nnet_conv1d_latency.h:107 in pointwise_conv_1d_latency_cl, biases          |
| allocation           | operation instances=mul limit=CONFIG_T::mult_config::multiplier_limit | firmware/nnet_utils/nnet_conv1d_latency.h:110 in pointwise_conv_1d_latency_cl                  |
| unroll               |                                                                       | firmware/nnet_utils/nnet_conv1d_latency.h:119 in pointwise_conv_1d_latency_cl                  |
| unroll               |                                                                       | firmware/nnet_utils/nnet_conv1d_latency.h:138 in pointwise_conv_1d_latency_cl                  |
| unroll               |                                                                       | firmware/nnet_utils/nnet_conv1d_latency.h:160 in pointwise_conv_1d_latency_cl                  |
| inline               |                                                                       | firmware/nnet_utils/nnet_dense.h:44 in dense                                                   |
| inline               |                                                                       | firmware/nnet_utils/nnet_dense.h:53 in dense                                                   |
| inline               |                                                                       | firmware/nnet_utils/nnet_dense.h:64 in dense                                                   |
| inline               |                                                                       | firmware/nnet_utils/nnet_dense.h:75 in dense                                                   |
| unroll               |                                                                       | firmware/nnet_utils/nnet_dense_compressed.h:15 in fill_mult                                    |
| array_partition      | variable=acc complete                                                 | firmware/nnet_utils/nnet_dense_compressed.h:29 in dense_compressed, acc                        |
| array_partition      | variable=biases complete                                              | firmware/nnet_utils/nnet_dense_compressed.h:30 in dense_compressed, biases                     |
| array_reshape        | variable=weights block factor=multiplier_limit                        | firmware/nnet_utils/nnet_dense_compressed.h:31 in dense_compressed, weights                    |
| aggregate            | variable=weights                                                      | firmware/nnet_utils/nnet_dense_compressed.h:34 in dense_compressed, weights                    |
| unroll               |                                                                       | firmware/nnet_utils/nnet_dense_compressed.h:41 in dense_compressed                             |
| pipeline             | II=1 rewind                                                           | firmware/nnet_utils/nnet_dense_compressed.h:49 in dense_compressed                             |
| array_partition      | variable=mult complete                                                | firmware/nnet_utils/nnet_dense_compressed.h:52 in dense_compressed, mult                       |
| unroll               |                                                                       | firmware/nnet_utils/nnet_dense_compressed.h:56 in dense_compressed                             |
| unroll               |                                                                       | firmware/nnet_utils/nnet_dense_compressed.h:62 in dense_compressed                             |
| unroll               |                                                                       | firmware/nnet_utils/nnet_dense_compressed.h:82 in dense_compressed                             |
| function_instantiate | variable=weights,biases                                               | firmware/nnet_utils/nnet_dense_latency.h:21 in dense_latency, weights,biases                   |
| pipeline             | II=CONFIG_T::reuse_factor                                             | firmware/nnet_utils/nnet_dense_latency.h:26 in dense_latency                                   |
| array_partition      | variable=biases complete                                              | firmware/nnet_utils/nnet_dense_latency.h:29 in dense_latency, biases                           |
| array_partition      | variable=mult complete                                                | firmware/nnet_utils/nnet_dense_latency.h:30 in dense_latency, mult                             |
| array_partition      | variable=acc complete                                                 | firmware/nnet_utils/nnet_dense_latency.h:31 in dense_latency, acc                              |
| allocation           | operation instances=mul limit=CONFIG_T::multiplier_limit              | firmware/nnet_utils/nnet_dense_latency.h:33 in dense_latency                                   |
| function_instantiate | variable=weights,biases                                               | firmware/nnet_utils/nnet_dense_resource.h:28 in dense_resource_rf_leq_nin, weights,biases      |
| array_reshape        | variable=weights block factor=block_factor                            | firmware/nnet_utils/nnet_dense_resource.h:29 in dense_resource_rf_leq_nin, weights             |
| array_partition      | variable=biases complete                                              | firmware/nnet_utils/nnet_dense_resource.h:30 in dense_resource_rf_leq_nin, biases              |
| array_partition      | variable=acc complete                                                 | firmware/nnet_utils/nnet_dense_resource.h:37 in dense_resource_rf_leq_nin, acc                 |
| unroll               |                                                                       | firmware/nnet_utils/nnet_dense_resource.h:41 in dense_resource_rf_leq_nin                      |
| pipeline             | II=1 rewind                                                           | firmware/nnet_utils/nnet_dense_resource.h:47 in dense_resource_rf_leq_nin                      |
| unroll               |                                                                       | firmware/nnet_utils/nnet_dense_resource.h:56 in dense_resource_rf_leq_nin                      |
| unroll               |                                                                       | firmware/nnet_utils/nnet_dense_resource.h:81 in dense_resource_rf_leq_nin                      |
| function_instantiate | variable=weights,biases                                               | firmware/nnet_utils/nnet_dense_resource.h:102 in dense_resource_rf_gt_nin_rem0, weights,biases |
| array_reshape        | variable=weights block factor=block_factor                            | firmware/nnet_utils/nnet_dense_resource.h:103 in dense_resource_rf_gt_nin_rem0, weights        |
| array_partition      | variable=biases complete                                              | firmware/nnet_utils/nnet_dense_resource.h:104 in dense_resource_rf_gt_nin_rem0, biases         |
| array_partition      | variable=acc complete                                                 | firmware/nnet_utils/nnet_dense_resource.h:111 in dense_resource_rf_gt_nin_rem0, acc            |
| unroll               |                                                                       | firmware/nnet_utils/nnet_dense_resource.h:115 in dense_resource_rf_gt_nin_rem0                 |
| pipeline             | II=1 rewind                                                           | firmware/nnet_utils/nnet_dense_resource.h:136 in dense_resource_rf_gt_nin_rem0                 |
| unroll               |                                                                       | firmware/nnet_utils/nnet_dense_resource.h:143 in dense_resource_rf_gt_nin_rem0                 |
| unroll               |                                                                       | firmware/nnet_utils/nnet_dense_resource.h:163 in dense_resource_rf_gt_nin_rem0                 |
| function_instantiate | variable=weights,biases                                               | firmware/nnet_utils/nnet_dense_resource.h:184 in dense_resource_rf_gt_nin, weights,biases      |
| array_reshape        | variable=weights block factor=block_factor                            | firmware/nnet_utils/nnet_dense_resource.h:185 in dense_resource_rf_gt_nin, weights             |
| array_partition      | variable=biases complete                                              | firmware/nnet_utils/nnet_dense_resource.h:186 in dense_resource_rf_gt_nin, biases              |
| array_partition      | variable=acc complete                                                 | firmware/nnet_utils/nnet_dense_resource.h:193 in dense_resource_rf_gt_nin, acc                 |
| unroll               |                                                                       | firmware/nnet_utils/nnet_dense_resource.h:197 in dense_resource_rf_gt_nin                      |
| pipeline             | II=1 rewind                                                           | firmware/nnet_utils/nnet_dense_resource.h:203 in dense_resource_rf_gt_nin                      |
| array_partition      | variable=tmpmult complete                                             | firmware/nnet_utils/nnet_dense_resource.h:205 in dense_resource_rf_gt_nin, tmpmult             |
| unroll               |                                                                       | firmware/nnet_utils/nnet_dense_resource.h:209 in dense_resource_rf_gt_nin                      |
| array_partition      | variable=mult complete                                                | firmware/nnet_utils/nnet_dense_resource.h:219 in dense_resource_rf_gt_nin, mult                |
| unroll               |                                                                       | firmware/nnet_utils/nnet_dense_resource.h:223 in dense_resource_rf_gt_nin                      |
| unroll               |                                                                       | firmware/nnet_utils/nnet_dense_resource.h:229 in dense_resource_rf_gt_nin                      |
| unroll               |                                                                       | firmware/nnet_utils/nnet_dense_resource.h:239 in dense_resource_rf_gt_nin                      |
| unroll               |                                                                       | firmware/nnet_utils/nnet_dense_resource.h:249 in dense_resource_rf_gt_nin                      |
| inline               | recursive                                                             | firmware/nnet_utils/nnet_dense_resource.h:259 in dense_resource                                |
| pipeline             | II=CONFIG_T::reuse_factor                                             | firmware/nnet_utils/nnet_dense_stream.h:16 in dense_latency_wrapper                            |
| inline               |                                                                       | firmware/nnet_utils/nnet_dense_stream.h:29 in data_prepare                                     |
| pipeline             |                                                                       | firmware/nnet_utils/nnet_dense_stream.h:34 in data_prepare                                     |
| unroll               |                                                                       | firmware/nnet_utils/nnet_dense_stream.h:38 in data_prepare                                     |
| unroll               |                                                                       | firmware/nnet_utils/nnet_dense_stream.h:46 in data_prepare                                     |
| inline               |                                                                       | firmware/nnet_utils/nnet_dense_stream.h:54 in res_write                                        |
| pipeline             |                                                                       | firmware/nnet_utils/nnet_dense_stream.h:59 in res_write                                        |
| unroll               |                                                                       | firmware/nnet_utils/nnet_dense_stream.h:64 in res_write                                        |
| unroll               |                                                                       | firmware/nnet_utils/nnet_dense_stream.h:74 in res_write                                        |
| inline               | recursive                                                             | firmware/nnet_utils/nnet_dense_stream.h:85 in dense                                            |
| array_partition      | variable=data complete                                                | firmware/nnet_utils/nnet_dense_stream.h:88 in dense, data                                      |
| array_partition      | variable=res complete                                                 | firmware/nnet_utils/nnet_dense_stream.h:91 in dense, res                                       |
| inline               |                                                                       | firmware/nnet_utils/nnet_mult.h:25 in product                                                  |
| inline               |                                                                       | firmware/nnet_utils/nnet_mult.h:34 in product                                                  |
| inline               |                                                                       | firmware/nnet_utils/nnet_mult.h:46 in product                                                  |
| inline               |                                                                       | firmware/nnet_utils/nnet_mult.h:58 in product                                                  |
| inline               |                                                                       | firmware/nnet_utils/nnet_mult.h:72 in product                                                  |
| inline               |                                                                       | firmware/nnet_utils/nnet_mult.h:82 in product                                                  |
| pipeline             |                                                                       | firmware/nnet_utils/nnet_stream.h:23 in clone_stream                                           |
| unroll               |                                                                       | firmware/nnet_utils/nnet_stream.h:33 in clone_stream                                           |
| pipeline             |                                                                       | firmware/nnet_utils/nnet_stream.h:47 in clone_stream                                           |
| unroll               |                                                                       | firmware/nnet_utils/nnet_stream.h:59 in clone_stream                                           |
| pipeline             |                                                                       | firmware/nnet_utils/nnet_stream.h:74 in repack_stream                                          |
| unroll               |                                                                       | firmware/nnet_utils/nnet_stream.h:81 in repack_stream                                          |
| pipeline             |                                                                       | firmware/nnet_utils/nnet_stream.h:91 in repack_stream                                          |
| pipeline             |                                                                       | firmware/nnet_utils/nnet_stream.h:99 in repack_stream                                          |
| unroll               |                                                                       | firmware/nnet_utils/nnet_stream.h:103 in repack_stream                                         |
| pipeline             |                                                                       | firmware/nnet_utils/nnet_stream.h:114 in repack_stream                                         |
| unroll               |                                                                       | firmware/nnet_utils/nnet_stream.h:118 in repack_stream                                         |
| pipeline             |                                                                       | firmware/nnet_utils/nnet_stream.h:139 in broadcast_stream_1x1xc                                |
| pipeline             |                                                                       | firmware/nnet_utils/nnet_stream.h:142 in broadcast_stream_1x1xc                                |
| unroll               |                                                                       | firmware/nnet_utils/nnet_stream.h:146 in broadcast_stream_1x1xc                                |
| pipeline             |                                                                       | firmware/nnet_utils/nnet_stream.h:160 in broadcast_stream_hxwx1                                |
| unroll               |                                                                       | firmware/nnet_utils/nnet_stream.h:165 in broadcast_stream_hxwx1                                |
| unroll               |                                                                       | firmware/nnet_utils/nnet_types.h:28 in operator=                                               |
+----------------------+-----------------------------------------------------------------------+------------------------------------------------------------------------------------------------+


