

================================================================
== Vitis HLS Report for 'dense_latency_ap_fixed_16_6_5_3_0_ap_fixed_8_4_5_3_0_config2_s'
================================================================
* Date:           Tue Mar 10 18:17:01 2026

* Version:        2022.2 (Build 3670227 on Oct 13 2022)
* Project:        myproject_prj
* Solution:       solution1 (Vivado IP Flow Target)
* Product family: zynq
* Target device:  xc7z020-clg484-1


================================================================
== Performance Estimates
================================================================
+ Timing: 
    * Summary: 
    +--------+---------+----------+------------+
    |  Clock |  Target | Estimated| Uncertainty|
    +--------+---------+----------+------------+
    |ap_clk  |  5.00 ns|  2.107 ns|     1.35 ns|
    +--------+---------+----------+------------+

+ Latency: 
    * Summary: 
    +---------+---------+-----------+-----------+-----+-----+---------+
    |  Latency (cycles) |   Latency (absolute)  |  Interval | Pipeline|
    |   min   |   max   |    min    |    max    | min | max |   Type  |
    +---------+---------+-----------+-----------+-----+-----+---------+
    |        7|        7|  35.000 ns|  35.000 ns|    1|    1|      yes|
    +---------+---------+-----------+-----------+-----+-----+---------+

    + Detail: 
        * Instance: 
        N/A

        * Loop: 
        N/A

============================================================
+ Verbose Summary: Synthesis Manager
============================================================
InlineROM: 1
ExposeGlobal: 0
============================================================
+ Verbose Summary: CDFG Model
============================================================
IsTopModel: 0
ResetActiveHigh: 1
IsCombinational: 0
IsDatapathOnly: 0
HasWiredReturn: 1
HasMFsm: 2
HasVarLatency: 0
IsPipeline: 1
IsRtlPipelined: 1
IsInstanceOverlapped: 0
IsDontTouch: 0
HasImplIP: 0
IsGatedGlobalClock: 0

+ Individual pipeline summary: 
  * Pipeline-0: initiation interval (II) = 1, depth = 8


============================================================
+ Verbose Summary: Schedule
============================================================
* Number of FSM states : 8
* Pipeline : 1
  Pipeline-0 : II = 1, D = 8, States = { 1 2 3 4 5 6 7 8 }
* Dataflow Pipeline: 0

* FSM state transitions: 
1 --> 2 
2 --> 3 
3 --> 4 
4 --> 5 
5 --> 6 
6 --> 7 
7 --> 8 
8 --> 

* FSM state operations: 

State 1 <SV = 0> <Delay = 2.10>
ST_1 : Operation 9 [1/1] (0.00ns)   --->   "%p_read_19 = read i2576 @_ssdm_op_Read.ap_auto.i2576, i2576 %p_read"   --->   Operation 9 'read' 'p_read_19' <Predicate = true> <Delay = 0.00>
ST_1 : Operation 10 [1/1] (0.00ns)   --->   "%a_V_146 = trunc i2576 %p_read_19"   --->   Operation 10 'trunc' 'a_V_146' <Predicate = true> <Delay = 0.00>
ST_1 : Operation 11 [1/1] (0.00ns)   --->   "%sext_ln70 = sext i16 %a_V_146" [firmware/nnet_utils/nnet_mult.h:70]   --->   Operation 11 'sext' 'sext_ln70' <Predicate = true> <Delay = 0.00>
ST_1 : Operation 12 [1/1] (2.07ns)   --->   "%r_V_31 = sub i17 0, i17 %sext_ln70"   --->   Operation 12 'sub' 'r_V_31' <Predicate = true> <Delay = 2.07> <CoreInst = "Adder">   --->   Core 1 'Adder' <Latency = 0> <II = 1> <Delay = 2.07> <FuncUnit> <Opcode : 'add' 'sub'> <InPorts = 2> <OutPorts = 1>
ST_1 : Operation 13 [1/1] (0.00ns)   --->   "%mult_V = partselect i8 @_ssdm_op_PartSelect.i8.i17.i32.i32, i17 %r_V_31, i32 9, i32 16"   --->   Operation 13 'partselect' 'mult_V' <Predicate = true> <Delay = 0.00>
ST_1 : Operation 14 [1/1] (0.00ns)   --->   "%a_V_147 = partselect i16 @_ssdm_op_PartSelect.i16.i2576.i32.i32, i2576 %p_read_19, i32 16, i32 31"   --->   Operation 14 'partselect' 'a_V_147' <Predicate = true> <Delay = 0.00>
ST_1 : Operation 15 [1/1] (0.00ns)   --->   "%sext_ln70_1 = sext i16 %a_V_147" [firmware/nnet_utils/nnet_mult.h:70]   --->   Operation 15 'sext' 'sext_ln70_1' <Predicate = true> <Delay = 0.00>
ST_1 : Operation 16 [1/1] (2.07ns)   --->   "%r_V_33 = sub i17 0, i17 %sext_ln70_1"   --->   Operation 16 'sub' 'r_V_33' <Predicate = true> <Delay = 2.07> <CoreInst = "Adder">   --->   Core 1 'Adder' <Latency = 0> <II = 1> <Delay = 2.07> <FuncUnit> <Opcode : 'add' 'sub'> <InPorts = 2> <OutPorts = 1>
ST_1 : Operation 17 [1/1] (0.00ns)   --->   "%mult_V_1 = partselect i8 @_ssdm_op_PartSelect.i8.i17.i32.i32, i17 %r_V_33, i32 9, i32 16"   --->   Operation 17 'partselect' 'mult_V_1' <Predicate = true> <Delay = 0.00>
ST_1 : Operation 18 [1/1] (0.00ns)   --->   "%a_V = partselect i16 @_ssdm_op_PartSelect.i16.i2576.i32.i32, i2576 %p_read_19, i32 32, i32 47"   --->   Operation 18 'partselect' 'a_V' <Predicate = true> <Delay = 0.00>
ST_1 : Operation 19 [1/1] (0.00ns)   --->   "%sext_ln1273 = sext i16 %a_V"   --->   Operation 19 'sext' 'sext_ln1273' <Predicate = true> <Delay = 0.00>
ST_1 : Operation 20 [1/1] (0.00ns)   --->   "%tmp4 = partselect i16 @_ssdm_op_PartSelect.i16.i2576.i32.i32, i2576 %p_read_19, i32 32, i32 47"   --->   Operation 20 'partselect' 'tmp4' <Predicate = true> <Delay = 0.00>
ST_1 : Operation 21 [1/1] (0.00ns)   --->   "%shl_ln = bitconcatenate i17 @_ssdm_op_BitConcatenate.i17.i16.i1, i16 %tmp4, i1 0"   --->   Operation 21 'bitconcatenate' 'shl_ln' <Predicate = true> <Delay = 0.00>
ST_1 : Operation 22 [1/1] (2.10ns)   --->   "%r_V_34 = sub i17 0, i17 %shl_ln"   --->   Operation 22 'sub' 'r_V_34' <Predicate = true> <Delay = 2.10> <CoreInst = "Adder">   --->   Core 1 'Adder' <Latency = 0> <II = 1> <Delay = 2.10> <FuncUnit> <Opcode : 'add' 'sub'> <InPorts = 2> <OutPorts = 1>
ST_1 : Operation 23 [1/1] (0.00ns)   --->   "%mult_V_2 = partselect i8 @_ssdm_op_PartSelect.i8.i17.i32.i32, i17 %r_V_34, i32 9, i32 16"   --->   Operation 23 'partselect' 'mult_V_2' <Predicate = true> <Delay = 0.00>
ST_1 : Operation 24 [1/1] (2.07ns)   --->   "%r_V_35 = sub i17 0, i17 %sext_ln1273"   --->   Operation 24 'sub' 'r_V_35' <Predicate = true> <Delay = 2.07> <CoreInst = "Adder">   --->   Core 1 'Adder' <Latency = 0> <II = 1> <Delay = 2.07> <FuncUnit> <Opcode : 'add' 'sub'> <InPorts = 2> <OutPorts = 1>
ST_1 : Operation 25 [1/1] (0.00ns)   --->   "%mult_V_3 = partselect i8 @_ssdm_op_PartSelect.i8.i17.i32.i32, i17 %r_V_35, i32 9, i32 16"   --->   Operation 25 'partselect' 'mult_V_3' <Predicate = true> <Delay = 0.00>
ST_1 : Operation 26 [1/1] (0.00ns)   --->   "%a_V_1 = partselect i16 @_ssdm_op_PartSelect.i16.i2576.i32.i32, i2576 %p_read_19, i32 48, i32 63"   --->   Operation 26 'partselect' 'a_V_1' <Predicate = true> <Delay = 0.00>
ST_1 : Operation 27 [1/1] (0.00ns)   --->   "%mult_V_4 = partselect i7 @_ssdm_op_PartSelect.i7.i2576.i32.i32, i2576 %p_read_19, i32 57, i32 63"   --->   Operation 27 'partselect' 'mult_V_4' <Predicate = true> <Delay = 0.00>
ST_1 : Operation 28 [1/1] (0.00ns)   --->   "%sext_ln1273_28 = sext i16 %a_V_1"   --->   Operation 28 'sext' 'sext_ln1273_28' <Predicate = true> <Delay = 0.00>
ST_1 : Operation 29 [1/1] (2.07ns)   --->   "%r_V_36 = sub i17 0, i17 %sext_ln1273_28"   --->   Operation 29 'sub' 'r_V_36' <Predicate = true> <Delay = 2.07> <CoreInst = "Adder">   --->   Core 1 'Adder' <Latency = 0> <II = 1> <Delay = 2.07> <FuncUnit> <Opcode : 'add' 'sub'> <InPorts = 2> <OutPorts = 1>
ST_1 : Operation 30 [1/1] (0.00ns)   --->   "%mult_V_5 = partselect i8 @_ssdm_op_PartSelect.i8.i17.i32.i32, i17 %r_V_36, i32 9, i32 16"   --->   Operation 30 'partselect' 'mult_V_5' <Predicate = true> <Delay = 0.00>
ST_1 : Operation 31 [1/1] (0.00ns)   --->   "%a_V_2 = partselect i16 @_ssdm_op_PartSelect.i16.i2576.i32.i32, i2576 %p_read_19, i32 64, i32 79"   --->   Operation 31 'partselect' 'a_V_2' <Predicate = true> <Delay = 0.00>
ST_1 : Operation 32 [1/1] (0.00ns)   --->   "%mult_V_6 = partselect i7 @_ssdm_op_PartSelect.i7.i2576.i32.i32, i2576 %p_read_19, i32 73, i32 79"   --->   Operation 32 'partselect' 'mult_V_6' <Predicate = true> <Delay = 0.00>
ST_1 : Operation 33 [1/1] (0.00ns)   --->   "%sext_ln818_11 = sext i7 %mult_V_6"   --->   Operation 33 'sext' 'sext_ln818_11' <Predicate = true> <Delay = 0.00>
ST_1 : Operation 34 [1/1] (0.00ns)   --->   "%sext_ln1273_29 = sext i16 %a_V_2"   --->   Operation 34 'sext' 'sext_ln1273_29' <Predicate = true> <Delay = 0.00>
ST_1 : Operation 35 [1/1] (2.07ns)   --->   "%r_V_37 = sub i17 0, i17 %sext_ln1273_29"   --->   Operation 35 'sub' 'r_V_37' <Predicate = true> <Delay = 2.07> <CoreInst = "Adder">   --->   Core 1 'Adder' <Latency = 0> <II = 1> <Delay = 2.07> <FuncUnit> <Opcode : 'add' 'sub'> <InPorts = 2> <OutPorts = 1>
ST_1 : Operation 36 [1/1] (0.00ns)   --->   "%mult_V_7 = partselect i8 @_ssdm_op_PartSelect.i8.i17.i32.i32, i17 %r_V_37, i32 9, i32 16"   --->   Operation 36 'partselect' 'mult_V_7' <Predicate = true> <Delay = 0.00>
ST_1 : Operation 37 [1/1] (0.00ns)   --->   "%a_V_3 = partselect i16 @_ssdm_op_PartSelect.i16.i2576.i32.i32, i2576 %p_read_19, i32 80, i32 95"   --->   Operation 37 'partselect' 'a_V_3' <Predicate = true> <Delay = 0.00>
ST_1 : Operation 38 [1/1] (0.00ns)   --->   "%mult_V_8 = partselect i7 @_ssdm_op_PartSelect.i7.i2576.i32.i32, i2576 %p_read_19, i32 89, i32 95"   --->   Operation 38 'partselect' 'mult_V_8' <Predicate = true> <Delay = 0.00>
ST_1 : Operation 39 [1/1] (0.00ns)   --->   "%sext_ln818_12 = sext i7 %mult_V_8"   --->   Operation 39 'sext' 'sext_ln818_12' <Predicate = true> <Delay = 0.00>
ST_1 : Operation 40 [1/1] (0.00ns)   --->   "%sext_ln1273_30 = sext i16 %a_V_3"   --->   Operation 40 'sext' 'sext_ln1273_30' <Predicate = true> <Delay = 0.00>
ST_1 : Operation 41 [1/1] (2.07ns)   --->   "%r_V_38 = sub i17 0, i17 %sext_ln1273_30"   --->   Operation 41 'sub' 'r_V_38' <Predicate = true> <Delay = 2.07> <CoreInst = "Adder">   --->   Core 1 'Adder' <Latency = 0> <II = 1> <Delay = 2.07> <FuncUnit> <Opcode : 'add' 'sub'> <InPorts = 2> <OutPorts = 1>
ST_1 : Operation 42 [1/1] (0.00ns)   --->   "%mult_V_9 = partselect i8 @_ssdm_op_PartSelect.i8.i17.i32.i32, i17 %r_V_38, i32 9, i32 16"   --->   Operation 42 'partselect' 'mult_V_9' <Predicate = true> <Delay = 0.00>
ST_1 : Operation 43 [1/1] (0.00ns)   --->   "%a_V_4 = partselect i16 @_ssdm_op_PartSelect.i16.i2576.i32.i32, i2576 %p_read_19, i32 96, i32 111"   --->   Operation 43 'partselect' 'a_V_4' <Predicate = true> <Delay = 0.00>
ST_1 : Operation 44 [1/1] (0.00ns)   --->   "%mult_V_10 = partselect i7 @_ssdm_op_PartSelect.i7.i2576.i32.i32, i2576 %p_read_19, i32 105, i32 111"   --->   Operation 44 'partselect' 'mult_V_10' <Predicate = true> <Delay = 0.00>
ST_1 : Operation 45 [1/1] (0.00ns)   --->   "%sext_ln818_13 = sext i7 %mult_V_10"   --->   Operation 45 'sext' 'sext_ln818_13' <Predicate = true> <Delay = 0.00>
ST_1 : Operation 46 [1/1] (0.00ns)   --->   "%mult_V_11 = partselect i8 @_ssdm_op_PartSelect.i8.i2576.i32.i32, i2576 %p_read_19, i32 104, i32 111"   --->   Operation 46 'partselect' 'mult_V_11' <Predicate = true> <Delay = 0.00>
ST_1 : Operation 47 [1/1] (0.00ns)   --->   "%sext_ln1273_31 = sext i16 %a_V_4"   --->   Operation 47 'sext' 'sext_ln1273_31' <Predicate = true> <Delay = 0.00>
ST_1 : Operation 48 [1/1] (2.07ns)   --->   "%r_V_39 = sub i17 0, i17 %sext_ln1273_31"   --->   Operation 48 'sub' 'r_V_39' <Predicate = true> <Delay = 2.07> <CoreInst = "Adder">   --->   Core 1 'Adder' <Latency = 0> <II = 1> <Delay = 2.07> <FuncUnit> <Opcode : 'add' 'sub'> <InPorts = 2> <OutPorts = 1>
ST_1 : Operation 49 [1/1] (0.00ns)   --->   "%mult_V_12 = partselect i8 @_ssdm_op_PartSelect.i8.i17.i32.i32, i17 %r_V_39, i32 9, i32 16"   --->   Operation 49 'partselect' 'mult_V_12' <Predicate = true> <Delay = 0.00>
ST_1 : Operation 50 [1/1] (0.00ns)   --->   "%a_V_5 = partselect i16 @_ssdm_op_PartSelect.i16.i2576.i32.i32, i2576 %p_read_19, i32 112, i32 127"   --->   Operation 50 'partselect' 'a_V_5' <Predicate = true> <Delay = 0.00>
ST_1 : Operation 51 [1/1] (0.00ns)   --->   "%sext_ln1273_32 = sext i16 %a_V_5"   --->   Operation 51 'sext' 'sext_ln1273_32' <Predicate = true> <Delay = 0.00>
ST_1 : Operation 52 [1/1] (2.07ns)   --->   "%r_V_40 = sub i17 0, i17 %sext_ln1273_32"   --->   Operation 52 'sub' 'r_V_40' <Predicate = true> <Delay = 2.07> <CoreInst = "Adder">   --->   Core 1 'Adder' <Latency = 0> <II = 1> <Delay = 2.07> <FuncUnit> <Opcode : 'add' 'sub'> <InPorts = 2> <OutPorts = 1>
ST_1 : Operation 53 [1/1] (0.00ns)   --->   "%mult_V_13 = partselect i8 @_ssdm_op_PartSelect.i8.i17.i32.i32, i17 %r_V_40, i32 9, i32 16"   --->   Operation 53 'partselect' 'mult_V_13' <Predicate = true> <Delay = 0.00>
ST_1 : Operation 54 [1/1] (0.00ns)   --->   "%tmp_s = partselect i15 @_ssdm_op_PartSelect.i15.i2576.i32.i32, i2576 %p_read_19, i32 112, i32 126"   --->   Operation 54 'partselect' 'tmp_s' <Predicate = true> <Delay = 0.00>
ST_1 : Operation 55 [1/1] (0.00ns)   --->   "%shl_ln1273_s = bitconcatenate i17 @_ssdm_op_BitConcatenate.i17.i15.i2, i15 %tmp_s, i2 0"   --->   Operation 55 'bitconcatenate' 'shl_ln1273_s' <Predicate = true> <Delay = 0.00>
ST_1 : Operation 56 [1/1] (2.10ns)   --->   "%r_V_41 = sub i17 %shl_ln1273_s, i17 %sext_ln1273_32"   --->   Operation 56 'sub' 'r_V_41' <Predicate = true> <Delay = 2.10> <CoreInst = "Adder">   --->   Core 1 'Adder' <Latency = 0> <II = 1> <Delay = 2.10> <FuncUnit> <Opcode : 'add' 'sub'> <InPorts = 2> <OutPorts = 1>
ST_1 : Operation 57 [1/1] (0.00ns)   --->   "%mult_V_14 = partselect i8 @_ssdm_op_PartSelect.i8.i17.i32.i32, i17 %r_V_41, i32 9, i32 16"   --->   Operation 57 'partselect' 'mult_V_14' <Predicate = true> <Delay = 0.00>
ST_1 : Operation 58 [1/1] (0.00ns)   --->   "%mult_V_15 = partselect i8 @_ssdm_op_PartSelect.i8.i2576.i32.i32, i2576 %p_read_19, i32 120, i32 127"   --->   Operation 58 'partselect' 'mult_V_15' <Predicate = true> <Delay = 0.00>
ST_1 : Operation 59 [1/1] (0.00ns)   --->   "%a_V_6 = partselect i16 @_ssdm_op_PartSelect.i16.i2576.i32.i32, i2576 %p_read_19, i32 128, i32 143"   --->   Operation 59 'partselect' 'a_V_6' <Predicate = true> <Delay = 0.00>
ST_1 : Operation 60 [1/1] (0.00ns)   --->   "%sext_ln1273_33 = sext i16 %a_V_6"   --->   Operation 60 'sext' 'sext_ln1273_33' <Predicate = true> <Delay = 0.00>
ST_1 : Operation 61 [1/1] (0.00ns)   --->   "%tmp_1 = partselect i15 @_ssdm_op_PartSelect.i15.i2576.i32.i32, i2576 %p_read_19, i32 128, i32 142"   --->   Operation 61 'partselect' 'tmp_1' <Predicate = true> <Delay = 0.00>
ST_1 : Operation 62 [1/1] (0.00ns)   --->   "%shl_ln1273_9 = bitconcatenate i17 @_ssdm_op_BitConcatenate.i17.i15.i2, i15 %tmp_1, i2 0"   --->   Operation 62 'bitconcatenate' 'shl_ln1273_9' <Predicate = true> <Delay = 0.00>
ST_1 : Operation 63 [1/1] (2.10ns)   --->   "%r_V_42 = sub i17 %shl_ln1273_9, i17 %sext_ln1273_33"   --->   Operation 63 'sub' 'r_V_42' <Predicate = true> <Delay = 2.10> <CoreInst = "Adder">   --->   Core 1 'Adder' <Latency = 0> <II = 1> <Delay = 2.10> <FuncUnit> <Opcode : 'add' 'sub'> <InPorts = 2> <OutPorts = 1>
ST_1 : Operation 64 [1/1] (0.00ns)   --->   "%mult_V_16 = partselect i8 @_ssdm_op_PartSelect.i8.i17.i32.i32, i17 %r_V_42, i32 9, i32 16"   --->   Operation 64 'partselect' 'mult_V_16' <Predicate = true> <Delay = 0.00>
ST_1 : Operation 65 [1/1] (0.00ns)   --->   "%mult_V_17 = partselect i8 @_ssdm_op_PartSelect.i8.i2576.i32.i32, i2576 %p_read_19, i32 136, i32 143"   --->   Operation 65 'partselect' 'mult_V_17' <Predicate = true> <Delay = 0.00>
ST_1 : Operation 66 [1/1] (0.00ns)   --->   "%mult_V_18 = partselect i7 @_ssdm_op_PartSelect.i7.i2576.i32.i32, i2576 %p_read_19, i32 137, i32 143"   --->   Operation 66 'partselect' 'mult_V_18' <Predicate = true> <Delay = 0.00>
ST_1 : Operation 67 [1/1] (0.00ns)   --->   "%a_V_7 = partselect i16 @_ssdm_op_PartSelect.i16.i2576.i32.i32, i2576 %p_read_19, i32 144, i32 159"   --->   Operation 67 'partselect' 'a_V_7' <Predicate = true> <Delay = 0.00>
ST_1 : Operation 68 [1/1] (0.00ns)   --->   "%sext_ln1273_34 = sext i16 %a_V_7"   --->   Operation 68 'sext' 'sext_ln1273_34' <Predicate = true> <Delay = 0.00>
ST_1 : Operation 69 [1/1] (0.00ns)   --->   "%tmp_2 = partselect i15 @_ssdm_op_PartSelect.i15.i2576.i32.i32, i2576 %p_read_19, i32 144, i32 158"   --->   Operation 69 'partselect' 'tmp_2' <Predicate = true> <Delay = 0.00>
ST_1 : Operation 70 [1/1] (0.00ns)   --->   "%shl_ln1273_1 = bitconcatenate i17 @_ssdm_op_BitConcatenate.i17.i15.i2, i15 %tmp_2, i2 0"   --->   Operation 70 'bitconcatenate' 'shl_ln1273_1' <Predicate = true> <Delay = 0.00>
ST_1 : Operation 71 [1/1] (2.10ns)   --->   "%r_V_43 = sub i17 %shl_ln1273_1, i17 %sext_ln1273_34"   --->   Operation 71 'sub' 'r_V_43' <Predicate = true> <Delay = 2.10> <CoreInst = "Adder">   --->   Core 1 'Adder' <Latency = 0> <II = 1> <Delay = 2.10> <FuncUnit> <Opcode : 'add' 'sub'> <InPorts = 2> <OutPorts = 1>
ST_1 : Operation 72 [1/1] (0.00ns)   --->   "%mult_V_19 = partselect i8 @_ssdm_op_PartSelect.i8.i17.i32.i32, i17 %r_V_43, i32 9, i32 16"   --->   Operation 72 'partselect' 'mult_V_19' <Predicate = true> <Delay = 0.00>
ST_1 : Operation 73 [1/1] (0.00ns)   --->   "%mult_V_20 = partselect i8 @_ssdm_op_PartSelect.i8.i2576.i32.i32, i2576 %p_read_19, i32 151, i32 158"   --->   Operation 73 'partselect' 'mult_V_20' <Predicate = true> <Delay = 0.00>
ST_1 : Operation 74 [1/1] (2.07ns)   --->   "%r_V_44 = sub i17 0, i17 %sext_ln1273_34"   --->   Operation 74 'sub' 'r_V_44' <Predicate = true> <Delay = 2.07> <CoreInst = "Adder">   --->   Core 1 'Adder' <Latency = 0> <II = 1> <Delay = 2.07> <FuncUnit> <Opcode : 'add' 'sub'> <InPorts = 2> <OutPorts = 1>
ST_1 : Operation 75 [1/1] (0.00ns)   --->   "%mult_V_21 = partselect i8 @_ssdm_op_PartSelect.i8.i17.i32.i32, i17 %r_V_44, i32 9, i32 16"   --->   Operation 75 'partselect' 'mult_V_21' <Predicate = true> <Delay = 0.00>
ST_1 : Operation 76 [1/1] (0.00ns)   --->   "%a_V_8 = partselect i16 @_ssdm_op_PartSelect.i16.i2576.i32.i32, i2576 %p_read_19, i32 160, i32 175"   --->   Operation 76 'partselect' 'a_V_8' <Predicate = true> <Delay = 0.00>
ST_1 : Operation 77 [1/1] (0.00ns)   --->   "%sext_ln1273_35 = sext i16 %a_V_8"   --->   Operation 77 'sext' 'sext_ln1273_35' <Predicate = true> <Delay = 0.00>
ST_1 : Operation 78 [1/1] (0.00ns)   --->   "%tmp_3 = partselect i15 @_ssdm_op_PartSelect.i15.i2576.i32.i32, i2576 %p_read_19, i32 160, i32 174"   --->   Operation 78 'partselect' 'tmp_3' <Predicate = true> <Delay = 0.00>
ST_1 : Operation 79 [1/1] (0.00ns)   --->   "%shl_ln1273_2 = bitconcatenate i17 @_ssdm_op_BitConcatenate.i17.i15.i2, i15 %tmp_3, i2 0"   --->   Operation 79 'bitconcatenate' 'shl_ln1273_2' <Predicate = true> <Delay = 0.00>
ST_1 : Operation 80 [1/1] (2.10ns)   --->   "%r_V_45 = sub i17 %shl_ln1273_2, i17 %sext_ln1273_35"   --->   Operation 80 'sub' 'r_V_45' <Predicate = true> <Delay = 2.10> <CoreInst = "Adder">   --->   Core 1 'Adder' <Latency = 0> <II = 1> <Delay = 2.10> <FuncUnit> <Opcode : 'add' 'sub'> <InPorts = 2> <OutPorts = 1>
ST_1 : Operation 81 [1/1] (0.00ns)   --->   "%mult_V_22 = partselect i8 @_ssdm_op_PartSelect.i8.i17.i32.i32, i17 %r_V_45, i32 9, i32 16"   --->   Operation 81 'partselect' 'mult_V_22' <Predicate = true> <Delay = 0.00>
ST_1 : Operation 82 [1/1] (0.00ns)   --->   "%mult_V_23 = partselect i8 @_ssdm_op_PartSelect.i8.i2576.i32.i32, i2576 %p_read_19, i32 167, i32 174"   --->   Operation 82 'partselect' 'mult_V_23' <Predicate = true> <Delay = 0.00>
ST_1 : Operation 83 [1/1] (2.07ns)   --->   "%r_V_46 = sub i17 0, i17 %sext_ln1273_35"   --->   Operation 83 'sub' 'r_V_46' <Predicate = true> <Delay = 2.07> <CoreInst = "Adder">   --->   Core 1 'Adder' <Latency = 0> <II = 1> <Delay = 2.07> <FuncUnit> <Opcode : 'add' 'sub'> <InPorts = 2> <OutPorts = 1>
ST_1 : Operation 84 [1/1] (0.00ns)   --->   "%mult_V_24 = partselect i8 @_ssdm_op_PartSelect.i8.i17.i32.i32, i17 %r_V_46, i32 9, i32 16"   --->   Operation 84 'partselect' 'mult_V_24' <Predicate = true> <Delay = 0.00>
ST_1 : Operation 85 [1/1] (0.00ns)   --->   "%mult_V_25 = partselect i7 @_ssdm_op_PartSelect.i7.i2576.i32.i32, i2576 %p_read_19, i32 169, i32 175"   --->   Operation 85 'partselect' 'mult_V_25' <Predicate = true> <Delay = 0.00>
ST_1 : Operation 86 [1/1] (0.00ns)   --->   "%mult_V_26 = partselect i8 @_ssdm_op_PartSelect.i8.i2576.i32.i32, i2576 %p_read_19, i32 168, i32 175"   --->   Operation 86 'partselect' 'mult_V_26' <Predicate = true> <Delay = 0.00>
ST_1 : Operation 87 [1/1] (0.00ns)   --->   "%a_V_9 = partselect i16 @_ssdm_op_PartSelect.i16.i2576.i32.i32, i2576 %p_read_19, i32 176, i32 191"   --->   Operation 87 'partselect' 'a_V_9' <Predicate = true> <Delay = 0.00>
ST_1 : Operation 88 [1/1] (0.00ns)   --->   "%mult_V_27 = partselect i8 @_ssdm_op_PartSelect.i8.i2576.i32.i32, i2576 %p_read_19, i32 184, i32 191"   --->   Operation 88 'partselect' 'mult_V_27' <Predicate = true> <Delay = 0.00>
ST_1 : Operation 89 [1/1] (0.00ns)   --->   "%sext_ln1273_36 = sext i16 %a_V_9"   --->   Operation 89 'sext' 'sext_ln1273_36' <Predicate = true> <Delay = 0.00>
ST_1 : Operation 90 [1/1] (0.00ns)   --->   "%tmp_4 = partselect i15 @_ssdm_op_PartSelect.i15.i2576.i32.i32, i2576 %p_read_19, i32 176, i32 190"   --->   Operation 90 'partselect' 'tmp_4' <Predicate = true> <Delay = 0.00>
ST_1 : Operation 91 [1/1] (0.00ns)   --->   "%shl_ln1273_3 = bitconcatenate i17 @_ssdm_op_BitConcatenate.i17.i15.i2, i15 %tmp_4, i2 0"   --->   Operation 91 'bitconcatenate' 'shl_ln1273_3' <Predicate = true> <Delay = 0.00>
ST_1 : Operation 92 [1/1] (2.10ns)   --->   "%r_V_47 = sub i17 %shl_ln1273_3, i17 %sext_ln1273_36"   --->   Operation 92 'sub' 'r_V_47' <Predicate = true> <Delay = 2.10> <CoreInst = "Adder">   --->   Core 1 'Adder' <Latency = 0> <II = 1> <Delay = 2.10> <FuncUnit> <Opcode : 'add' 'sub'> <InPorts = 2> <OutPorts = 1>
ST_1 : Operation 93 [1/1] (0.00ns)   --->   "%mult_V_28 = partselect i8 @_ssdm_op_PartSelect.i8.i17.i32.i32, i17 %r_V_47, i32 9, i32 16"   --->   Operation 93 'partselect' 'mult_V_28' <Predicate = true> <Delay = 0.00>
ST_1 : Operation 94 [1/1] (0.00ns)   --->   "%mult_V_29 = partselect i7 @_ssdm_op_PartSelect.i7.i2576.i32.i32, i2576 %p_read_19, i32 185, i32 191"   --->   Operation 94 'partselect' 'mult_V_29' <Predicate = true> <Delay = 0.00>
ST_1 : Operation 95 [1/1] (0.00ns)   --->   "%sext_ln818_16 = sext i7 %mult_V_29"   --->   Operation 95 'sext' 'sext_ln818_16' <Predicate = true> <Delay = 0.00>
ST_1 : Operation 96 [1/1] (0.00ns)   --->   "%a_V_10 = partselect i16 @_ssdm_op_PartSelect.i16.i2576.i32.i32, i2576 %p_read_19, i32 192, i32 207"   --->   Operation 96 'partselect' 'a_V_10' <Predicate = true> <Delay = 0.00>
ST_1 : Operation 97 [1/1] (0.00ns)   --->   "%sext_ln1273_37 = sext i16 %a_V_10"   --->   Operation 97 'sext' 'sext_ln1273_37' <Predicate = true> <Delay = 0.00>
ST_1 : Operation 98 [1/1] (2.07ns)   --->   "%r_V_48 = sub i17 0, i17 %sext_ln1273_37"   --->   Operation 98 'sub' 'r_V_48' <Predicate = true> <Delay = 2.07> <CoreInst = "Adder">   --->   Core 1 'Adder' <Latency = 0> <II = 1> <Delay = 2.07> <FuncUnit> <Opcode : 'add' 'sub'> <InPorts = 2> <OutPorts = 1>
ST_1 : Operation 99 [1/1] (0.00ns)   --->   "%mult_V_30 = partselect i8 @_ssdm_op_PartSelect.i8.i17.i32.i32, i17 %r_V_48, i32 9, i32 16"   --->   Operation 99 'partselect' 'mult_V_30' <Predicate = true> <Delay = 0.00>
ST_1 : Operation 100 [1/1] (0.00ns)   --->   "%mult_V_31 = partselect i8 @_ssdm_op_PartSelect.i8.i2576.i32.i32, i2576 %p_read_19, i32 200, i32 207"   --->   Operation 100 'partselect' 'mult_V_31' <Predicate = true> <Delay = 0.00>
ST_1 : Operation 101 [1/1] (0.00ns)   --->   "%mult_V_32 = partselect i8 @_ssdm_op_PartSelect.i8.i2576.i32.i32, i2576 %p_read_19, i32 199, i32 206"   --->   Operation 101 'partselect' 'mult_V_32' <Predicate = true> <Delay = 0.00>
ST_1 : Operation 102 [1/1] (0.00ns)   --->   "%mult_V_33 = partselect i7 @_ssdm_op_PartSelect.i7.i2576.i32.i32, i2576 %p_read_19, i32 201, i32 207"   --->   Operation 102 'partselect' 'mult_V_33' <Predicate = true> <Delay = 0.00>
ST_1 : Operation 103 [1/1] (0.00ns)   --->   "%sext_ln818_17 = sext i7 %mult_V_33"   --->   Operation 103 'sext' 'sext_ln818_17' <Predicate = true> <Delay = 0.00>
ST_1 : Operation 104 [1/1] (0.00ns)   --->   "%tmp_5 = partselect i15 @_ssdm_op_PartSelect.i15.i2576.i32.i32, i2576 %p_read_19, i32 192, i32 206"   --->   Operation 104 'partselect' 'tmp_5' <Predicate = true> <Delay = 0.00>
ST_1 : Operation 105 [1/1] (0.00ns)   --->   "%shl_ln1273_4 = bitconcatenate i17 @_ssdm_op_BitConcatenate.i17.i15.i2, i15 %tmp_5, i2 0"   --->   Operation 105 'bitconcatenate' 'shl_ln1273_4' <Predicate = true> <Delay = 0.00>
ST_1 : Operation 106 [1/1] (2.10ns)   --->   "%r_V_49 = sub i17 %shl_ln1273_4, i17 %sext_ln1273_37"   --->   Operation 106 'sub' 'r_V_49' <Predicate = true> <Delay = 2.10> <CoreInst = "Adder">   --->   Core 1 'Adder' <Latency = 0> <II = 1> <Delay = 2.10> <FuncUnit> <Opcode : 'add' 'sub'> <InPorts = 2> <OutPorts = 1>
ST_1 : Operation 107 [1/1] (0.00ns)   --->   "%mult_V_34 = partselect i8 @_ssdm_op_PartSelect.i8.i17.i32.i32, i17 %r_V_49, i32 9, i32 16"   --->   Operation 107 'partselect' 'mult_V_34' <Predicate = true> <Delay = 0.00>
ST_1 : Operation 108 [1/1] (0.00ns)   --->   "%a_V_11 = partselect i16 @_ssdm_op_PartSelect.i16.i2576.i32.i32, i2576 %p_read_19, i32 208, i32 223"   --->   Operation 108 'partselect' 'a_V_11' <Predicate = true> <Delay = 0.00>
ST_1 : Operation 109 [1/1] (0.00ns)   --->   "%mult_V_35 = partselect i8 @_ssdm_op_PartSelect.i8.i2576.i32.i32, i2576 %p_read_19, i32 216, i32 223"   --->   Operation 109 'partselect' 'mult_V_35' <Predicate = true> <Delay = 0.00>
ST_1 : Operation 110 [1/1] (0.00ns)   --->   "%sext_ln1273_38 = sext i16 %a_V_11"   --->   Operation 110 'sext' 'sext_ln1273_38' <Predicate = true> <Delay = 0.00>
ST_1 : Operation 111 [1/1] (0.00ns)   --->   "%tmp_6 = partselect i15 @_ssdm_op_PartSelect.i15.i2576.i32.i32, i2576 %p_read_19, i32 208, i32 222"   --->   Operation 111 'partselect' 'tmp_6' <Predicate = true> <Delay = 0.00>
ST_1 : Operation 112 [1/1] (0.00ns)   --->   "%shl_ln1273_5 = bitconcatenate i17 @_ssdm_op_BitConcatenate.i17.i15.i2, i15 %tmp_6, i2 0"   --->   Operation 112 'bitconcatenate' 'shl_ln1273_5' <Predicate = true> <Delay = 0.00>
ST_1 : Operation 113 [1/1] (2.10ns)   --->   "%r_V_50 = sub i17 %shl_ln1273_5, i17 %sext_ln1273_38"   --->   Operation 113 'sub' 'r_V_50' <Predicate = true> <Delay = 2.10> <CoreInst = "Adder">   --->   Core 1 'Adder' <Latency = 0> <II = 1> <Delay = 2.10> <FuncUnit> <Opcode : 'add' 'sub'> <InPorts = 2> <OutPorts = 1>
ST_1 : Operation 114 [1/1] (0.00ns)   --->   "%mult_V_36 = partselect i8 @_ssdm_op_PartSelect.i8.i17.i32.i32, i17 %r_V_50, i32 9, i32 16"   --->   Operation 114 'partselect' 'mult_V_36' <Predicate = true> <Delay = 0.00>
ST_1 : Operation 115 [1/1] (2.07ns)   --->   "%r_V_51 = sub i17 0, i17 %sext_ln1273_38"   --->   Operation 115 'sub' 'r_V_51' <Predicate = true> <Delay = 2.07> <CoreInst = "Adder">   --->   Core 1 'Adder' <Latency = 0> <II = 1> <Delay = 2.07> <FuncUnit> <Opcode : 'add' 'sub'> <InPorts = 2> <OutPorts = 1>
ST_1 : Operation 116 [1/1] (0.00ns)   --->   "%mult_V_37 = partselect i8 @_ssdm_op_PartSelect.i8.i17.i32.i32, i17 %r_V_51, i32 9, i32 16"   --->   Operation 116 'partselect' 'mult_V_37' <Predicate = true> <Delay = 0.00>
ST_1 : Operation 117 [1/1] (0.00ns)   --->   "%mult_V_38 = partselect i7 @_ssdm_op_PartSelect.i7.i2576.i32.i32, i2576 %p_read_19, i32 217, i32 223"   --->   Operation 117 'partselect' 'mult_V_38' <Predicate = true> <Delay = 0.00>
ST_1 : Operation 118 [1/1] (0.00ns)   --->   "%sext_ln818_18 = sext i7 %mult_V_38"   --->   Operation 118 'sext' 'sext_ln818_18' <Predicate = true> <Delay = 0.00>
ST_1 : Operation 119 [1/1] (0.00ns)   --->   "%a_V_12 = partselect i16 @_ssdm_op_PartSelect.i16.i2576.i32.i32, i2576 %p_read_19, i32 224, i32 239"   --->   Operation 119 'partselect' 'a_V_12' <Predicate = true> <Delay = 0.00>
ST_1 : Operation 120 [1/1] (0.00ns)   --->   "%sext_ln1273_39 = sext i16 %a_V_12"   --->   Operation 120 'sext' 'sext_ln1273_39' <Predicate = true> <Delay = 0.00>
ST_1 : Operation 121 [1/1] (2.07ns)   --->   "%r_V_52 = sub i17 0, i17 %sext_ln1273_39"   --->   Operation 121 'sub' 'r_V_52' <Predicate = true> <Delay = 2.07> <CoreInst = "Adder">   --->   Core 1 'Adder' <Latency = 0> <II = 1> <Delay = 2.07> <FuncUnit> <Opcode : 'add' 'sub'> <InPorts = 2> <OutPorts = 1>
ST_1 : Operation 122 [1/1] (0.00ns)   --->   "%mult_V_39 = partselect i8 @_ssdm_op_PartSelect.i8.i17.i32.i32, i17 %r_V_52, i32 9, i32 16"   --->   Operation 122 'partselect' 'mult_V_39' <Predicate = true> <Delay = 0.00>
ST_1 : Operation 123 [1/1] (0.00ns)   --->   "%mult_V_40 = partselect i8 @_ssdm_op_PartSelect.i8.i2576.i32.i32, i2576 %p_read_19, i32 232, i32 239"   --->   Operation 123 'partselect' 'mult_V_40' <Predicate = true> <Delay = 0.00>
ST_1 : Operation 124 [1/1] (0.00ns)   --->   "%mult_V_41 = partselect i8 @_ssdm_op_PartSelect.i8.i2576.i32.i32, i2576 %p_read_19, i32 231, i32 238"   --->   Operation 124 'partselect' 'mult_V_41' <Predicate = true> <Delay = 0.00>
ST_1 : Operation 125 [1/1] (0.00ns)   --->   "%mult_V_42 = partselect i7 @_ssdm_op_PartSelect.i7.i2576.i32.i32, i2576 %p_read_19, i32 233, i32 239"   --->   Operation 125 'partselect' 'mult_V_42' <Predicate = true> <Delay = 0.00>
ST_1 : Operation 126 [1/1] (0.00ns)   --->   "%tmp_7 = partselect i15 @_ssdm_op_PartSelect.i15.i2576.i32.i32, i2576 %p_read_19, i32 224, i32 238"   --->   Operation 126 'partselect' 'tmp_7' <Predicate = true> <Delay = 0.00>
ST_1 : Operation 127 [1/1] (0.00ns)   --->   "%shl_ln1273_6 = bitconcatenate i17 @_ssdm_op_BitConcatenate.i17.i15.i2, i15 %tmp_7, i2 0"   --->   Operation 127 'bitconcatenate' 'shl_ln1273_6' <Predicate = true> <Delay = 0.00>
ST_1 : Operation 128 [1/1] (2.10ns)   --->   "%r_V_53 = sub i17 %shl_ln1273_6, i17 %sext_ln1273_39"   --->   Operation 128 'sub' 'r_V_53' <Predicate = true> <Delay = 2.10> <CoreInst = "Adder">   --->   Core 1 'Adder' <Latency = 0> <II = 1> <Delay = 2.10> <FuncUnit> <Opcode : 'add' 'sub'> <InPorts = 2> <OutPorts = 1>
ST_1 : Operation 129 [1/1] (0.00ns)   --->   "%mult_V_43 = partselect i8 @_ssdm_op_PartSelect.i8.i17.i32.i32, i17 %r_V_53, i32 9, i32 16"   --->   Operation 129 'partselect' 'mult_V_43' <Predicate = true> <Delay = 0.00>
ST_1 : Operation 130 [1/1] (0.00ns)   --->   "%a_V_13 = partselect i16 @_ssdm_op_PartSelect.i16.i2576.i32.i32, i2576 %p_read_19, i32 240, i32 255"   --->   Operation 130 'partselect' 'a_V_13' <Predicate = true> <Delay = 0.00>
ST_1 : Operation 131 [1/1] (0.00ns)   --->   "%mult_V_44 = partselect i7 @_ssdm_op_PartSelect.i7.i2576.i32.i32, i2576 %p_read_19, i32 249, i32 255"   --->   Operation 131 'partselect' 'mult_V_44' <Predicate = true> <Delay = 0.00>
ST_1 : Operation 132 [1/1] (0.00ns)   --->   "%sext_ln818_20 = sext i7 %mult_V_44"   --->   Operation 132 'sext' 'sext_ln818_20' <Predicate = true> <Delay = 0.00>
ST_1 : Operation 133 [1/1] (0.00ns)   --->   "%mult_V_45 = partselect i8 @_ssdm_op_PartSelect.i8.i2576.i32.i32, i2576 %p_read_19, i32 247, i32 254"   --->   Operation 133 'partselect' 'mult_V_45' <Predicate = true> <Delay = 0.00>
ST_1 : Operation 134 [1/1] (0.00ns)   --->   "%sext_ln1273_40 = sext i16 %a_V_13"   --->   Operation 134 'sext' 'sext_ln1273_40' <Predicate = true> <Delay = 0.00>
ST_1 : Operation 135 [1/1] (0.00ns)   --->   "%tmp_8 = partselect i15 @_ssdm_op_PartSelect.i15.i2576.i32.i32, i2576 %p_read_19, i32 240, i32 254"   --->   Operation 135 'partselect' 'tmp_8' <Predicate = true> <Delay = 0.00>
ST_1 : Operation 136 [1/1] (0.00ns)   --->   "%shl_ln1273_7 = bitconcatenate i17 @_ssdm_op_BitConcatenate.i17.i15.i2, i15 %tmp_8, i2 0"   --->   Operation 136 'bitconcatenate' 'shl_ln1273_7' <Predicate = true> <Delay = 0.00>
ST_1 : Operation 137 [1/1] (2.10ns)   --->   "%r_V_54 = sub i17 %shl_ln1273_7, i17 %sext_ln1273_40"   --->   Operation 137 'sub' 'r_V_54' <Predicate = true> <Delay = 2.10> <CoreInst = "Adder">   --->   Core 1 'Adder' <Latency = 0> <II = 1> <Delay = 2.10> <FuncUnit> <Opcode : 'add' 'sub'> <InPorts = 2> <OutPorts = 1>
ST_1 : Operation 138 [1/1] (0.00ns)   --->   "%mult_V_46 = partselect i8 @_ssdm_op_PartSelect.i8.i17.i32.i32, i17 %r_V_54, i32 9, i32 16"   --->   Operation 138 'partselect' 'mult_V_46' <Predicate = true> <Delay = 0.00>
ST_1 : Operation 139 [1/1] (0.00ns)   --->   "%a_V_14 = partselect i16 @_ssdm_op_PartSelect.i16.i2576.i32.i32, i2576 %p_read_19, i32 256, i32 271"   --->   Operation 139 'partselect' 'a_V_14' <Predicate = true> <Delay = 0.00>
ST_1 : Operation 140 [1/1] (0.00ns)   --->   "%mult_V_47 = partselect i7 @_ssdm_op_PartSelect.i7.i2576.i32.i32, i2576 %p_read_19, i32 265, i32 271"   --->   Operation 140 'partselect' 'mult_V_47' <Predicate = true> <Delay = 0.00>
ST_1 : Operation 141 [1/1] (0.00ns)   --->   "%sext_ln818_21 = sext i7 %mult_V_47"   --->   Operation 141 'sext' 'sext_ln818_21' <Predicate = true> <Delay = 0.00>
ST_1 : Operation 142 [1/1] (0.00ns)   --->   "%sext_ln1273_41 = sext i16 %a_V_14"   --->   Operation 142 'sext' 'sext_ln1273_41' <Predicate = true> <Delay = 0.00>
ST_1 : Operation 143 [1/1] (0.00ns)   --->   "%tmp_9 = partselect i15 @_ssdm_op_PartSelect.i15.i2576.i32.i32, i2576 %p_read_19, i32 256, i32 270"   --->   Operation 143 'partselect' 'tmp_9' <Predicate = true> <Delay = 0.00>
ST_1 : Operation 144 [1/1] (0.00ns)   --->   "%shl_ln1273_8 = bitconcatenate i17 @_ssdm_op_BitConcatenate.i17.i15.i2, i15 %tmp_9, i2 0"   --->   Operation 144 'bitconcatenate' 'shl_ln1273_8' <Predicate = true> <Delay = 0.00>
ST_1 : Operation 145 [1/1] (2.10ns)   --->   "%r_V_55 = sub i17 %shl_ln1273_8, i17 %sext_ln1273_41"   --->   Operation 145 'sub' 'r_V_55' <Predicate = true> <Delay = 2.10> <CoreInst = "Adder">   --->   Core 1 'Adder' <Latency = 0> <II = 1> <Delay = 2.10> <FuncUnit> <Opcode : 'add' 'sub'> <InPorts = 2> <OutPorts = 1>
ST_1 : Operation 146 [1/1] (0.00ns)   --->   "%mult_V_48 = partselect i8 @_ssdm_op_PartSelect.i8.i17.i32.i32, i17 %r_V_55, i32 9, i32 16"   --->   Operation 146 'partselect' 'mult_V_48' <Predicate = true> <Delay = 0.00>
ST_1 : Operation 147 [1/1] (2.07ns)   --->   "%r_V_56 = sub i17 0, i17 %sext_ln1273_41"   --->   Operation 147 'sub' 'r_V_56' <Predicate = true> <Delay = 2.07> <CoreInst = "Adder">   --->   Core 1 'Adder' <Latency = 0> <II = 1> <Delay = 2.07> <FuncUnit> <Opcode : 'add' 'sub'> <InPorts = 2> <OutPorts = 1>
ST_1 : Operation 148 [1/1] (0.00ns)   --->   "%mult_V_49 = partselect i8 @_ssdm_op_PartSelect.i8.i17.i32.i32, i17 %r_V_56, i32 9, i32 16"   --->   Operation 148 'partselect' 'mult_V_49' <Predicate = true> <Delay = 0.00>
ST_1 : Operation 149 [1/1] (0.00ns)   --->   "%a_V_15 = partselect i16 @_ssdm_op_PartSelect.i16.i2576.i32.i32, i2576 %p_read_19, i32 272, i32 287"   --->   Operation 149 'partselect' 'a_V_15' <Predicate = true> <Delay = 0.00>
ST_1 : Operation 150 [1/1] (0.00ns)   --->   "%sext_ln1273_42 = sext i16 %a_V_15"   --->   Operation 150 'sext' 'sext_ln1273_42' <Predicate = true> <Delay = 0.00>
ST_1 : Operation 151 [1/1] (0.00ns)   --->   "%tmp_10 = partselect i15 @_ssdm_op_PartSelect.i15.i2576.i32.i32, i2576 %p_read_19, i32 272, i32 286"   --->   Operation 151 'partselect' 'tmp_10' <Predicate = true> <Delay = 0.00>
ST_1 : Operation 152 [1/1] (0.00ns)   --->   "%shl_ln1273_10 = bitconcatenate i17 @_ssdm_op_BitConcatenate.i17.i15.i2, i15 %tmp_10, i2 0"   --->   Operation 152 'bitconcatenate' 'shl_ln1273_10' <Predicate = true> <Delay = 0.00>
ST_1 : Operation 153 [1/1] (2.10ns)   --->   "%r_V_57 = sub i17 %shl_ln1273_10, i17 %sext_ln1273_42"   --->   Operation 153 'sub' 'r_V_57' <Predicate = true> <Delay = 2.10> <CoreInst = "Adder">   --->   Core 1 'Adder' <Latency = 0> <II = 1> <Delay = 2.10> <FuncUnit> <Opcode : 'add' 'sub'> <InPorts = 2> <OutPorts = 1>
ST_1 : Operation 154 [1/1] (0.00ns)   --->   "%mult_V_50 = partselect i8 @_ssdm_op_PartSelect.i8.i17.i32.i32, i17 %r_V_57, i32 9, i32 16"   --->   Operation 154 'partselect' 'mult_V_50' <Predicate = true> <Delay = 0.00>
ST_1 : Operation 155 [1/1] (0.00ns)   --->   "%mult_V_51 = partselect i7 @_ssdm_op_PartSelect.i7.i2576.i32.i32, i2576 %p_read_19, i32 281, i32 287"   --->   Operation 155 'partselect' 'mult_V_51' <Predicate = true> <Delay = 0.00>
ST_1 : Operation 156 [1/1] (0.00ns)   --->   "%sext_ln818_22 = sext i7 %mult_V_51"   --->   Operation 156 'sext' 'sext_ln818_22' <Predicate = true> <Delay = 0.00>
ST_1 : Operation 157 [1/1] (0.00ns)   --->   "%mult_V_52 = partselect i8 @_ssdm_op_PartSelect.i8.i2576.i32.i32, i2576 %p_read_19, i32 280, i32 287"   --->   Operation 157 'partselect' 'mult_V_52' <Predicate = true> <Delay = 0.00>
ST_1 : Operation 158 [1/1] (0.00ns)   --->   "%a_V_16 = partselect i16 @_ssdm_op_PartSelect.i16.i2576.i32.i32, i2576 %p_read_19, i32 288, i32 303"   --->   Operation 158 'partselect' 'a_V_16' <Predicate = true> <Delay = 0.00>
ST_1 : Operation 159 [1/1] (0.00ns)   --->   "%mult_V_53 = partselect i7 @_ssdm_op_PartSelect.i7.i2576.i32.i32, i2576 %p_read_19, i32 297, i32 303"   --->   Operation 159 'partselect' 'mult_V_53' <Predicate = true> <Delay = 0.00>
ST_1 : Operation 160 [1/1] (0.00ns)   --->   "%sext_ln818_23 = sext i7 %mult_V_53"   --->   Operation 160 'sext' 'sext_ln818_23' <Predicate = true> <Delay = 0.00>
ST_1 : Operation 161 [1/1] (0.00ns)   --->   "%sext_ln1273_43 = sext i16 %a_V_16"   --->   Operation 161 'sext' 'sext_ln1273_43' <Predicate = true> <Delay = 0.00>
ST_1 : Operation 162 [1/1] (0.00ns)   --->   "%tmp_11 = partselect i15 @_ssdm_op_PartSelect.i15.i2576.i32.i32, i2576 %p_read_19, i32 288, i32 302"   --->   Operation 162 'partselect' 'tmp_11' <Predicate = true> <Delay = 0.00>
ST_1 : Operation 163 [1/1] (0.00ns)   --->   "%shl_ln1273_11 = bitconcatenate i17 @_ssdm_op_BitConcatenate.i17.i15.i2, i15 %tmp_11, i2 0"   --->   Operation 163 'bitconcatenate' 'shl_ln1273_11' <Predicate = true> <Delay = 0.00>
ST_1 : Operation 164 [1/1] (2.10ns)   --->   "%r_V_58 = sub i17 %shl_ln1273_11, i17 %sext_ln1273_43"   --->   Operation 164 'sub' 'r_V_58' <Predicate = true> <Delay = 2.10> <CoreInst = "Adder">   --->   Core 1 'Adder' <Latency = 0> <II = 1> <Delay = 2.10> <FuncUnit> <Opcode : 'add' 'sub'> <InPorts = 2> <OutPorts = 1>
ST_1 : Operation 165 [1/1] (0.00ns)   --->   "%mult_V_54 = partselect i8 @_ssdm_op_PartSelect.i8.i17.i32.i32, i17 %r_V_58, i32 9, i32 16"   --->   Operation 165 'partselect' 'mult_V_54' <Predicate = true> <Delay = 0.00>
ST_1 : Operation 166 [1/1] (0.00ns)   --->   "%mult_V_55 = partselect i8 @_ssdm_op_PartSelect.i8.i2576.i32.i32, i2576 %p_read_19, i32 296, i32 303"   --->   Operation 166 'partselect' 'mult_V_55' <Predicate = true> <Delay = 0.00>
ST_1 : Operation 167 [1/1] (0.00ns)   --->   "%a_V_17 = partselect i16 @_ssdm_op_PartSelect.i16.i2576.i32.i32, i2576 %p_read_19, i32 304, i32 319"   --->   Operation 167 'partselect' 'a_V_17' <Predicate = true> <Delay = 0.00>
ST_1 : Operation 168 [1/1] (0.00ns)   --->   "%sext_ln1273_44 = sext i16 %a_V_17"   --->   Operation 168 'sext' 'sext_ln1273_44' <Predicate = true> <Delay = 0.00>
ST_1 : Operation 169 [1/1] (2.07ns)   --->   "%r_V_59 = sub i17 0, i17 %sext_ln1273_44"   --->   Operation 169 'sub' 'r_V_59' <Predicate = true> <Delay = 2.07> <CoreInst = "Adder">   --->   Core 1 'Adder' <Latency = 0> <II = 1> <Delay = 2.07> <FuncUnit> <Opcode : 'add' 'sub'> <InPorts = 2> <OutPorts = 1>
ST_1 : Operation 170 [1/1] (0.00ns)   --->   "%mult_V_56 = partselect i8 @_ssdm_op_PartSelect.i8.i17.i32.i32, i17 %r_V_59, i32 9, i32 16"   --->   Operation 170 'partselect' 'mult_V_56' <Predicate = true> <Delay = 0.00>
ST_1 : Operation 171 [1/1] (0.00ns)   --->   "%mult_V_57 = partselect i8 @_ssdm_op_PartSelect.i8.i2576.i32.i32, i2576 %p_read_19, i32 312, i32 319"   --->   Operation 171 'partselect' 'mult_V_57' <Predicate = true> <Delay = 0.00>
ST_1 : Operation 172 [1/1] (0.00ns)   --->   "%mult_V_58 = partselect i7 @_ssdm_op_PartSelect.i7.i2576.i32.i32, i2576 %p_read_19, i32 313, i32 319"   --->   Operation 172 'partselect' 'mult_V_58' <Predicate = true> <Delay = 0.00>
ST_1 : Operation 173 [1/1] (0.00ns)   --->   "%sext_ln818_24 = sext i7 %mult_V_58"   --->   Operation 173 'sext' 'sext_ln818_24' <Predicate = true> <Delay = 0.00>
ST_1 : Operation 174 [1/1] (0.00ns)   --->   "%a_V_18 = partselect i16 @_ssdm_op_PartSelect.i16.i2576.i32.i32, i2576 %p_read_19, i32 320, i32 335"   --->   Operation 174 'partselect' 'a_V_18' <Predicate = true> <Delay = 0.00>
ST_1 : Operation 175 [1/1] (0.00ns)   --->   "%mult_V_59 = partselect i8 @_ssdm_op_PartSelect.i8.i2576.i32.i32, i2576 %p_read_19, i32 328, i32 335"   --->   Operation 175 'partselect' 'mult_V_59' <Predicate = true> <Delay = 0.00>
ST_1 : Operation 176 [1/1] (0.00ns)   --->   "%sext_ln1273_45 = sext i16 %a_V_18"   --->   Operation 176 'sext' 'sext_ln1273_45' <Predicate = true> <Delay = 0.00>
ST_1 : Operation 177 [1/1] (0.00ns)   --->   "%tmp_12 = partselect i15 @_ssdm_op_PartSelect.i15.i2576.i32.i32, i2576 %p_read_19, i32 320, i32 334"   --->   Operation 177 'partselect' 'tmp_12' <Predicate = true> <Delay = 0.00>
ST_1 : Operation 178 [1/1] (0.00ns)   --->   "%shl_ln1273_12 = bitconcatenate i17 @_ssdm_op_BitConcatenate.i17.i15.i2, i15 %tmp_12, i2 0"   --->   Operation 178 'bitconcatenate' 'shl_ln1273_12' <Predicate = true> <Delay = 0.00>
ST_1 : Operation 179 [1/1] (2.10ns)   --->   "%r_V_60 = sub i17 %shl_ln1273_12, i17 %sext_ln1273_45"   --->   Operation 179 'sub' 'r_V_60' <Predicate = true> <Delay = 2.10> <CoreInst = "Adder">   --->   Core 1 'Adder' <Latency = 0> <II = 1> <Delay = 2.10> <FuncUnit> <Opcode : 'add' 'sub'> <InPorts = 2> <OutPorts = 1>
ST_1 : Operation 180 [1/1] (0.00ns)   --->   "%mult_V_60 = partselect i8 @_ssdm_op_PartSelect.i8.i17.i32.i32, i17 %r_V_60, i32 9, i32 16"   --->   Operation 180 'partselect' 'mult_V_60' <Predicate = true> <Delay = 0.00>
ST_1 : Operation 181 [1/1] (2.07ns)   --->   "%r_V_61 = sub i17 0, i17 %sext_ln1273_45"   --->   Operation 181 'sub' 'r_V_61' <Predicate = true> <Delay = 2.07> <CoreInst = "Adder">   --->   Core 1 'Adder' <Latency = 0> <II = 1> <Delay = 2.07> <FuncUnit> <Opcode : 'add' 'sub'> <InPorts = 2> <OutPorts = 1>
ST_1 : Operation 182 [1/1] (0.00ns)   --->   "%mult_V_61 = partselect i8 @_ssdm_op_PartSelect.i8.i17.i32.i32, i17 %r_V_61, i32 9, i32 16"   --->   Operation 182 'partselect' 'mult_V_61' <Predicate = true> <Delay = 0.00>
ST_1 : Operation 183 [1/1] (0.00ns)   --->   "%mult_V_62 = partselect i7 @_ssdm_op_PartSelect.i7.i2576.i32.i32, i2576 %p_read_19, i32 329, i32 335"   --->   Operation 183 'partselect' 'mult_V_62' <Predicate = true> <Delay = 0.00>
ST_1 : Operation 184 [1/1] (0.00ns)   --->   "%sext_ln818_25 = sext i7 %mult_V_62"   --->   Operation 184 'sext' 'sext_ln818_25' <Predicate = true> <Delay = 0.00>
ST_1 : Operation 185 [1/1] (0.00ns)   --->   "%a_V_19 = partselect i16 @_ssdm_op_PartSelect.i16.i2576.i32.i32, i2576 %p_read_19, i32 336, i32 351"   --->   Operation 185 'partselect' 'a_V_19' <Predicate = true> <Delay = 0.00>
ST_1 : Operation 186 [1/1] (0.00ns)   --->   "%sext_ln1273_46 = sext i16 %a_V_19"   --->   Operation 186 'sext' 'sext_ln1273_46' <Predicate = true> <Delay = 0.00>
ST_1 : Operation 187 [1/1] (2.07ns)   --->   "%r_V_62 = sub i17 0, i17 %sext_ln1273_46"   --->   Operation 187 'sub' 'r_V_62' <Predicate = true> <Delay = 2.07> <CoreInst = "Adder">   --->   Core 1 'Adder' <Latency = 0> <II = 1> <Delay = 2.07> <FuncUnit> <Opcode : 'add' 'sub'> <InPorts = 2> <OutPorts = 1>
ST_1 : Operation 188 [1/1] (0.00ns)   --->   "%mult_V_63 = partselect i8 @_ssdm_op_PartSelect.i8.i17.i32.i32, i17 %r_V_62, i32 9, i32 16"   --->   Operation 188 'partselect' 'mult_V_63' <Predicate = true> <Delay = 0.00>
ST_1 : Operation 189 [1/1] (0.00ns)   --->   "%mult_V_64 = partselect i8 @_ssdm_op_PartSelect.i8.i2576.i32.i32, i2576 %p_read_19, i32 344, i32 351"   --->   Operation 189 'partselect' 'mult_V_64' <Predicate = true> <Delay = 0.00>
ST_1 : Operation 190 [1/1] (0.00ns)   --->   "%mult_V_65 = partselect i7 @_ssdm_op_PartSelect.i7.i2576.i32.i32, i2576 %p_read_19, i32 345, i32 351"   --->   Operation 190 'partselect' 'mult_V_65' <Predicate = true> <Delay = 0.00>
ST_1 : Operation 191 [1/1] (0.00ns)   --->   "%sext_ln818_26 = sext i7 %mult_V_65"   --->   Operation 191 'sext' 'sext_ln818_26' <Predicate = true> <Delay = 0.00>
ST_1 : Operation 192 [1/1] (0.00ns)   --->   "%tmp_13 = partselect i15 @_ssdm_op_PartSelect.i15.i2576.i32.i32, i2576 %p_read_19, i32 336, i32 350"   --->   Operation 192 'partselect' 'tmp_13' <Predicate = true> <Delay = 0.00>
ST_1 : Operation 193 [1/1] (0.00ns)   --->   "%shl_ln1273_13 = bitconcatenate i17 @_ssdm_op_BitConcatenate.i17.i15.i2, i15 %tmp_13, i2 0"   --->   Operation 193 'bitconcatenate' 'shl_ln1273_13' <Predicate = true> <Delay = 0.00>
ST_1 : Operation 194 [1/1] (2.10ns)   --->   "%r_V_63 = sub i17 %shl_ln1273_13, i17 %sext_ln1273_46"   --->   Operation 194 'sub' 'r_V_63' <Predicate = true> <Delay = 2.10> <CoreInst = "Adder">   --->   Core 1 'Adder' <Latency = 0> <II = 1> <Delay = 2.10> <FuncUnit> <Opcode : 'add' 'sub'> <InPorts = 2> <OutPorts = 1>
ST_1 : Operation 195 [1/1] (0.00ns)   --->   "%mult_V_66 = partselect i8 @_ssdm_op_PartSelect.i8.i17.i32.i32, i17 %r_V_63, i32 9, i32 16"   --->   Operation 195 'partselect' 'mult_V_66' <Predicate = true> <Delay = 0.00>
ST_1 : Operation 196 [1/1] (0.00ns)   --->   "%a_V_20 = partselect i16 @_ssdm_op_PartSelect.i16.i2576.i32.i32, i2576 %p_read_19, i32 352, i32 367"   --->   Operation 196 'partselect' 'a_V_20' <Predicate = true> <Delay = 0.00>
ST_1 : Operation 197 [1/1] (0.00ns)   --->   "%mult_V_67 = partselect i7 @_ssdm_op_PartSelect.i7.i2576.i32.i32, i2576 %p_read_19, i32 361, i32 367"   --->   Operation 197 'partselect' 'mult_V_67' <Predicate = true> <Delay = 0.00>
ST_1 : Operation 198 [1/1] (0.00ns)   --->   "%sext_ln1273_47 = sext i16 %a_V_20"   --->   Operation 198 'sext' 'sext_ln1273_47' <Predicate = true> <Delay = 0.00>
ST_1 : Operation 199 [1/1] (0.00ns)   --->   "%tmp_14 = partselect i15 @_ssdm_op_PartSelect.i15.i2576.i32.i32, i2576 %p_read_19, i32 352, i32 366"   --->   Operation 199 'partselect' 'tmp_14' <Predicate = true> <Delay = 0.00>
ST_1 : Operation 200 [1/1] (0.00ns)   --->   "%shl_ln1273_14 = bitconcatenate i17 @_ssdm_op_BitConcatenate.i17.i15.i2, i15 %tmp_14, i2 0"   --->   Operation 200 'bitconcatenate' 'shl_ln1273_14' <Predicate = true> <Delay = 0.00>
ST_1 : Operation 201 [1/1] (2.10ns)   --->   "%r_V_64 = sub i17 %shl_ln1273_14, i17 %sext_ln1273_47"   --->   Operation 201 'sub' 'r_V_64' <Predicate = true> <Delay = 2.10> <CoreInst = "Adder">   --->   Core 1 'Adder' <Latency = 0> <II = 1> <Delay = 2.10> <FuncUnit> <Opcode : 'add' 'sub'> <InPorts = 2> <OutPorts = 1>
ST_1 : Operation 202 [1/1] (0.00ns)   --->   "%mult_V_68 = partselect i8 @_ssdm_op_PartSelect.i8.i17.i32.i32, i17 %r_V_64, i32 9, i32 16"   --->   Operation 202 'partselect' 'mult_V_68' <Predicate = true> <Delay = 0.00>
ST_1 : Operation 203 [1/1] (0.00ns)   --->   "%mult_V_69 = partselect i8 @_ssdm_op_PartSelect.i8.i2576.i32.i32, i2576 %p_read_19, i32 360, i32 367"   --->   Operation 203 'partselect' 'mult_V_69' <Predicate = true> <Delay = 0.00>
ST_1 : Operation 204 [1/1] (0.00ns)   --->   "%a_V_21 = partselect i16 @_ssdm_op_PartSelect.i16.i2576.i32.i32, i2576 %p_read_19, i32 368, i32 383"   --->   Operation 204 'partselect' 'a_V_21' <Predicate = true> <Delay = 0.00>
ST_1 : Operation 205 [1/1] (0.00ns)   --->   "%mult_V_70 = partselect i7 @_ssdm_op_PartSelect.i7.i2576.i32.i32, i2576 %p_read_19, i32 377, i32 383"   --->   Operation 205 'partselect' 'mult_V_70' <Predicate = true> <Delay = 0.00>
ST_1 : Operation 206 [1/1] (0.00ns)   --->   "%sext_ln818_28 = sext i7 %mult_V_70"   --->   Operation 206 'sext' 'sext_ln818_28' <Predicate = true> <Delay = 0.00>
ST_1 : Operation 207 [1/1] (0.00ns)   --->   "%sext_ln1273_48 = sext i16 %a_V_21"   --->   Operation 207 'sext' 'sext_ln1273_48' <Predicate = true> <Delay = 0.00>
ST_1 : Operation 208 [1/1] (0.00ns)   --->   "%tmp_15 = partselect i15 @_ssdm_op_PartSelect.i15.i2576.i32.i32, i2576 %p_read_19, i32 368, i32 382"   --->   Operation 208 'partselect' 'tmp_15' <Predicate = true> <Delay = 0.00>
ST_1 : Operation 209 [1/1] (0.00ns)   --->   "%shl_ln1273_15 = bitconcatenate i17 @_ssdm_op_BitConcatenate.i17.i15.i2, i15 %tmp_15, i2 0"   --->   Operation 209 'bitconcatenate' 'shl_ln1273_15' <Predicate = true> <Delay = 0.00>
ST_1 : Operation 210 [1/1] (2.10ns)   --->   "%r_V_65 = sub i17 %shl_ln1273_15, i17 %sext_ln1273_48"   --->   Operation 210 'sub' 'r_V_65' <Predicate = true> <Delay = 2.10> <CoreInst = "Adder">   --->   Core 1 'Adder' <Latency = 0> <II = 1> <Delay = 2.10> <FuncUnit> <Opcode : 'add' 'sub'> <InPorts = 2> <OutPorts = 1>
ST_1 : Operation 211 [1/1] (0.00ns)   --->   "%mult_V_71 = partselect i8 @_ssdm_op_PartSelect.i8.i17.i32.i32, i17 %r_V_65, i32 9, i32 16"   --->   Operation 211 'partselect' 'mult_V_71' <Predicate = true> <Delay = 0.00>
ST_1 : Operation 212 [1/1] (0.00ns)   --->   "%mult_V_72 = partselect i8 @_ssdm_op_PartSelect.i8.i2576.i32.i32, i2576 %p_read_19, i32 376, i32 383"   --->   Operation 212 'partselect' 'mult_V_72' <Predicate = true> <Delay = 0.00>
ST_1 : Operation 213 [1/1] (0.00ns)   --->   "%a_V_22 = partselect i16 @_ssdm_op_PartSelect.i16.i2576.i32.i32, i2576 %p_read_19, i32 384, i32 399"   --->   Operation 213 'partselect' 'a_V_22' <Predicate = true> <Delay = 0.00>
ST_1 : Operation 214 [1/1] (0.00ns)   --->   "%mult_V_73 = partselect i8 @_ssdm_op_PartSelect.i8.i2576.i32.i32, i2576 %p_read_19, i32 392, i32 399"   --->   Operation 214 'partselect' 'mult_V_73' <Predicate = true> <Delay = 0.00>
ST_1 : Operation 215 [1/1] (0.00ns)   --->   "%mult_V_74 = partselect i7 @_ssdm_op_PartSelect.i7.i2576.i32.i32, i2576 %p_read_19, i32 393, i32 399"   --->   Operation 215 'partselect' 'mult_V_74' <Predicate = true> <Delay = 0.00>
ST_1 : Operation 216 [1/1] (0.00ns)   --->   "%sext_ln1273_49 = sext i16 %a_V_22"   --->   Operation 216 'sext' 'sext_ln1273_49' <Predicate = true> <Delay = 0.00>
ST_1 : Operation 217 [1/1] (2.07ns)   --->   "%r_V_66 = sub i17 0, i17 %sext_ln1273_49"   --->   Operation 217 'sub' 'r_V_66' <Predicate = true> <Delay = 2.07> <CoreInst = "Adder">   --->   Core 1 'Adder' <Latency = 0> <II = 1> <Delay = 2.07> <FuncUnit> <Opcode : 'add' 'sub'> <InPorts = 2> <OutPorts = 1>
ST_1 : Operation 218 [1/1] (0.00ns)   --->   "%mult_V_75 = partselect i8 @_ssdm_op_PartSelect.i8.i17.i32.i32, i17 %r_V_66, i32 9, i32 16"   --->   Operation 218 'partselect' 'mult_V_75' <Predicate = true> <Delay = 0.00>
ST_1 : Operation 219 [1/1] (0.00ns)   --->   "%tmp_16 = partselect i15 @_ssdm_op_PartSelect.i15.i2576.i32.i32, i2576 %p_read_19, i32 384, i32 398"   --->   Operation 219 'partselect' 'tmp_16' <Predicate = true> <Delay = 0.00>
ST_1 : Operation 220 [1/1] (0.00ns)   --->   "%shl_ln1273_16 = bitconcatenate i17 @_ssdm_op_BitConcatenate.i17.i15.i2, i15 %tmp_16, i2 0"   --->   Operation 220 'bitconcatenate' 'shl_ln1273_16' <Predicate = true> <Delay = 0.00>
ST_1 : Operation 221 [1/1] (2.10ns)   --->   "%r_V_67 = sub i17 %shl_ln1273_16, i17 %sext_ln1273_49"   --->   Operation 221 'sub' 'r_V_67' <Predicate = true> <Delay = 2.10> <CoreInst = "Adder">   --->   Core 1 'Adder' <Latency = 0> <II = 1> <Delay = 2.10> <FuncUnit> <Opcode : 'add' 'sub'> <InPorts = 2> <OutPorts = 1>
ST_1 : Operation 222 [1/1] (0.00ns)   --->   "%mult_V_76 = partselect i8 @_ssdm_op_PartSelect.i8.i17.i32.i32, i17 %r_V_67, i32 9, i32 16"   --->   Operation 222 'partselect' 'mult_V_76' <Predicate = true> <Delay = 0.00>
ST_1 : Operation 223 [1/1] (0.00ns)   --->   "%a_V_23 = partselect i16 @_ssdm_op_PartSelect.i16.i2576.i32.i32, i2576 %p_read_19, i32 400, i32 415"   --->   Operation 223 'partselect' 'a_V_23' <Predicate = true> <Delay = 0.00>
ST_1 : Operation 224 [1/1] (0.00ns)   --->   "%sext_ln1273_50 = sext i16 %a_V_23"   --->   Operation 224 'sext' 'sext_ln1273_50' <Predicate = true> <Delay = 0.00>
ST_1 : Operation 225 [1/1] (2.07ns)   --->   "%r_V_68 = sub i17 0, i17 %sext_ln1273_50"   --->   Operation 225 'sub' 'r_V_68' <Predicate = true> <Delay = 2.07> <CoreInst = "Adder">   --->   Core 1 'Adder' <Latency = 0> <II = 1> <Delay = 2.07> <FuncUnit> <Opcode : 'add' 'sub'> <InPorts = 2> <OutPorts = 1>
ST_1 : Operation 226 [1/1] (0.00ns)   --->   "%mult_V_77 = partselect i8 @_ssdm_op_PartSelect.i8.i17.i32.i32, i17 %r_V_68, i32 9, i32 16"   --->   Operation 226 'partselect' 'mult_V_77' <Predicate = true> <Delay = 0.00>
ST_1 : Operation 227 [1/1] (0.00ns)   --->   "%mult_V_78 = partselect i8 @_ssdm_op_PartSelect.i8.i2576.i32.i32, i2576 %p_read_19, i32 408, i32 415"   --->   Operation 227 'partselect' 'mult_V_78' <Predicate = true> <Delay = 0.00>
ST_1 : Operation 228 [1/1] (0.00ns)   --->   "%mult_V_79 = partselect i7 @_ssdm_op_PartSelect.i7.i2576.i32.i32, i2576 %p_read_19, i32 409, i32 415"   --->   Operation 228 'partselect' 'mult_V_79' <Predicate = true> <Delay = 0.00>
ST_1 : Operation 229 [1/1] (0.00ns)   --->   "%sext_ln818_30 = sext i7 %mult_V_79"   --->   Operation 229 'sext' 'sext_ln818_30' <Predicate = true> <Delay = 0.00>
ST_1 : Operation 230 [1/1] (0.00ns)   --->   "%tmp_17 = partselect i15 @_ssdm_op_PartSelect.i15.i2576.i32.i32, i2576 %p_read_19, i32 400, i32 414"   --->   Operation 230 'partselect' 'tmp_17' <Predicate = true> <Delay = 0.00>
ST_1 : Operation 231 [1/1] (0.00ns)   --->   "%shl_ln1273_17 = bitconcatenate i17 @_ssdm_op_BitConcatenate.i17.i15.i2, i15 %tmp_17, i2 0"   --->   Operation 231 'bitconcatenate' 'shl_ln1273_17' <Predicate = true> <Delay = 0.00>
ST_1 : Operation 232 [1/1] (2.10ns)   --->   "%r_V_69 = sub i17 %shl_ln1273_17, i17 %sext_ln1273_50"   --->   Operation 232 'sub' 'r_V_69' <Predicate = true> <Delay = 2.10> <CoreInst = "Adder">   --->   Core 1 'Adder' <Latency = 0> <II = 1> <Delay = 2.10> <FuncUnit> <Opcode : 'add' 'sub'> <InPorts = 2> <OutPorts = 1>
ST_1 : Operation 233 [1/1] (0.00ns)   --->   "%mult_V_80 = partselect i8 @_ssdm_op_PartSelect.i8.i17.i32.i32, i17 %r_V_69, i32 9, i32 16"   --->   Operation 233 'partselect' 'mult_V_80' <Predicate = true> <Delay = 0.00>
ST_1 : Operation 234 [1/1] (0.00ns)   --->   "%a_V_24 = partselect i16 @_ssdm_op_PartSelect.i16.i2576.i32.i32, i2576 %p_read_19, i32 416, i32 431"   --->   Operation 234 'partselect' 'a_V_24' <Predicate = true> <Delay = 0.00>
ST_1 : Operation 235 [1/1] (0.00ns)   --->   "%sext_ln1273_51 = sext i16 %a_V_24"   --->   Operation 235 'sext' 'sext_ln1273_51' <Predicate = true> <Delay = 0.00>
ST_1 : Operation 236 [1/1] (2.07ns)   --->   "%r_V_70 = sub i17 0, i17 %sext_ln1273_51"   --->   Operation 236 'sub' 'r_V_70' <Predicate = true> <Delay = 2.07> <CoreInst = "Adder">   --->   Core 1 'Adder' <Latency = 0> <II = 1> <Delay = 2.07> <FuncUnit> <Opcode : 'add' 'sub'> <InPorts = 2> <OutPorts = 1>
ST_1 : Operation 237 [1/1] (0.00ns)   --->   "%mult_V_81 = partselect i8 @_ssdm_op_PartSelect.i8.i17.i32.i32, i17 %r_V_70, i32 9, i32 16"   --->   Operation 237 'partselect' 'mult_V_81' <Predicate = true> <Delay = 0.00>
ST_1 : Operation 238 [1/1] (0.00ns)   --->   "%mult_V_82 = partselect i7 @_ssdm_op_PartSelect.i7.i2576.i32.i32, i2576 %p_read_19, i32 425, i32 431"   --->   Operation 238 'partselect' 'mult_V_82' <Predicate = true> <Delay = 0.00>
ST_1 : Operation 239 [1/1] (0.00ns)   --->   "%sext_ln818_31 = sext i7 %mult_V_82"   --->   Operation 239 'sext' 'sext_ln818_31' <Predicate = true> <Delay = 0.00>
ST_1 : Operation 240 [1/1] (0.00ns)   --->   "%mult_V_83 = partselect i8 @_ssdm_op_PartSelect.i8.i2576.i32.i32, i2576 %p_read_19, i32 424, i32 431"   --->   Operation 240 'partselect' 'mult_V_83' <Predicate = true> <Delay = 0.00>
ST_1 : Operation 241 [1/1] (0.00ns)   --->   "%a_V_25 = partselect i16 @_ssdm_op_PartSelect.i16.i2576.i32.i32, i2576 %p_read_19, i32 432, i32 447"   --->   Operation 241 'partselect' 'a_V_25' <Predicate = true> <Delay = 0.00>
ST_1 : Operation 242 [1/1] (0.00ns)   --->   "%mult_V_84 = partselect i8 @_ssdm_op_PartSelect.i8.i2576.i32.i32, i2576 %p_read_19, i32 440, i32 447"   --->   Operation 242 'partselect' 'mult_V_84' <Predicate = true> <Delay = 0.00>
ST_1 : Operation 243 [1/1] (0.00ns)   --->   "%sext_ln1273_52 = sext i16 %a_V_25"   --->   Operation 243 'sext' 'sext_ln1273_52' <Predicate = true> <Delay = 0.00>
ST_1 : Operation 244 [1/1] (2.07ns)   --->   "%r_V_71 = sub i17 0, i17 %sext_ln1273_52"   --->   Operation 244 'sub' 'r_V_71' <Predicate = true> <Delay = 2.07> <CoreInst = "Adder">   --->   Core 1 'Adder' <Latency = 0> <II = 1> <Delay = 2.07> <FuncUnit> <Opcode : 'add' 'sub'> <InPorts = 2> <OutPorts = 1>
ST_1 : Operation 245 [1/1] (0.00ns)   --->   "%mult_V_85 = partselect i8 @_ssdm_op_PartSelect.i8.i17.i32.i32, i17 %r_V_71, i32 9, i32 16"   --->   Operation 245 'partselect' 'mult_V_85' <Predicate = true> <Delay = 0.00>
ST_1 : Operation 246 [1/1] (0.00ns)   --->   "%mult_V_86 = partselect i7 @_ssdm_op_PartSelect.i7.i2576.i32.i32, i2576 %p_read_19, i32 441, i32 447"   --->   Operation 246 'partselect' 'mult_V_86' <Predicate = true> <Delay = 0.00>
ST_1 : Operation 247 [1/1] (0.00ns)   --->   "%sext_ln818_32 = sext i7 %mult_V_86"   --->   Operation 247 'sext' 'sext_ln818_32' <Predicate = true> <Delay = 0.00>
ST_1 : Operation 248 [1/1] (0.00ns)   --->   "%a_V_26 = partselect i16 @_ssdm_op_PartSelect.i16.i2576.i32.i32, i2576 %p_read_19, i32 448, i32 463"   --->   Operation 248 'partselect' 'a_V_26' <Predicate = true> <Delay = 0.00>
ST_1 : Operation 249 [1/1] (0.00ns)   --->   "%sext_ln1273_53 = sext i16 %a_V_26"   --->   Operation 249 'sext' 'sext_ln1273_53' <Predicate = true> <Delay = 0.00>
ST_1 : Operation 250 [1/1] (2.07ns)   --->   "%r_V_72 = sub i17 0, i17 %sext_ln1273_53"   --->   Operation 250 'sub' 'r_V_72' <Predicate = true> <Delay = 2.07> <CoreInst = "Adder">   --->   Core 1 'Adder' <Latency = 0> <II = 1> <Delay = 2.07> <FuncUnit> <Opcode : 'add' 'sub'> <InPorts = 2> <OutPorts = 1>
ST_1 : Operation 251 [1/1] (0.00ns)   --->   "%mult_V_87 = partselect i8 @_ssdm_op_PartSelect.i8.i17.i32.i32, i17 %r_V_72, i32 9, i32 16"   --->   Operation 251 'partselect' 'mult_V_87' <Predicate = true> <Delay = 0.00>
ST_1 : Operation 252 [1/1] (0.00ns)   --->   "%mult_V_88 = partselect i8 @_ssdm_op_PartSelect.i8.i2576.i32.i32, i2576 %p_read_19, i32 456, i32 463"   --->   Operation 252 'partselect' 'mult_V_88' <Predicate = true> <Delay = 0.00>
ST_1 : Operation 253 [1/1] (0.00ns)   --->   "%mult_V_89 = partselect i7 @_ssdm_op_PartSelect.i7.i2576.i32.i32, i2576 %p_read_19, i32 457, i32 463"   --->   Operation 253 'partselect' 'mult_V_89' <Predicate = true> <Delay = 0.00>
ST_1 : Operation 254 [1/1] (0.00ns)   --->   "%sext_ln818_33 = sext i7 %mult_V_89"   --->   Operation 254 'sext' 'sext_ln818_33' <Predicate = true> <Delay = 0.00>
ST_1 : Operation 255 [1/1] (0.00ns)   --->   "%a_V_27 = partselect i16 @_ssdm_op_PartSelect.i16.i2576.i32.i32, i2576 %p_read_19, i32 464, i32 479"   --->   Operation 255 'partselect' 'a_V_27' <Predicate = true> <Delay = 0.00>
ST_1 : Operation 256 [1/1] (0.00ns)   --->   "%sext_ln1273_54 = sext i16 %a_V_27"   --->   Operation 256 'sext' 'sext_ln1273_54' <Predicate = true> <Delay = 0.00>
ST_1 : Operation 257 [1/1] (2.07ns)   --->   "%r_V_73 = sub i17 0, i17 %sext_ln1273_54"   --->   Operation 257 'sub' 'r_V_73' <Predicate = true> <Delay = 2.07> <CoreInst = "Adder">   --->   Core 1 'Adder' <Latency = 0> <II = 1> <Delay = 2.07> <FuncUnit> <Opcode : 'add' 'sub'> <InPorts = 2> <OutPorts = 1>
ST_1 : Operation 258 [1/1] (0.00ns)   --->   "%mult_V_90 = partselect i8 @_ssdm_op_PartSelect.i8.i17.i32.i32, i17 %r_V_73, i32 9, i32 16"   --->   Operation 258 'partselect' 'mult_V_90' <Predicate = true> <Delay = 0.00>
ST_1 : Operation 259 [1/1] (0.00ns)   --->   "%mult_V_91 = partselect i8 @_ssdm_op_PartSelect.i8.i2576.i32.i32, i2576 %p_read_19, i32 472, i32 479"   --->   Operation 259 'partselect' 'mult_V_91' <Predicate = true> <Delay = 0.00>
ST_1 : Operation 260 [1/1] (0.00ns)   --->   "%mult_V_92 = partselect i7 @_ssdm_op_PartSelect.i7.i2576.i32.i32, i2576 %p_read_19, i32 473, i32 479"   --->   Operation 260 'partselect' 'mult_V_92' <Predicate = true> <Delay = 0.00>
ST_1 : Operation 261 [1/1] (0.00ns)   --->   "%sext_ln818_34 = sext i7 %mult_V_92"   --->   Operation 261 'sext' 'sext_ln818_34' <Predicate = true> <Delay = 0.00>
ST_1 : Operation 262 [1/1] (0.00ns)   --->   "%a_V_28 = partselect i16 @_ssdm_op_PartSelect.i16.i2576.i32.i32, i2576 %p_read_19, i32 480, i32 495"   --->   Operation 262 'partselect' 'a_V_28' <Predicate = true> <Delay = 0.00>
ST_1 : Operation 263 [1/1] (0.00ns)   --->   "%sext_ln1273_55 = sext i16 %a_V_28"   --->   Operation 263 'sext' 'sext_ln1273_55' <Predicate = true> <Delay = 0.00>
ST_1 : Operation 264 [1/1] (0.00ns)   --->   "%tmp_18 = partselect i15 @_ssdm_op_PartSelect.i15.i2576.i32.i32, i2576 %p_read_19, i32 480, i32 494"   --->   Operation 264 'partselect' 'tmp_18' <Predicate = true> <Delay = 0.00>
ST_1 : Operation 265 [1/1] (0.00ns)   --->   "%shl_ln1273_18 = bitconcatenate i17 @_ssdm_op_BitConcatenate.i17.i15.i2, i15 %tmp_18, i2 0"   --->   Operation 265 'bitconcatenate' 'shl_ln1273_18' <Predicate = true> <Delay = 0.00>
ST_1 : Operation 266 [1/1] (2.10ns)   --->   "%r_V_74 = sub i17 %shl_ln1273_18, i17 %sext_ln1273_55"   --->   Operation 266 'sub' 'r_V_74' <Predicate = true> <Delay = 2.10> <CoreInst = "Adder">   --->   Core 1 'Adder' <Latency = 0> <II = 1> <Delay = 2.10> <FuncUnit> <Opcode : 'add' 'sub'> <InPorts = 2> <OutPorts = 1>
ST_1 : Operation 267 [1/1] (0.00ns)   --->   "%mult_V_93 = partselect i8 @_ssdm_op_PartSelect.i8.i17.i32.i32, i17 %r_V_74, i32 9, i32 16"   --->   Operation 267 'partselect' 'mult_V_93' <Predicate = true> <Delay = 0.00>
ST_1 : Operation 268 [1/1] (0.00ns)   --->   "%mult_V_94 = partselect i7 @_ssdm_op_PartSelect.i7.i2576.i32.i32, i2576 %p_read_19, i32 489, i32 495"   --->   Operation 268 'partselect' 'mult_V_94' <Predicate = true> <Delay = 0.00>
ST_1 : Operation 269 [1/1] (0.00ns)   --->   "%sext_ln818_35 = sext i7 %mult_V_94"   --->   Operation 269 'sext' 'sext_ln818_35' <Predicate = true> <Delay = 0.00>
ST_1 : Operation 270 [1/1] (0.00ns)   --->   "%mult_V_95 = partselect i8 @_ssdm_op_PartSelect.i8.i2576.i32.i32, i2576 %p_read_19, i32 504, i32 511"   --->   Operation 270 'partselect' 'mult_V_95' <Predicate = true> <Delay = 0.00>
ST_1 : Operation 271 [1/1] (0.00ns)   --->   "%mult_V_96 = partselect i7 @_ssdm_op_PartSelect.i7.i2576.i32.i32, i2576 %p_read_19, i32 505, i32 511"   --->   Operation 271 'partselect' 'mult_V_96' <Predicate = true> <Delay = 0.00>
ST_1 : Operation 272 [1/1] (0.00ns)   --->   "%mult_V_97 = partselect i7 @_ssdm_op_PartSelect.i7.i2576.i32.i32, i2576 %p_read_19, i32 521, i32 527"   --->   Operation 272 'partselect' 'mult_V_97' <Predicate = true> <Delay = 0.00>
ST_1 : Operation 273 [1/1] (0.00ns)   --->   "%mult_V_98 = partselect i8 @_ssdm_op_PartSelect.i8.i2576.i32.i32, i2576 %p_read_19, i32 520, i32 527"   --->   Operation 273 'partselect' 'mult_V_98' <Predicate = true> <Delay = 0.00>
ST_1 : Operation 274 [1/1] (0.00ns)   --->   "%a_V_29 = partselect i16 @_ssdm_op_PartSelect.i16.i2576.i32.i32, i2576 %p_read_19, i32 528, i32 543"   --->   Operation 274 'partselect' 'a_V_29' <Predicate = true> <Delay = 0.00>
ST_1 : Operation 275 [1/1] (0.00ns)   --->   "%sext_ln1273_56 = sext i16 %a_V_29"   --->   Operation 275 'sext' 'sext_ln1273_56' <Predicate = true> <Delay = 0.00>
ST_1 : Operation 276 [1/1] (2.07ns)   --->   "%r_V_75 = sub i17 0, i17 %sext_ln1273_56"   --->   Operation 276 'sub' 'r_V_75' <Predicate = true> <Delay = 2.07> <CoreInst = "Adder">   --->   Core 1 'Adder' <Latency = 0> <II = 1> <Delay = 2.07> <FuncUnit> <Opcode : 'add' 'sub'> <InPorts = 2> <OutPorts = 1>
ST_1 : Operation 277 [1/1] (0.00ns)   --->   "%mult_V_99 = partselect i8 @_ssdm_op_PartSelect.i8.i17.i32.i32, i17 %r_V_75, i32 9, i32 16"   --->   Operation 277 'partselect' 'mult_V_99' <Predicate = true> <Delay = 0.00>
ST_1 : Operation 278 [1/1] (0.00ns)   --->   "%mult_V_100 = partselect i7 @_ssdm_op_PartSelect.i7.i2576.i32.i32, i2576 %p_read_19, i32 537, i32 543"   --->   Operation 278 'partselect' 'mult_V_100' <Predicate = true> <Delay = 0.00>
ST_1 : Operation 279 [1/1] (0.00ns)   --->   "%sext_ln818_38 = sext i7 %mult_V_100"   --->   Operation 279 'sext' 'sext_ln818_38' <Predicate = true> <Delay = 0.00>
ST_1 : Operation 280 [1/1] (0.00ns)   --->   "%mult_V_101 = partselect i7 @_ssdm_op_PartSelect.i7.i2576.i32.i32, i2576 %p_read_19, i32 553, i32 559"   --->   Operation 280 'partselect' 'mult_V_101' <Predicate = true> <Delay = 0.00>
ST_1 : Operation 281 [1/1] (0.00ns)   --->   "%sext_ln818_39 = sext i7 %mult_V_101"   --->   Operation 281 'sext' 'sext_ln818_39' <Predicate = true> <Delay = 0.00>
ST_1 : Operation 282 [1/1] (0.00ns)   --->   "%mult_V_102 = partselect i8 @_ssdm_op_PartSelect.i8.i2576.i32.i32, i2576 %p_read_19, i32 552, i32 559"   --->   Operation 282 'partselect' 'mult_V_102' <Predicate = true> <Delay = 0.00>
ST_1 : Operation 283 [1/1] (0.00ns)   --->   "%mult_V_103 = partselect i7 @_ssdm_op_PartSelect.i7.i2576.i32.i32, i2576 %p_read_19, i32 569, i32 575"   --->   Operation 283 'partselect' 'mult_V_103' <Predicate = true> <Delay = 0.00>
ST_1 : Operation 284 [1/1] (0.00ns)   --->   "%sext_ln818_40 = sext i7 %mult_V_103"   --->   Operation 284 'sext' 'sext_ln818_40' <Predicate = true> <Delay = 0.00>
ST_1 : Operation 285 [1/1] (0.00ns)   --->   "%a_V_30 = partselect i16 @_ssdm_op_PartSelect.i16.i2576.i32.i32, i2576 %p_read_19, i32 576, i32 591"   --->   Operation 285 'partselect' 'a_V_30' <Predicate = true> <Delay = 0.00>
ST_1 : Operation 286 [1/1] (0.00ns)   --->   "%mult_V_104 = partselect i8 @_ssdm_op_PartSelect.i8.i2576.i32.i32, i2576 %p_read_19, i32 584, i32 591"   --->   Operation 286 'partselect' 'mult_V_104' <Predicate = true> <Delay = 0.00>
ST_1 : Operation 287 [1/1] (0.00ns)   --->   "%sext_ln1273_57 = sext i16 %a_V_30"   --->   Operation 287 'sext' 'sext_ln1273_57' <Predicate = true> <Delay = 0.00>
ST_1 : Operation 288 [1/1] (2.07ns)   --->   "%r_V_76 = sub i17 0, i17 %sext_ln1273_57"   --->   Operation 288 'sub' 'r_V_76' <Predicate = true> <Delay = 2.07> <CoreInst = "Adder">   --->   Core 1 'Adder' <Latency = 0> <II = 1> <Delay = 2.07> <FuncUnit> <Opcode : 'add' 'sub'> <InPorts = 2> <OutPorts = 1>
ST_1 : Operation 289 [1/1] (0.00ns)   --->   "%mult_V_105 = partselect i8 @_ssdm_op_PartSelect.i8.i17.i32.i32, i17 %r_V_76, i32 9, i32 16"   --->   Operation 289 'partselect' 'mult_V_105' <Predicate = true> <Delay = 0.00>
ST_1 : Operation 290 [1/1] (0.00ns)   --->   "%mult_V_106 = partselect i7 @_ssdm_op_PartSelect.i7.i2576.i32.i32, i2576 %p_read_19, i32 585, i32 591"   --->   Operation 290 'partselect' 'mult_V_106' <Predicate = true> <Delay = 0.00>
ST_1 : Operation 291 [1/1] (0.00ns)   --->   "%sext_ln818_41 = sext i7 %mult_V_106"   --->   Operation 291 'sext' 'sext_ln818_41' <Predicate = true> <Delay = 0.00>
ST_1 : Operation 292 [1/1] (0.00ns)   --->   "%a_V_31 = partselect i16 @_ssdm_op_PartSelect.i16.i2576.i32.i32, i2576 %p_read_19, i32 592, i32 607"   --->   Operation 292 'partselect' 'a_V_31' <Predicate = true> <Delay = 0.00>
ST_1 : Operation 293 [1/1] (0.00ns)   --->   "%mult_V_107 = partselect i8 @_ssdm_op_PartSelect.i8.i2576.i32.i32, i2576 %p_read_19, i32 600, i32 607"   --->   Operation 293 'partselect' 'mult_V_107' <Predicate = true> <Delay = 0.00>
ST_1 : Operation 294 [1/1] (0.00ns)   --->   "%sext_ln1273_58 = sext i16 %a_V_31"   --->   Operation 294 'sext' 'sext_ln1273_58' <Predicate = true> <Delay = 0.00>
ST_1 : Operation 295 [1/1] (2.07ns)   --->   "%r_V_77 = sub i17 0, i17 %sext_ln1273_58"   --->   Operation 295 'sub' 'r_V_77' <Predicate = true> <Delay = 2.07> <CoreInst = "Adder">   --->   Core 1 'Adder' <Latency = 0> <II = 1> <Delay = 2.07> <FuncUnit> <Opcode : 'add' 'sub'> <InPorts = 2> <OutPorts = 1>
ST_1 : Operation 296 [1/1] (0.00ns)   --->   "%mult_V_108 = partselect i8 @_ssdm_op_PartSelect.i8.i17.i32.i32, i17 %r_V_77, i32 9, i32 16"   --->   Operation 296 'partselect' 'mult_V_108' <Predicate = true> <Delay = 0.00>
ST_1 : Operation 297 [1/1] (0.00ns)   --->   "%mult_V_109 = partselect i7 @_ssdm_op_PartSelect.i7.i2576.i32.i32, i2576 %p_read_19, i32 601, i32 607"   --->   Operation 297 'partselect' 'mult_V_109' <Predicate = true> <Delay = 0.00>
ST_1 : Operation 298 [1/1] (0.00ns)   --->   "%sext_ln818_42 = sext i7 %mult_V_109"   --->   Operation 298 'sext' 'sext_ln818_42' <Predicate = true> <Delay = 0.00>
ST_1 : Operation 299 [1/1] (0.00ns)   --->   "%a_V_32 = partselect i16 @_ssdm_op_PartSelect.i16.i2576.i32.i32, i2576 %p_read_19, i32 608, i32 623"   --->   Operation 299 'partselect' 'a_V_32' <Predicate = true> <Delay = 0.00>
ST_1 : Operation 300 [1/1] (0.00ns)   --->   "%sext_ln1273_59 = sext i16 %a_V_32"   --->   Operation 300 'sext' 'sext_ln1273_59' <Predicate = true> <Delay = 0.00>
ST_1 : Operation 301 [1/1] (2.07ns)   --->   "%r_V_78 = sub i17 0, i17 %sext_ln1273_59"   --->   Operation 301 'sub' 'r_V_78' <Predicate = true> <Delay = 2.07> <CoreInst = "Adder">   --->   Core 1 'Adder' <Latency = 0> <II = 1> <Delay = 2.07> <FuncUnit> <Opcode : 'add' 'sub'> <InPorts = 2> <OutPorts = 1>
ST_1 : Operation 302 [1/1] (0.00ns)   --->   "%mult_V_110 = partselect i8 @_ssdm_op_PartSelect.i8.i17.i32.i32, i17 %r_V_78, i32 9, i32 16"   --->   Operation 302 'partselect' 'mult_V_110' <Predicate = true> <Delay = 0.00>
ST_1 : Operation 303 [1/1] (0.00ns)   --->   "%mult_V_111 = partselect i7 @_ssdm_op_PartSelect.i7.i2576.i32.i32, i2576 %p_read_19, i32 617, i32 623"   --->   Operation 303 'partselect' 'mult_V_111' <Predicate = true> <Delay = 0.00>
ST_1 : Operation 304 [1/1] (0.00ns)   --->   "%sext_ln818_43 = sext i7 %mult_V_111"   --->   Operation 304 'sext' 'sext_ln818_43' <Predicate = true> <Delay = 0.00>
ST_1 : Operation 305 [1/1] (0.00ns)   --->   "%mult_V_112 = partselect i8 @_ssdm_op_PartSelect.i8.i2576.i32.i32, i2576 %p_read_19, i32 616, i32 623"   --->   Operation 305 'partselect' 'mult_V_112' <Predicate = true> <Delay = 0.00>
ST_1 : Operation 306 [1/1] (0.00ns)   --->   "%a_V_33 = partselect i16 @_ssdm_op_PartSelect.i16.i2576.i32.i32, i2576 %p_read_19, i32 624, i32 639"   --->   Operation 306 'partselect' 'a_V_33' <Predicate = true> <Delay = 0.00>
ST_1 : Operation 307 [1/1] (0.00ns)   --->   "%mult_V_113 = partselect i7 @_ssdm_op_PartSelect.i7.i2576.i32.i32, i2576 %p_read_19, i32 633, i32 639"   --->   Operation 307 'partselect' 'mult_V_113' <Predicate = true> <Delay = 0.00>
ST_1 : Operation 308 [1/1] (0.00ns)   --->   "%sext_ln818_44 = sext i7 %mult_V_113"   --->   Operation 308 'sext' 'sext_ln818_44' <Predicate = true> <Delay = 0.00>
ST_1 : Operation 309 [1/1] (0.00ns)   --->   "%sext_ln1273_60 = sext i16 %a_V_33"   --->   Operation 309 'sext' 'sext_ln1273_60' <Predicate = true> <Delay = 0.00>
ST_1 : Operation 310 [1/1] (2.07ns)   --->   "%r_V_79 = sub i17 0, i17 %sext_ln1273_60"   --->   Operation 310 'sub' 'r_V_79' <Predicate = true> <Delay = 2.07> <CoreInst = "Adder">   --->   Core 1 'Adder' <Latency = 0> <II = 1> <Delay = 2.07> <FuncUnit> <Opcode : 'add' 'sub'> <InPorts = 2> <OutPorts = 1>
ST_1 : Operation 311 [1/1] (0.00ns)   --->   "%mult_V_114 = partselect i8 @_ssdm_op_PartSelect.i8.i17.i32.i32, i17 %r_V_79, i32 9, i32 16"   --->   Operation 311 'partselect' 'mult_V_114' <Predicate = true> <Delay = 0.00>
ST_1 : Operation 312 [1/1] (0.00ns)   --->   "%a_V_34 = partselect i16 @_ssdm_op_PartSelect.i16.i2576.i32.i32, i2576 %p_read_19, i32 640, i32 655"   --->   Operation 312 'partselect' 'a_V_34' <Predicate = true> <Delay = 0.00>
ST_1 : Operation 313 [1/1] (0.00ns)   --->   "%mult_V_115 = partselect i7 @_ssdm_op_PartSelect.i7.i2576.i32.i32, i2576 %p_read_19, i32 649, i32 655"   --->   Operation 313 'partselect' 'mult_V_115' <Predicate = true> <Delay = 0.00>
ST_1 : Operation 314 [1/1] (0.00ns)   --->   "%sext_ln818_45 = sext i7 %mult_V_115"   --->   Operation 314 'sext' 'sext_ln818_45' <Predicate = true> <Delay = 0.00>
ST_1 : Operation 315 [1/1] (0.00ns)   --->   "%sext_ln1273_61 = sext i16 %a_V_34"   --->   Operation 315 'sext' 'sext_ln1273_61' <Predicate = true> <Delay = 0.00>
ST_1 : Operation 316 [1/1] (2.07ns)   --->   "%r_V_80 = sub i17 0, i17 %sext_ln1273_61"   --->   Operation 316 'sub' 'r_V_80' <Predicate = true> <Delay = 2.07> <CoreInst = "Adder">   --->   Core 1 'Adder' <Latency = 0> <II = 1> <Delay = 2.07> <FuncUnit> <Opcode : 'add' 'sub'> <InPorts = 2> <OutPorts = 1>
ST_1 : Operation 317 [1/1] (0.00ns)   --->   "%mult_V_116 = partselect i8 @_ssdm_op_PartSelect.i8.i17.i32.i32, i17 %r_V_80, i32 9, i32 16"   --->   Operation 317 'partselect' 'mult_V_116' <Predicate = true> <Delay = 0.00>
ST_1 : Operation 318 [1/1] (0.00ns)   --->   "%mult_V_117 = partselect i7 @_ssdm_op_PartSelect.i7.i2576.i32.i32, i2576 %p_read_19, i32 665, i32 671"   --->   Operation 318 'partselect' 'mult_V_117' <Predicate = true> <Delay = 0.00>
ST_1 : Operation 319 [1/1] (0.00ns)   --->   "%sext_ln818_46 = sext i7 %mult_V_117"   --->   Operation 319 'sext' 'sext_ln818_46' <Predicate = true> <Delay = 0.00>
ST_1 : Operation 320 [1/1] (0.00ns)   --->   "%a_V_35 = partselect i16 @_ssdm_op_PartSelect.i16.i2576.i32.i32, i2576 %p_read_19, i32 672, i32 687"   --->   Operation 320 'partselect' 'a_V_35' <Predicate = true> <Delay = 0.00>
ST_1 : Operation 321 [1/1] (0.00ns)   --->   "%sext_ln1273_62 = sext i16 %a_V_35"   --->   Operation 321 'sext' 'sext_ln1273_62' <Predicate = true> <Delay = 0.00>
ST_1 : Operation 322 [1/1] (2.07ns)   --->   "%r_V_81 = sub i17 0, i17 %sext_ln1273_62"   --->   Operation 322 'sub' 'r_V_81' <Predicate = true> <Delay = 2.07> <CoreInst = "Adder">   --->   Core 1 'Adder' <Latency = 0> <II = 1> <Delay = 2.07> <FuncUnit> <Opcode : 'add' 'sub'> <InPorts = 2> <OutPorts = 1>
ST_1 : Operation 323 [1/1] (0.00ns)   --->   "%mult_V_118 = partselect i8 @_ssdm_op_PartSelect.i8.i17.i32.i32, i17 %r_V_81, i32 9, i32 16"   --->   Operation 323 'partselect' 'mult_V_118' <Predicate = true> <Delay = 0.00>
ST_1 : Operation 324 [1/1] (0.00ns)   --->   "%mult_V_119 = partselect i8 @_ssdm_op_PartSelect.i8.i2576.i32.i32, i2576 %p_read_19, i32 680, i32 687"   --->   Operation 324 'partselect' 'mult_V_119' <Predicate = true> <Delay = 0.00>
ST_1 : Operation 325 [1/1] (0.00ns)   --->   "%mult_V_120 = partselect i7 @_ssdm_op_PartSelect.i7.i2576.i32.i32, i2576 %p_read_19, i32 681, i32 687"   --->   Operation 325 'partselect' 'mult_V_120' <Predicate = true> <Delay = 0.00>
ST_1 : Operation 326 [1/1] (0.00ns)   --->   "%sext_ln818_47 = sext i7 %mult_V_120"   --->   Operation 326 'sext' 'sext_ln818_47' <Predicate = true> <Delay = 0.00>
ST_1 : Operation 327 [1/1] (0.00ns)   --->   "%a_V_36 = partselect i16 @_ssdm_op_PartSelect.i16.i2576.i32.i32, i2576 %p_read_19, i32 688, i32 703"   --->   Operation 327 'partselect' 'a_V_36' <Predicate = true> <Delay = 0.00>
ST_1 : Operation 328 [1/1] (0.00ns)   --->   "%mult_V_121 = partselect i7 @_ssdm_op_PartSelect.i7.i2576.i32.i32, i2576 %p_read_19, i32 697, i32 703"   --->   Operation 328 'partselect' 'mult_V_121' <Predicate = true> <Delay = 0.00>
ST_1 : Operation 329 [1/1] (0.00ns)   --->   "%sext_ln818_48 = sext i7 %mult_V_121"   --->   Operation 329 'sext' 'sext_ln818_48' <Predicate = true> <Delay = 0.00>
ST_1 : Operation 330 [1/1] (0.00ns)   --->   "%sext_ln1273_63 = sext i16 %a_V_36"   --->   Operation 330 'sext' 'sext_ln1273_63' <Predicate = true> <Delay = 0.00>
ST_1 : Operation 331 [1/1] (2.07ns)   --->   "%r_V_82 = sub i17 0, i17 %sext_ln1273_63"   --->   Operation 331 'sub' 'r_V_82' <Predicate = true> <Delay = 2.07> <CoreInst = "Adder">   --->   Core 1 'Adder' <Latency = 0> <II = 1> <Delay = 2.07> <FuncUnit> <Opcode : 'add' 'sub'> <InPorts = 2> <OutPorts = 1>
ST_1 : Operation 332 [1/1] (0.00ns)   --->   "%mult_V_122 = partselect i8 @_ssdm_op_PartSelect.i8.i17.i32.i32, i17 %r_V_82, i32 9, i32 16"   --->   Operation 332 'partselect' 'mult_V_122' <Predicate = true> <Delay = 0.00>
ST_1 : Operation 333 [1/1] (0.00ns)   --->   "%a_V_37 = partselect i16 @_ssdm_op_PartSelect.i16.i2576.i32.i32, i2576 %p_read_19, i32 704, i32 719"   --->   Operation 333 'partselect' 'a_V_37' <Predicate = true> <Delay = 0.00>
ST_1 : Operation 334 [1/1] (0.00ns)   --->   "%sext_ln1273_64 = sext i16 %a_V_37"   --->   Operation 334 'sext' 'sext_ln1273_64' <Predicate = true> <Delay = 0.00>
ST_1 : Operation 335 [1/1] (2.07ns)   --->   "%r_V_83 = sub i17 0, i17 %sext_ln1273_64"   --->   Operation 335 'sub' 'r_V_83' <Predicate = true> <Delay = 2.07> <CoreInst = "Adder">   --->   Core 1 'Adder' <Latency = 0> <II = 1> <Delay = 2.07> <FuncUnit> <Opcode : 'add' 'sub'> <InPorts = 2> <OutPorts = 1>
ST_1 : Operation 336 [1/1] (0.00ns)   --->   "%mult_V_123 = partselect i8 @_ssdm_op_PartSelect.i8.i17.i32.i32, i17 %r_V_83, i32 9, i32 16"   --->   Operation 336 'partselect' 'mult_V_123' <Predicate = true> <Delay = 0.00>
ST_1 : Operation 337 [1/1] (0.00ns)   --->   "%mult_V_124 = partselect i7 @_ssdm_op_PartSelect.i7.i2576.i32.i32, i2576 %p_read_19, i32 713, i32 719"   --->   Operation 337 'partselect' 'mult_V_124' <Predicate = true> <Delay = 0.00>
ST_1 : Operation 338 [1/1] (0.00ns)   --->   "%sext_ln818_49 = sext i7 %mult_V_124"   --->   Operation 338 'sext' 'sext_ln818_49' <Predicate = true> <Delay = 0.00>
ST_1 : Operation 339 [1/1] (0.00ns)   --->   "%a_V_38 = partselect i16 @_ssdm_op_PartSelect.i16.i2576.i32.i32, i2576 %p_read_19, i32 720, i32 735"   --->   Operation 339 'partselect' 'a_V_38' <Predicate = true> <Delay = 0.00>
ST_1 : Operation 340 [1/1] (0.00ns)   --->   "%sext_ln1273_65 = sext i16 %a_V_38"   --->   Operation 340 'sext' 'sext_ln1273_65' <Predicate = true> <Delay = 0.00>
ST_1 : Operation 341 [1/1] (2.07ns)   --->   "%r_V_84 = sub i17 0, i17 %sext_ln1273_65"   --->   Operation 341 'sub' 'r_V_84' <Predicate = true> <Delay = 2.07> <CoreInst = "Adder">   --->   Core 1 'Adder' <Latency = 0> <II = 1> <Delay = 2.07> <FuncUnit> <Opcode : 'add' 'sub'> <InPorts = 2> <OutPorts = 1>
ST_1 : Operation 342 [1/1] (0.00ns)   --->   "%mult_V_125 = partselect i8 @_ssdm_op_PartSelect.i8.i17.i32.i32, i17 %r_V_84, i32 9, i32 16"   --->   Operation 342 'partselect' 'mult_V_125' <Predicate = true> <Delay = 0.00>
ST_1 : Operation 343 [1/1] (0.00ns)   --->   "%mult_V_126 = partselect i7 @_ssdm_op_PartSelect.i7.i2576.i32.i32, i2576 %p_read_19, i32 729, i32 735"   --->   Operation 343 'partselect' 'mult_V_126' <Predicate = true> <Delay = 0.00>
ST_1 : Operation 344 [1/1] (0.00ns)   --->   "%sext_ln818_50 = sext i7 %mult_V_126"   --->   Operation 344 'sext' 'sext_ln818_50' <Predicate = true> <Delay = 0.00>
ST_1 : Operation 345 [1/1] (0.00ns)   --->   "%mult_V_127 = partselect i7 @_ssdm_op_PartSelect.i7.i2576.i32.i32, i2576 %p_read_19, i32 745, i32 751"   --->   Operation 345 'partselect' 'mult_V_127' <Predicate = true> <Delay = 0.00>
ST_1 : Operation 346 [1/1] (0.00ns)   --->   "%sext_ln818_51 = sext i7 %mult_V_127"   --->   Operation 346 'sext' 'sext_ln818_51' <Predicate = true> <Delay = 0.00>
ST_1 : Operation 347 [1/1] (0.00ns)   --->   "%mult_V_128 = partselect i7 @_ssdm_op_PartSelect.i7.i2576.i32.i32, i2576 %p_read_19, i32 761, i32 767"   --->   Operation 347 'partselect' 'mult_V_128' <Predicate = true> <Delay = 0.00>
ST_1 : Operation 348 [1/1] (0.00ns)   --->   "%sext_ln818_52 = sext i7 %mult_V_128"   --->   Operation 348 'sext' 'sext_ln818_52' <Predicate = true> <Delay = 0.00>
ST_1 : Operation 349 [1/1] (0.00ns)   --->   "%a_V_39 = partselect i16 @_ssdm_op_PartSelect.i16.i2576.i32.i32, i2576 %p_read_19, i32 768, i32 783"   --->   Operation 349 'partselect' 'a_V_39' <Predicate = true> <Delay = 0.00>
ST_1 : Operation 350 [1/1] (0.00ns)   --->   "%mult_V_129 = partselect i7 @_ssdm_op_PartSelect.i7.i2576.i32.i32, i2576 %p_read_19, i32 777, i32 783"   --->   Operation 350 'partselect' 'mult_V_129' <Predicate = true> <Delay = 0.00>
ST_1 : Operation 351 [1/1] (0.00ns)   --->   "%sext_ln818_53 = sext i7 %mult_V_129"   --->   Operation 351 'sext' 'sext_ln818_53' <Predicate = true> <Delay = 0.00>
ST_1 : Operation 352 [1/1] (0.00ns)   --->   "%sext_ln1273_66 = sext i16 %a_V_39"   --->   Operation 352 'sext' 'sext_ln1273_66' <Predicate = true> <Delay = 0.00>
ST_1 : Operation 353 [1/1] (2.07ns)   --->   "%r_V_85 = sub i17 0, i17 %sext_ln1273_66"   --->   Operation 353 'sub' 'r_V_85' <Predicate = true> <Delay = 2.07> <CoreInst = "Adder">   --->   Core 1 'Adder' <Latency = 0> <II = 1> <Delay = 2.07> <FuncUnit> <Opcode : 'add' 'sub'> <InPorts = 2> <OutPorts = 1>
ST_1 : Operation 354 [1/1] (0.00ns)   --->   "%mult_V_130 = partselect i8 @_ssdm_op_PartSelect.i8.i17.i32.i32, i17 %r_V_85, i32 9, i32 16"   --->   Operation 354 'partselect' 'mult_V_130' <Predicate = true> <Delay = 0.00>
ST_1 : Operation 355 [1/1] (0.00ns)   --->   "%mult_V_131 = partselect i7 @_ssdm_op_PartSelect.i7.i2576.i32.i32, i2576 %p_read_19, i32 793, i32 799"   --->   Operation 355 'partselect' 'mult_V_131' <Predicate = true> <Delay = 0.00>
ST_1 : Operation 356 [1/1] (0.00ns)   --->   "%sext_ln818_54 = sext i7 %mult_V_131"   --->   Operation 356 'sext' 'sext_ln818_54' <Predicate = true> <Delay = 0.00>
ST_1 : Operation 357 [1/1] (0.00ns)   --->   "%a_V_148 = partselect i16 @_ssdm_op_PartSelect.i16.i2576.i32.i32, i2576 %p_read_19, i32 800, i32 815"   --->   Operation 357 'partselect' 'a_V_148' <Predicate = true> <Delay = 0.00>
ST_1 : Operation 358 [1/1] (0.00ns)   --->   "%sext_ln70_2 = sext i16 %a_V_148" [firmware/nnet_utils/nnet_mult.h:70]   --->   Operation 358 'sext' 'sext_ln70_2' <Predicate = true> <Delay = 0.00>
ST_1 : Operation 359 [1/1] (2.07ns)   --->   "%r_V_87 = sub i17 0, i17 %sext_ln70_2"   --->   Operation 359 'sub' 'r_V_87' <Predicate = true> <Delay = 2.07> <CoreInst = "Adder">   --->   Core 1 'Adder' <Latency = 0> <II = 1> <Delay = 2.07> <FuncUnit> <Opcode : 'add' 'sub'> <InPorts = 2> <OutPorts = 1>
ST_1 : Operation 360 [1/1] (0.00ns)   --->   "%mult_V_132 = partselect i8 @_ssdm_op_PartSelect.i8.i17.i32.i32, i17 %r_V_87, i32 9, i32 16"   --->   Operation 360 'partselect' 'mult_V_132' <Predicate = true> <Delay = 0.00>
ST_1 : Operation 361 [1/1] (0.00ns)   --->   "%a_V_41 = partselect i16 @_ssdm_op_PartSelect.i16.i2576.i32.i32, i2576 %p_read_19, i32 816, i32 831"   --->   Operation 361 'partselect' 'a_V_41' <Predicate = true> <Delay = 0.00>
ST_1 : Operation 362 [1/1] (0.00ns)   --->   "%sext_ln1273_67 = sext i16 %a_V_41"   --->   Operation 362 'sext' 'sext_ln1273_67' <Predicate = true> <Delay = 0.00>
ST_1 : Operation 363 [1/1] (2.07ns)   --->   "%r_V_88 = sub i17 0, i17 %sext_ln1273_67"   --->   Operation 363 'sub' 'r_V_88' <Predicate = true> <Delay = 2.07> <CoreInst = "Adder">   --->   Core 1 'Adder' <Latency = 0> <II = 1> <Delay = 2.07> <FuncUnit> <Opcode : 'add' 'sub'> <InPorts = 2> <OutPorts = 1>
ST_1 : Operation 364 [1/1] (0.00ns)   --->   "%mult_V_133 = partselect i8 @_ssdm_op_PartSelect.i8.i17.i32.i32, i17 %r_V_88, i32 9, i32 16"   --->   Operation 364 'partselect' 'mult_V_133' <Predicate = true> <Delay = 0.00>
ST_1 : Operation 365 [1/1] (0.00ns)   --->   "%mult_V_134 = partselect i7 @_ssdm_op_PartSelect.i7.i2576.i32.i32, i2576 %p_read_19, i32 825, i32 831"   --->   Operation 365 'partselect' 'mult_V_134' <Predicate = true> <Delay = 0.00>
ST_1 : Operation 366 [1/1] (0.00ns)   --->   "%sext_ln818_55 = sext i7 %mult_V_134"   --->   Operation 366 'sext' 'sext_ln818_55' <Predicate = true> <Delay = 0.00>
ST_1 : Operation 367 [1/1] (0.00ns)   --->   "%mult_V_135 = partselect i7 @_ssdm_op_PartSelect.i7.i2576.i32.i32, i2576 %p_read_19, i32 841, i32 847"   --->   Operation 367 'partselect' 'mult_V_135' <Predicate = true> <Delay = 0.00>
ST_1 : Operation 368 [1/1] (0.00ns)   --->   "%sext_ln818_56 = sext i7 %mult_V_135"   --->   Operation 368 'sext' 'sext_ln818_56' <Predicate = true> <Delay = 0.00>
ST_1 : Operation 369 [1/1] (0.00ns)   --->   "%a_V_42 = partselect i16 @_ssdm_op_PartSelect.i16.i2576.i32.i32, i2576 %p_read_19, i32 848, i32 863"   --->   Operation 369 'partselect' 'a_V_42' <Predicate = true> <Delay = 0.00>
ST_1 : Operation 370 [1/1] (0.00ns)   --->   "%mult_V_136 = partselect i7 @_ssdm_op_PartSelect.i7.i2576.i32.i32, i2576 %p_read_19, i32 857, i32 863"   --->   Operation 370 'partselect' 'mult_V_136' <Predicate = true> <Delay = 0.00>
ST_1 : Operation 371 [1/1] (0.00ns)   --->   "%sext_ln1273_68 = sext i16 %a_V_42"   --->   Operation 371 'sext' 'sext_ln1273_68' <Predicate = true> <Delay = 0.00>
ST_1 : Operation 372 [1/1] (2.07ns)   --->   "%r_V_89 = sub i17 0, i17 %sext_ln1273_68"   --->   Operation 372 'sub' 'r_V_89' <Predicate = true> <Delay = 2.07> <CoreInst = "Adder">   --->   Core 1 'Adder' <Latency = 0> <II = 1> <Delay = 2.07> <FuncUnit> <Opcode : 'add' 'sub'> <InPorts = 2> <OutPorts = 1>
ST_1 : Operation 373 [1/1] (0.00ns)   --->   "%mult_V_137 = partselect i8 @_ssdm_op_PartSelect.i8.i17.i32.i32, i17 %r_V_89, i32 9, i32 16"   --->   Operation 373 'partselect' 'mult_V_137' <Predicate = true> <Delay = 0.00>
ST_1 : Operation 374 [1/1] (0.00ns)   --->   "%a_V_43 = partselect i16 @_ssdm_op_PartSelect.i16.i2576.i32.i32, i2576 %p_read_19, i32 864, i32 879"   --->   Operation 374 'partselect' 'a_V_43' <Predicate = true> <Delay = 0.00>
ST_1 : Operation 375 [1/1] (0.00ns)   --->   "%sext_ln1273_69 = sext i16 %a_V_43"   --->   Operation 375 'sext' 'sext_ln1273_69' <Predicate = true> <Delay = 0.00>
ST_1 : Operation 376 [1/1] (2.07ns)   --->   "%r_V_90 = sub i17 0, i17 %sext_ln1273_69"   --->   Operation 376 'sub' 'r_V_90' <Predicate = true> <Delay = 2.07> <CoreInst = "Adder">   --->   Core 1 'Adder' <Latency = 0> <II = 1> <Delay = 2.07> <FuncUnit> <Opcode : 'add' 'sub'> <InPorts = 2> <OutPorts = 1>
ST_1 : Operation 377 [1/1] (0.00ns)   --->   "%mult_V_138 = partselect i8 @_ssdm_op_PartSelect.i8.i17.i32.i32, i17 %r_V_90, i32 9, i32 16"   --->   Operation 377 'partselect' 'mult_V_138' <Predicate = true> <Delay = 0.00>
ST_1 : Operation 378 [1/1] (0.00ns)   --->   "%mult_V_139 = partselect i7 @_ssdm_op_PartSelect.i7.i2576.i32.i32, i2576 %p_read_19, i32 873, i32 879"   --->   Operation 378 'partselect' 'mult_V_139' <Predicate = true> <Delay = 0.00>
ST_1 : Operation 379 [1/1] (0.00ns)   --->   "%sext_ln818_58 = sext i7 %mult_V_139"   --->   Operation 379 'sext' 'sext_ln818_58' <Predicate = true> <Delay = 0.00>
ST_1 : Operation 380 [1/1] (0.00ns)   --->   "%a_V_44 = partselect i16 @_ssdm_op_PartSelect.i16.i2576.i32.i32, i2576 %p_read_19, i32 880, i32 895"   --->   Operation 380 'partselect' 'a_V_44' <Predicate = true> <Delay = 0.00>
ST_1 : Operation 381 [1/1] (0.00ns)   --->   "%sext_ln1273_70 = sext i16 %a_V_44"   --->   Operation 381 'sext' 'sext_ln1273_70' <Predicate = true> <Delay = 0.00>
ST_1 : Operation 382 [1/1] (2.07ns)   --->   "%r_V_91 = sub i17 0, i17 %sext_ln1273_70"   --->   Operation 382 'sub' 'r_V_91' <Predicate = true> <Delay = 2.07> <CoreInst = "Adder">   --->   Core 1 'Adder' <Latency = 0> <II = 1> <Delay = 2.07> <FuncUnit> <Opcode : 'add' 'sub'> <InPorts = 2> <OutPorts = 1>
ST_1 : Operation 383 [1/1] (0.00ns)   --->   "%mult_V_140 = partselect i8 @_ssdm_op_PartSelect.i8.i17.i32.i32, i17 %r_V_91, i32 9, i32 16"   --->   Operation 383 'partselect' 'mult_V_140' <Predicate = true> <Delay = 0.00>
ST_1 : Operation 384 [1/1] (0.00ns)   --->   "%mult_V_141 = partselect i7 @_ssdm_op_PartSelect.i7.i2576.i32.i32, i2576 %p_read_19, i32 889, i32 895"   --->   Operation 384 'partselect' 'mult_V_141' <Predicate = true> <Delay = 0.00>
ST_1 : Operation 385 [1/1] (0.00ns)   --->   "%sext_ln818_59 = sext i7 %mult_V_141"   --->   Operation 385 'sext' 'sext_ln818_59' <Predicate = true> <Delay = 0.00>
ST_1 : Operation 386 [1/1] (0.00ns)   --->   "%a_V_45 = partselect i16 @_ssdm_op_PartSelect.i16.i2576.i32.i32, i2576 %p_read_19, i32 896, i32 911"   --->   Operation 386 'partselect' 'a_V_45' <Predicate = true> <Delay = 0.00>
ST_1 : Operation 387 [1/1] (0.00ns)   --->   "%mult_V_142 = partselect i7 @_ssdm_op_PartSelect.i7.i2576.i32.i32, i2576 %p_read_19, i32 905, i32 911"   --->   Operation 387 'partselect' 'mult_V_142' <Predicate = true> <Delay = 0.00>
ST_1 : Operation 388 [1/1] (0.00ns)   --->   "%sext_ln1273_71 = sext i16 %a_V_45"   --->   Operation 388 'sext' 'sext_ln1273_71' <Predicate = true> <Delay = 0.00>
ST_1 : Operation 389 [1/1] (2.07ns)   --->   "%r_V_92 = sub i17 0, i17 %sext_ln1273_71"   --->   Operation 389 'sub' 'r_V_92' <Predicate = true> <Delay = 2.07> <CoreInst = "Adder">   --->   Core 1 'Adder' <Latency = 0> <II = 1> <Delay = 2.07> <FuncUnit> <Opcode : 'add' 'sub'> <InPorts = 2> <OutPorts = 1>
ST_1 : Operation 390 [1/1] (0.00ns)   --->   "%mult_V_143 = partselect i8 @_ssdm_op_PartSelect.i8.i17.i32.i32, i17 %r_V_92, i32 9, i32 16"   --->   Operation 390 'partselect' 'mult_V_143' <Predicate = true> <Delay = 0.00>
ST_1 : Operation 391 [1/1] (0.00ns)   --->   "%a_V_149 = partselect i16 @_ssdm_op_PartSelect.i16.i2576.i32.i32, i2576 %p_read_19, i32 912, i32 927"   --->   Operation 391 'partselect' 'a_V_149' <Predicate = true> <Delay = 0.00>
ST_1 : Operation 392 [1/1] (0.00ns)   --->   "%sext_ln70_3 = sext i16 %a_V_149" [firmware/nnet_utils/nnet_mult.h:70]   --->   Operation 392 'sext' 'sext_ln70_3' <Predicate = true> <Delay = 0.00>
ST_1 : Operation 393 [1/1] (2.07ns)   --->   "%r_V_94 = sub i17 0, i17 %sext_ln70_3"   --->   Operation 393 'sub' 'r_V_94' <Predicate = true> <Delay = 2.07> <CoreInst = "Adder">   --->   Core 1 'Adder' <Latency = 0> <II = 1> <Delay = 2.07> <FuncUnit> <Opcode : 'add' 'sub'> <InPorts = 2> <OutPorts = 1>
ST_1 : Operation 394 [1/1] (0.00ns)   --->   "%mult_V_144 = partselect i8 @_ssdm_op_PartSelect.i8.i17.i32.i32, i17 %r_V_94, i32 9, i32 16"   --->   Operation 394 'partselect' 'mult_V_144' <Predicate = true> <Delay = 0.00>
ST_1 : Operation 395 [1/1] (0.00ns)   --->   "%a_V_47 = partselect i16 @_ssdm_op_PartSelect.i16.i2576.i32.i32, i2576 %p_read_19, i32 928, i32 943"   --->   Operation 395 'partselect' 'a_V_47' <Predicate = true> <Delay = 0.00>
ST_1 : Operation 396 [1/1] (0.00ns)   --->   "%sext_ln1273_72 = sext i16 %a_V_47"   --->   Operation 396 'sext' 'sext_ln1273_72' <Predicate = true> <Delay = 0.00>
ST_1 : Operation 397 [1/1] (2.07ns)   --->   "%r_V_95 = sub i17 0, i17 %sext_ln1273_72"   --->   Operation 397 'sub' 'r_V_95' <Predicate = true> <Delay = 2.07> <CoreInst = "Adder">   --->   Core 1 'Adder' <Latency = 0> <II = 1> <Delay = 2.07> <FuncUnit> <Opcode : 'add' 'sub'> <InPorts = 2> <OutPorts = 1>
ST_1 : Operation 398 [1/1] (0.00ns)   --->   "%mult_V_145 = partselect i8 @_ssdm_op_PartSelect.i8.i17.i32.i32, i17 %r_V_95, i32 9, i32 16"   --->   Operation 398 'partselect' 'mult_V_145' <Predicate = true> <Delay = 0.00>
ST_1 : Operation 399 [1/1] (0.00ns)   --->   "%mult_V_146 = partselect i7 @_ssdm_op_PartSelect.i7.i2576.i32.i32, i2576 %p_read_19, i32 937, i32 943"   --->   Operation 399 'partselect' 'mult_V_146' <Predicate = true> <Delay = 0.00>
ST_1 : Operation 400 [1/1] (0.00ns)   --->   "%sext_ln818_61 = sext i7 %mult_V_146"   --->   Operation 400 'sext' 'sext_ln818_61' <Predicate = true> <Delay = 0.00>
ST_1 : Operation 401 [1/1] (0.00ns)   --->   "%a_V_48 = partselect i16 @_ssdm_op_PartSelect.i16.i2576.i32.i32, i2576 %p_read_19, i32 944, i32 959"   --->   Operation 401 'partselect' 'a_V_48' <Predicate = true> <Delay = 0.00>
ST_1 : Operation 402 [1/1] (0.00ns)   --->   "%sext_ln1273_73 = sext i16 %a_V_48"   --->   Operation 402 'sext' 'sext_ln1273_73' <Predicate = true> <Delay = 0.00>
ST_1 : Operation 403 [1/1] (2.07ns)   --->   "%r_V_96 = sub i17 0, i17 %sext_ln1273_73"   --->   Operation 403 'sub' 'r_V_96' <Predicate = true> <Delay = 2.07> <CoreInst = "Adder">   --->   Core 1 'Adder' <Latency = 0> <II = 1> <Delay = 2.07> <FuncUnit> <Opcode : 'add' 'sub'> <InPorts = 2> <OutPorts = 1>
ST_1 : Operation 404 [1/1] (0.00ns)   --->   "%mult_V_147 = partselect i8 @_ssdm_op_PartSelect.i8.i17.i32.i32, i17 %r_V_96, i32 9, i32 16"   --->   Operation 404 'partselect' 'mult_V_147' <Predicate = true> <Delay = 0.00>
ST_1 : Operation 405 [1/1] (0.00ns)   --->   "%mult_V_148 = partselect i7 @_ssdm_op_PartSelect.i7.i2576.i32.i32, i2576 %p_read_19, i32 953, i32 959"   --->   Operation 405 'partselect' 'mult_V_148' <Predicate = true> <Delay = 0.00>
ST_1 : Operation 406 [1/1] (0.00ns)   --->   "%sext_ln818_62 = sext i7 %mult_V_148"   --->   Operation 406 'sext' 'sext_ln818_62' <Predicate = true> <Delay = 0.00>
ST_1 : Operation 407 [1/1] (0.00ns)   --->   "%a_V_49 = partselect i16 @_ssdm_op_PartSelect.i16.i2576.i32.i32, i2576 %p_read_19, i32 960, i32 975"   --->   Operation 407 'partselect' 'a_V_49' <Predicate = true> <Delay = 0.00>
ST_1 : Operation 408 [1/1] (0.00ns)   --->   "%sext_ln1273_74 = sext i16 %a_V_49"   --->   Operation 408 'sext' 'sext_ln1273_74' <Predicate = true> <Delay = 0.00>
ST_1 : Operation 409 [1/1] (2.07ns)   --->   "%r_V_97 = sub i17 0, i17 %sext_ln1273_74"   --->   Operation 409 'sub' 'r_V_97' <Predicate = true> <Delay = 2.07> <CoreInst = "Adder">   --->   Core 1 'Adder' <Latency = 0> <II = 1> <Delay = 2.07> <FuncUnit> <Opcode : 'add' 'sub'> <InPorts = 2> <OutPorts = 1>
ST_1 : Operation 410 [1/1] (0.00ns)   --->   "%mult_V_149 = partselect i8 @_ssdm_op_PartSelect.i8.i17.i32.i32, i17 %r_V_97, i32 9, i32 16"   --->   Operation 410 'partselect' 'mult_V_149' <Predicate = true> <Delay = 0.00>
ST_1 : Operation 411 [1/1] (0.00ns)   --->   "%mult_V_150 = partselect i7 @_ssdm_op_PartSelect.i7.i2576.i32.i32, i2576 %p_read_19, i32 969, i32 975"   --->   Operation 411 'partselect' 'mult_V_150' <Predicate = true> <Delay = 0.00>
ST_1 : Operation 412 [1/1] (0.00ns)   --->   "%sext_ln818_63 = sext i7 %mult_V_150"   --->   Operation 412 'sext' 'sext_ln818_63' <Predicate = true> <Delay = 0.00>
ST_1 : Operation 413 [1/1] (0.00ns)   --->   "%a_V_50 = partselect i16 @_ssdm_op_PartSelect.i16.i2576.i32.i32, i2576 %p_read_19, i32 976, i32 991"   --->   Operation 413 'partselect' 'a_V_50' <Predicate = true> <Delay = 0.00>
ST_1 : Operation 414 [1/1] (0.00ns)   --->   "%mult_V_151 = partselect i7 @_ssdm_op_PartSelect.i7.i2576.i32.i32, i2576 %p_read_19, i32 985, i32 991"   --->   Operation 414 'partselect' 'mult_V_151' <Predicate = true> <Delay = 0.00>
ST_1 : Operation 415 [1/1] (0.00ns)   --->   "%sext_ln1273_75 = sext i16 %a_V_50"   --->   Operation 415 'sext' 'sext_ln1273_75' <Predicate = true> <Delay = 0.00>
ST_1 : Operation 416 [1/1] (2.07ns)   --->   "%r_V_98 = sub i17 0, i17 %sext_ln1273_75"   --->   Operation 416 'sub' 'r_V_98' <Predicate = true> <Delay = 2.07> <CoreInst = "Adder">   --->   Core 1 'Adder' <Latency = 0> <II = 1> <Delay = 2.07> <FuncUnit> <Opcode : 'add' 'sub'> <InPorts = 2> <OutPorts = 1>
ST_1 : Operation 417 [1/1] (0.00ns)   --->   "%mult_V_152 = partselect i8 @_ssdm_op_PartSelect.i8.i17.i32.i32, i17 %r_V_98, i32 9, i32 16"   --->   Operation 417 'partselect' 'mult_V_152' <Predicate = true> <Delay = 0.00>
ST_1 : Operation 418 [1/1] (0.00ns)   --->   "%a_V_51 = partselect i16 @_ssdm_op_PartSelect.i16.i2576.i32.i32, i2576 %p_read_19, i32 992, i32 1007"   --->   Operation 418 'partselect' 'a_V_51' <Predicate = true> <Delay = 0.00>
ST_1 : Operation 419 [1/1] (0.00ns)   --->   "%sext_ln1273_76 = sext i16 %a_V_51"   --->   Operation 419 'sext' 'sext_ln1273_76' <Predicate = true> <Delay = 0.00>
ST_1 : Operation 420 [1/1] (2.07ns)   --->   "%r_V_99 = sub i17 0, i17 %sext_ln1273_76"   --->   Operation 420 'sub' 'r_V_99' <Predicate = true> <Delay = 2.07> <CoreInst = "Adder">   --->   Core 1 'Adder' <Latency = 0> <II = 1> <Delay = 2.07> <FuncUnit> <Opcode : 'add' 'sub'> <InPorts = 2> <OutPorts = 1>
ST_1 : Operation 421 [1/1] (0.00ns)   --->   "%mult_V_153 = partselect i8 @_ssdm_op_PartSelect.i8.i17.i32.i32, i17 %r_V_99, i32 9, i32 16"   --->   Operation 421 'partselect' 'mult_V_153' <Predicate = true> <Delay = 0.00>
ST_1 : Operation 422 [1/1] (0.00ns)   --->   "%mult_V_154 = partselect i7 @_ssdm_op_PartSelect.i7.i2576.i32.i32, i2576 %p_read_19, i32 1001, i32 1007"   --->   Operation 422 'partselect' 'mult_V_154' <Predicate = true> <Delay = 0.00>
ST_1 : Operation 423 [1/1] (0.00ns)   --->   "%sext_ln818_65 = sext i7 %mult_V_154"   --->   Operation 423 'sext' 'sext_ln818_65' <Predicate = true> <Delay = 0.00>
ST_1 : Operation 424 [1/1] (0.00ns)   --->   "%a_V_52 = partselect i16 @_ssdm_op_PartSelect.i16.i2576.i32.i32, i2576 %p_read_19, i32 1008, i32 1023"   --->   Operation 424 'partselect' 'a_V_52' <Predicate = true> <Delay = 0.00>
ST_1 : Operation 425 [1/1] (0.00ns)   --->   "%sext_ln1273_77 = sext i16 %a_V_52"   --->   Operation 425 'sext' 'sext_ln1273_77' <Predicate = true> <Delay = 0.00>
ST_1 : Operation 426 [1/1] (2.07ns)   --->   "%r_V_100 = sub i17 0, i17 %sext_ln1273_77"   --->   Operation 426 'sub' 'r_V_100' <Predicate = true> <Delay = 2.07> <CoreInst = "Adder">   --->   Core 1 'Adder' <Latency = 0> <II = 1> <Delay = 2.07> <FuncUnit> <Opcode : 'add' 'sub'> <InPorts = 2> <OutPorts = 1>
ST_1 : Operation 427 [1/1] (0.00ns)   --->   "%mult_V_155 = partselect i8 @_ssdm_op_PartSelect.i8.i17.i32.i32, i17 %r_V_100, i32 9, i32 16"   --->   Operation 427 'partselect' 'mult_V_155' <Predicate = true> <Delay = 0.00>
ST_1 : Operation 428 [1/1] (0.00ns)   --->   "%mult_V_156 = partselect i7 @_ssdm_op_PartSelect.i7.i2576.i32.i32, i2576 %p_read_19, i32 1017, i32 1023"   --->   Operation 428 'partselect' 'mult_V_156' <Predicate = true> <Delay = 0.00>
ST_1 : Operation 429 [1/1] (0.00ns)   --->   "%sext_ln818_66 = sext i7 %mult_V_156"   --->   Operation 429 'sext' 'sext_ln818_66' <Predicate = true> <Delay = 0.00>
ST_1 : Operation 430 [1/1] (0.00ns)   --->   "%a_V_53 = partselect i16 @_ssdm_op_PartSelect.i16.i2576.i32.i32, i2576 %p_read_19, i32 1024, i32 1039"   --->   Operation 430 'partselect' 'a_V_53' <Predicate = true> <Delay = 0.00>
ST_1 : Operation 431 [1/1] (0.00ns)   --->   "%sext_ln1273_78 = sext i16 %a_V_53"   --->   Operation 431 'sext' 'sext_ln1273_78' <Predicate = true> <Delay = 0.00>
ST_1 : Operation 432 [1/1] (2.07ns)   --->   "%r_V_101 = sub i17 0, i17 %sext_ln1273_78"   --->   Operation 432 'sub' 'r_V_101' <Predicate = true> <Delay = 2.07> <CoreInst = "Adder">   --->   Core 1 'Adder' <Latency = 0> <II = 1> <Delay = 2.07> <FuncUnit> <Opcode : 'add' 'sub'> <InPorts = 2> <OutPorts = 1>
ST_1 : Operation 433 [1/1] (0.00ns)   --->   "%mult_V_157 = partselect i8 @_ssdm_op_PartSelect.i8.i17.i32.i32, i17 %r_V_101, i32 9, i32 16"   --->   Operation 433 'partselect' 'mult_V_157' <Predicate = true> <Delay = 0.00>
ST_1 : Operation 434 [1/1] (0.00ns)   --->   "%mult_V_158 = partselect i7 @_ssdm_op_PartSelect.i7.i2576.i32.i32, i2576 %p_read_19, i32 1033, i32 1039"   --->   Operation 434 'partselect' 'mult_V_158' <Predicate = true> <Delay = 0.00>
ST_1 : Operation 435 [1/1] (0.00ns)   --->   "%a_V_54 = partselect i16 @_ssdm_op_PartSelect.i16.i2576.i32.i32, i2576 %p_read_19, i32 1040, i32 1055"   --->   Operation 435 'partselect' 'a_V_54' <Predicate = true> <Delay = 0.00>
ST_1 : Operation 436 [1/1] (0.00ns)   --->   "%mult_V_159 = partselect i7 @_ssdm_op_PartSelect.i7.i2576.i32.i32, i2576 %p_read_19, i32 1049, i32 1055"   --->   Operation 436 'partselect' 'mult_V_159' <Predicate = true> <Delay = 0.00>
ST_1 : Operation 437 [1/1] (0.00ns)   --->   "%sext_ln818_68 = sext i7 %mult_V_159"   --->   Operation 437 'sext' 'sext_ln818_68' <Predicate = true> <Delay = 0.00>
ST_1 : Operation 438 [1/1] (0.00ns)   --->   "%sext_ln1273_79 = sext i16 %a_V_54"   --->   Operation 438 'sext' 'sext_ln1273_79' <Predicate = true> <Delay = 0.00>
ST_1 : Operation 439 [1/1] (2.07ns)   --->   "%r_V_102 = sub i17 0, i17 %sext_ln1273_79"   --->   Operation 439 'sub' 'r_V_102' <Predicate = true> <Delay = 2.07> <CoreInst = "Adder">   --->   Core 1 'Adder' <Latency = 0> <II = 1> <Delay = 2.07> <FuncUnit> <Opcode : 'add' 'sub'> <InPorts = 2> <OutPorts = 1>
ST_1 : Operation 440 [1/1] (0.00ns)   --->   "%mult_V_160 = partselect i8 @_ssdm_op_PartSelect.i8.i17.i32.i32, i17 %r_V_102, i32 9, i32 16"   --->   Operation 440 'partselect' 'mult_V_160' <Predicate = true> <Delay = 0.00>
ST_1 : Operation 441 [1/1] (0.00ns)   --->   "%a_V_55 = partselect i16 @_ssdm_op_PartSelect.i16.i2576.i32.i32, i2576 %p_read_19, i32 1056, i32 1071"   --->   Operation 441 'partselect' 'a_V_55' <Predicate = true> <Delay = 0.00>
ST_1 : Operation 442 [1/1] (0.00ns)   --->   "%mult_V_161 = partselect i7 @_ssdm_op_PartSelect.i7.i2576.i32.i32, i2576 %p_read_19, i32 1065, i32 1071"   --->   Operation 442 'partselect' 'mult_V_161' <Predicate = true> <Delay = 0.00>
ST_1 : Operation 443 [1/1] (0.00ns)   --->   "%sext_ln818_69 = sext i7 %mult_V_161"   --->   Operation 443 'sext' 'sext_ln818_69' <Predicate = true> <Delay = 0.00>
ST_1 : Operation 444 [1/1] (0.00ns)   --->   "%sext_ln1273_80 = sext i16 %a_V_55"   --->   Operation 444 'sext' 'sext_ln1273_80' <Predicate = true> <Delay = 0.00>
ST_1 : Operation 445 [1/1] (2.07ns)   --->   "%r_V_103 = sub i17 0, i17 %sext_ln1273_80"   --->   Operation 445 'sub' 'r_V_103' <Predicate = true> <Delay = 2.07> <CoreInst = "Adder">   --->   Core 1 'Adder' <Latency = 0> <II = 1> <Delay = 2.07> <FuncUnit> <Opcode : 'add' 'sub'> <InPorts = 2> <OutPorts = 1>
ST_1 : Operation 446 [1/1] (0.00ns)   --->   "%mult_V_162 = partselect i8 @_ssdm_op_PartSelect.i8.i17.i32.i32, i17 %r_V_103, i32 9, i32 16"   --->   Operation 446 'partselect' 'mult_V_162' <Predicate = true> <Delay = 0.00>
ST_1 : Operation 447 [1/1] (0.00ns)   --->   "%a_V_56 = partselect i16 @_ssdm_op_PartSelect.i16.i2576.i32.i32, i2576 %p_read_19, i32 1072, i32 1087"   --->   Operation 447 'partselect' 'a_V_56' <Predicate = true> <Delay = 0.00>
ST_1 : Operation 448 [1/1] (0.00ns)   --->   "%mult_V_163 = partselect i7 @_ssdm_op_PartSelect.i7.i2576.i32.i32, i2576 %p_read_19, i32 1081, i32 1087"   --->   Operation 448 'partselect' 'mult_V_163' <Predicate = true> <Delay = 0.00>
ST_1 : Operation 449 [1/1] (0.00ns)   --->   "%sext_ln818_70 = sext i7 %mult_V_163"   --->   Operation 449 'sext' 'sext_ln818_70' <Predicate = true> <Delay = 0.00>
ST_1 : Operation 450 [1/1] (0.00ns)   --->   "%sext_ln1273_81 = sext i16 %a_V_56"   --->   Operation 450 'sext' 'sext_ln1273_81' <Predicate = true> <Delay = 0.00>
ST_1 : Operation 451 [1/1] (2.07ns)   --->   "%r_V_104 = sub i17 0, i17 %sext_ln1273_81"   --->   Operation 451 'sub' 'r_V_104' <Predicate = true> <Delay = 2.07> <CoreInst = "Adder">   --->   Core 1 'Adder' <Latency = 0> <II = 1> <Delay = 2.07> <FuncUnit> <Opcode : 'add' 'sub'> <InPorts = 2> <OutPorts = 1>
ST_1 : Operation 452 [1/1] (0.00ns)   --->   "%mult_V_164 = partselect i8 @_ssdm_op_PartSelect.i8.i17.i32.i32, i17 %r_V_104, i32 9, i32 16"   --->   Operation 452 'partselect' 'mult_V_164' <Predicate = true> <Delay = 0.00>
ST_1 : Operation 453 [1/1] (0.00ns)   --->   "%a_V_150 = partselect i16 @_ssdm_op_PartSelect.i16.i2576.i32.i32, i2576 %p_read_19, i32 1088, i32 1103"   --->   Operation 453 'partselect' 'a_V_150' <Predicate = true> <Delay = 0.00>
ST_1 : Operation 454 [1/1] (0.00ns)   --->   "%sext_ln70_4 = sext i16 %a_V_150" [firmware/nnet_utils/nnet_mult.h:70]   --->   Operation 454 'sext' 'sext_ln70_4' <Predicate = true> <Delay = 0.00>
ST_1 : Operation 455 [1/1] (2.07ns)   --->   "%r_V_106 = sub i17 0, i17 %sext_ln70_4"   --->   Operation 455 'sub' 'r_V_106' <Predicate = true> <Delay = 2.07> <CoreInst = "Adder">   --->   Core 1 'Adder' <Latency = 0> <II = 1> <Delay = 2.07> <FuncUnit> <Opcode : 'add' 'sub'> <InPorts = 2> <OutPorts = 1>
ST_1 : Operation 456 [1/1] (0.00ns)   --->   "%mult_V_165 = partselect i8 @_ssdm_op_PartSelect.i8.i17.i32.i32, i17 %r_V_106, i32 9, i32 16"   --->   Operation 456 'partselect' 'mult_V_165' <Predicate = true> <Delay = 0.00>
ST_1 : Operation 457 [1/1] (0.00ns)   --->   "%a_V_58 = partselect i16 @_ssdm_op_PartSelect.i16.i2576.i32.i32, i2576 %p_read_19, i32 1104, i32 1119"   --->   Operation 457 'partselect' 'a_V_58' <Predicate = true> <Delay = 0.00>
ST_1 : Operation 458 [1/1] (0.00ns)   --->   "%mult_V_166 = partselect i7 @_ssdm_op_PartSelect.i7.i2576.i32.i32, i2576 %p_read_19, i32 1113, i32 1119"   --->   Operation 458 'partselect' 'mult_V_166' <Predicate = true> <Delay = 0.00>
ST_1 : Operation 459 [1/1] (0.00ns)   --->   "%sext_ln818_71 = sext i7 %mult_V_166"   --->   Operation 459 'sext' 'sext_ln818_71' <Predicate = true> <Delay = 0.00>
ST_1 : Operation 460 [1/1] (0.00ns)   --->   "%sext_ln1273_82 = sext i16 %a_V_58"   --->   Operation 460 'sext' 'sext_ln1273_82' <Predicate = true> <Delay = 0.00>
ST_1 : Operation 461 [1/1] (2.07ns)   --->   "%r_V_107 = sub i17 0, i17 %sext_ln1273_82"   --->   Operation 461 'sub' 'r_V_107' <Predicate = true> <Delay = 2.07> <CoreInst = "Adder">   --->   Core 1 'Adder' <Latency = 0> <II = 1> <Delay = 2.07> <FuncUnit> <Opcode : 'add' 'sub'> <InPorts = 2> <OutPorts = 1>
ST_1 : Operation 462 [1/1] (0.00ns)   --->   "%mult_V_167 = partselect i8 @_ssdm_op_PartSelect.i8.i17.i32.i32, i17 %r_V_107, i32 9, i32 16"   --->   Operation 462 'partselect' 'mult_V_167' <Predicate = true> <Delay = 0.00>
ST_1 : Operation 463 [1/1] (0.00ns)   --->   "%a_V_151 = partselect i16 @_ssdm_op_PartSelect.i16.i2576.i32.i32, i2576 %p_read_19, i32 1120, i32 1135"   --->   Operation 463 'partselect' 'a_V_151' <Predicate = true> <Delay = 0.00>
ST_1 : Operation 464 [1/1] (0.00ns)   --->   "%sext_ln70_5 = sext i16 %a_V_151" [firmware/nnet_utils/nnet_mult.h:70]   --->   Operation 464 'sext' 'sext_ln70_5' <Predicate = true> <Delay = 0.00>
ST_1 : Operation 465 [1/1] (2.07ns)   --->   "%r_V_109 = sub i17 0, i17 %sext_ln70_5"   --->   Operation 465 'sub' 'r_V_109' <Predicate = true> <Delay = 2.07> <CoreInst = "Adder">   --->   Core 1 'Adder' <Latency = 0> <II = 1> <Delay = 2.07> <FuncUnit> <Opcode : 'add' 'sub'> <InPorts = 2> <OutPorts = 1>
ST_1 : Operation 466 [1/1] (0.00ns)   --->   "%mult_V_168 = partselect i8 @_ssdm_op_PartSelect.i8.i17.i32.i32, i17 %r_V_109, i32 9, i32 16"   --->   Operation 466 'partselect' 'mult_V_168' <Predicate = true> <Delay = 0.00>
ST_1 : Operation 467 [1/1] (0.00ns)   --->   "%a_V_60 = partselect i16 @_ssdm_op_PartSelect.i16.i2576.i32.i32, i2576 %p_read_19, i32 1136, i32 1151"   --->   Operation 467 'partselect' 'a_V_60' <Predicate = true> <Delay = 0.00>
ST_1 : Operation 468 [1/1] (0.00ns)   --->   "%sext_ln1273_83 = sext i16 %a_V_60"   --->   Operation 468 'sext' 'sext_ln1273_83' <Predicate = true> <Delay = 0.00>
ST_1 : Operation 469 [1/1] (2.07ns)   --->   "%r_V_110 = sub i17 0, i17 %sext_ln1273_83"   --->   Operation 469 'sub' 'r_V_110' <Predicate = true> <Delay = 2.07> <CoreInst = "Adder">   --->   Core 1 'Adder' <Latency = 0> <II = 1> <Delay = 2.07> <FuncUnit> <Opcode : 'add' 'sub'> <InPorts = 2> <OutPorts = 1>
ST_1 : Operation 470 [1/1] (0.00ns)   --->   "%mult_V_169 = partselect i8 @_ssdm_op_PartSelect.i8.i17.i32.i32, i17 %r_V_110, i32 9, i32 16"   --->   Operation 470 'partselect' 'mult_V_169' <Predicate = true> <Delay = 0.00>
ST_1 : Operation 471 [1/1] (0.00ns)   --->   "%mult_V_170 = partselect i7 @_ssdm_op_PartSelect.i7.i2576.i32.i32, i2576 %p_read_19, i32 1145, i32 1151"   --->   Operation 471 'partselect' 'mult_V_170' <Predicate = true> <Delay = 0.00>
ST_1 : Operation 472 [1/1] (0.00ns)   --->   "%a_V_61 = partselect i16 @_ssdm_op_PartSelect.i16.i2576.i32.i32, i2576 %p_read_19, i32 1152, i32 1167"   --->   Operation 472 'partselect' 'a_V_61' <Predicate = true> <Delay = 0.00>
ST_1 : Operation 473 [1/1] (0.00ns)   --->   "%sext_ln1273_84 = sext i16 %a_V_61"   --->   Operation 473 'sext' 'sext_ln1273_84' <Predicate = true> <Delay = 0.00>
ST_1 : Operation 474 [1/1] (2.07ns)   --->   "%r_V_111 = sub i17 0, i17 %sext_ln1273_84"   --->   Operation 474 'sub' 'r_V_111' <Predicate = true> <Delay = 2.07> <CoreInst = "Adder">   --->   Core 1 'Adder' <Latency = 0> <II = 1> <Delay = 2.07> <FuncUnit> <Opcode : 'add' 'sub'> <InPorts = 2> <OutPorts = 1>
ST_1 : Operation 475 [1/1] (0.00ns)   --->   "%mult_V_171 = partselect i8 @_ssdm_op_PartSelect.i8.i17.i32.i32, i17 %r_V_111, i32 9, i32 16"   --->   Operation 475 'partselect' 'mult_V_171' <Predicate = true> <Delay = 0.00>
ST_1 : Operation 476 [1/1] (0.00ns)   --->   "%mult_V_172 = partselect i7 @_ssdm_op_PartSelect.i7.i2576.i32.i32, i2576 %p_read_19, i32 1161, i32 1167"   --->   Operation 476 'partselect' 'mult_V_172' <Predicate = true> <Delay = 0.00>
ST_1 : Operation 477 [1/1] (0.00ns)   --->   "%a_V_152 = partselect i16 @_ssdm_op_PartSelect.i16.i2576.i32.i32, i2576 %p_read_19, i32 1168, i32 1183"   --->   Operation 477 'partselect' 'a_V_152' <Predicate = true> <Delay = 0.00>
ST_1 : Operation 478 [1/1] (0.00ns)   --->   "%sext_ln70_6 = sext i16 %a_V_152" [firmware/nnet_utils/nnet_mult.h:70]   --->   Operation 478 'sext' 'sext_ln70_6' <Predicate = true> <Delay = 0.00>
ST_1 : Operation 479 [1/1] (2.07ns)   --->   "%r_V_113 = sub i17 0, i17 %sext_ln70_6"   --->   Operation 479 'sub' 'r_V_113' <Predicate = true> <Delay = 2.07> <CoreInst = "Adder">   --->   Core 1 'Adder' <Latency = 0> <II = 1> <Delay = 2.07> <FuncUnit> <Opcode : 'add' 'sub'> <InPorts = 2> <OutPorts = 1>
ST_1 : Operation 480 [1/1] (0.00ns)   --->   "%mult_V_173 = partselect i8 @_ssdm_op_PartSelect.i8.i17.i32.i32, i17 %r_V_113, i32 9, i32 16"   --->   Operation 480 'partselect' 'mult_V_173' <Predicate = true> <Delay = 0.00>
ST_1 : Operation 481 [1/1] (0.00ns)   --->   "%a_V_63 = partselect i16 @_ssdm_op_PartSelect.i16.i2576.i32.i32, i2576 %p_read_19, i32 1184, i32 1199"   --->   Operation 481 'partselect' 'a_V_63' <Predicate = true> <Delay = 0.00>
ST_1 : Operation 482 [1/1] (0.00ns)   --->   "%mult_V_174 = partselect i7 @_ssdm_op_PartSelect.i7.i2576.i32.i32, i2576 %p_read_19, i32 1193, i32 1199"   --->   Operation 482 'partselect' 'mult_V_174' <Predicate = true> <Delay = 0.00>
ST_1 : Operation 483 [1/1] (0.00ns)   --->   "%sext_ln818_74 = sext i7 %mult_V_174"   --->   Operation 483 'sext' 'sext_ln818_74' <Predicate = true> <Delay = 0.00>
ST_1 : Operation 484 [1/1] (0.00ns)   --->   "%sext_ln1273_85 = sext i16 %a_V_63"   --->   Operation 484 'sext' 'sext_ln1273_85' <Predicate = true> <Delay = 0.00>
ST_1 : Operation 485 [1/1] (2.07ns)   --->   "%r_V_114 = sub i17 0, i17 %sext_ln1273_85"   --->   Operation 485 'sub' 'r_V_114' <Predicate = true> <Delay = 2.07> <CoreInst = "Adder">   --->   Core 1 'Adder' <Latency = 0> <II = 1> <Delay = 2.07> <FuncUnit> <Opcode : 'add' 'sub'> <InPorts = 2> <OutPorts = 1>
ST_1 : Operation 486 [1/1] (0.00ns)   --->   "%mult_V_175 = partselect i8 @_ssdm_op_PartSelect.i8.i17.i32.i32, i17 %r_V_114, i32 9, i32 16"   --->   Operation 486 'partselect' 'mult_V_175' <Predicate = true> <Delay = 0.00>
ST_1 : Operation 487 [1/1] (0.00ns)   --->   "%a_V_64 = partselect i16 @_ssdm_op_PartSelect.i16.i2576.i32.i32, i2576 %p_read_19, i32 1200, i32 1215"   --->   Operation 487 'partselect' 'a_V_64' <Predicate = true> <Delay = 0.00>
ST_1 : Operation 488 [1/1] (0.00ns)   --->   "%sext_ln1273_86 = sext i16 %a_V_64"   --->   Operation 488 'sext' 'sext_ln1273_86' <Predicate = true> <Delay = 0.00>
ST_1 : Operation 489 [1/1] (2.07ns)   --->   "%r_V_115 = sub i17 0, i17 %sext_ln1273_86"   --->   Operation 489 'sub' 'r_V_115' <Predicate = true> <Delay = 2.07> <CoreInst = "Adder">   --->   Core 1 'Adder' <Latency = 0> <II = 1> <Delay = 2.07> <FuncUnit> <Opcode : 'add' 'sub'> <InPorts = 2> <OutPorts = 1>
ST_1 : Operation 490 [1/1] (0.00ns)   --->   "%mult_V_176 = partselect i8 @_ssdm_op_PartSelect.i8.i17.i32.i32, i17 %r_V_115, i32 9, i32 16"   --->   Operation 490 'partselect' 'mult_V_176' <Predicate = true> <Delay = 0.00>
ST_1 : Operation 491 [1/1] (0.00ns)   --->   "%mult_V_177 = partselect i7 @_ssdm_op_PartSelect.i7.i2576.i32.i32, i2576 %p_read_19, i32 1209, i32 1215"   --->   Operation 491 'partselect' 'mult_V_177' <Predicate = true> <Delay = 0.00>
ST_1 : Operation 492 [1/1] (0.00ns)   --->   "%sext_ln818_75 = sext i7 %mult_V_177"   --->   Operation 492 'sext' 'sext_ln818_75' <Predicate = true> <Delay = 0.00>
ST_1 : Operation 493 [1/1] (0.00ns)   --->   "%a_V_65 = partselect i16 @_ssdm_op_PartSelect.i16.i2576.i32.i32, i2576 %p_read_19, i32 1216, i32 1231"   --->   Operation 493 'partselect' 'a_V_65' <Predicate = true> <Delay = 0.00>
ST_1 : Operation 494 [1/1] (0.00ns)   --->   "%mult_V_178 = partselect i7 @_ssdm_op_PartSelect.i7.i2576.i32.i32, i2576 %p_read_19, i32 1225, i32 1231"   --->   Operation 494 'partselect' 'mult_V_178' <Predicate = true> <Delay = 0.00>
ST_1 : Operation 495 [1/1] (0.00ns)   --->   "%sext_ln818_76 = sext i7 %mult_V_178"   --->   Operation 495 'sext' 'sext_ln818_76' <Predicate = true> <Delay = 0.00>
ST_1 : Operation 496 [1/1] (0.00ns)   --->   "%sext_ln1273_87 = sext i16 %a_V_65"   --->   Operation 496 'sext' 'sext_ln1273_87' <Predicate = true> <Delay = 0.00>
ST_1 : Operation 497 [1/1] (2.07ns)   --->   "%r_V_116 = sub i17 0, i17 %sext_ln1273_87"   --->   Operation 497 'sub' 'r_V_116' <Predicate = true> <Delay = 2.07> <CoreInst = "Adder">   --->   Core 1 'Adder' <Latency = 0> <II = 1> <Delay = 2.07> <FuncUnit> <Opcode : 'add' 'sub'> <InPorts = 2> <OutPorts = 1>
ST_1 : Operation 498 [1/1] (0.00ns)   --->   "%mult_V_179 = partselect i8 @_ssdm_op_PartSelect.i8.i17.i32.i32, i17 %r_V_116, i32 9, i32 16"   --->   Operation 498 'partselect' 'mult_V_179' <Predicate = true> <Delay = 0.00>
ST_1 : Operation 499 [1/1] (0.00ns)   --->   "%a_V_66 = partselect i16 @_ssdm_op_PartSelect.i16.i2576.i32.i32, i2576 %p_read_19, i32 1232, i32 1247"   --->   Operation 499 'partselect' 'a_V_66' <Predicate = true> <Delay = 0.00>
ST_1 : Operation 500 [1/1] (0.00ns)   --->   "%mult_V_180 = partselect i7 @_ssdm_op_PartSelect.i7.i2576.i32.i32, i2576 %p_read_19, i32 1241, i32 1247"   --->   Operation 500 'partselect' 'mult_V_180' <Predicate = true> <Delay = 0.00>
ST_1 : Operation 501 [1/1] (0.00ns)   --->   "%sext_ln818_77 = sext i7 %mult_V_180"   --->   Operation 501 'sext' 'sext_ln818_77' <Predicate = true> <Delay = 0.00>
ST_1 : Operation 502 [1/1] (0.00ns)   --->   "%sext_ln1273_88 = sext i16 %a_V_66"   --->   Operation 502 'sext' 'sext_ln1273_88' <Predicate = true> <Delay = 0.00>
ST_1 : Operation 503 [1/1] (2.07ns)   --->   "%r_V_117 = sub i17 0, i17 %sext_ln1273_88"   --->   Operation 503 'sub' 'r_V_117' <Predicate = true> <Delay = 2.07> <CoreInst = "Adder">   --->   Core 1 'Adder' <Latency = 0> <II = 1> <Delay = 2.07> <FuncUnit> <Opcode : 'add' 'sub'> <InPorts = 2> <OutPorts = 1>
ST_1 : Operation 504 [1/1] (0.00ns)   --->   "%mult_V_181 = partselect i8 @_ssdm_op_PartSelect.i8.i17.i32.i32, i17 %r_V_117, i32 9, i32 16"   --->   Operation 504 'partselect' 'mult_V_181' <Predicate = true> <Delay = 0.00>
ST_1 : Operation 505 [1/1] (0.00ns)   --->   "%a_V_67 = partselect i16 @_ssdm_op_PartSelect.i16.i2576.i32.i32, i2576 %p_read_19, i32 1248, i32 1263"   --->   Operation 505 'partselect' 'a_V_67' <Predicate = true> <Delay = 0.00>
ST_1 : Operation 506 [1/1] (0.00ns)   --->   "%sext_ln1273_89 = sext i16 %a_V_67"   --->   Operation 506 'sext' 'sext_ln1273_89' <Predicate = true> <Delay = 0.00>
ST_1 : Operation 507 [1/1] (2.07ns)   --->   "%r_V_118 = sub i17 0, i17 %sext_ln1273_89"   --->   Operation 507 'sub' 'r_V_118' <Predicate = true> <Delay = 2.07> <CoreInst = "Adder">   --->   Core 1 'Adder' <Latency = 0> <II = 1> <Delay = 2.07> <FuncUnit> <Opcode : 'add' 'sub'> <InPorts = 2> <OutPorts = 1>
ST_1 : Operation 508 [1/1] (0.00ns)   --->   "%mult_V_182 = partselect i8 @_ssdm_op_PartSelect.i8.i17.i32.i32, i17 %r_V_118, i32 9, i32 16"   --->   Operation 508 'partselect' 'mult_V_182' <Predicate = true> <Delay = 0.00>
ST_1 : Operation 509 [1/1] (0.00ns)   --->   "%mult_V_183 = partselect i7 @_ssdm_op_PartSelect.i7.i2576.i32.i32, i2576 %p_read_19, i32 1257, i32 1263"   --->   Operation 509 'partselect' 'mult_V_183' <Predicate = true> <Delay = 0.00>
ST_1 : Operation 510 [1/1] (0.00ns)   --->   "%sext_ln818_78 = sext i7 %mult_V_183"   --->   Operation 510 'sext' 'sext_ln818_78' <Predicate = true> <Delay = 0.00>
ST_1 : Operation 511 [1/1] (0.00ns)   --->   "%a_V_68 = partselect i16 @_ssdm_op_PartSelect.i16.i2576.i32.i32, i2576 %p_read_19, i32 1264, i32 1279"   --->   Operation 511 'partselect' 'a_V_68' <Predicate = true> <Delay = 0.00>
ST_1 : Operation 512 [1/1] (0.00ns)   --->   "%mult_V_184 = partselect i7 @_ssdm_op_PartSelect.i7.i2576.i32.i32, i2576 %p_read_19, i32 1273, i32 1279"   --->   Operation 512 'partselect' 'mult_V_184' <Predicate = true> <Delay = 0.00>
ST_1 : Operation 513 [1/1] (0.00ns)   --->   "%sext_ln818_79 = sext i7 %mult_V_184"   --->   Operation 513 'sext' 'sext_ln818_79' <Predicate = true> <Delay = 0.00>
ST_1 : Operation 514 [1/1] (0.00ns)   --->   "%sext_ln1273_90 = sext i16 %a_V_68"   --->   Operation 514 'sext' 'sext_ln1273_90' <Predicate = true> <Delay = 0.00>
ST_1 : Operation 515 [1/1] (2.07ns)   --->   "%r_V_119 = sub i17 0, i17 %sext_ln1273_90"   --->   Operation 515 'sub' 'r_V_119' <Predicate = true> <Delay = 2.07> <CoreInst = "Adder">   --->   Core 1 'Adder' <Latency = 0> <II = 1> <Delay = 2.07> <FuncUnit> <Opcode : 'add' 'sub'> <InPorts = 2> <OutPorts = 1>
ST_1 : Operation 516 [1/1] (0.00ns)   --->   "%mult_V_185 = partselect i8 @_ssdm_op_PartSelect.i8.i17.i32.i32, i17 %r_V_119, i32 9, i32 16"   --->   Operation 516 'partselect' 'mult_V_185' <Predicate = true> <Delay = 0.00>
ST_1 : Operation 517 [1/1] (0.00ns)   --->   "%a_V_69 = partselect i16 @_ssdm_op_PartSelect.i16.i2576.i32.i32, i2576 %p_read_19, i32 1280, i32 1295"   --->   Operation 517 'partselect' 'a_V_69' <Predicate = true> <Delay = 0.00>
ST_1 : Operation 518 [1/1] (0.00ns)   --->   "%mult_V_186 = partselect i7 @_ssdm_op_PartSelect.i7.i2576.i32.i32, i2576 %p_read_19, i32 1289, i32 1295"   --->   Operation 518 'partselect' 'mult_V_186' <Predicate = true> <Delay = 0.00>
ST_1 : Operation 519 [1/1] (0.00ns)   --->   "%sext_ln818_80 = sext i7 %mult_V_186"   --->   Operation 519 'sext' 'sext_ln818_80' <Predicate = true> <Delay = 0.00>
ST_1 : Operation 520 [1/1] (0.00ns)   --->   "%sext_ln1273_91 = sext i16 %a_V_69"   --->   Operation 520 'sext' 'sext_ln1273_91' <Predicate = true> <Delay = 0.00>
ST_1 : Operation 521 [1/1] (2.07ns)   --->   "%r_V_120 = sub i17 0, i17 %sext_ln1273_91"   --->   Operation 521 'sub' 'r_V_120' <Predicate = true> <Delay = 2.07> <CoreInst = "Adder">   --->   Core 1 'Adder' <Latency = 0> <II = 1> <Delay = 2.07> <FuncUnit> <Opcode : 'add' 'sub'> <InPorts = 2> <OutPorts = 1>
ST_1 : Operation 522 [1/1] (0.00ns)   --->   "%mult_V_187 = partselect i8 @_ssdm_op_PartSelect.i8.i17.i32.i32, i17 %r_V_120, i32 9, i32 16"   --->   Operation 522 'partselect' 'mult_V_187' <Predicate = true> <Delay = 0.00>
ST_1 : Operation 523 [1/1] (0.00ns)   --->   "%a_V_153 = partselect i16 @_ssdm_op_PartSelect.i16.i2576.i32.i32, i2576 %p_read_19, i32 1296, i32 1311"   --->   Operation 523 'partselect' 'a_V_153' <Predicate = true> <Delay = 0.00>
ST_1 : Operation 524 [1/1] (0.00ns)   --->   "%sext_ln70_7 = sext i16 %a_V_153" [firmware/nnet_utils/nnet_mult.h:70]   --->   Operation 524 'sext' 'sext_ln70_7' <Predicate = true> <Delay = 0.00>
ST_1 : Operation 525 [1/1] (2.07ns)   --->   "%r_V_122 = sub i17 0, i17 %sext_ln70_7"   --->   Operation 525 'sub' 'r_V_122' <Predicate = true> <Delay = 2.07> <CoreInst = "Adder">   --->   Core 1 'Adder' <Latency = 0> <II = 1> <Delay = 2.07> <FuncUnit> <Opcode : 'add' 'sub'> <InPorts = 2> <OutPorts = 1>
ST_1 : Operation 526 [1/1] (0.00ns)   --->   "%mult_V_188 = partselect i8 @_ssdm_op_PartSelect.i8.i17.i32.i32, i17 %r_V_122, i32 9, i32 16"   --->   Operation 526 'partselect' 'mult_V_188' <Predicate = true> <Delay = 0.00>
ST_1 : Operation 527 [1/1] (0.00ns)   --->   "%a_V_154 = partselect i16 @_ssdm_op_PartSelect.i16.i2576.i32.i32, i2576 %p_read_19, i32 1312, i32 1327"   --->   Operation 527 'partselect' 'a_V_154' <Predicate = true> <Delay = 0.00>
ST_1 : Operation 528 [1/1] (0.00ns)   --->   "%sext_ln70_8 = sext i16 %a_V_154" [firmware/nnet_utils/nnet_mult.h:70]   --->   Operation 528 'sext' 'sext_ln70_8' <Predicate = true> <Delay = 0.00>
ST_1 : Operation 529 [1/1] (2.07ns)   --->   "%r_V_124 = sub i17 0, i17 %sext_ln70_8"   --->   Operation 529 'sub' 'r_V_124' <Predicate = true> <Delay = 2.07> <CoreInst = "Adder">   --->   Core 1 'Adder' <Latency = 0> <II = 1> <Delay = 2.07> <FuncUnit> <Opcode : 'add' 'sub'> <InPorts = 2> <OutPorts = 1>
ST_1 : Operation 530 [1/1] (0.00ns)   --->   "%mult_V_189 = partselect i8 @_ssdm_op_PartSelect.i8.i17.i32.i32, i17 %r_V_124, i32 9, i32 16"   --->   Operation 530 'partselect' 'mult_V_189' <Predicate = true> <Delay = 0.00>
ST_1 : Operation 531 [1/1] (0.00ns)   --->   "%a_V_155 = partselect i16 @_ssdm_op_PartSelect.i16.i2576.i32.i32, i2576 %p_read_19, i32 1328, i32 1343"   --->   Operation 531 'partselect' 'a_V_155' <Predicate = true> <Delay = 0.00>
ST_1 : Operation 532 [1/1] (0.00ns)   --->   "%sext_ln70_9 = sext i16 %a_V_155" [firmware/nnet_utils/nnet_mult.h:70]   --->   Operation 532 'sext' 'sext_ln70_9' <Predicate = true> <Delay = 0.00>
ST_1 : Operation 533 [1/1] (2.07ns)   --->   "%r_V_126 = sub i17 0, i17 %sext_ln70_9"   --->   Operation 533 'sub' 'r_V_126' <Predicate = true> <Delay = 2.07> <CoreInst = "Adder">   --->   Core 1 'Adder' <Latency = 0> <II = 1> <Delay = 2.07> <FuncUnit> <Opcode : 'add' 'sub'> <InPorts = 2> <OutPorts = 1>
ST_1 : Operation 534 [1/1] (0.00ns)   --->   "%mult_V_190 = partselect i8 @_ssdm_op_PartSelect.i8.i17.i32.i32, i17 %r_V_126, i32 9, i32 16"   --->   Operation 534 'partselect' 'mult_V_190' <Predicate = true> <Delay = 0.00>
ST_1 : Operation 535 [1/1] (0.00ns)   --->   "%a_V_156 = partselect i16 @_ssdm_op_PartSelect.i16.i2576.i32.i32, i2576 %p_read_19, i32 1344, i32 1359"   --->   Operation 535 'partselect' 'a_V_156' <Predicate = true> <Delay = 0.00>
ST_1 : Operation 536 [1/1] (0.00ns)   --->   "%sext_ln70_10 = sext i16 %a_V_156" [firmware/nnet_utils/nnet_mult.h:70]   --->   Operation 536 'sext' 'sext_ln70_10' <Predicate = true> <Delay = 0.00>
ST_1 : Operation 537 [1/1] (2.07ns)   --->   "%r_V_128 = sub i17 0, i17 %sext_ln70_10"   --->   Operation 537 'sub' 'r_V_128' <Predicate = true> <Delay = 2.07> <CoreInst = "Adder">   --->   Core 1 'Adder' <Latency = 0> <II = 1> <Delay = 2.07> <FuncUnit> <Opcode : 'add' 'sub'> <InPorts = 2> <OutPorts = 1>
ST_1 : Operation 538 [1/1] (0.00ns)   --->   "%mult_V_191 = partselect i8 @_ssdm_op_PartSelect.i8.i17.i32.i32, i17 %r_V_128, i32 9, i32 16"   --->   Operation 538 'partselect' 'mult_V_191' <Predicate = true> <Delay = 0.00>
ST_1 : Operation 539 [1/1] (0.00ns)   --->   "%a_V_74 = partselect i16 @_ssdm_op_PartSelect.i16.i2576.i32.i32, i2576 %p_read_19, i32 1360, i32 1375"   --->   Operation 539 'partselect' 'a_V_74' <Predicate = true> <Delay = 0.00>
ST_1 : Operation 540 [1/1] (0.00ns)   --->   "%sext_ln1273_92 = sext i16 %a_V_74"   --->   Operation 540 'sext' 'sext_ln1273_92' <Predicate = true> <Delay = 0.00>
ST_1 : Operation 541 [1/1] (2.07ns)   --->   "%r_V_129 = sub i17 0, i17 %sext_ln1273_92"   --->   Operation 541 'sub' 'r_V_129' <Predicate = true> <Delay = 2.07> <CoreInst = "Adder">   --->   Core 1 'Adder' <Latency = 0> <II = 1> <Delay = 2.07> <FuncUnit> <Opcode : 'add' 'sub'> <InPorts = 2> <OutPorts = 1>
ST_1 : Operation 542 [1/1] (0.00ns)   --->   "%mult_V_192 = partselect i8 @_ssdm_op_PartSelect.i8.i17.i32.i32, i17 %r_V_129, i32 9, i32 16"   --->   Operation 542 'partselect' 'mult_V_192' <Predicate = true> <Delay = 0.00>
ST_1 : Operation 543 [1/1] (0.00ns)   --->   "%mult_V_193 = partselect i7 @_ssdm_op_PartSelect.i7.i2576.i32.i32, i2576 %p_read_19, i32 1369, i32 1375"   --->   Operation 543 'partselect' 'mult_V_193' <Predicate = true> <Delay = 0.00>
ST_1 : Operation 544 [1/1] (0.00ns)   --->   "%sext_ln818_81 = sext i7 %mult_V_193"   --->   Operation 544 'sext' 'sext_ln818_81' <Predicate = true> <Delay = 0.00>
ST_1 : Operation 545 [1/1] (0.00ns)   --->   "%a_V_157 = partselect i16 @_ssdm_op_PartSelect.i16.i2576.i32.i32, i2576 %p_read_19, i32 1376, i32 1391"   --->   Operation 545 'partselect' 'a_V_157' <Predicate = true> <Delay = 0.00>
ST_1 : Operation 546 [1/1] (0.00ns)   --->   "%sext_ln70_11 = sext i16 %a_V_157" [firmware/nnet_utils/nnet_mult.h:70]   --->   Operation 546 'sext' 'sext_ln70_11' <Predicate = true> <Delay = 0.00>
ST_1 : Operation 547 [1/1] (2.07ns)   --->   "%r_V_131 = sub i17 0, i17 %sext_ln70_11"   --->   Operation 547 'sub' 'r_V_131' <Predicate = true> <Delay = 2.07> <CoreInst = "Adder">   --->   Core 1 'Adder' <Latency = 0> <II = 1> <Delay = 2.07> <FuncUnit> <Opcode : 'add' 'sub'> <InPorts = 2> <OutPorts = 1>
ST_1 : Operation 548 [1/1] (0.00ns)   --->   "%mult_V_194 = partselect i8 @_ssdm_op_PartSelect.i8.i17.i32.i32, i17 %r_V_131, i32 9, i32 16"   --->   Operation 548 'partselect' 'mult_V_194' <Predicate = true> <Delay = 0.00>
ST_1 : Operation 549 [1/1] (0.00ns)   --->   "%a_V_158 = partselect i16 @_ssdm_op_PartSelect.i16.i2576.i32.i32, i2576 %p_read_19, i32 1392, i32 1407"   --->   Operation 549 'partselect' 'a_V_158' <Predicate = true> <Delay = 0.00>
ST_1 : Operation 550 [1/1] (0.00ns)   --->   "%sext_ln70_12 = sext i16 %a_V_158" [firmware/nnet_utils/nnet_mult.h:70]   --->   Operation 550 'sext' 'sext_ln70_12' <Predicate = true> <Delay = 0.00>
ST_1 : Operation 551 [1/1] (2.07ns)   --->   "%r_V_133 = sub i17 0, i17 %sext_ln70_12"   --->   Operation 551 'sub' 'r_V_133' <Predicate = true> <Delay = 2.07> <CoreInst = "Adder">   --->   Core 1 'Adder' <Latency = 0> <II = 1> <Delay = 2.07> <FuncUnit> <Opcode : 'add' 'sub'> <InPorts = 2> <OutPorts = 1>
ST_1 : Operation 552 [1/1] (0.00ns)   --->   "%mult_V_195 = partselect i8 @_ssdm_op_PartSelect.i8.i17.i32.i32, i17 %r_V_133, i32 9, i32 16"   --->   Operation 552 'partselect' 'mult_V_195' <Predicate = true> <Delay = 0.00>
ST_1 : Operation 553 [1/1] (0.00ns)   --->   "%a_V_159 = partselect i16 @_ssdm_op_PartSelect.i16.i2576.i32.i32, i2576 %p_read_19, i32 1408, i32 1423"   --->   Operation 553 'partselect' 'a_V_159' <Predicate = true> <Delay = 0.00>
ST_1 : Operation 554 [1/1] (0.00ns)   --->   "%sext_ln70_13 = sext i16 %a_V_159" [firmware/nnet_utils/nnet_mult.h:70]   --->   Operation 554 'sext' 'sext_ln70_13' <Predicate = true> <Delay = 0.00>
ST_1 : Operation 555 [1/1] (2.07ns)   --->   "%r_V_135 = sub i17 0, i17 %sext_ln70_13"   --->   Operation 555 'sub' 'r_V_135' <Predicate = true> <Delay = 2.07> <CoreInst = "Adder">   --->   Core 1 'Adder' <Latency = 0> <II = 1> <Delay = 2.07> <FuncUnit> <Opcode : 'add' 'sub'> <InPorts = 2> <OutPorts = 1>
ST_1 : Operation 556 [1/1] (0.00ns)   --->   "%mult_V_196 = partselect i8 @_ssdm_op_PartSelect.i8.i17.i32.i32, i17 %r_V_135, i32 9, i32 16"   --->   Operation 556 'partselect' 'mult_V_196' <Predicate = true> <Delay = 0.00>
ST_1 : Operation 557 [1/1] (0.00ns)   --->   "%a_V_78 = partselect i16 @_ssdm_op_PartSelect.i16.i2576.i32.i32, i2576 %p_read_19, i32 1424, i32 1439"   --->   Operation 557 'partselect' 'a_V_78' <Predicate = true> <Delay = 0.00>
ST_1 : Operation 558 [1/1] (0.00ns)   --->   "%mult_V_197 = partselect i7 @_ssdm_op_PartSelect.i7.i2576.i32.i32, i2576 %p_read_19, i32 1433, i32 1439"   --->   Operation 558 'partselect' 'mult_V_197' <Predicate = true> <Delay = 0.00>
ST_1 : Operation 559 [1/1] (0.00ns)   --->   "%sext_ln818_82 = sext i7 %mult_V_197"   --->   Operation 559 'sext' 'sext_ln818_82' <Predicate = true> <Delay = 0.00>
ST_1 : Operation 560 [1/1] (0.00ns)   --->   "%sext_ln1273_93 = sext i16 %a_V_78"   --->   Operation 560 'sext' 'sext_ln1273_93' <Predicate = true> <Delay = 0.00>
ST_1 : Operation 561 [1/1] (2.07ns)   --->   "%r_V_136 = sub i17 0, i17 %sext_ln1273_93"   --->   Operation 561 'sub' 'r_V_136' <Predicate = true> <Delay = 2.07> <CoreInst = "Adder">   --->   Core 1 'Adder' <Latency = 0> <II = 1> <Delay = 2.07> <FuncUnit> <Opcode : 'add' 'sub'> <InPorts = 2> <OutPorts = 1>
ST_1 : Operation 562 [1/1] (0.00ns)   --->   "%mult_V_198 = partselect i8 @_ssdm_op_PartSelect.i8.i17.i32.i32, i17 %r_V_136, i32 9, i32 16"   --->   Operation 562 'partselect' 'mult_V_198' <Predicate = true> <Delay = 0.00>
ST_1 : Operation 563 [1/1] (0.00ns)   --->   "%a_V_160 = partselect i16 @_ssdm_op_PartSelect.i16.i2576.i32.i32, i2576 %p_read_19, i32 1440, i32 1455"   --->   Operation 563 'partselect' 'a_V_160' <Predicate = true> <Delay = 0.00>
ST_1 : Operation 564 [1/1] (0.00ns)   --->   "%sext_ln70_14 = sext i16 %a_V_160" [firmware/nnet_utils/nnet_mult.h:70]   --->   Operation 564 'sext' 'sext_ln70_14' <Predicate = true> <Delay = 0.00>
ST_1 : Operation 565 [1/1] (2.07ns)   --->   "%r_V_138 = sub i17 0, i17 %sext_ln70_14"   --->   Operation 565 'sub' 'r_V_138' <Predicate = true> <Delay = 2.07> <CoreInst = "Adder">   --->   Core 1 'Adder' <Latency = 0> <II = 1> <Delay = 2.07> <FuncUnit> <Opcode : 'add' 'sub'> <InPorts = 2> <OutPorts = 1>
ST_1 : Operation 566 [1/1] (0.00ns)   --->   "%mult_V_199 = partselect i8 @_ssdm_op_PartSelect.i8.i17.i32.i32, i17 %r_V_138, i32 9, i32 16"   --->   Operation 566 'partselect' 'mult_V_199' <Predicate = true> <Delay = 0.00>
ST_1 : Operation 567 [1/1] (0.00ns)   --->   "%a_V_80 = partselect i16 @_ssdm_op_PartSelect.i16.i2576.i32.i32, i2576 %p_read_19, i32 1456, i32 1471"   --->   Operation 567 'partselect' 'a_V_80' <Predicate = true> <Delay = 0.00>
ST_1 : Operation 568 [1/1] (0.00ns)   --->   "%sext_ln1273_94 = sext i16 %a_V_80"   --->   Operation 568 'sext' 'sext_ln1273_94' <Predicate = true> <Delay = 0.00>
ST_1 : Operation 569 [1/1] (2.07ns)   --->   "%r_V_139 = sub i17 0, i17 %sext_ln1273_94"   --->   Operation 569 'sub' 'r_V_139' <Predicate = true> <Delay = 2.07> <CoreInst = "Adder">   --->   Core 1 'Adder' <Latency = 0> <II = 1> <Delay = 2.07> <FuncUnit> <Opcode : 'add' 'sub'> <InPorts = 2> <OutPorts = 1>
ST_1 : Operation 570 [1/1] (0.00ns)   --->   "%mult_V_200 = partselect i8 @_ssdm_op_PartSelect.i8.i17.i32.i32, i17 %r_V_139, i32 9, i32 16"   --->   Operation 570 'partselect' 'mult_V_200' <Predicate = true> <Delay = 0.00>
ST_1 : Operation 571 [1/1] (0.00ns)   --->   "%tmp_19 = partselect i16 @_ssdm_op_PartSelect.i16.i2576.i32.i32, i2576 %p_read_19, i32 1456, i32 1471"   --->   Operation 571 'partselect' 'tmp_19' <Predicate = true> <Delay = 0.00>
ST_1 : Operation 572 [1/1] (0.00ns)   --->   "%shl_ln1273_19 = bitconcatenate i17 @_ssdm_op_BitConcatenate.i17.i16.i1, i16 %tmp_19, i1 0"   --->   Operation 572 'bitconcatenate' 'shl_ln1273_19' <Predicate = true> <Delay = 0.00>
ST_1 : Operation 573 [1/1] (2.10ns)   --->   "%r_V_140 = sub i17 0, i17 %shl_ln1273_19"   --->   Operation 573 'sub' 'r_V_140' <Predicate = true> <Delay = 2.10> <CoreInst = "Adder">   --->   Core 1 'Adder' <Latency = 0> <II = 1> <Delay = 2.10> <FuncUnit> <Opcode : 'add' 'sub'> <InPorts = 2> <OutPorts = 1>
ST_1 : Operation 574 [1/1] (0.00ns)   --->   "%mult_V_201 = partselect i8 @_ssdm_op_PartSelect.i8.i17.i32.i32, i17 %r_V_140, i32 9, i32 16"   --->   Operation 574 'partselect' 'mult_V_201' <Predicate = true> <Delay = 0.00>
ST_1 : Operation 575 [1/1] (0.00ns)   --->   "%a_V_81 = partselect i16 @_ssdm_op_PartSelect.i16.i2576.i32.i32, i2576 %p_read_19, i32 1472, i32 1487"   --->   Operation 575 'partselect' 'a_V_81' <Predicate = true> <Delay = 0.00>
ST_1 : Operation 576 [1/1] (0.00ns)   --->   "%sext_ln1273_95 = sext i16 %a_V_81"   --->   Operation 576 'sext' 'sext_ln1273_95' <Predicate = true> <Delay = 0.00>
ST_1 : Operation 577 [1/1] (2.07ns)   --->   "%r_V_141 = sub i17 0, i17 %sext_ln1273_95"   --->   Operation 577 'sub' 'r_V_141' <Predicate = true> <Delay = 2.07> <CoreInst = "Adder">   --->   Core 1 'Adder' <Latency = 0> <II = 1> <Delay = 2.07> <FuncUnit> <Opcode : 'add' 'sub'> <InPorts = 2> <OutPorts = 1>
ST_1 : Operation 578 [1/1] (0.00ns)   --->   "%mult_V_202 = partselect i8 @_ssdm_op_PartSelect.i8.i17.i32.i32, i17 %r_V_141, i32 9, i32 16"   --->   Operation 578 'partselect' 'mult_V_202' <Predicate = true> <Delay = 0.00>
ST_1 : Operation 579 [1/1] (0.00ns)   --->   "%mult_V_203 = partselect i7 @_ssdm_op_PartSelect.i7.i2576.i32.i32, i2576 %p_read_19, i32 1481, i32 1487"   --->   Operation 579 'partselect' 'mult_V_203' <Predicate = true> <Delay = 0.00>
ST_1 : Operation 580 [1/1] (0.00ns)   --->   "%sext_ln818_83 = sext i7 %mult_V_203"   --->   Operation 580 'sext' 'sext_ln818_83' <Predicate = true> <Delay = 0.00>
ST_1 : Operation 581 [1/1] (0.00ns)   --->   "%a_V_161 = partselect i16 @_ssdm_op_PartSelect.i16.i2576.i32.i32, i2576 %p_read_19, i32 1488, i32 1503"   --->   Operation 581 'partselect' 'a_V_161' <Predicate = true> <Delay = 0.00>
ST_1 : Operation 582 [1/1] (0.00ns)   --->   "%sext_ln70_15 = sext i16 %a_V_161" [firmware/nnet_utils/nnet_mult.h:70]   --->   Operation 582 'sext' 'sext_ln70_15' <Predicate = true> <Delay = 0.00>
ST_1 : Operation 583 [1/1] (2.07ns)   --->   "%r_V_143 = sub i17 0, i17 %sext_ln70_15"   --->   Operation 583 'sub' 'r_V_143' <Predicate = true> <Delay = 2.07> <CoreInst = "Adder">   --->   Core 1 'Adder' <Latency = 0> <II = 1> <Delay = 2.07> <FuncUnit> <Opcode : 'add' 'sub'> <InPorts = 2> <OutPorts = 1>
ST_1 : Operation 584 [1/1] (0.00ns)   --->   "%mult_V_204 = partselect i8 @_ssdm_op_PartSelect.i8.i17.i32.i32, i17 %r_V_143, i32 9, i32 16"   --->   Operation 584 'partselect' 'mult_V_204' <Predicate = true> <Delay = 0.00>
ST_1 : Operation 585 [1/1] (0.00ns)   --->   "%a_V_83 = partselect i16 @_ssdm_op_PartSelect.i16.i2576.i32.i32, i2576 %p_read_19, i32 1520, i32 1535"   --->   Operation 585 'partselect' 'a_V_83' <Predicate = true> <Delay = 0.00>
ST_1 : Operation 586 [1/1] (0.00ns)   --->   "%mult_V_205 = partselect i7 @_ssdm_op_PartSelect.i7.i2576.i32.i32, i2576 %p_read_19, i32 1529, i32 1535"   --->   Operation 586 'partselect' 'mult_V_205' <Predicate = true> <Delay = 0.00>
ST_1 : Operation 587 [1/1] (0.00ns)   --->   "%sext_ln818_84 = sext i7 %mult_V_205"   --->   Operation 587 'sext' 'sext_ln818_84' <Predicate = true> <Delay = 0.00>
ST_1 : Operation 588 [1/1] (0.00ns)   --->   "%sext_ln1273_96 = sext i16 %a_V_83"   --->   Operation 588 'sext' 'sext_ln1273_96' <Predicate = true> <Delay = 0.00>
ST_1 : Operation 589 [1/1] (2.07ns)   --->   "%r_V_144 = sub i17 0, i17 %sext_ln1273_96"   --->   Operation 589 'sub' 'r_V_144' <Predicate = true> <Delay = 2.07> <CoreInst = "Adder">   --->   Core 1 'Adder' <Latency = 0> <II = 1> <Delay = 2.07> <FuncUnit> <Opcode : 'add' 'sub'> <InPorts = 2> <OutPorts = 1>
ST_1 : Operation 590 [1/1] (0.00ns)   --->   "%mult_V_206 = partselect i8 @_ssdm_op_PartSelect.i8.i17.i32.i32, i17 %r_V_144, i32 9, i32 16"   --->   Operation 590 'partselect' 'mult_V_206' <Predicate = true> <Delay = 0.00>
ST_1 : Operation 591 [1/1] (0.00ns)   --->   "%a_V_162 = partselect i16 @_ssdm_op_PartSelect.i16.i2576.i32.i32, i2576 %p_read_19, i32 1536, i32 1551"   --->   Operation 591 'partselect' 'a_V_162' <Predicate = true> <Delay = 0.00>
ST_1 : Operation 592 [1/1] (0.00ns)   --->   "%sext_ln70_16 = sext i16 %a_V_162" [firmware/nnet_utils/nnet_mult.h:70]   --->   Operation 592 'sext' 'sext_ln70_16' <Predicate = true> <Delay = 0.00>
ST_1 : Operation 593 [1/1] (2.07ns)   --->   "%r_V_146 = sub i17 0, i17 %sext_ln70_16"   --->   Operation 593 'sub' 'r_V_146' <Predicate = true> <Delay = 2.07> <CoreInst = "Adder">   --->   Core 1 'Adder' <Latency = 0> <II = 1> <Delay = 2.07> <FuncUnit> <Opcode : 'add' 'sub'> <InPorts = 2> <OutPorts = 1>
ST_1 : Operation 594 [1/1] (0.00ns)   --->   "%mult_V_207 = partselect i8 @_ssdm_op_PartSelect.i8.i17.i32.i32, i17 %r_V_146, i32 9, i32 16"   --->   Operation 594 'partselect' 'mult_V_207' <Predicate = true> <Delay = 0.00>
ST_1 : Operation 595 [1/1] (0.00ns)   --->   "%a_V_85 = partselect i16 @_ssdm_op_PartSelect.i16.i2576.i32.i32, i2576 %p_read_19, i32 1552, i32 1567"   --->   Operation 595 'partselect' 'a_V_85' <Predicate = true> <Delay = 0.00>
ST_1 : Operation 596 [1/1] (0.00ns)   --->   "%mult_V_208 = partselect i7 @_ssdm_op_PartSelect.i7.i2576.i32.i32, i2576 %p_read_19, i32 1561, i32 1567"   --->   Operation 596 'partselect' 'mult_V_208' <Predicate = true> <Delay = 0.00>
ST_1 : Operation 597 [1/1] (0.00ns)   --->   "%sext_ln818_85 = sext i7 %mult_V_208"   --->   Operation 597 'sext' 'sext_ln818_85' <Predicate = true> <Delay = 0.00>
ST_1 : Operation 598 [1/1] (0.00ns)   --->   "%sext_ln1273_97 = sext i16 %a_V_85"   --->   Operation 598 'sext' 'sext_ln1273_97' <Predicate = true> <Delay = 0.00>
ST_1 : Operation 599 [1/1] (2.07ns)   --->   "%r_V_147 = sub i17 0, i17 %sext_ln1273_97"   --->   Operation 599 'sub' 'r_V_147' <Predicate = true> <Delay = 2.07> <CoreInst = "Adder">   --->   Core 1 'Adder' <Latency = 0> <II = 1> <Delay = 2.07> <FuncUnit> <Opcode : 'add' 'sub'> <InPorts = 2> <OutPorts = 1>
ST_1 : Operation 600 [1/1] (0.00ns)   --->   "%mult_V_209 = partselect i8 @_ssdm_op_PartSelect.i8.i17.i32.i32, i17 %r_V_147, i32 9, i32 16"   --->   Operation 600 'partselect' 'mult_V_209' <Predicate = true> <Delay = 0.00>
ST_1 : Operation 601 [1/1] (0.00ns)   --->   "%a_V_163 = partselect i16 @_ssdm_op_PartSelect.i16.i2576.i32.i32, i2576 %p_read_19, i32 1568, i32 1583"   --->   Operation 601 'partselect' 'a_V_163' <Predicate = true> <Delay = 0.00>
ST_1 : Operation 602 [1/1] (0.00ns)   --->   "%sext_ln70_17 = sext i16 %a_V_163" [firmware/nnet_utils/nnet_mult.h:70]   --->   Operation 602 'sext' 'sext_ln70_17' <Predicate = true> <Delay = 0.00>
ST_1 : Operation 603 [1/1] (2.07ns)   --->   "%r_V_149 = sub i17 0, i17 %sext_ln70_17"   --->   Operation 603 'sub' 'r_V_149' <Predicate = true> <Delay = 2.07> <CoreInst = "Adder">   --->   Core 1 'Adder' <Latency = 0> <II = 1> <Delay = 2.07> <FuncUnit> <Opcode : 'add' 'sub'> <InPorts = 2> <OutPorts = 1>
ST_1 : Operation 604 [1/1] (0.00ns)   --->   "%mult_V_210 = partselect i8 @_ssdm_op_PartSelect.i8.i17.i32.i32, i17 %r_V_149, i32 9, i32 16"   --->   Operation 604 'partselect' 'mult_V_210' <Predicate = true> <Delay = 0.00>
ST_1 : Operation 605 [1/1] (0.00ns)   --->   "%a_V_87 = partselect i16 @_ssdm_op_PartSelect.i16.i2576.i32.i32, i2576 %p_read_19, i32 1584, i32 1599"   --->   Operation 605 'partselect' 'a_V_87' <Predicate = true> <Delay = 0.00>
ST_1 : Operation 606 [1/1] (0.00ns)   --->   "%sext_ln1273_98 = sext i16 %a_V_87"   --->   Operation 606 'sext' 'sext_ln1273_98' <Predicate = true> <Delay = 0.00>
ST_1 : Operation 607 [1/1] (2.07ns)   --->   "%r_V_150 = sub i17 0, i17 %sext_ln1273_98"   --->   Operation 607 'sub' 'r_V_150' <Predicate = true> <Delay = 2.07> <CoreInst = "Adder">   --->   Core 1 'Adder' <Latency = 0> <II = 1> <Delay = 2.07> <FuncUnit> <Opcode : 'add' 'sub'> <InPorts = 2> <OutPorts = 1>
ST_1 : Operation 608 [1/1] (0.00ns)   --->   "%mult_V_211 = partselect i8 @_ssdm_op_PartSelect.i8.i17.i32.i32, i17 %r_V_150, i32 9, i32 16"   --->   Operation 608 'partselect' 'mult_V_211' <Predicate = true> <Delay = 0.00>
ST_1 : Operation 609 [1/1] (0.00ns)   --->   "%mult_V_212 = partselect i7 @_ssdm_op_PartSelect.i7.i2576.i32.i32, i2576 %p_read_19, i32 1593, i32 1599"   --->   Operation 609 'partselect' 'mult_V_212' <Predicate = true> <Delay = 0.00>
ST_1 : Operation 610 [1/1] (0.00ns)   --->   "%sext_ln818_86 = sext i7 %mult_V_212"   --->   Operation 610 'sext' 'sext_ln818_86' <Predicate = true> <Delay = 0.00>
ST_1 : Operation 611 [1/1] (0.00ns)   --->   "%a_V_164 = partselect i16 @_ssdm_op_PartSelect.i16.i2576.i32.i32, i2576 %p_read_19, i32 1600, i32 1615"   --->   Operation 611 'partselect' 'a_V_164' <Predicate = true> <Delay = 0.00>
ST_1 : Operation 612 [1/1] (0.00ns)   --->   "%sext_ln70_18 = sext i16 %a_V_164" [firmware/nnet_utils/nnet_mult.h:70]   --->   Operation 612 'sext' 'sext_ln70_18' <Predicate = true> <Delay = 0.00>
ST_1 : Operation 613 [1/1] (2.07ns)   --->   "%r_V_152 = sub i17 0, i17 %sext_ln70_18"   --->   Operation 613 'sub' 'r_V_152' <Predicate = true> <Delay = 2.07> <CoreInst = "Adder">   --->   Core 1 'Adder' <Latency = 0> <II = 1> <Delay = 2.07> <FuncUnit> <Opcode : 'add' 'sub'> <InPorts = 2> <OutPorts = 1>
ST_1 : Operation 614 [1/1] (0.00ns)   --->   "%mult_V_213 = partselect i8 @_ssdm_op_PartSelect.i8.i17.i32.i32, i17 %r_V_152, i32 9, i32 16"   --->   Operation 614 'partselect' 'mult_V_213' <Predicate = true> <Delay = 0.00>
ST_1 : Operation 615 [1/1] (0.00ns)   --->   "%a_V_89 = partselect i16 @_ssdm_op_PartSelect.i16.i2576.i32.i32, i2576 %p_read_19, i32 1616, i32 1631"   --->   Operation 615 'partselect' 'a_V_89' <Predicate = true> <Delay = 0.00>
ST_1 : Operation 616 [1/1] (0.00ns)   --->   "%sext_ln1273_99 = sext i16 %a_V_89"   --->   Operation 616 'sext' 'sext_ln1273_99' <Predicate = true> <Delay = 0.00>
ST_1 : Operation 617 [1/1] (2.07ns)   --->   "%r_V_153 = sub i17 0, i17 %sext_ln1273_99"   --->   Operation 617 'sub' 'r_V_153' <Predicate = true> <Delay = 2.07> <CoreInst = "Adder">   --->   Core 1 'Adder' <Latency = 0> <II = 1> <Delay = 2.07> <FuncUnit> <Opcode : 'add' 'sub'> <InPorts = 2> <OutPorts = 1>
ST_1 : Operation 618 [1/1] (0.00ns)   --->   "%mult_V_214 = partselect i8 @_ssdm_op_PartSelect.i8.i17.i32.i32, i17 %r_V_153, i32 9, i32 16"   --->   Operation 618 'partselect' 'mult_V_214' <Predicate = true> <Delay = 0.00>
ST_1 : Operation 619 [1/1] (0.00ns)   --->   "%mult_V_215 = partselect i7 @_ssdm_op_PartSelect.i7.i2576.i32.i32, i2576 %p_read_19, i32 1625, i32 1631"   --->   Operation 619 'partselect' 'mult_V_215' <Predicate = true> <Delay = 0.00>
ST_1 : Operation 620 [1/1] (0.00ns)   --->   "%a_V_165 = partselect i16 @_ssdm_op_PartSelect.i16.i2576.i32.i32, i2576 %p_read_19, i32 1632, i32 1647"   --->   Operation 620 'partselect' 'a_V_165' <Predicate = true> <Delay = 0.00>
ST_1 : Operation 621 [1/1] (0.00ns)   --->   "%sext_ln70_19 = sext i16 %a_V_165" [firmware/nnet_utils/nnet_mult.h:70]   --->   Operation 621 'sext' 'sext_ln70_19' <Predicate = true> <Delay = 0.00>
ST_1 : Operation 622 [1/1] (2.07ns)   --->   "%r_V_155 = sub i17 0, i17 %sext_ln70_19"   --->   Operation 622 'sub' 'r_V_155' <Predicate = true> <Delay = 2.07> <CoreInst = "Adder">   --->   Core 1 'Adder' <Latency = 0> <II = 1> <Delay = 2.07> <FuncUnit> <Opcode : 'add' 'sub'> <InPorts = 2> <OutPorts = 1>
ST_1 : Operation 623 [1/1] (0.00ns)   --->   "%mult_V_216 = partselect i8 @_ssdm_op_PartSelect.i8.i17.i32.i32, i17 %r_V_155, i32 9, i32 16"   --->   Operation 623 'partselect' 'mult_V_216' <Predicate = true> <Delay = 0.00>
ST_1 : Operation 624 [1/1] (0.00ns)   --->   "%a_V_91 = partselect i16 @_ssdm_op_PartSelect.i16.i2576.i32.i32, i2576 %p_read_19, i32 1648, i32 1663"   --->   Operation 624 'partselect' 'a_V_91' <Predicate = true> <Delay = 0.00>
ST_1 : Operation 625 [1/1] (0.00ns)   --->   "%mult_V_217 = partselect i7 @_ssdm_op_PartSelect.i7.i2576.i32.i32, i2576 %p_read_19, i32 1657, i32 1663"   --->   Operation 625 'partselect' 'mult_V_217' <Predicate = true> <Delay = 0.00>
ST_1 : Operation 626 [1/1] (0.00ns)   --->   "%sext_ln818_88 = sext i7 %mult_V_217"   --->   Operation 626 'sext' 'sext_ln818_88' <Predicate = true> <Delay = 0.00>
ST_1 : Operation 627 [1/1] (0.00ns)   --->   "%sext_ln1273_100 = sext i16 %a_V_91"   --->   Operation 627 'sext' 'sext_ln1273_100' <Predicate = true> <Delay = 0.00>
ST_1 : Operation 628 [1/1] (2.07ns)   --->   "%r_V_156 = sub i17 0, i17 %sext_ln1273_100"   --->   Operation 628 'sub' 'r_V_156' <Predicate = true> <Delay = 2.07> <CoreInst = "Adder">   --->   Core 1 'Adder' <Latency = 0> <II = 1> <Delay = 2.07> <FuncUnit> <Opcode : 'add' 'sub'> <InPorts = 2> <OutPorts = 1>
ST_1 : Operation 629 [1/1] (0.00ns)   --->   "%mult_V_218 = partselect i8 @_ssdm_op_PartSelect.i8.i17.i32.i32, i17 %r_V_156, i32 9, i32 16"   --->   Operation 629 'partselect' 'mult_V_218' <Predicate = true> <Delay = 0.00>
ST_1 : Operation 630 [1/1] (0.00ns)   --->   "%a_V_92 = partselect i16 @_ssdm_op_PartSelect.i16.i2576.i32.i32, i2576 %p_read_19, i32 1664, i32 1679"   --->   Operation 630 'partselect' 'a_V_92' <Predicate = true> <Delay = 0.00>
ST_1 : Operation 631 [1/1] (0.00ns)   --->   "%sext_ln1273_101 = sext i16 %a_V_92"   --->   Operation 631 'sext' 'sext_ln1273_101' <Predicate = true> <Delay = 0.00>
ST_1 : Operation 632 [1/1] (2.07ns)   --->   "%r_V_157 = sub i17 0, i17 %sext_ln1273_101"   --->   Operation 632 'sub' 'r_V_157' <Predicate = true> <Delay = 2.07> <CoreInst = "Adder">   --->   Core 1 'Adder' <Latency = 0> <II = 1> <Delay = 2.07> <FuncUnit> <Opcode : 'add' 'sub'> <InPorts = 2> <OutPorts = 1>
ST_1 : Operation 633 [1/1] (0.00ns)   --->   "%mult_V_219 = partselect i8 @_ssdm_op_PartSelect.i8.i17.i32.i32, i17 %r_V_157, i32 9, i32 16"   --->   Operation 633 'partselect' 'mult_V_219' <Predicate = true> <Delay = 0.00>
ST_1 : Operation 634 [1/1] (0.00ns)   --->   "%mult_V_220 = partselect i7 @_ssdm_op_PartSelect.i7.i2576.i32.i32, i2576 %p_read_19, i32 1673, i32 1679"   --->   Operation 634 'partselect' 'mult_V_220' <Predicate = true> <Delay = 0.00>
ST_1 : Operation 635 [1/1] (0.00ns)   --->   "%sext_ln818_89 = sext i7 %mult_V_220"   --->   Operation 635 'sext' 'sext_ln818_89' <Predicate = true> <Delay = 0.00>
ST_1 : Operation 636 [1/1] (0.00ns)   --->   "%a_V_93 = partselect i16 @_ssdm_op_PartSelect.i16.i2576.i32.i32, i2576 %p_read_19, i32 1680, i32 1695"   --->   Operation 636 'partselect' 'a_V_93' <Predicate = true> <Delay = 0.00>
ST_1 : Operation 637 [1/1] (0.00ns)   --->   "%sext_ln1273_102 = sext i16 %a_V_93"   --->   Operation 637 'sext' 'sext_ln1273_102' <Predicate = true> <Delay = 0.00>
ST_1 : Operation 638 [1/1] (2.07ns)   --->   "%r_V_158 = sub i17 0, i17 %sext_ln1273_102"   --->   Operation 638 'sub' 'r_V_158' <Predicate = true> <Delay = 2.07> <CoreInst = "Adder">   --->   Core 1 'Adder' <Latency = 0> <II = 1> <Delay = 2.07> <FuncUnit> <Opcode : 'add' 'sub'> <InPorts = 2> <OutPorts = 1>
ST_1 : Operation 639 [1/1] (0.00ns)   --->   "%mult_V_221 = partselect i8 @_ssdm_op_PartSelect.i8.i17.i32.i32, i17 %r_V_158, i32 9, i32 16"   --->   Operation 639 'partselect' 'mult_V_221' <Predicate = true> <Delay = 0.00>
ST_1 : Operation 640 [1/1] (0.00ns)   --->   "%mult_V_222 = partselect i7 @_ssdm_op_PartSelect.i7.i2576.i32.i32, i2576 %p_read_19, i32 1689, i32 1695"   --->   Operation 640 'partselect' 'mult_V_222' <Predicate = true> <Delay = 0.00>
ST_1 : Operation 641 [1/1] (0.00ns)   --->   "%sext_ln818_90 = sext i7 %mult_V_222"   --->   Operation 641 'sext' 'sext_ln818_90' <Predicate = true> <Delay = 0.00>
ST_1 : Operation 642 [1/1] (0.00ns)   --->   "%a_V_94 = partselect i16 @_ssdm_op_PartSelect.i16.i2576.i32.i32, i2576 %p_read_19, i32 1696, i32 1711"   --->   Operation 642 'partselect' 'a_V_94' <Predicate = true> <Delay = 0.00>
ST_1 : Operation 643 [1/1] (0.00ns)   --->   "%sext_ln1273_103 = sext i16 %a_V_94"   --->   Operation 643 'sext' 'sext_ln1273_103' <Predicate = true> <Delay = 0.00>
ST_1 : Operation 644 [1/1] (2.07ns)   --->   "%r_V_159 = sub i17 0, i17 %sext_ln1273_103"   --->   Operation 644 'sub' 'r_V_159' <Predicate = true> <Delay = 2.07> <CoreInst = "Adder">   --->   Core 1 'Adder' <Latency = 0> <II = 1> <Delay = 2.07> <FuncUnit> <Opcode : 'add' 'sub'> <InPorts = 2> <OutPorts = 1>
ST_1 : Operation 645 [1/1] (0.00ns)   --->   "%mult_V_223 = partselect i8 @_ssdm_op_PartSelect.i8.i17.i32.i32, i17 %r_V_159, i32 9, i32 16"   --->   Operation 645 'partselect' 'mult_V_223' <Predicate = true> <Delay = 0.00>
ST_1 : Operation 646 [1/1] (0.00ns)   --->   "%mult_V_224 = partselect i7 @_ssdm_op_PartSelect.i7.i2576.i32.i32, i2576 %p_read_19, i32 1705, i32 1711"   --->   Operation 646 'partselect' 'mult_V_224' <Predicate = true> <Delay = 0.00>
ST_1 : Operation 647 [1/1] (0.00ns)   --->   "%a_V_95 = partselect i16 @_ssdm_op_PartSelect.i16.i2576.i32.i32, i2576 %p_read_19, i32 1712, i32 1727"   --->   Operation 647 'partselect' 'a_V_95' <Predicate = true> <Delay = 0.00>
ST_1 : Operation 648 [1/1] (0.00ns)   --->   "%sext_ln1273_104 = sext i16 %a_V_95"   --->   Operation 648 'sext' 'sext_ln1273_104' <Predicate = true> <Delay = 0.00>
ST_1 : Operation 649 [1/1] (2.07ns)   --->   "%r_V_160 = sub i17 0, i17 %sext_ln1273_104"   --->   Operation 649 'sub' 'r_V_160' <Predicate = true> <Delay = 2.07> <CoreInst = "Adder">   --->   Core 1 'Adder' <Latency = 0> <II = 1> <Delay = 2.07> <FuncUnit> <Opcode : 'add' 'sub'> <InPorts = 2> <OutPorts = 1>
ST_1 : Operation 650 [1/1] (0.00ns)   --->   "%mult_V_225 = partselect i8 @_ssdm_op_PartSelect.i8.i17.i32.i32, i17 %r_V_160, i32 9, i32 16"   --->   Operation 650 'partselect' 'mult_V_225' <Predicate = true> <Delay = 0.00>
ST_1 : Operation 651 [1/1] (0.00ns)   --->   "%mult_V_226 = partselect i7 @_ssdm_op_PartSelect.i7.i2576.i32.i32, i2576 %p_read_19, i32 1721, i32 1727"   --->   Operation 651 'partselect' 'mult_V_226' <Predicate = true> <Delay = 0.00>
ST_1 : Operation 652 [1/1] (0.00ns)   --->   "%sext_ln818_92 = sext i7 %mult_V_226"   --->   Operation 652 'sext' 'sext_ln818_92' <Predicate = true> <Delay = 0.00>
ST_1 : Operation 653 [1/1] (0.00ns)   --->   "%a_V_96 = partselect i16 @_ssdm_op_PartSelect.i16.i2576.i32.i32, i2576 %p_read_19, i32 1728, i32 1743"   --->   Operation 653 'partselect' 'a_V_96' <Predicate = true> <Delay = 0.00>
ST_1 : Operation 654 [1/1] (0.00ns)   --->   "%sext_ln1273_105 = sext i16 %a_V_96"   --->   Operation 654 'sext' 'sext_ln1273_105' <Predicate = true> <Delay = 0.00>
ST_1 : Operation 655 [1/1] (2.07ns)   --->   "%r_V_161 = sub i17 0, i17 %sext_ln1273_105"   --->   Operation 655 'sub' 'r_V_161' <Predicate = true> <Delay = 2.07> <CoreInst = "Adder">   --->   Core 1 'Adder' <Latency = 0> <II = 1> <Delay = 2.07> <FuncUnit> <Opcode : 'add' 'sub'> <InPorts = 2> <OutPorts = 1>
ST_1 : Operation 656 [1/1] (0.00ns)   --->   "%mult_V_227 = partselect i8 @_ssdm_op_PartSelect.i8.i17.i32.i32, i17 %r_V_161, i32 9, i32 16"   --->   Operation 656 'partselect' 'mult_V_227' <Predicate = true> <Delay = 0.00>
ST_1 : Operation 657 [1/1] (0.00ns)   --->   "%tmp_20 = partselect i16 @_ssdm_op_PartSelect.i16.i2576.i32.i32, i2576 %p_read_19, i32 1728, i32 1743"   --->   Operation 657 'partselect' 'tmp_20' <Predicate = true> <Delay = 0.00>
ST_1 : Operation 658 [1/1] (0.00ns)   --->   "%shl_ln1273_20 = bitconcatenate i17 @_ssdm_op_BitConcatenate.i17.i16.i1, i16 %tmp_20, i1 0"   --->   Operation 658 'bitconcatenate' 'shl_ln1273_20' <Predicate = true> <Delay = 0.00>
ST_1 : Operation 659 [1/1] (2.10ns)   --->   "%r_V_162 = sub i17 0, i17 %shl_ln1273_20"   --->   Operation 659 'sub' 'r_V_162' <Predicate = true> <Delay = 2.10> <CoreInst = "Adder">   --->   Core 1 'Adder' <Latency = 0> <II = 1> <Delay = 2.10> <FuncUnit> <Opcode : 'add' 'sub'> <InPorts = 2> <OutPorts = 1>
ST_1 : Operation 660 [1/1] (0.00ns)   --->   "%mult_V_228 = partselect i8 @_ssdm_op_PartSelect.i8.i17.i32.i32, i17 %r_V_162, i32 9, i32 16"   --->   Operation 660 'partselect' 'mult_V_228' <Predicate = true> <Delay = 0.00>
ST_1 : Operation 661 [1/1] (0.00ns)   --->   "%a_V_166 = partselect i16 @_ssdm_op_PartSelect.i16.i2576.i32.i32, i2576 %p_read_19, i32 1744, i32 1759"   --->   Operation 661 'partselect' 'a_V_166' <Predicate = true> <Delay = 0.00>
ST_1 : Operation 662 [1/1] (0.00ns)   --->   "%sext_ln70_20 = sext i16 %a_V_166" [firmware/nnet_utils/nnet_mult.h:70]   --->   Operation 662 'sext' 'sext_ln70_20' <Predicate = true> <Delay = 0.00>
ST_1 : Operation 663 [1/1] (2.07ns)   --->   "%r_V_164 = sub i17 0, i17 %sext_ln70_20"   --->   Operation 663 'sub' 'r_V_164' <Predicate = true> <Delay = 2.07> <CoreInst = "Adder">   --->   Core 1 'Adder' <Latency = 0> <II = 1> <Delay = 2.07> <FuncUnit> <Opcode : 'add' 'sub'> <InPorts = 2> <OutPorts = 1>
ST_1 : Operation 664 [1/1] (0.00ns)   --->   "%mult_V_229 = partselect i8 @_ssdm_op_PartSelect.i8.i17.i32.i32, i17 %r_V_164, i32 9, i32 16"   --->   Operation 664 'partselect' 'mult_V_229' <Predicate = true> <Delay = 0.00>
ST_1 : Operation 665 [1/1] (0.00ns)   --->   "%a_V_98 = partselect i16 @_ssdm_op_PartSelect.i16.i2576.i32.i32, i2576 %p_read_19, i32 1760, i32 1775"   --->   Operation 665 'partselect' 'a_V_98' <Predicate = true> <Delay = 0.00>
ST_1 : Operation 666 [1/1] (0.00ns)   --->   "%sext_ln1273_106 = sext i16 %a_V_98"   --->   Operation 666 'sext' 'sext_ln1273_106' <Predicate = true> <Delay = 0.00>
ST_1 : Operation 667 [1/1] (2.07ns)   --->   "%r_V_165 = sub i17 0, i17 %sext_ln1273_106"   --->   Operation 667 'sub' 'r_V_165' <Predicate = true> <Delay = 2.07> <CoreInst = "Adder">   --->   Core 1 'Adder' <Latency = 0> <II = 1> <Delay = 2.07> <FuncUnit> <Opcode : 'add' 'sub'> <InPorts = 2> <OutPorts = 1>
ST_1 : Operation 668 [1/1] (0.00ns)   --->   "%mult_V_230 = partselect i8 @_ssdm_op_PartSelect.i8.i17.i32.i32, i17 %r_V_165, i32 9, i32 16"   --->   Operation 668 'partselect' 'mult_V_230' <Predicate = true> <Delay = 0.00>
ST_1 : Operation 669 [1/1] (0.00ns)   --->   "%mult_V_231 = partselect i7 @_ssdm_op_PartSelect.i7.i2576.i32.i32, i2576 %p_read_19, i32 1769, i32 1775"   --->   Operation 669 'partselect' 'mult_V_231' <Predicate = true> <Delay = 0.00>
ST_1 : Operation 670 [1/1] (0.00ns)   --->   "%sext_ln818_93 = sext i7 %mult_V_231"   --->   Operation 670 'sext' 'sext_ln818_93' <Predicate = true> <Delay = 0.00>
ST_1 : Operation 671 [1/1] (0.00ns)   --->   "%a_V_167 = partselect i16 @_ssdm_op_PartSelect.i16.i2576.i32.i32, i2576 %p_read_19, i32 1776, i32 1791"   --->   Operation 671 'partselect' 'a_V_167' <Predicate = true> <Delay = 0.00>
ST_1 : Operation 672 [1/1] (0.00ns)   --->   "%sext_ln70_21 = sext i16 %a_V_167" [firmware/nnet_utils/nnet_mult.h:70]   --->   Operation 672 'sext' 'sext_ln70_21' <Predicate = true> <Delay = 0.00>
ST_1 : Operation 673 [1/1] (2.07ns)   --->   "%r_V_167 = sub i17 0, i17 %sext_ln70_21"   --->   Operation 673 'sub' 'r_V_167' <Predicate = true> <Delay = 2.07> <CoreInst = "Adder">   --->   Core 1 'Adder' <Latency = 0> <II = 1> <Delay = 2.07> <FuncUnit> <Opcode : 'add' 'sub'> <InPorts = 2> <OutPorts = 1>
ST_1 : Operation 674 [1/1] (0.00ns)   --->   "%mult_V_232 = partselect i8 @_ssdm_op_PartSelect.i8.i17.i32.i32, i17 %r_V_167, i32 9, i32 16"   --->   Operation 674 'partselect' 'mult_V_232' <Predicate = true> <Delay = 0.00>
ST_1 : Operation 675 [1/1] (0.00ns)   --->   "%a_V_100 = partselect i16 @_ssdm_op_PartSelect.i16.i2576.i32.i32, i2576 %p_read_19, i32 1792, i32 1807"   --->   Operation 675 'partselect' 'a_V_100' <Predicate = true> <Delay = 0.00>
ST_1 : Operation 676 [1/1] (0.00ns)   --->   "%mult_V_233 = partselect i7 @_ssdm_op_PartSelect.i7.i2576.i32.i32, i2576 %p_read_19, i32 1801, i32 1807"   --->   Operation 676 'partselect' 'mult_V_233' <Predicate = true> <Delay = 0.00>
ST_1 : Operation 677 [1/1] (0.00ns)   --->   "%sext_ln818_94 = sext i7 %mult_V_233"   --->   Operation 677 'sext' 'sext_ln818_94' <Predicate = true> <Delay = 0.00>
ST_1 : Operation 678 [1/1] (0.00ns)   --->   "%sext_ln1273_107 = sext i16 %a_V_100"   --->   Operation 678 'sext' 'sext_ln1273_107' <Predicate = true> <Delay = 0.00>
ST_1 : Operation 679 [1/1] (2.07ns)   --->   "%r_V_168 = sub i17 0, i17 %sext_ln1273_107"   --->   Operation 679 'sub' 'r_V_168' <Predicate = true> <Delay = 2.07> <CoreInst = "Adder">   --->   Core 1 'Adder' <Latency = 0> <II = 1> <Delay = 2.07> <FuncUnit> <Opcode : 'add' 'sub'> <InPorts = 2> <OutPorts = 1>
ST_1 : Operation 680 [1/1] (0.00ns)   --->   "%mult_V_234 = partselect i8 @_ssdm_op_PartSelect.i8.i17.i32.i32, i17 %r_V_168, i32 9, i32 16"   --->   Operation 680 'partselect' 'mult_V_234' <Predicate = true> <Delay = 0.00>
ST_1 : Operation 681 [1/1] (0.00ns)   --->   "%a_V_101 = partselect i16 @_ssdm_op_PartSelect.i16.i2576.i32.i32, i2576 %p_read_19, i32 1808, i32 1823"   --->   Operation 681 'partselect' 'a_V_101' <Predicate = true> <Delay = 0.00>
ST_1 : Operation 682 [1/1] (0.00ns)   --->   "%sext_ln1273_108 = sext i16 %a_V_101"   --->   Operation 682 'sext' 'sext_ln1273_108' <Predicate = true> <Delay = 0.00>
ST_1 : Operation 683 [1/1] (2.07ns)   --->   "%r_V_169 = sub i17 0, i17 %sext_ln1273_108"   --->   Operation 683 'sub' 'r_V_169' <Predicate = true> <Delay = 2.07> <CoreInst = "Adder">   --->   Core 1 'Adder' <Latency = 0> <II = 1> <Delay = 2.07> <FuncUnit> <Opcode : 'add' 'sub'> <InPorts = 2> <OutPorts = 1>
ST_1 : Operation 684 [1/1] (0.00ns)   --->   "%mult_V_235 = partselect i8 @_ssdm_op_PartSelect.i8.i17.i32.i32, i17 %r_V_169, i32 9, i32 16"   --->   Operation 684 'partselect' 'mult_V_235' <Predicate = true> <Delay = 0.00>
ST_1 : Operation 685 [1/1] (0.00ns)   --->   "%tmp_21 = partselect i16 @_ssdm_op_PartSelect.i16.i2576.i32.i32, i2576 %p_read_19, i32 1808, i32 1823"   --->   Operation 685 'partselect' 'tmp_21' <Predicate = true> <Delay = 0.00>
ST_1 : Operation 686 [1/1] (0.00ns)   --->   "%shl_ln1273_21 = bitconcatenate i17 @_ssdm_op_BitConcatenate.i17.i16.i1, i16 %tmp_21, i1 0"   --->   Operation 686 'bitconcatenate' 'shl_ln1273_21' <Predicate = true> <Delay = 0.00>
ST_1 : Operation 687 [1/1] (2.10ns)   --->   "%r_V_170 = sub i17 0, i17 %shl_ln1273_21"   --->   Operation 687 'sub' 'r_V_170' <Predicate = true> <Delay = 2.10> <CoreInst = "Adder">   --->   Core 1 'Adder' <Latency = 0> <II = 1> <Delay = 2.10> <FuncUnit> <Opcode : 'add' 'sub'> <InPorts = 2> <OutPorts = 1>
ST_1 : Operation 688 [1/1] (0.00ns)   --->   "%mult_V_236 = partselect i8 @_ssdm_op_PartSelect.i8.i17.i32.i32, i17 %r_V_170, i32 9, i32 16"   --->   Operation 688 'partselect' 'mult_V_236' <Predicate = true> <Delay = 0.00>
ST_1 : Operation 689 [1/1] (0.00ns)   --->   "%mult_V_237 = partselect i7 @_ssdm_op_PartSelect.i7.i2576.i32.i32, i2576 %p_read_19, i32 1817, i32 1823"   --->   Operation 689 'partselect' 'mult_V_237' <Predicate = true> <Delay = 0.00>
ST_1 : Operation 690 [1/1] (0.00ns)   --->   "%sext_ln818_95 = sext i7 %mult_V_237"   --->   Operation 690 'sext' 'sext_ln818_95' <Predicate = true> <Delay = 0.00>
ST_1 : Operation 691 [1/1] (0.00ns)   --->   "%a_V_102 = partselect i16 @_ssdm_op_PartSelect.i16.i2576.i32.i32, i2576 %p_read_19, i32 1824, i32 1839"   --->   Operation 691 'partselect' 'a_V_102' <Predicate = true> <Delay = 0.00>
ST_1 : Operation 692 [1/1] (0.00ns)   --->   "%sext_ln1273_109 = sext i16 %a_V_102"   --->   Operation 692 'sext' 'sext_ln1273_109' <Predicate = true> <Delay = 0.00>
ST_1 : Operation 693 [1/1] (2.07ns)   --->   "%r_V_171 = sub i17 0, i17 %sext_ln1273_109"   --->   Operation 693 'sub' 'r_V_171' <Predicate = true> <Delay = 2.07> <CoreInst = "Adder">   --->   Core 1 'Adder' <Latency = 0> <II = 1> <Delay = 2.07> <FuncUnit> <Opcode : 'add' 'sub'> <InPorts = 2> <OutPorts = 1>
ST_1 : Operation 694 [1/1] (0.00ns)   --->   "%mult_V_238 = partselect i8 @_ssdm_op_PartSelect.i8.i17.i32.i32, i17 %r_V_171, i32 9, i32 16"   --->   Operation 694 'partselect' 'mult_V_238' <Predicate = true> <Delay = 0.00>
ST_1 : Operation 695 [1/1] (0.00ns)   --->   "%mult_V_239 = partselect i7 @_ssdm_op_PartSelect.i7.i2576.i32.i32, i2576 %p_read_19, i32 1833, i32 1839"   --->   Operation 695 'partselect' 'mult_V_239' <Predicate = true> <Delay = 0.00>
ST_1 : Operation 696 [1/1] (0.00ns)   --->   "%a_V_103 = partselect i16 @_ssdm_op_PartSelect.i16.i2576.i32.i32, i2576 %p_read_19, i32 1840, i32 1855"   --->   Operation 696 'partselect' 'a_V_103' <Predicate = true> <Delay = 0.00>
ST_1 : Operation 697 [1/1] (0.00ns)   --->   "%mult_V_240 = partselect i7 @_ssdm_op_PartSelect.i7.i2576.i32.i32, i2576 %p_read_19, i32 1849, i32 1855"   --->   Operation 697 'partselect' 'mult_V_240' <Predicate = true> <Delay = 0.00>
ST_1 : Operation 698 [1/1] (0.00ns)   --->   "%sext_ln818_97 = sext i7 %mult_V_240"   --->   Operation 698 'sext' 'sext_ln818_97' <Predicate = true> <Delay = 0.00>
ST_1 : Operation 699 [1/1] (0.00ns)   --->   "%sext_ln1273_110 = sext i16 %a_V_103"   --->   Operation 699 'sext' 'sext_ln1273_110' <Predicate = true> <Delay = 0.00>
ST_1 : Operation 700 [1/1] (2.07ns)   --->   "%r_V_172 = sub i17 0, i17 %sext_ln1273_110"   --->   Operation 700 'sub' 'r_V_172' <Predicate = true> <Delay = 2.07> <CoreInst = "Adder">   --->   Core 1 'Adder' <Latency = 0> <II = 1> <Delay = 2.07> <FuncUnit> <Opcode : 'add' 'sub'> <InPorts = 2> <OutPorts = 1>
ST_1 : Operation 701 [1/1] (0.00ns)   --->   "%mult_V_241 = partselect i8 @_ssdm_op_PartSelect.i8.i17.i32.i32, i17 %r_V_172, i32 9, i32 16"   --->   Operation 701 'partselect' 'mult_V_241' <Predicate = true> <Delay = 0.00>
ST_1 : Operation 702 [1/1] (0.00ns)   --->   "%a_V_104 = partselect i16 @_ssdm_op_PartSelect.i16.i2576.i32.i32, i2576 %p_read_19, i32 1856, i32 1871"   --->   Operation 702 'partselect' 'a_V_104' <Predicate = true> <Delay = 0.00>
ST_1 : Operation 703 [1/1] (0.00ns)   --->   "%sext_ln1273_111 = sext i16 %a_V_104"   --->   Operation 703 'sext' 'sext_ln1273_111' <Predicate = true> <Delay = 0.00>
ST_1 : Operation 704 [1/1] (2.07ns)   --->   "%r_V_173 = sub i17 0, i17 %sext_ln1273_111"   --->   Operation 704 'sub' 'r_V_173' <Predicate = true> <Delay = 2.07> <CoreInst = "Adder">   --->   Core 1 'Adder' <Latency = 0> <II = 1> <Delay = 2.07> <FuncUnit> <Opcode : 'add' 'sub'> <InPorts = 2> <OutPorts = 1>
ST_1 : Operation 705 [1/1] (0.00ns)   --->   "%mult_V_242 = partselect i8 @_ssdm_op_PartSelect.i8.i17.i32.i32, i17 %r_V_173, i32 9, i32 16"   --->   Operation 705 'partselect' 'mult_V_242' <Predicate = true> <Delay = 0.00>
ST_1 : Operation 706 [1/1] (0.00ns)   --->   "%mult_V_243 = partselect i7 @_ssdm_op_PartSelect.i7.i2576.i32.i32, i2576 %p_read_19, i32 1865, i32 1871"   --->   Operation 706 'partselect' 'mult_V_243' <Predicate = true> <Delay = 0.00>
ST_1 : Operation 707 [1/1] (0.00ns)   --->   "%sext_ln818_98 = sext i7 %mult_V_243"   --->   Operation 707 'sext' 'sext_ln818_98' <Predicate = true> <Delay = 0.00>
ST_1 : Operation 708 [1/1] (0.00ns)   --->   "%a_V_168 = partselect i16 @_ssdm_op_PartSelect.i16.i2576.i32.i32, i2576 %p_read_19, i32 1872, i32 1887"   --->   Operation 708 'partselect' 'a_V_168' <Predicate = true> <Delay = 0.00>
ST_1 : Operation 709 [1/1] (0.00ns)   --->   "%sext_ln70_22 = sext i16 %a_V_168" [firmware/nnet_utils/nnet_mult.h:70]   --->   Operation 709 'sext' 'sext_ln70_22' <Predicate = true> <Delay = 0.00>
ST_1 : Operation 710 [1/1] (2.07ns)   --->   "%r_V_175 = sub i17 0, i17 %sext_ln70_22"   --->   Operation 710 'sub' 'r_V_175' <Predicate = true> <Delay = 2.07> <CoreInst = "Adder">   --->   Core 1 'Adder' <Latency = 0> <II = 1> <Delay = 2.07> <FuncUnit> <Opcode : 'add' 'sub'> <InPorts = 2> <OutPorts = 1>
ST_1 : Operation 711 [1/1] (0.00ns)   --->   "%mult_V_244 = partselect i8 @_ssdm_op_PartSelect.i8.i17.i32.i32, i17 %r_V_175, i32 9, i32 16"   --->   Operation 711 'partselect' 'mult_V_244' <Predicate = true> <Delay = 0.00>
ST_1 : Operation 712 [1/1] (0.00ns)   --->   "%a_V_169 = partselect i16 @_ssdm_op_PartSelect.i16.i2576.i32.i32, i2576 %p_read_19, i32 1888, i32 1903"   --->   Operation 712 'partselect' 'a_V_169' <Predicate = true> <Delay = 0.00>
ST_1 : Operation 713 [1/1] (0.00ns)   --->   "%sext_ln70_23 = sext i16 %a_V_169" [firmware/nnet_utils/nnet_mult.h:70]   --->   Operation 713 'sext' 'sext_ln70_23' <Predicate = true> <Delay = 0.00>
ST_1 : Operation 714 [1/1] (2.07ns)   --->   "%r_V_177 = sub i17 0, i17 %sext_ln70_23"   --->   Operation 714 'sub' 'r_V_177' <Predicate = true> <Delay = 2.07> <CoreInst = "Adder">   --->   Core 1 'Adder' <Latency = 0> <II = 1> <Delay = 2.07> <FuncUnit> <Opcode : 'add' 'sub'> <InPorts = 2> <OutPorts = 1>
ST_1 : Operation 715 [1/1] (0.00ns)   --->   "%mult_V_245 = partselect i8 @_ssdm_op_PartSelect.i8.i17.i32.i32, i17 %r_V_177, i32 9, i32 16"   --->   Operation 715 'partselect' 'mult_V_245' <Predicate = true> <Delay = 0.00>
ST_1 : Operation 716 [1/1] (0.00ns)   --->   "%a_V_170 = partselect i16 @_ssdm_op_PartSelect.i16.i2576.i32.i32, i2576 %p_read_19, i32 1904, i32 1919"   --->   Operation 716 'partselect' 'a_V_170' <Predicate = true> <Delay = 0.00>
ST_1 : Operation 717 [1/1] (0.00ns)   --->   "%sext_ln70_24 = sext i16 %a_V_170" [firmware/nnet_utils/nnet_mult.h:70]   --->   Operation 717 'sext' 'sext_ln70_24' <Predicate = true> <Delay = 0.00>
ST_1 : Operation 718 [1/1] (2.07ns)   --->   "%r_V_179 = sub i17 0, i17 %sext_ln70_24"   --->   Operation 718 'sub' 'r_V_179' <Predicate = true> <Delay = 2.07> <CoreInst = "Adder">   --->   Core 1 'Adder' <Latency = 0> <II = 1> <Delay = 2.07> <FuncUnit> <Opcode : 'add' 'sub'> <InPorts = 2> <OutPorts = 1>
ST_1 : Operation 719 [1/1] (0.00ns)   --->   "%mult_V_246 = partselect i8 @_ssdm_op_PartSelect.i8.i17.i32.i32, i17 %r_V_179, i32 9, i32 16"   --->   Operation 719 'partselect' 'mult_V_246' <Predicate = true> <Delay = 0.00>
ST_1 : Operation 720 [1/1] (0.00ns)   --->   "%a_V_108 = partselect i16 @_ssdm_op_PartSelect.i16.i2576.i32.i32, i2576 %p_read_19, i32 1920, i32 1935"   --->   Operation 720 'partselect' 'a_V_108' <Predicate = true> <Delay = 0.00>
ST_1 : Operation 721 [1/1] (0.00ns)   --->   "%sext_ln1273_112 = sext i16 %a_V_108"   --->   Operation 721 'sext' 'sext_ln1273_112' <Predicate = true> <Delay = 0.00>
ST_1 : Operation 722 [1/1] (2.07ns)   --->   "%r_V_180 = sub i17 0, i17 %sext_ln1273_112"   --->   Operation 722 'sub' 'r_V_180' <Predicate = true> <Delay = 2.07> <CoreInst = "Adder">   --->   Core 1 'Adder' <Latency = 0> <II = 1> <Delay = 2.07> <FuncUnit> <Opcode : 'add' 'sub'> <InPorts = 2> <OutPorts = 1>
ST_1 : Operation 723 [1/1] (0.00ns)   --->   "%mult_V_247 = partselect i8 @_ssdm_op_PartSelect.i8.i17.i32.i32, i17 %r_V_180, i32 9, i32 16"   --->   Operation 723 'partselect' 'mult_V_247' <Predicate = true> <Delay = 0.00>
ST_1 : Operation 724 [1/1] (0.00ns)   --->   "%mult_V_248 = partselect i7 @_ssdm_op_PartSelect.i7.i2576.i32.i32, i2576 %p_read_19, i32 1929, i32 1935"   --->   Operation 724 'partselect' 'mult_V_248' <Predicate = true> <Delay = 0.00>
ST_1 : Operation 725 [1/1] (0.00ns)   --->   "%sext_ln818_99 = sext i7 %mult_V_248"   --->   Operation 725 'sext' 'sext_ln818_99' <Predicate = true> <Delay = 0.00>
ST_1 : Operation 726 [1/1] (0.00ns)   --->   "%a_V_171 = partselect i16 @_ssdm_op_PartSelect.i16.i2576.i32.i32, i2576 %p_read_19, i32 1936, i32 1951"   --->   Operation 726 'partselect' 'a_V_171' <Predicate = true> <Delay = 0.00>
ST_1 : Operation 727 [1/1] (0.00ns)   --->   "%sext_ln70_25 = sext i16 %a_V_171" [firmware/nnet_utils/nnet_mult.h:70]   --->   Operation 727 'sext' 'sext_ln70_25' <Predicate = true> <Delay = 0.00>
ST_1 : Operation 728 [1/1] (2.07ns)   --->   "%r_V_182 = sub i17 0, i17 %sext_ln70_25"   --->   Operation 728 'sub' 'r_V_182' <Predicate = true> <Delay = 2.07> <CoreInst = "Adder">   --->   Core 1 'Adder' <Latency = 0> <II = 1> <Delay = 2.07> <FuncUnit> <Opcode : 'add' 'sub'> <InPorts = 2> <OutPorts = 1>
ST_1 : Operation 729 [1/1] (0.00ns)   --->   "%mult_V_249 = partselect i8 @_ssdm_op_PartSelect.i8.i17.i32.i32, i17 %r_V_182, i32 9, i32 16"   --->   Operation 729 'partselect' 'mult_V_249' <Predicate = true> <Delay = 0.00>
ST_1 : Operation 730 [1/1] (0.00ns)   --->   "%a_V_110 = partselect i16 @_ssdm_op_PartSelect.i16.i2576.i32.i32, i2576 %p_read_19, i32 1952, i32 1967"   --->   Operation 730 'partselect' 'a_V_110' <Predicate = true> <Delay = 0.00>
ST_1 : Operation 731 [1/1] (0.00ns)   --->   "%sext_ln1273_113 = sext i16 %a_V_110"   --->   Operation 731 'sext' 'sext_ln1273_113' <Predicate = true> <Delay = 0.00>
ST_1 : Operation 732 [1/1] (2.07ns)   --->   "%r_V_183 = sub i17 0, i17 %sext_ln1273_113"   --->   Operation 732 'sub' 'r_V_183' <Predicate = true> <Delay = 2.07> <CoreInst = "Adder">   --->   Core 1 'Adder' <Latency = 0> <II = 1> <Delay = 2.07> <FuncUnit> <Opcode : 'add' 'sub'> <InPorts = 2> <OutPorts = 1>
ST_1 : Operation 733 [1/1] (0.00ns)   --->   "%mult_V_250 = partselect i8 @_ssdm_op_PartSelect.i8.i17.i32.i32, i17 %r_V_183, i32 9, i32 16"   --->   Operation 733 'partselect' 'mult_V_250' <Predicate = true> <Delay = 0.00>
ST_1 : Operation 734 [1/1] (0.00ns)   --->   "%mult_V_251 = partselect i7 @_ssdm_op_PartSelect.i7.i2576.i32.i32, i2576 %p_read_19, i32 1961, i32 1967"   --->   Operation 734 'partselect' 'mult_V_251' <Predicate = true> <Delay = 0.00>
ST_1 : Operation 735 [1/1] (0.00ns)   --->   "%a_V_111 = partselect i16 @_ssdm_op_PartSelect.i16.i2576.i32.i32, i2576 %p_read_19, i32 1968, i32 1983"   --->   Operation 735 'partselect' 'a_V_111' <Predicate = true> <Delay = 0.00>
ST_1 : Operation 736 [1/1] (0.00ns)   --->   "%sext_ln1273_114 = sext i16 %a_V_111"   --->   Operation 736 'sext' 'sext_ln1273_114' <Predicate = true> <Delay = 0.00>
ST_1 : Operation 737 [1/1] (2.07ns)   --->   "%r_V_184 = sub i17 0, i17 %sext_ln1273_114"   --->   Operation 737 'sub' 'r_V_184' <Predicate = true> <Delay = 2.07> <CoreInst = "Adder">   --->   Core 1 'Adder' <Latency = 0> <II = 1> <Delay = 2.07> <FuncUnit> <Opcode : 'add' 'sub'> <InPorts = 2> <OutPorts = 1>
ST_1 : Operation 738 [1/1] (0.00ns)   --->   "%mult_V_252 = partselect i8 @_ssdm_op_PartSelect.i8.i17.i32.i32, i17 %r_V_184, i32 9, i32 16"   --->   Operation 738 'partselect' 'mult_V_252' <Predicate = true> <Delay = 0.00>
ST_1 : Operation 739 [1/1] (0.00ns)   --->   "%tmp_22 = partselect i16 @_ssdm_op_PartSelect.i16.i2576.i32.i32, i2576 %p_read_19, i32 1968, i32 1983"   --->   Operation 739 'partselect' 'tmp_22' <Predicate = true> <Delay = 0.00>
ST_1 : Operation 740 [1/1] (0.00ns)   --->   "%shl_ln1273_22 = bitconcatenate i17 @_ssdm_op_BitConcatenate.i17.i16.i1, i16 %tmp_22, i1 0"   --->   Operation 740 'bitconcatenate' 'shl_ln1273_22' <Predicate = true> <Delay = 0.00>
ST_1 : Operation 741 [1/1] (2.10ns)   --->   "%r_V_185 = sub i17 0, i17 %shl_ln1273_22"   --->   Operation 741 'sub' 'r_V_185' <Predicate = true> <Delay = 2.10> <CoreInst = "Adder">   --->   Core 1 'Adder' <Latency = 0> <II = 1> <Delay = 2.10> <FuncUnit> <Opcode : 'add' 'sub'> <InPorts = 2> <OutPorts = 1>
ST_1 : Operation 742 [1/1] (0.00ns)   --->   "%mult_V_253 = partselect i8 @_ssdm_op_PartSelect.i8.i17.i32.i32, i17 %r_V_185, i32 9, i32 16"   --->   Operation 742 'partselect' 'mult_V_253' <Predicate = true> <Delay = 0.00>
ST_1 : Operation 743 [1/1] (0.00ns)   --->   "%a_V_112 = partselect i16 @_ssdm_op_PartSelect.i16.i2576.i32.i32, i2576 %p_read_19, i32 1984, i32 1999"   --->   Operation 743 'partselect' 'a_V_112' <Predicate = true> <Delay = 0.00>
ST_1 : Operation 744 [1/1] (0.00ns)   --->   "%mult_V_254 = partselect i7 @_ssdm_op_PartSelect.i7.i2576.i32.i32, i2576 %p_read_19, i32 1993, i32 1999"   --->   Operation 744 'partselect' 'mult_V_254' <Predicate = true> <Delay = 0.00>
ST_1 : Operation 745 [1/1] (0.00ns)   --->   "%sext_ln1273_115 = sext i16 %a_V_112"   --->   Operation 745 'sext' 'sext_ln1273_115' <Predicate = true> <Delay = 0.00>
ST_1 : Operation 746 [1/1] (2.07ns)   --->   "%r_V_186 = sub i17 0, i17 %sext_ln1273_115"   --->   Operation 746 'sub' 'r_V_186' <Predicate = true> <Delay = 2.07> <CoreInst = "Adder">   --->   Core 1 'Adder' <Latency = 0> <II = 1> <Delay = 2.07> <FuncUnit> <Opcode : 'add' 'sub'> <InPorts = 2> <OutPorts = 1>
ST_1 : Operation 747 [1/1] (0.00ns)   --->   "%mult_V_255 = partselect i8 @_ssdm_op_PartSelect.i8.i17.i32.i32, i17 %r_V_186, i32 9, i32 16"   --->   Operation 747 'partselect' 'mult_V_255' <Predicate = true> <Delay = 0.00>
ST_1 : Operation 748 [1/1] (0.00ns)   --->   "%a_V_172 = partselect i16 @_ssdm_op_PartSelect.i16.i2576.i32.i32, i2576 %p_read_19, i32 2000, i32 2015"   --->   Operation 748 'partselect' 'a_V_172' <Predicate = true> <Delay = 0.00>
ST_1 : Operation 749 [1/1] (0.00ns)   --->   "%sext_ln70_26 = sext i16 %a_V_172" [firmware/nnet_utils/nnet_mult.h:70]   --->   Operation 749 'sext' 'sext_ln70_26' <Predicate = true> <Delay = 0.00>
ST_1 : Operation 750 [1/1] (2.07ns)   --->   "%r_V_188 = sub i17 0, i17 %sext_ln70_26"   --->   Operation 750 'sub' 'r_V_188' <Predicate = true> <Delay = 2.07> <CoreInst = "Adder">   --->   Core 1 'Adder' <Latency = 0> <II = 1> <Delay = 2.07> <FuncUnit> <Opcode : 'add' 'sub'> <InPorts = 2> <OutPorts = 1>
ST_1 : Operation 751 [1/1] (0.00ns)   --->   "%mult_V_256 = partselect i8 @_ssdm_op_PartSelect.i8.i17.i32.i32, i17 %r_V_188, i32 9, i32 16"   --->   Operation 751 'partselect' 'mult_V_256' <Predicate = true> <Delay = 0.00>
ST_1 : Operation 752 [1/1] (0.00ns)   --->   "%a_V_114 = partselect i16 @_ssdm_op_PartSelect.i16.i2576.i32.i32, i2576 %p_read_19, i32 2016, i32 2031"   --->   Operation 752 'partselect' 'a_V_114' <Predicate = true> <Delay = 0.00>
ST_1 : Operation 753 [1/1] (0.00ns)   --->   "%sext_ln1273_116 = sext i16 %a_V_114"   --->   Operation 753 'sext' 'sext_ln1273_116' <Predicate = true> <Delay = 0.00>
ST_1 : Operation 754 [1/1] (0.00ns)   --->   "%tmp_23 = partselect i16 @_ssdm_op_PartSelect.i16.i2576.i32.i32, i2576 %p_read_19, i32 2016, i32 2031"   --->   Operation 754 'partselect' 'tmp_23' <Predicate = true> <Delay = 0.00>
ST_1 : Operation 755 [1/1] (0.00ns)   --->   "%shl_ln1273_23 = bitconcatenate i17 @_ssdm_op_BitConcatenate.i17.i16.i1, i16 %tmp_23, i1 0"   --->   Operation 755 'bitconcatenate' 'shl_ln1273_23' <Predicate = true> <Delay = 0.00>
ST_1 : Operation 756 [1/1] (2.10ns)   --->   "%r_V_189 = sub i17 0, i17 %shl_ln1273_23"   --->   Operation 756 'sub' 'r_V_189' <Predicate = true> <Delay = 2.10> <CoreInst = "Adder">   --->   Core 1 'Adder' <Latency = 0> <II = 1> <Delay = 2.10> <FuncUnit> <Opcode : 'add' 'sub'> <InPorts = 2> <OutPorts = 1>
ST_1 : Operation 757 [1/1] (0.00ns)   --->   "%mult_V_257 = partselect i8 @_ssdm_op_PartSelect.i8.i17.i32.i32, i17 %r_V_189, i32 9, i32 16"   --->   Operation 757 'partselect' 'mult_V_257' <Predicate = true> <Delay = 0.00>
ST_1 : Operation 758 [1/1] (2.07ns)   --->   "%r_V_190 = sub i17 0, i17 %sext_ln1273_116"   --->   Operation 758 'sub' 'r_V_190' <Predicate = true> <Delay = 2.07> <CoreInst = "Adder">   --->   Core 1 'Adder' <Latency = 0> <II = 1> <Delay = 2.07> <FuncUnit> <Opcode : 'add' 'sub'> <InPorts = 2> <OutPorts = 1>
ST_1 : Operation 759 [1/1] (0.00ns)   --->   "%mult_V_258 = partselect i8 @_ssdm_op_PartSelect.i8.i17.i32.i32, i17 %r_V_190, i32 9, i32 16"   --->   Operation 759 'partselect' 'mult_V_258' <Predicate = true> <Delay = 0.00>
ST_1 : Operation 760 [1/1] (0.00ns)   --->   "%mult_V_259 = partselect i7 @_ssdm_op_PartSelect.i7.i2576.i32.i32, i2576 %p_read_19, i32 2025, i32 2031"   --->   Operation 760 'partselect' 'mult_V_259' <Predicate = true> <Delay = 0.00>
ST_1 : Operation 761 [1/1] (0.00ns)   --->   "%sext_ln818_102 = sext i7 %mult_V_259"   --->   Operation 761 'sext' 'sext_ln818_102' <Predicate = true> <Delay = 0.00>
ST_1 : Operation 762 [1/1] (0.00ns)   --->   "%mult_V_260 = partselect i7 @_ssdm_op_PartSelect.i7.i2576.i32.i32, i2576 %p_read_19, i32 2041, i32 2047"   --->   Operation 762 'partselect' 'mult_V_260' <Predicate = true> <Delay = 0.00>
ST_1 : Operation 763 [1/1] (0.00ns)   --->   "%sext_ln818_103 = sext i7 %mult_V_260"   --->   Operation 763 'sext' 'sext_ln818_103' <Predicate = true> <Delay = 0.00>
ST_1 : Operation 764 [1/1] (0.00ns)   --->   "%tmp_24 = partselect i16 @_ssdm_op_PartSelect.i16.i2576.i32.i32, i2576 %p_read_19, i32 2032, i32 2047"   --->   Operation 764 'partselect' 'tmp_24' <Predicate = true> <Delay = 0.00>
ST_1 : Operation 765 [1/1] (0.00ns)   --->   "%shl_ln1273_24 = bitconcatenate i17 @_ssdm_op_BitConcatenate.i17.i16.i1, i16 %tmp_24, i1 0"   --->   Operation 765 'bitconcatenate' 'shl_ln1273_24' <Predicate = true> <Delay = 0.00>
ST_1 : Operation 766 [1/1] (2.10ns)   --->   "%r_V_191 = sub i17 0, i17 %shl_ln1273_24"   --->   Operation 766 'sub' 'r_V_191' <Predicate = true> <Delay = 2.10> <CoreInst = "Adder">   --->   Core 1 'Adder' <Latency = 0> <II = 1> <Delay = 2.10> <FuncUnit> <Opcode : 'add' 'sub'> <InPorts = 2> <OutPorts = 1>
ST_1 : Operation 767 [1/1] (0.00ns)   --->   "%mult_V_261 = partselect i8 @_ssdm_op_PartSelect.i8.i17.i32.i32, i17 %r_V_191, i32 9, i32 16"   --->   Operation 767 'partselect' 'mult_V_261' <Predicate = true> <Delay = 0.00>
ST_1 : Operation 768 [1/1] (0.00ns)   --->   "%a_V_115 = partselect i16 @_ssdm_op_PartSelect.i16.i2576.i32.i32, i2576 %p_read_19, i32 2048, i32 2063"   --->   Operation 768 'partselect' 'a_V_115' <Predicate = true> <Delay = 0.00>
ST_1 : Operation 769 [1/1] (0.00ns)   --->   "%mult_V_262 = partselect i7 @_ssdm_op_PartSelect.i7.i2576.i32.i32, i2576 %p_read_19, i32 2057, i32 2063"   --->   Operation 769 'partselect' 'mult_V_262' <Predicate = true> <Delay = 0.00>
ST_1 : Operation 770 [1/1] (0.00ns)   --->   "%sext_ln818_104 = sext i7 %mult_V_262"   --->   Operation 770 'sext' 'sext_ln818_104' <Predicate = true> <Delay = 0.00>
ST_1 : Operation 771 [1/1] (0.00ns)   --->   "%sext_ln1273_117 = sext i16 %a_V_115"   --->   Operation 771 'sext' 'sext_ln1273_117' <Predicate = true> <Delay = 0.00>
ST_1 : Operation 772 [1/1] (2.07ns)   --->   "%r_V_192 = sub i17 0, i17 %sext_ln1273_117"   --->   Operation 772 'sub' 'r_V_192' <Predicate = true> <Delay = 2.07> <CoreInst = "Adder">   --->   Core 1 'Adder' <Latency = 0> <II = 1> <Delay = 2.07> <FuncUnit> <Opcode : 'add' 'sub'> <InPorts = 2> <OutPorts = 1>
ST_1 : Operation 773 [1/1] (0.00ns)   --->   "%mult_V_263 = partselect i8 @_ssdm_op_PartSelect.i8.i17.i32.i32, i17 %r_V_192, i32 9, i32 16"   --->   Operation 773 'partselect' 'mult_V_263' <Predicate = true> <Delay = 0.00>
ST_1 : Operation 774 [1/1] (0.00ns)   --->   "%a_V_116 = partselect i16 @_ssdm_op_PartSelect.i16.i2576.i32.i32, i2576 %p_read_19, i32 2064, i32 2079"   --->   Operation 774 'partselect' 'a_V_116' <Predicate = true> <Delay = 0.00>
ST_1 : Operation 775 [1/1] (0.00ns)   --->   "%sext_ln1273_118 = sext i16 %a_V_116"   --->   Operation 775 'sext' 'sext_ln1273_118' <Predicate = true> <Delay = 0.00>
ST_1 : Operation 776 [1/1] (0.00ns)   --->   "%tmp_25 = partselect i16 @_ssdm_op_PartSelect.i16.i2576.i32.i32, i2576 %p_read_19, i32 2064, i32 2079"   --->   Operation 776 'partselect' 'tmp_25' <Predicate = true> <Delay = 0.00>
ST_1 : Operation 777 [1/1] (0.00ns)   --->   "%shl_ln1273_25 = bitconcatenate i17 @_ssdm_op_BitConcatenate.i17.i16.i1, i16 %tmp_25, i1 0"   --->   Operation 777 'bitconcatenate' 'shl_ln1273_25' <Predicate = true> <Delay = 0.00>
ST_1 : Operation 778 [1/1] (2.10ns)   --->   "%r_V_193 = sub i17 0, i17 %shl_ln1273_25"   --->   Operation 778 'sub' 'r_V_193' <Predicate = true> <Delay = 2.10> <CoreInst = "Adder">   --->   Core 1 'Adder' <Latency = 0> <II = 1> <Delay = 2.10> <FuncUnit> <Opcode : 'add' 'sub'> <InPorts = 2> <OutPorts = 1>
ST_1 : Operation 779 [1/1] (0.00ns)   --->   "%mult_V_264 = partselect i8 @_ssdm_op_PartSelect.i8.i17.i32.i32, i17 %r_V_193, i32 9, i32 16"   --->   Operation 779 'partselect' 'mult_V_264' <Predicate = true> <Delay = 0.00>
ST_1 : Operation 780 [1/1] (2.07ns)   --->   "%r_V_194 = sub i17 0, i17 %sext_ln1273_118"   --->   Operation 780 'sub' 'r_V_194' <Predicate = true> <Delay = 2.07> <CoreInst = "Adder">   --->   Core 1 'Adder' <Latency = 0> <II = 1> <Delay = 2.07> <FuncUnit> <Opcode : 'add' 'sub'> <InPorts = 2> <OutPorts = 1>
ST_1 : Operation 781 [1/1] (0.00ns)   --->   "%mult_V_265 = partselect i8 @_ssdm_op_PartSelect.i8.i17.i32.i32, i17 %r_V_194, i32 9, i32 16"   --->   Operation 781 'partselect' 'mult_V_265' <Predicate = true> <Delay = 0.00>
ST_1 : Operation 782 [1/1] (0.00ns)   --->   "%a_V_117 = partselect i16 @_ssdm_op_PartSelect.i16.i2576.i32.i32, i2576 %p_read_19, i32 2080, i32 2095"   --->   Operation 782 'partselect' 'a_V_117' <Predicate = true> <Delay = 0.00>
ST_1 : Operation 783 [1/1] (0.00ns)   --->   "%mult_V_266 = partselect i7 @_ssdm_op_PartSelect.i7.i2576.i32.i32, i2576 %p_read_19, i32 2089, i32 2095"   --->   Operation 783 'partselect' 'mult_V_266' <Predicate = true> <Delay = 0.00>
ST_1 : Operation 784 [1/1] (0.00ns)   --->   "%sext_ln1273_119 = sext i16 %a_V_117"   --->   Operation 784 'sext' 'sext_ln1273_119' <Predicate = true> <Delay = 0.00>
ST_1 : Operation 785 [1/1] (2.07ns)   --->   "%r_V_195 = sub i17 0, i17 %sext_ln1273_119"   --->   Operation 785 'sub' 'r_V_195' <Predicate = true> <Delay = 2.07> <CoreInst = "Adder">   --->   Core 1 'Adder' <Latency = 0> <II = 1> <Delay = 2.07> <FuncUnit> <Opcode : 'add' 'sub'> <InPorts = 2> <OutPorts = 1>
ST_1 : Operation 786 [1/1] (0.00ns)   --->   "%mult_V_267 = partselect i8 @_ssdm_op_PartSelect.i8.i17.i32.i32, i17 %r_V_195, i32 9, i32 16"   --->   Operation 786 'partselect' 'mult_V_267' <Predicate = true> <Delay = 0.00>
ST_1 : Operation 787 [1/1] (0.00ns)   --->   "%a_V_173 = partselect i16 @_ssdm_op_PartSelect.i16.i2576.i32.i32, i2576 %p_read_19, i32 2096, i32 2111"   --->   Operation 787 'partselect' 'a_V_173' <Predicate = true> <Delay = 0.00>
ST_1 : Operation 788 [1/1] (0.00ns)   --->   "%sext_ln70_27 = sext i16 %a_V_173" [firmware/nnet_utils/nnet_mult.h:70]   --->   Operation 788 'sext' 'sext_ln70_27' <Predicate = true> <Delay = 0.00>
ST_1 : Operation 789 [1/1] (2.07ns)   --->   "%r_V_197 = sub i17 0, i17 %sext_ln70_27"   --->   Operation 789 'sub' 'r_V_197' <Predicate = true> <Delay = 2.07> <CoreInst = "Adder">   --->   Core 1 'Adder' <Latency = 0> <II = 1> <Delay = 2.07> <FuncUnit> <Opcode : 'add' 'sub'> <InPorts = 2> <OutPorts = 1>
ST_1 : Operation 790 [1/1] (0.00ns)   --->   "%mult_V_268 = partselect i8 @_ssdm_op_PartSelect.i8.i17.i32.i32, i17 %r_V_197, i32 9, i32 16"   --->   Operation 790 'partselect' 'mult_V_268' <Predicate = true> <Delay = 0.00>
ST_1 : Operation 791 [1/1] (0.00ns)   --->   "%a_V_119 = partselect i16 @_ssdm_op_PartSelect.i16.i2576.i32.i32, i2576 %p_read_19, i32 2112, i32 2127"   --->   Operation 791 'partselect' 'a_V_119' <Predicate = true> <Delay = 0.00>
ST_1 : Operation 792 [1/1] (0.00ns)   --->   "%mult_V_269 = partselect i7 @_ssdm_op_PartSelect.i7.i2576.i32.i32, i2576 %p_read_19, i32 2121, i32 2127"   --->   Operation 792 'partselect' 'mult_V_269' <Predicate = true> <Delay = 0.00>
ST_1 : Operation 793 [1/1] (0.00ns)   --->   "%sext_ln818_106 = sext i7 %mult_V_269"   --->   Operation 793 'sext' 'sext_ln818_106' <Predicate = true> <Delay = 0.00>
ST_1 : Operation 794 [1/1] (0.00ns)   --->   "%sext_ln1273_120 = sext i16 %a_V_119"   --->   Operation 794 'sext' 'sext_ln1273_120' <Predicate = true> <Delay = 0.00>
ST_1 : Operation 795 [1/1] (0.00ns)   --->   "%tmp_26 = partselect i16 @_ssdm_op_PartSelect.i16.i2576.i32.i32, i2576 %p_read_19, i32 2112, i32 2127"   --->   Operation 795 'partselect' 'tmp_26' <Predicate = true> <Delay = 0.00>
ST_1 : Operation 796 [1/1] (0.00ns)   --->   "%shl_ln1273_26 = bitconcatenate i17 @_ssdm_op_BitConcatenate.i17.i16.i1, i16 %tmp_26, i1 0"   --->   Operation 796 'bitconcatenate' 'shl_ln1273_26' <Predicate = true> <Delay = 0.00>
ST_1 : Operation 797 [1/1] (2.10ns)   --->   "%r_V_198 = sub i17 0, i17 %shl_ln1273_26"   --->   Operation 797 'sub' 'r_V_198' <Predicate = true> <Delay = 2.10> <CoreInst = "Adder">   --->   Core 1 'Adder' <Latency = 0> <II = 1> <Delay = 2.10> <FuncUnit> <Opcode : 'add' 'sub'> <InPorts = 2> <OutPorts = 1>
ST_1 : Operation 798 [1/1] (0.00ns)   --->   "%mult_V_270 = partselect i8 @_ssdm_op_PartSelect.i8.i17.i32.i32, i17 %r_V_198, i32 9, i32 16"   --->   Operation 798 'partselect' 'mult_V_270' <Predicate = true> <Delay = 0.00>
ST_1 : Operation 799 [1/1] (2.07ns)   --->   "%r_V_199 = sub i17 0, i17 %sext_ln1273_120"   --->   Operation 799 'sub' 'r_V_199' <Predicate = true> <Delay = 2.07> <CoreInst = "Adder">   --->   Core 1 'Adder' <Latency = 0> <II = 1> <Delay = 2.07> <FuncUnit> <Opcode : 'add' 'sub'> <InPorts = 2> <OutPorts = 1>
ST_1 : Operation 800 [1/1] (0.00ns)   --->   "%mult_V_271 = partselect i8 @_ssdm_op_PartSelect.i8.i17.i32.i32, i17 %r_V_199, i32 9, i32 16"   --->   Operation 800 'partselect' 'mult_V_271' <Predicate = true> <Delay = 0.00>
ST_1 : Operation 801 [1/1] (0.00ns)   --->   "%a_V_120 = partselect i16 @_ssdm_op_PartSelect.i16.i2576.i32.i32, i2576 %p_read_19, i32 2128, i32 2143"   --->   Operation 801 'partselect' 'a_V_120' <Predicate = true> <Delay = 0.00>
ST_1 : Operation 802 [1/1] (0.00ns)   --->   "%sext_ln1273_121 = sext i16 %a_V_120"   --->   Operation 802 'sext' 'sext_ln1273_121' <Predicate = true> <Delay = 0.00>
ST_1 : Operation 803 [1/1] (2.07ns)   --->   "%r_V_200 = sub i17 0, i17 %sext_ln1273_121"   --->   Operation 803 'sub' 'r_V_200' <Predicate = true> <Delay = 2.07> <CoreInst = "Adder">   --->   Core 1 'Adder' <Latency = 0> <II = 1> <Delay = 2.07> <FuncUnit> <Opcode : 'add' 'sub'> <InPorts = 2> <OutPorts = 1>
ST_1 : Operation 804 [1/1] (0.00ns)   --->   "%mult_V_272 = partselect i8 @_ssdm_op_PartSelect.i8.i17.i32.i32, i17 %r_V_200, i32 9, i32 16"   --->   Operation 804 'partselect' 'mult_V_272' <Predicate = true> <Delay = 0.00>
ST_1 : Operation 805 [1/1] (0.00ns)   --->   "%mult_V_273 = partselect i7 @_ssdm_op_PartSelect.i7.i2576.i32.i32, i2576 %p_read_19, i32 2137, i32 2143"   --->   Operation 805 'partselect' 'mult_V_273' <Predicate = true> <Delay = 0.00>
ST_1 : Operation 806 [1/1] (0.00ns)   --->   "%sext_ln818_107 = sext i7 %mult_V_273"   --->   Operation 806 'sext' 'sext_ln818_107' <Predicate = true> <Delay = 0.00>
ST_1 : Operation 807 [1/1] (0.00ns)   --->   "%a_V_174 = partselect i16 @_ssdm_op_PartSelect.i16.i2576.i32.i32, i2576 %p_read_19, i32 2144, i32 2159"   --->   Operation 807 'partselect' 'a_V_174' <Predicate = true> <Delay = 0.00>
ST_1 : Operation 808 [1/1] (0.00ns)   --->   "%sext_ln70_28 = sext i16 %a_V_174" [firmware/nnet_utils/nnet_mult.h:70]   --->   Operation 808 'sext' 'sext_ln70_28' <Predicate = true> <Delay = 0.00>
ST_1 : Operation 809 [1/1] (2.07ns)   --->   "%r_V_202 = sub i17 0, i17 %sext_ln70_28"   --->   Operation 809 'sub' 'r_V_202' <Predicate = true> <Delay = 2.07> <CoreInst = "Adder">   --->   Core 1 'Adder' <Latency = 0> <II = 1> <Delay = 2.07> <FuncUnit> <Opcode : 'add' 'sub'> <InPorts = 2> <OutPorts = 1>
ST_1 : Operation 810 [1/1] (0.00ns)   --->   "%mult_V_274 = partselect i8 @_ssdm_op_PartSelect.i8.i17.i32.i32, i17 %r_V_202, i32 9, i32 16"   --->   Operation 810 'partselect' 'mult_V_274' <Predicate = true> <Delay = 0.00>
ST_1 : Operation 811 [1/1] (0.00ns)   --->   "%a_V_122 = partselect i16 @_ssdm_op_PartSelect.i16.i2576.i32.i32, i2576 %p_read_19, i32 2160, i32 2175"   --->   Operation 811 'partselect' 'a_V_122' <Predicate = true> <Delay = 0.00>
ST_1 : Operation 812 [1/1] (0.00ns)   --->   "%mult_V_275 = partselect i7 @_ssdm_op_PartSelect.i7.i2576.i32.i32, i2576 %p_read_19, i32 2169, i32 2175"   --->   Operation 812 'partselect' 'mult_V_275' <Predicate = true> <Delay = 0.00>
ST_1 : Operation 813 [1/1] (0.00ns)   --->   "%sext_ln818_108 = sext i7 %mult_V_275"   --->   Operation 813 'sext' 'sext_ln818_108' <Predicate = true> <Delay = 0.00>
ST_1 : Operation 814 [1/1] (0.00ns)   --->   "%sext_ln1273_122 = sext i16 %a_V_122"   --->   Operation 814 'sext' 'sext_ln1273_122' <Predicate = true> <Delay = 0.00>
ST_1 : Operation 815 [1/1] (2.07ns)   --->   "%r_V_203 = sub i17 0, i17 %sext_ln1273_122"   --->   Operation 815 'sub' 'r_V_203' <Predicate = true> <Delay = 2.07> <CoreInst = "Adder">   --->   Core 1 'Adder' <Latency = 0> <II = 1> <Delay = 2.07> <FuncUnit> <Opcode : 'add' 'sub'> <InPorts = 2> <OutPorts = 1>
ST_1 : Operation 816 [1/1] (0.00ns)   --->   "%mult_V_276 = partselect i8 @_ssdm_op_PartSelect.i8.i17.i32.i32, i17 %r_V_203, i32 9, i32 16"   --->   Operation 816 'partselect' 'mult_V_276' <Predicate = true> <Delay = 0.00>
ST_1 : Operation 817 [1/1] (0.00ns)   --->   "%a_V_123 = partselect i16 @_ssdm_op_PartSelect.i16.i2576.i32.i32, i2576 %p_read_19, i32 2176, i32 2191"   --->   Operation 817 'partselect' 'a_V_123' <Predicate = true> <Delay = 0.00>
ST_1 : Operation 818 [1/1] (0.00ns)   --->   "%mult_V_277 = partselect i7 @_ssdm_op_PartSelect.i7.i2576.i32.i32, i2576 %p_read_19, i32 2185, i32 2191"   --->   Operation 818 'partselect' 'mult_V_277' <Predicate = true> <Delay = 0.00>
ST_1 : Operation 819 [1/1] (0.00ns)   --->   "%sext_ln818_109 = sext i7 %mult_V_277"   --->   Operation 819 'sext' 'sext_ln818_109' <Predicate = true> <Delay = 0.00>
ST_1 : Operation 820 [1/1] (0.00ns)   --->   "%sext_ln1273_123 = sext i16 %a_V_123"   --->   Operation 820 'sext' 'sext_ln1273_123' <Predicate = true> <Delay = 0.00>
ST_1 : Operation 821 [1/1] (2.07ns)   --->   "%r_V_204 = sub i17 0, i17 %sext_ln1273_123"   --->   Operation 821 'sub' 'r_V_204' <Predicate = true> <Delay = 2.07> <CoreInst = "Adder">   --->   Core 1 'Adder' <Latency = 0> <II = 1> <Delay = 2.07> <FuncUnit> <Opcode : 'add' 'sub'> <InPorts = 2> <OutPorts = 1>
ST_1 : Operation 822 [1/1] (0.00ns)   --->   "%mult_V_278 = partselect i8 @_ssdm_op_PartSelect.i8.i17.i32.i32, i17 %r_V_204, i32 9, i32 16"   --->   Operation 822 'partselect' 'mult_V_278' <Predicate = true> <Delay = 0.00>
ST_1 : Operation 823 [1/1] (0.00ns)   --->   "%a_V_124 = partselect i16 @_ssdm_op_PartSelect.i16.i2576.i32.i32, i2576 %p_read_19, i32 2192, i32 2207"   --->   Operation 823 'partselect' 'a_V_124' <Predicate = true> <Delay = 0.00>
ST_1 : Operation 824 [1/1] (0.00ns)   --->   "%sext_ln1273_124 = sext i16 %a_V_124"   --->   Operation 824 'sext' 'sext_ln1273_124' <Predicate = true> <Delay = 0.00>
ST_1 : Operation 825 [1/1] (2.07ns)   --->   "%r_V_205 = sub i17 0, i17 %sext_ln1273_124"   --->   Operation 825 'sub' 'r_V_205' <Predicate = true> <Delay = 2.07> <CoreInst = "Adder">   --->   Core 1 'Adder' <Latency = 0> <II = 1> <Delay = 2.07> <FuncUnit> <Opcode : 'add' 'sub'> <InPorts = 2> <OutPorts = 1>
ST_1 : Operation 826 [1/1] (0.00ns)   --->   "%mult_V_279 = partselect i8 @_ssdm_op_PartSelect.i8.i17.i32.i32, i17 %r_V_205, i32 9, i32 16"   --->   Operation 826 'partselect' 'mult_V_279' <Predicate = true> <Delay = 0.00>
ST_1 : Operation 827 [1/1] (0.00ns)   --->   "%mult_V_280 = partselect i7 @_ssdm_op_PartSelect.i7.i2576.i32.i32, i2576 %p_read_19, i32 2201, i32 2207"   --->   Operation 827 'partselect' 'mult_V_280' <Predicate = true> <Delay = 0.00>
ST_1 : Operation 828 [1/1] (0.00ns)   --->   "%sext_ln818_110 = sext i7 %mult_V_280"   --->   Operation 828 'sext' 'sext_ln818_110' <Predicate = true> <Delay = 0.00>
ST_1 : Operation 829 [1/1] (0.00ns)   --->   "%tmp_27 = partselect i16 @_ssdm_op_PartSelect.i16.i2576.i32.i32, i2576 %p_read_19, i32 2192, i32 2207"   --->   Operation 829 'partselect' 'tmp_27' <Predicate = true> <Delay = 0.00>
ST_1 : Operation 830 [1/1] (0.00ns)   --->   "%shl_ln1273_27 = bitconcatenate i17 @_ssdm_op_BitConcatenate.i17.i16.i1, i16 %tmp_27, i1 0"   --->   Operation 830 'bitconcatenate' 'shl_ln1273_27' <Predicate = true> <Delay = 0.00>
ST_1 : Operation 831 [1/1] (2.10ns)   --->   "%r_V_206 = sub i17 0, i17 %shl_ln1273_27"   --->   Operation 831 'sub' 'r_V_206' <Predicate = true> <Delay = 2.10> <CoreInst = "Adder">   --->   Core 1 'Adder' <Latency = 0> <II = 1> <Delay = 2.10> <FuncUnit> <Opcode : 'add' 'sub'> <InPorts = 2> <OutPorts = 1>
ST_1 : Operation 832 [1/1] (0.00ns)   --->   "%mult_V_281 = partselect i8 @_ssdm_op_PartSelect.i8.i17.i32.i32, i17 %r_V_206, i32 9, i32 16"   --->   Operation 832 'partselect' 'mult_V_281' <Predicate = true> <Delay = 0.00>
ST_1 : Operation 833 [1/1] (0.00ns)   --->   "%a_V_125 = partselect i16 @_ssdm_op_PartSelect.i16.i2576.i32.i32, i2576 %p_read_19, i32 2208, i32 2223"   --->   Operation 833 'partselect' 'a_V_125' <Predicate = true> <Delay = 0.00>
ST_1 : Operation 834 [1/1] (0.00ns)   --->   "%sext_ln1273_125 = sext i16 %a_V_125"   --->   Operation 834 'sext' 'sext_ln1273_125' <Predicate = true> <Delay = 0.00>
ST_1 : Operation 835 [1/1] (2.07ns)   --->   "%r_V_207 = sub i17 0, i17 %sext_ln1273_125"   --->   Operation 835 'sub' 'r_V_207' <Predicate = true> <Delay = 2.07> <CoreInst = "Adder">   --->   Core 1 'Adder' <Latency = 0> <II = 1> <Delay = 2.07> <FuncUnit> <Opcode : 'add' 'sub'> <InPorts = 2> <OutPorts = 1>
ST_1 : Operation 836 [1/1] (0.00ns)   --->   "%mult_V_282 = partselect i8 @_ssdm_op_PartSelect.i8.i17.i32.i32, i17 %r_V_207, i32 9, i32 16"   --->   Operation 836 'partselect' 'mult_V_282' <Predicate = true> <Delay = 0.00>
ST_1 : Operation 837 [1/1] (0.00ns)   --->   "%mult_V_283 = partselect i7 @_ssdm_op_PartSelect.i7.i2576.i32.i32, i2576 %p_read_19, i32 2217, i32 2223"   --->   Operation 837 'partselect' 'mult_V_283' <Predicate = true> <Delay = 0.00>
ST_1 : Operation 838 [1/1] (0.00ns)   --->   "%mult_V_284 = partselect i7 @_ssdm_op_PartSelect.i7.i2576.i32.i32, i2576 %p_read_19, i32 2233, i32 2239"   --->   Operation 838 'partselect' 'mult_V_284' <Predicate = true> <Delay = 0.00>
ST_1 : Operation 839 [1/1] (0.00ns)   --->   "%sext_ln818_112 = sext i7 %mult_V_284"   --->   Operation 839 'sext' 'sext_ln818_112' <Predicate = true> <Delay = 0.00>
ST_1 : Operation 840 [1/1] (0.00ns)   --->   "%a_V_126 = partselect i16 @_ssdm_op_PartSelect.i16.i2576.i32.i32, i2576 %p_read_19, i32 2240, i32 2255"   --->   Operation 840 'partselect' 'a_V_126' <Predicate = true> <Delay = 0.00>
ST_1 : Operation 841 [1/1] (0.00ns)   --->   "%sext_ln1273_126 = sext i16 %a_V_126"   --->   Operation 841 'sext' 'sext_ln1273_126' <Predicate = true> <Delay = 0.00>
ST_1 : Operation 842 [1/1] (2.07ns)   --->   "%r_V_208 = sub i17 0, i17 %sext_ln1273_126"   --->   Operation 842 'sub' 'r_V_208' <Predicate = true> <Delay = 2.07> <CoreInst = "Adder">   --->   Core 1 'Adder' <Latency = 0> <II = 1> <Delay = 2.07> <FuncUnit> <Opcode : 'add' 'sub'> <InPorts = 2> <OutPorts = 1>
ST_1 : Operation 843 [1/1] (0.00ns)   --->   "%mult_V_285 = partselect i8 @_ssdm_op_PartSelect.i8.i17.i32.i32, i17 %r_V_208, i32 9, i32 16"   --->   Operation 843 'partselect' 'mult_V_285' <Predicate = true> <Delay = 0.00>
ST_1 : Operation 844 [1/1] (0.00ns)   --->   "%mult_V_286 = partselect i7 @_ssdm_op_PartSelect.i7.i2576.i32.i32, i2576 %p_read_19, i32 2249, i32 2255"   --->   Operation 844 'partselect' 'mult_V_286' <Predicate = true> <Delay = 0.00>
ST_1 : Operation 845 [1/1] (0.00ns)   --->   "%sext_ln818_113 = sext i7 %mult_V_286"   --->   Operation 845 'sext' 'sext_ln818_113' <Predicate = true> <Delay = 0.00>
ST_1 : Operation 846 [1/1] (0.00ns)   --->   "%a_V_175 = partselect i16 @_ssdm_op_PartSelect.i16.i2576.i32.i32, i2576 %p_read_19, i32 2256, i32 2271"   --->   Operation 846 'partselect' 'a_V_175' <Predicate = true> <Delay = 0.00>
ST_1 : Operation 847 [1/1] (0.00ns)   --->   "%sext_ln70_29 = sext i16 %a_V_175" [firmware/nnet_utils/nnet_mult.h:70]   --->   Operation 847 'sext' 'sext_ln70_29' <Predicate = true> <Delay = 0.00>
ST_1 : Operation 848 [1/1] (2.07ns)   --->   "%r_V_210 = sub i17 0, i17 %sext_ln70_29"   --->   Operation 848 'sub' 'r_V_210' <Predicate = true> <Delay = 2.07> <CoreInst = "Adder">   --->   Core 1 'Adder' <Latency = 0> <II = 1> <Delay = 2.07> <FuncUnit> <Opcode : 'add' 'sub'> <InPorts = 2> <OutPorts = 1>
ST_1 : Operation 849 [1/1] (0.00ns)   --->   "%mult_V_287 = partselect i8 @_ssdm_op_PartSelect.i8.i17.i32.i32, i17 %r_V_210, i32 9, i32 16"   --->   Operation 849 'partselect' 'mult_V_287' <Predicate = true> <Delay = 0.00>
ST_1 : Operation 850 [1/1] (0.00ns)   --->   "%a_V_128 = partselect i16 @_ssdm_op_PartSelect.i16.i2576.i32.i32, i2576 %p_read_19, i32 2272, i32 2287"   --->   Operation 850 'partselect' 'a_V_128' <Predicate = true> <Delay = 0.00>
ST_1 : Operation 851 [1/1] (0.00ns)   --->   "%mult_V_288 = partselect i7 @_ssdm_op_PartSelect.i7.i2576.i32.i32, i2576 %p_read_19, i32 2281, i32 2287"   --->   Operation 851 'partselect' 'mult_V_288' <Predicate = true> <Delay = 0.00>
ST_1 : Operation 852 [1/1] (0.00ns)   --->   "%sext_ln1273_127 = sext i16 %a_V_128"   --->   Operation 852 'sext' 'sext_ln1273_127' <Predicate = true> <Delay = 0.00>
ST_1 : Operation 853 [1/1] (2.07ns)   --->   "%r_V_211 = sub i17 0, i17 %sext_ln1273_127"   --->   Operation 853 'sub' 'r_V_211' <Predicate = true> <Delay = 2.07> <CoreInst = "Adder">   --->   Core 1 'Adder' <Latency = 0> <II = 1> <Delay = 2.07> <FuncUnit> <Opcode : 'add' 'sub'> <InPorts = 2> <OutPorts = 1>
ST_1 : Operation 854 [1/1] (0.00ns)   --->   "%mult_V_289 = partselect i8 @_ssdm_op_PartSelect.i8.i17.i32.i32, i17 %r_V_211, i32 9, i32 16"   --->   Operation 854 'partselect' 'mult_V_289' <Predicate = true> <Delay = 0.00>
ST_1 : Operation 855 [1/1] (0.00ns)   --->   "%a_V_129 = partselect i16 @_ssdm_op_PartSelect.i16.i2576.i32.i32, i2576 %p_read_19, i32 2288, i32 2303"   --->   Operation 855 'partselect' 'a_V_129' <Predicate = true> <Delay = 0.00>
ST_1 : Operation 856 [1/1] (0.00ns)   --->   "%sext_ln1273_128 = sext i16 %a_V_129"   --->   Operation 856 'sext' 'sext_ln1273_128' <Predicate = true> <Delay = 0.00>
ST_1 : Operation 857 [1/1] (2.07ns)   --->   "%r_V_212 = sub i17 0, i17 %sext_ln1273_128"   --->   Operation 857 'sub' 'r_V_212' <Predicate = true> <Delay = 2.07> <CoreInst = "Adder">   --->   Core 1 'Adder' <Latency = 0> <II = 1> <Delay = 2.07> <FuncUnit> <Opcode : 'add' 'sub'> <InPorts = 2> <OutPorts = 1>
ST_1 : Operation 858 [1/1] (0.00ns)   --->   "%mult_V_290 = partselect i8 @_ssdm_op_PartSelect.i8.i17.i32.i32, i17 %r_V_212, i32 9, i32 16"   --->   Operation 858 'partselect' 'mult_V_290' <Predicate = true> <Delay = 0.00>
ST_1 : Operation 859 [1/1] (0.00ns)   --->   "%tmp_28 = partselect i16 @_ssdm_op_PartSelect.i16.i2576.i32.i32, i2576 %p_read_19, i32 2288, i32 2303"   --->   Operation 859 'partselect' 'tmp_28' <Predicate = true> <Delay = 0.00>
ST_1 : Operation 860 [1/1] (0.00ns)   --->   "%shl_ln1273_28 = bitconcatenate i17 @_ssdm_op_BitConcatenate.i17.i16.i1, i16 %tmp_28, i1 0"   --->   Operation 860 'bitconcatenate' 'shl_ln1273_28' <Predicate = true> <Delay = 0.00>
ST_1 : Operation 861 [1/1] (2.10ns)   --->   "%r_V_213 = sub i17 0, i17 %shl_ln1273_28"   --->   Operation 861 'sub' 'r_V_213' <Predicate = true> <Delay = 2.10> <CoreInst = "Adder">   --->   Core 1 'Adder' <Latency = 0> <II = 1> <Delay = 2.10> <FuncUnit> <Opcode : 'add' 'sub'> <InPorts = 2> <OutPorts = 1>
ST_1 : Operation 862 [1/1] (0.00ns)   --->   "%mult_V_291 = partselect i8 @_ssdm_op_PartSelect.i8.i17.i32.i32, i17 %r_V_213, i32 9, i32 16"   --->   Operation 862 'partselect' 'mult_V_291' <Predicate = true> <Delay = 0.00>
ST_1 : Operation 863 [1/1] (0.00ns)   --->   "%a_V_130 = partselect i16 @_ssdm_op_PartSelect.i16.i2576.i32.i32, i2576 %p_read_19, i32 2304, i32 2319"   --->   Operation 863 'partselect' 'a_V_130' <Predicate = true> <Delay = 0.00>
ST_1 : Operation 864 [1/1] (0.00ns)   --->   "%sext_ln1273_129 = sext i16 %a_V_130"   --->   Operation 864 'sext' 'sext_ln1273_129' <Predicate = true> <Delay = 0.00>
ST_1 : Operation 865 [1/1] (0.00ns)   --->   "%tmp_29 = partselect i16 @_ssdm_op_PartSelect.i16.i2576.i32.i32, i2576 %p_read_19, i32 2304, i32 2319"   --->   Operation 865 'partselect' 'tmp_29' <Predicate = true> <Delay = 0.00>
ST_1 : Operation 866 [1/1] (0.00ns)   --->   "%shl_ln1273_29 = bitconcatenate i17 @_ssdm_op_BitConcatenate.i17.i16.i1, i16 %tmp_29, i1 0"   --->   Operation 866 'bitconcatenate' 'shl_ln1273_29' <Predicate = true> <Delay = 0.00>
ST_1 : Operation 867 [1/1] (2.10ns)   --->   "%r_V_214 = sub i17 0, i17 %shl_ln1273_29"   --->   Operation 867 'sub' 'r_V_214' <Predicate = true> <Delay = 2.10> <CoreInst = "Adder">   --->   Core 1 'Adder' <Latency = 0> <II = 1> <Delay = 2.10> <FuncUnit> <Opcode : 'add' 'sub'> <InPorts = 2> <OutPorts = 1>
ST_1 : Operation 868 [1/1] (0.00ns)   --->   "%mult_V_292 = partselect i8 @_ssdm_op_PartSelect.i8.i17.i32.i32, i17 %r_V_214, i32 9, i32 16"   --->   Operation 868 'partselect' 'mult_V_292' <Predicate = true> <Delay = 0.00>
ST_1 : Operation 869 [1/1] (2.07ns)   --->   "%r_V_215 = sub i17 0, i17 %sext_ln1273_129"   --->   Operation 869 'sub' 'r_V_215' <Predicate = true> <Delay = 2.07> <CoreInst = "Adder">   --->   Core 1 'Adder' <Latency = 0> <II = 1> <Delay = 2.07> <FuncUnit> <Opcode : 'add' 'sub'> <InPorts = 2> <OutPorts = 1>
ST_1 : Operation 870 [1/1] (0.00ns)   --->   "%mult_V_293 = partselect i8 @_ssdm_op_PartSelect.i8.i17.i32.i32, i17 %r_V_215, i32 9, i32 16"   --->   Operation 870 'partselect' 'mult_V_293' <Predicate = true> <Delay = 0.00>
ST_1 : Operation 871 [1/1] (0.00ns)   --->   "%a_V_131 = partselect i16 @_ssdm_op_PartSelect.i16.i2576.i32.i32, i2576 %p_read_19, i32 2320, i32 2335"   --->   Operation 871 'partselect' 'a_V_131' <Predicate = true> <Delay = 0.00>
ST_1 : Operation 872 [1/1] (0.00ns)   --->   "%sext_ln1273_130 = sext i16 %a_V_131"   --->   Operation 872 'sext' 'sext_ln1273_130' <Predicate = true> <Delay = 0.00>
ST_1 : Operation 873 [1/1] (2.07ns)   --->   "%r_V_216 = sub i17 0, i17 %sext_ln1273_130"   --->   Operation 873 'sub' 'r_V_216' <Predicate = true> <Delay = 2.07> <CoreInst = "Adder">   --->   Core 1 'Adder' <Latency = 0> <II = 1> <Delay = 2.07> <FuncUnit> <Opcode : 'add' 'sub'> <InPorts = 2> <OutPorts = 1>
ST_1 : Operation 874 [1/1] (0.00ns)   --->   "%mult_V_294 = partselect i8 @_ssdm_op_PartSelect.i8.i17.i32.i32, i17 %r_V_216, i32 9, i32 16"   --->   Operation 874 'partselect' 'mult_V_294' <Predicate = true> <Delay = 0.00>
ST_1 : Operation 875 [1/1] (0.00ns)   --->   "%mult_V_295 = partselect i7 @_ssdm_op_PartSelect.i7.i2576.i32.i32, i2576 %p_read_19, i32 2329, i32 2335"   --->   Operation 875 'partselect' 'mult_V_295' <Predicate = true> <Delay = 0.00>
ST_1 : Operation 876 [1/1] (0.00ns)   --->   "%sext_ln818_115 = sext i7 %mult_V_295"   --->   Operation 876 'sext' 'sext_ln818_115' <Predicate = true> <Delay = 0.00>
ST_1 : Operation 877 [1/1] (0.00ns)   --->   "%a_V_176 = partselect i16 @_ssdm_op_PartSelect.i16.i2576.i32.i32, i2576 %p_read_19, i32 2336, i32 2351"   --->   Operation 877 'partselect' 'a_V_176' <Predicate = true> <Delay = 0.00>
ST_1 : Operation 878 [1/1] (0.00ns)   --->   "%sext_ln70_30 = sext i16 %a_V_176" [firmware/nnet_utils/nnet_mult.h:70]   --->   Operation 878 'sext' 'sext_ln70_30' <Predicate = true> <Delay = 0.00>
ST_1 : Operation 879 [1/1] (2.07ns)   --->   "%r_V_218 = sub i17 0, i17 %sext_ln70_30"   --->   Operation 879 'sub' 'r_V_218' <Predicate = true> <Delay = 2.07> <CoreInst = "Adder">   --->   Core 1 'Adder' <Latency = 0> <II = 1> <Delay = 2.07> <FuncUnit> <Opcode : 'add' 'sub'> <InPorts = 2> <OutPorts = 1>
ST_1 : Operation 880 [1/1] (0.00ns)   --->   "%mult_V_296 = partselect i8 @_ssdm_op_PartSelect.i8.i17.i32.i32, i17 %r_V_218, i32 9, i32 16"   --->   Operation 880 'partselect' 'mult_V_296' <Predicate = true> <Delay = 0.00>
ST_1 : Operation 881 [1/1] (0.00ns)   --->   "%a_V_133 = partselect i16 @_ssdm_op_PartSelect.i16.i2576.i32.i32, i2576 %p_read_19, i32 2352, i32 2367"   --->   Operation 881 'partselect' 'a_V_133' <Predicate = true> <Delay = 0.00>
ST_1 : Operation 882 [1/1] (0.00ns)   --->   "%mult_V_297 = partselect i7 @_ssdm_op_PartSelect.i7.i2576.i32.i32, i2576 %p_read_19, i32 2361, i32 2367"   --->   Operation 882 'partselect' 'mult_V_297' <Predicate = true> <Delay = 0.00>
ST_1 : Operation 883 [1/1] (0.00ns)   --->   "%sext_ln818_116 = sext i7 %mult_V_297"   --->   Operation 883 'sext' 'sext_ln818_116' <Predicate = true> <Delay = 0.00>
ST_1 : Operation 884 [1/1] (0.00ns)   --->   "%sext_ln1273_131 = sext i16 %a_V_133"   --->   Operation 884 'sext' 'sext_ln1273_131' <Predicate = true> <Delay = 0.00>
ST_1 : Operation 885 [1/1] (2.07ns)   --->   "%r_V_219 = sub i17 0, i17 %sext_ln1273_131"   --->   Operation 885 'sub' 'r_V_219' <Predicate = true> <Delay = 2.07> <CoreInst = "Adder">   --->   Core 1 'Adder' <Latency = 0> <II = 1> <Delay = 2.07> <FuncUnit> <Opcode : 'add' 'sub'> <InPorts = 2> <OutPorts = 1>
ST_1 : Operation 886 [1/1] (0.00ns)   --->   "%mult_V_298 = partselect i8 @_ssdm_op_PartSelect.i8.i17.i32.i32, i17 %r_V_219, i32 9, i32 16"   --->   Operation 886 'partselect' 'mult_V_298' <Predicate = true> <Delay = 0.00>
ST_1 : Operation 887 [1/1] (0.00ns)   --->   "%tmp_30 = partselect i16 @_ssdm_op_PartSelect.i16.i2576.i32.i32, i2576 %p_read_19, i32 2352, i32 2367"   --->   Operation 887 'partselect' 'tmp_30' <Predicate = true> <Delay = 0.00>
ST_1 : Operation 888 [1/1] (0.00ns)   --->   "%shl_ln1273_30 = bitconcatenate i17 @_ssdm_op_BitConcatenate.i17.i16.i1, i16 %tmp_30, i1 0"   --->   Operation 888 'bitconcatenate' 'shl_ln1273_30' <Predicate = true> <Delay = 0.00>
ST_1 : Operation 889 [1/1] (2.10ns)   --->   "%r_V_220 = sub i17 0, i17 %shl_ln1273_30"   --->   Operation 889 'sub' 'r_V_220' <Predicate = true> <Delay = 2.10> <CoreInst = "Adder">   --->   Core 1 'Adder' <Latency = 0> <II = 1> <Delay = 2.10> <FuncUnit> <Opcode : 'add' 'sub'> <InPorts = 2> <OutPorts = 1>
ST_1 : Operation 890 [1/1] (0.00ns)   --->   "%mult_V_299 = partselect i8 @_ssdm_op_PartSelect.i8.i17.i32.i32, i17 %r_V_220, i32 9, i32 16"   --->   Operation 890 'partselect' 'mult_V_299' <Predicate = true> <Delay = 0.00>
ST_1 : Operation 891 [1/1] (0.00ns)   --->   "%a_V_134 = partselect i16 @_ssdm_op_PartSelect.i16.i2576.i32.i32, i2576 %p_read_19, i32 2368, i32 2383"   --->   Operation 891 'partselect' 'a_V_134' <Predicate = true> <Delay = 0.00>
ST_1 : Operation 892 [1/1] (0.00ns)   --->   "%sext_ln1273_132 = sext i16 %a_V_134"   --->   Operation 892 'sext' 'sext_ln1273_132' <Predicate = true> <Delay = 0.00>
ST_1 : Operation 893 [1/1] (2.07ns)   --->   "%r_V_221 = sub i17 0, i17 %sext_ln1273_132"   --->   Operation 893 'sub' 'r_V_221' <Predicate = true> <Delay = 2.07> <CoreInst = "Adder">   --->   Core 1 'Adder' <Latency = 0> <II = 1> <Delay = 2.07> <FuncUnit> <Opcode : 'add' 'sub'> <InPorts = 2> <OutPorts = 1>
ST_1 : Operation 894 [1/1] (0.00ns)   --->   "%mult_V_300 = partselect i8 @_ssdm_op_PartSelect.i8.i17.i32.i32, i17 %r_V_221, i32 9, i32 16"   --->   Operation 894 'partselect' 'mult_V_300' <Predicate = true> <Delay = 0.00>
ST_1 : Operation 895 [1/1] (0.00ns)   --->   "%mult_V_301 = partselect i7 @_ssdm_op_PartSelect.i7.i2576.i32.i32, i2576 %p_read_19, i32 2377, i32 2383"   --->   Operation 895 'partselect' 'mult_V_301' <Predicate = true> <Delay = 0.00>
ST_1 : Operation 896 [1/1] (0.00ns)   --->   "%sext_ln818_117 = sext i7 %mult_V_301"   --->   Operation 896 'sext' 'sext_ln818_117' <Predicate = true> <Delay = 0.00>
ST_1 : Operation 897 [1/1] (0.00ns)   --->   "%a_V_135 = partselect i16 @_ssdm_op_PartSelect.i16.i2576.i32.i32, i2576 %p_read_19, i32 2384, i32 2399"   --->   Operation 897 'partselect' 'a_V_135' <Predicate = true> <Delay = 0.00>
ST_1 : Operation 898 [1/1] (0.00ns)   --->   "%mult_V_302 = partselect i7 @_ssdm_op_PartSelect.i7.i2576.i32.i32, i2576 %p_read_19, i32 2393, i32 2399"   --->   Operation 898 'partselect' 'mult_V_302' <Predicate = true> <Delay = 0.00>
ST_1 : Operation 899 [1/1] (0.00ns)   --->   "%sext_ln818_118 = sext i7 %mult_V_302"   --->   Operation 899 'sext' 'sext_ln818_118' <Predicate = true> <Delay = 0.00>
ST_1 : Operation 900 [1/1] (0.00ns)   --->   "%sext_ln1273_133 = sext i16 %a_V_135"   --->   Operation 900 'sext' 'sext_ln1273_133' <Predicate = true> <Delay = 0.00>
ST_1 : Operation 901 [1/1] (2.07ns)   --->   "%r_V_222 = sub i17 0, i17 %sext_ln1273_133"   --->   Operation 901 'sub' 'r_V_222' <Predicate = true> <Delay = 2.07> <CoreInst = "Adder">   --->   Core 1 'Adder' <Latency = 0> <II = 1> <Delay = 2.07> <FuncUnit> <Opcode : 'add' 'sub'> <InPorts = 2> <OutPorts = 1>
ST_1 : Operation 902 [1/1] (0.00ns)   --->   "%mult_V_303 = partselect i8 @_ssdm_op_PartSelect.i8.i17.i32.i32, i17 %r_V_222, i32 9, i32 16"   --->   Operation 902 'partselect' 'mult_V_303' <Predicate = true> <Delay = 0.00>
ST_1 : Operation 903 [1/1] (0.00ns)   --->   "%a_V_177 = partselect i16 @_ssdm_op_PartSelect.i16.i2576.i32.i32, i2576 %p_read_19, i32 2400, i32 2415"   --->   Operation 903 'partselect' 'a_V_177' <Predicate = true> <Delay = 0.00>
ST_1 : Operation 904 [1/1] (0.00ns)   --->   "%sext_ln70_31 = sext i16 %a_V_177" [firmware/nnet_utils/nnet_mult.h:70]   --->   Operation 904 'sext' 'sext_ln70_31' <Predicate = true> <Delay = 0.00>
ST_1 : Operation 905 [1/1] (2.07ns)   --->   "%r_V_224 = sub i17 0, i17 %sext_ln70_31"   --->   Operation 905 'sub' 'r_V_224' <Predicate = true> <Delay = 2.07> <CoreInst = "Adder">   --->   Core 1 'Adder' <Latency = 0> <II = 1> <Delay = 2.07> <FuncUnit> <Opcode : 'add' 'sub'> <InPorts = 2> <OutPorts = 1>
ST_1 : Operation 906 [1/1] (0.00ns)   --->   "%mult_V_304 = partselect i8 @_ssdm_op_PartSelect.i8.i17.i32.i32, i17 %r_V_224, i32 9, i32 16"   --->   Operation 906 'partselect' 'mult_V_304' <Predicate = true> <Delay = 0.00>
ST_1 : Operation 907 [1/1] (0.00ns)   --->   "%a_V_178 = partselect i16 @_ssdm_op_PartSelect.i16.i2576.i32.i32, i2576 %p_read_19, i32 2416, i32 2431"   --->   Operation 907 'partselect' 'a_V_178' <Predicate = true> <Delay = 0.00>
ST_1 : Operation 908 [1/1] (0.00ns)   --->   "%sext_ln70_32 = sext i16 %a_V_178" [firmware/nnet_utils/nnet_mult.h:70]   --->   Operation 908 'sext' 'sext_ln70_32' <Predicate = true> <Delay = 0.00>
ST_1 : Operation 909 [1/1] (2.07ns)   --->   "%r_V_226 = sub i17 0, i17 %sext_ln70_32"   --->   Operation 909 'sub' 'r_V_226' <Predicate = true> <Delay = 2.07> <CoreInst = "Adder">   --->   Core 1 'Adder' <Latency = 0> <II = 1> <Delay = 2.07> <FuncUnit> <Opcode : 'add' 'sub'> <InPorts = 2> <OutPorts = 1>
ST_1 : Operation 910 [1/1] (0.00ns)   --->   "%mult_V_305 = partselect i8 @_ssdm_op_PartSelect.i8.i17.i32.i32, i17 %r_V_226, i32 9, i32 16"   --->   Operation 910 'partselect' 'mult_V_305' <Predicate = true> <Delay = 0.00>
ST_1 : Operation 911 [1/1] (0.00ns)   --->   "%a_V_138 = partselect i16 @_ssdm_op_PartSelect.i16.i2576.i32.i32, i2576 %p_read_19, i32 2432, i32 2447"   --->   Operation 911 'partselect' 'a_V_138' <Predicate = true> <Delay = 0.00>
ST_1 : Operation 912 [1/1] (0.00ns)   --->   "%sext_ln1273_134 = sext i16 %a_V_138"   --->   Operation 912 'sext' 'sext_ln1273_134' <Predicate = true> <Delay = 0.00>
ST_1 : Operation 913 [1/1] (2.07ns)   --->   "%r_V_227 = sub i17 0, i17 %sext_ln1273_134"   --->   Operation 913 'sub' 'r_V_227' <Predicate = true> <Delay = 2.07> <CoreInst = "Adder">   --->   Core 1 'Adder' <Latency = 0> <II = 1> <Delay = 2.07> <FuncUnit> <Opcode : 'add' 'sub'> <InPorts = 2> <OutPorts = 1>
ST_1 : Operation 914 [1/1] (0.00ns)   --->   "%mult_V_306 = partselect i8 @_ssdm_op_PartSelect.i8.i17.i32.i32, i17 %r_V_227, i32 9, i32 16"   --->   Operation 914 'partselect' 'mult_V_306' <Predicate = true> <Delay = 0.00>
ST_1 : Operation 915 [1/1] (0.00ns)   --->   "%mult_V_307 = partselect i7 @_ssdm_op_PartSelect.i7.i2576.i32.i32, i2576 %p_read_19, i32 2441, i32 2447"   --->   Operation 915 'partselect' 'mult_V_307' <Predicate = true> <Delay = 0.00>
ST_1 : Operation 916 [1/1] (0.00ns)   --->   "%a_V_179 = partselect i16 @_ssdm_op_PartSelect.i16.i2576.i32.i32, i2576 %p_read_19, i32 2448, i32 2463"   --->   Operation 916 'partselect' 'a_V_179' <Predicate = true> <Delay = 0.00>
ST_1 : Operation 917 [1/1] (0.00ns)   --->   "%sext_ln70_33 = sext i16 %a_V_179" [firmware/nnet_utils/nnet_mult.h:70]   --->   Operation 917 'sext' 'sext_ln70_33' <Predicate = true> <Delay = 0.00>
ST_1 : Operation 918 [1/1] (2.07ns)   --->   "%r_V_229 = sub i17 0, i17 %sext_ln70_33"   --->   Operation 918 'sub' 'r_V_229' <Predicate = true> <Delay = 2.07> <CoreInst = "Adder">   --->   Core 1 'Adder' <Latency = 0> <II = 1> <Delay = 2.07> <FuncUnit> <Opcode : 'add' 'sub'> <InPorts = 2> <OutPorts = 1>
ST_1 : Operation 919 [1/1] (0.00ns)   --->   "%mult_V_308 = partselect i8 @_ssdm_op_PartSelect.i8.i17.i32.i32, i17 %r_V_229, i32 9, i32 16"   --->   Operation 919 'partselect' 'mult_V_308' <Predicate = true> <Delay = 0.00>
ST_1 : Operation 920 [1/1] (0.00ns)   --->   "%a_V_140 = partselect i16 @_ssdm_op_PartSelect.i16.i2576.i32.i32, i2576 %p_read_19, i32 2464, i32 2479"   --->   Operation 920 'partselect' 'a_V_140' <Predicate = true> <Delay = 0.00>
ST_1 : Operation 921 [1/1] (0.00ns)   --->   "%sext_ln1273_135 = sext i16 %a_V_140"   --->   Operation 921 'sext' 'sext_ln1273_135' <Predicate = true> <Delay = 0.00>
ST_1 : Operation 922 [1/1] (2.07ns)   --->   "%r_V_230 = sub i17 0, i17 %sext_ln1273_135"   --->   Operation 922 'sub' 'r_V_230' <Predicate = true> <Delay = 2.07> <CoreInst = "Adder">   --->   Core 1 'Adder' <Latency = 0> <II = 1> <Delay = 2.07> <FuncUnit> <Opcode : 'add' 'sub'> <InPorts = 2> <OutPorts = 1>
ST_1 : Operation 923 [1/1] (0.00ns)   --->   "%mult_V_309 = partselect i8 @_ssdm_op_PartSelect.i8.i17.i32.i32, i17 %r_V_230, i32 9, i32 16"   --->   Operation 923 'partselect' 'mult_V_309' <Predicate = true> <Delay = 0.00>
ST_1 : Operation 924 [1/1] (0.00ns)   --->   "%mult_V_310 = partselect i7 @_ssdm_op_PartSelect.i7.i2576.i32.i32, i2576 %p_read_19, i32 2473, i32 2479"   --->   Operation 924 'partselect' 'mult_V_310' <Predicate = true> <Delay = 0.00>
ST_1 : Operation 925 [1/1] (0.00ns)   --->   "%sext_ln818_120 = sext i7 %mult_V_310"   --->   Operation 925 'sext' 'sext_ln818_120' <Predicate = true> <Delay = 0.00>
ST_1 : Operation 926 [1/1] (0.00ns)   --->   "%a_V_141 = partselect i16 @_ssdm_op_PartSelect.i16.i2576.i32.i32, i2576 %p_read_19, i32 2480, i32 2495"   --->   Operation 926 'partselect' 'a_V_141' <Predicate = true> <Delay = 0.00>
ST_1 : Operation 927 [1/1] (0.00ns)   --->   "%sext_ln1273_136 = sext i16 %a_V_141"   --->   Operation 927 'sext' 'sext_ln1273_136' <Predicate = true> <Delay = 0.00>
ST_1 : Operation 928 [1/1] (2.07ns)   --->   "%r_V_231 = sub i17 0, i17 %sext_ln1273_136"   --->   Operation 928 'sub' 'r_V_231' <Predicate = true> <Delay = 2.07> <CoreInst = "Adder">   --->   Core 1 'Adder' <Latency = 0> <II = 1> <Delay = 2.07> <FuncUnit> <Opcode : 'add' 'sub'> <InPorts = 2> <OutPorts = 1>
ST_1 : Operation 929 [1/1] (0.00ns)   --->   "%mult_V_311 = partselect i8 @_ssdm_op_PartSelect.i8.i17.i32.i32, i17 %r_V_231, i32 9, i32 16"   --->   Operation 929 'partselect' 'mult_V_311' <Predicate = true> <Delay = 0.00>
ST_1 : Operation 930 [1/1] (0.00ns)   --->   "%mult_V_312 = partselect i7 @_ssdm_op_PartSelect.i7.i2576.i32.i32, i2576 %p_read_19, i32 2489, i32 2495"   --->   Operation 930 'partselect' 'mult_V_312' <Predicate = true> <Delay = 0.00>
ST_1 : Operation 931 [1/1] (0.00ns)   --->   "%sext_ln818_121 = sext i7 %mult_V_312"   --->   Operation 931 'sext' 'sext_ln818_121' <Predicate = true> <Delay = 0.00>
ST_1 : Operation 932 [1/1] (0.00ns)   --->   "%a_V_180 = partselect i16 @_ssdm_op_PartSelect.i16.i2576.i32.i32, i2576 %p_read_19, i32 2496, i32 2511"   --->   Operation 932 'partselect' 'a_V_180' <Predicate = true> <Delay = 0.00>
ST_1 : Operation 933 [1/1] (0.00ns)   --->   "%sext_ln70_34 = sext i16 %a_V_180" [firmware/nnet_utils/nnet_mult.h:70]   --->   Operation 933 'sext' 'sext_ln70_34' <Predicate = true> <Delay = 0.00>
ST_1 : Operation 934 [1/1] (2.07ns)   --->   "%r_V_233 = sub i17 0, i17 %sext_ln70_34"   --->   Operation 934 'sub' 'r_V_233' <Predicate = true> <Delay = 2.07> <CoreInst = "Adder">   --->   Core 1 'Adder' <Latency = 0> <II = 1> <Delay = 2.07> <FuncUnit> <Opcode : 'add' 'sub'> <InPorts = 2> <OutPorts = 1>
ST_1 : Operation 935 [1/1] (0.00ns)   --->   "%mult_V_313 = partselect i8 @_ssdm_op_PartSelect.i8.i17.i32.i32, i17 %r_V_233, i32 9, i32 16"   --->   Operation 935 'partselect' 'mult_V_313' <Predicate = true> <Delay = 0.00>
ST_1 : Operation 936 [1/1] (0.00ns)   --->   "%a_V_143 = partselect i16 @_ssdm_op_PartSelect.i16.i2576.i32.i32, i2576 %p_read_19, i32 2512, i32 2527"   --->   Operation 936 'partselect' 'a_V_143' <Predicate = true> <Delay = 0.00>
ST_1 : Operation 937 [1/1] (0.00ns)   --->   "%sext_ln1273_137 = sext i16 %a_V_143"   --->   Operation 937 'sext' 'sext_ln1273_137' <Predicate = true> <Delay = 0.00>
ST_1 : Operation 938 [1/1] (2.07ns)   --->   "%r_V_234 = sub i17 0, i17 %sext_ln1273_137"   --->   Operation 938 'sub' 'r_V_234' <Predicate = true> <Delay = 2.07> <CoreInst = "Adder">   --->   Core 1 'Adder' <Latency = 0> <II = 1> <Delay = 2.07> <FuncUnit> <Opcode : 'add' 'sub'> <InPorts = 2> <OutPorts = 1>
ST_1 : Operation 939 [1/1] (0.00ns)   --->   "%mult_V_314 = partselect i8 @_ssdm_op_PartSelect.i8.i17.i32.i32, i17 %r_V_234, i32 9, i32 16"   --->   Operation 939 'partselect' 'mult_V_314' <Predicate = true> <Delay = 0.00>
ST_1 : Operation 940 [1/1] (0.00ns)   --->   "%tmp_31 = partselect i16 @_ssdm_op_PartSelect.i16.i2576.i32.i32, i2576 %p_read_19, i32 2512, i32 2527"   --->   Operation 940 'partselect' 'tmp_31' <Predicate = true> <Delay = 0.00>
ST_1 : Operation 941 [1/1] (0.00ns)   --->   "%shl_ln1273_31 = bitconcatenate i17 @_ssdm_op_BitConcatenate.i17.i16.i1, i16 %tmp_31, i1 0"   --->   Operation 941 'bitconcatenate' 'shl_ln1273_31' <Predicate = true> <Delay = 0.00>
ST_1 : Operation 942 [1/1] (2.10ns)   --->   "%r_V_235 = sub i17 0, i17 %shl_ln1273_31"   --->   Operation 942 'sub' 'r_V_235' <Predicate = true> <Delay = 2.10> <CoreInst = "Adder">   --->   Core 1 'Adder' <Latency = 0> <II = 1> <Delay = 2.10> <FuncUnit> <Opcode : 'add' 'sub'> <InPorts = 2> <OutPorts = 1>
ST_1 : Operation 943 [1/1] (0.00ns)   --->   "%mult_V_315 = partselect i8 @_ssdm_op_PartSelect.i8.i17.i32.i32, i17 %r_V_235, i32 9, i32 16"   --->   Operation 943 'partselect' 'mult_V_315' <Predicate = true> <Delay = 0.00>
ST_1 : Operation 944 [1/1] (0.00ns)   --->   "%mult_V_316 = partselect i7 @_ssdm_op_PartSelect.i7.i2576.i32.i32, i2576 %p_read_19, i32 2521, i32 2527"   --->   Operation 944 'partselect' 'mult_V_316' <Predicate = true> <Delay = 0.00>
ST_1 : Operation 945 [1/1] (0.00ns)   --->   "%sext_ln818_122 = sext i7 %mult_V_316"   --->   Operation 945 'sext' 'sext_ln818_122' <Predicate = true> <Delay = 0.00>
ST_1 : Operation 946 [1/1] (0.00ns)   --->   "%a_V_181 = partselect i16 @_ssdm_op_PartSelect.i16.i2576.i32.i32, i2576 %p_read_19, i32 2528, i32 2543"   --->   Operation 946 'partselect' 'a_V_181' <Predicate = true> <Delay = 0.00>
ST_1 : Operation 947 [1/1] (0.00ns)   --->   "%sext_ln70_35 = sext i16 %a_V_181" [firmware/nnet_utils/nnet_mult.h:70]   --->   Operation 947 'sext' 'sext_ln70_35' <Predicate = true> <Delay = 0.00>
ST_1 : Operation 948 [1/1] (2.07ns)   --->   "%r_V_237 = sub i17 0, i17 %sext_ln70_35"   --->   Operation 948 'sub' 'r_V_237' <Predicate = true> <Delay = 2.07> <CoreInst = "Adder">   --->   Core 1 'Adder' <Latency = 0> <II = 1> <Delay = 2.07> <FuncUnit> <Opcode : 'add' 'sub'> <InPorts = 2> <OutPorts = 1>
ST_1 : Operation 949 [1/1] (0.00ns)   --->   "%mult_V_317 = partselect i8 @_ssdm_op_PartSelect.i8.i17.i32.i32, i17 %r_V_237, i32 9, i32 16"   --->   Operation 949 'partselect' 'mult_V_317' <Predicate = true> <Delay = 0.00>
ST_1 : Operation 950 [1/1] (0.00ns)   --->   "%a_V_145 = partselect i16 @_ssdm_op_PartSelect.i16.i2576.i32.i32, i2576 %p_read_19, i32 2544, i32 2559"   --->   Operation 950 'partselect' 'a_V_145' <Predicate = true> <Delay = 0.00>
ST_1 : Operation 951 [1/1] (0.00ns)   --->   "%sext_ln1273_138 = sext i16 %a_V_145"   --->   Operation 951 'sext' 'sext_ln1273_138' <Predicate = true> <Delay = 0.00>
ST_1 : Operation 952 [1/1] (0.00ns)   --->   "%tmp_32 = partselect i16 @_ssdm_op_PartSelect.i16.i2576.i32.i32, i2576 %p_read_19, i32 2544, i32 2559"   --->   Operation 952 'partselect' 'tmp_32' <Predicate = true> <Delay = 0.00>
ST_1 : Operation 953 [1/1] (0.00ns)   --->   "%shl_ln1273_32 = bitconcatenate i17 @_ssdm_op_BitConcatenate.i17.i16.i1, i16 %tmp_32, i1 0"   --->   Operation 953 'bitconcatenate' 'shl_ln1273_32' <Predicate = true> <Delay = 0.00>
ST_1 : Operation 954 [1/1] (2.10ns)   --->   "%r_V_238 = sub i17 0, i17 %shl_ln1273_32"   --->   Operation 954 'sub' 'r_V_238' <Predicate = true> <Delay = 2.10> <CoreInst = "Adder">   --->   Core 1 'Adder' <Latency = 0> <II = 1> <Delay = 2.10> <FuncUnit> <Opcode : 'add' 'sub'> <InPorts = 2> <OutPorts = 1>
ST_1 : Operation 955 [1/1] (0.00ns)   --->   "%mult_V_318 = partselect i8 @_ssdm_op_PartSelect.i8.i17.i32.i32, i17 %r_V_238, i32 9, i32 16"   --->   Operation 955 'partselect' 'mult_V_318' <Predicate = true> <Delay = 0.00>
ST_1 : Operation 956 [1/1] (2.07ns)   --->   "%r_V_239 = sub i17 0, i17 %sext_ln1273_138"   --->   Operation 956 'sub' 'r_V_239' <Predicate = true> <Delay = 2.07> <CoreInst = "Adder">   --->   Core 1 'Adder' <Latency = 0> <II = 1> <Delay = 2.07> <FuncUnit> <Opcode : 'add' 'sub'> <InPorts = 2> <OutPorts = 1>
ST_1 : Operation 957 [1/1] (0.00ns)   --->   "%mult_V_319 = partselect i8 @_ssdm_op_PartSelect.i8.i17.i32.i32, i17 %r_V_239, i32 9, i32 16"   --->   Operation 957 'partselect' 'mult_V_319' <Predicate = true> <Delay = 0.00>
ST_1 : Operation 958 [1/1] (0.00ns)   --->   "%tmp_33 = partselect i16 @_ssdm_op_PartSelect.i16.i2576.i32.i32, i2576 %p_read_19, i32 2560, i32 2575"   --->   Operation 958 'partselect' 'tmp_33' <Predicate = true> <Delay = 0.00>
ST_1 : Operation 959 [1/1] (0.00ns)   --->   "%shl_ln1273_33 = bitconcatenate i17 @_ssdm_op_BitConcatenate.i17.i16.i1, i16 %tmp_33, i1 0"   --->   Operation 959 'bitconcatenate' 'shl_ln1273_33' <Predicate = true> <Delay = 0.00>
ST_1 : Operation 960 [1/1] (2.10ns)   --->   "%r_V_240 = sub i17 0, i17 %shl_ln1273_33"   --->   Operation 960 'sub' 'r_V_240' <Predicate = true> <Delay = 2.10> <CoreInst = "Adder">   --->   Core 1 'Adder' <Latency = 0> <II = 1> <Delay = 2.10> <FuncUnit> <Opcode : 'add' 'sub'> <InPorts = 2> <OutPorts = 1>
ST_1 : Operation 961 [1/1] (0.00ns)   --->   "%mult_V_320 = partselect i8 @_ssdm_op_PartSelect.i8.i17.i32.i32, i17 %r_V_240, i32 9, i32 16"   --->   Operation 961 'partselect' 'mult_V_320' <Predicate = true> <Delay = 0.00>
ST_1 : Operation 962 [1/1] (0.00ns)   --->   "%mult_V_321 = partselect i7 @_ssdm_op_PartSelect.i7.i2576.i32.i32, i2576 %p_read_19, i32 2569, i32 2575"   --->   Operation 962 'partselect' 'mult_V_321' <Predicate = true> <Delay = 0.00>
ST_1 : Operation 963 [1/1] (0.00ns)   --->   "%sext_ln818_123 = sext i7 %mult_V_321"   --->   Operation 963 'sext' 'sext_ln818_123' <Predicate = true> <Delay = 0.00>
ST_1 : Operation 964 [1/1] (1.87ns)   --->   "%add_ln813_78 = add i8 %sext_ln818_16, i8 %sext_ln818_18"   --->   Operation 964 'add' 'add_ln813_78' <Predicate = true> <Delay = 1.87> <CoreInst = "Adder">   --->   Core 1 'Adder' <Latency = 0> <II = 1> <Delay = 1.87> <FuncUnit> <Opcode : 'add' 'sub'> <InPorts = 2> <OutPorts = 1>
ST_1 : Operation 965 [1/1] (1.87ns)   --->   "%add_ln813_80 = add i8 %sext_ln818_20, i8 %sext_ln818_26"   --->   Operation 965 'add' 'add_ln813_80' <Predicate = true> <Delay = 1.87> <CoreInst = "Adder">   --->   Core 1 'Adder' <Latency = 0> <II = 1> <Delay = 1.87> <FuncUnit> <Opcode : 'add' 'sub'> <InPorts = 2> <OutPorts = 1>
ST_1 : Operation 966 [1/1] (1.87ns)   --->   "%add_ln813_85 = add i8 %sext_ln818_40, i8 %sext_ln818_46"   --->   Operation 966 'add' 'add_ln813_85' <Predicate = true> <Delay = 1.87> <CoreInst = "Adder">   --->   Core 1 'Adder' <Latency = 0> <II = 1> <Delay = 1.87> <FuncUnit> <Opcode : 'add' 'sub'> <InPorts = 2> <OutPorts = 1>
ST_1 : Operation 967 [1/1] (1.87ns)   --->   "%add_ln813_88 = add i8 %sext_ln818_58, i8 %sext_ln818_71"   --->   Operation 967 'add' 'add_ln813_88' <Predicate = true> <Delay = 1.87> <CoreInst = "Adder">   --->   Core 1 'Adder' <Latency = 0> <II = 1> <Delay = 1.87> <FuncUnit> <Opcode : 'add' 'sub'> <InPorts = 2> <OutPorts = 1>
ST_1 : Operation 968 [1/1] (1.87ns)   --->   "%add_ln813_90 = add i8 %sext_ln818_82, i8 %sext_ln818_83"   --->   Operation 968 'add' 'add_ln813_90' <Predicate = true> <Delay = 1.87> <CoreInst = "Adder">   --->   Core 1 'Adder' <Latency = 0> <II = 1> <Delay = 1.87> <FuncUnit> <Opcode : 'add' 'sub'> <InPorts = 2> <OutPorts = 1>
ST_1 : Operation 969 [1/1] (1.87ns)   --->   "%add_ln813_95 = add i8 %sext_ln818_85, i8 %sext_ln818_86"   --->   Operation 969 'add' 'add_ln813_95' <Predicate = true> <Delay = 1.87> <CoreInst = "Adder">   --->   Core 1 'Adder' <Latency = 0> <II = 1> <Delay = 1.87> <FuncUnit> <Opcode : 'add' 'sub'> <InPorts = 2> <OutPorts = 1>
ST_1 : Operation 970 [1/1] (1.87ns)   --->   "%add_ln813_96 = add i8 %sext_ln818_89, i8 %sext_ln818_90"   --->   Operation 970 'add' 'add_ln813_96' <Predicate = true> <Delay = 1.87> <CoreInst = "Adder">   --->   Core 1 'Adder' <Latency = 0> <II = 1> <Delay = 1.87> <FuncUnit> <Opcode : 'add' 'sub'> <InPorts = 2> <OutPorts = 1>
ST_1 : Operation 971 [1/1] (1.87ns)   --->   "%add_ln813_99 = add i8 %sext_ln818_93, i8 %sext_ln818_95"   --->   Operation 971 'add' 'add_ln813_99' <Predicate = true> <Delay = 1.87> <CoreInst = "Adder">   --->   Core 1 'Adder' <Latency = 0> <II = 1> <Delay = 1.87> <FuncUnit> <Opcode : 'add' 'sub'> <InPorts = 2> <OutPorts = 1>
ST_1 : Operation 972 [1/1] (1.87ns)   --->   "%add_ln813_101 = add i8 %sext_ln818_97, i8 %sext_ln818_99"   --->   Operation 972 'add' 'add_ln813_101' <Predicate = true> <Delay = 1.87> <CoreInst = "Adder">   --->   Core 1 'Adder' <Latency = 0> <II = 1> <Delay = 1.87> <FuncUnit> <Opcode : 'add' 'sub'> <InPorts = 2> <OutPorts = 1>
ST_1 : Operation 973 [1/1] (1.87ns)   --->   "%add_ln813_105 = add i8 %sext_ln818_102, i8 %sext_ln818_104"   --->   Operation 973 'add' 'add_ln813_105' <Predicate = true> <Delay = 1.87> <CoreInst = "Adder">   --->   Core 1 'Adder' <Latency = 0> <II = 1> <Delay = 1.87> <FuncUnit> <Opcode : 'add' 'sub'> <InPorts = 2> <OutPorts = 1>
ST_1 : Operation 974 [1/1] (1.87ns)   --->   "%add_ln813_106 = add i8 %sext_ln818_106, i8 %sext_ln818_107"   --->   Operation 974 'add' 'add_ln813_106' <Predicate = true> <Delay = 1.87> <CoreInst = "Adder">   --->   Core 1 'Adder' <Latency = 0> <II = 1> <Delay = 1.87> <FuncUnit> <Opcode : 'add' 'sub'> <InPorts = 2> <OutPorts = 1>
ST_1 : Operation 975 [1/1] (1.87ns)   --->   "%add_ln813_109 = add i8 %sext_ln818_112, i8 %sext_ln818_115"   --->   Operation 975 'add' 'add_ln813_109' <Predicate = true> <Delay = 1.87> <CoreInst = "Adder">   --->   Core 1 'Adder' <Latency = 0> <II = 1> <Delay = 1.87> <FuncUnit> <Opcode : 'add' 'sub'> <InPorts = 2> <OutPorts = 1>
ST_1 : Operation 976 [1/1] (1.87ns)   --->   "%add_ln813_111 = add i8 %sext_ln818_120, i8 %sext_ln818_121"   --->   Operation 976 'add' 'add_ln813_111' <Predicate = true> <Delay = 1.87> <CoreInst = "Adder">   --->   Core 1 'Adder' <Latency = 0> <II = 1> <Delay = 1.87> <FuncUnit> <Opcode : 'add' 'sub'> <InPorts = 2> <OutPorts = 1>
ST_1 : Operation 977 [1/1] (1.91ns)   --->   "%add_ln813_125 = add i8 %mult_V_40, i8 %mult_V_45"   --->   Operation 977 'add' 'add_ln813_125' <Predicate = true> <Delay = 1.91> <CoreInst = "Adder">   --->   Core 1 'Adder' <Latency = 0> <II = 1> <Delay = 1.91> <FuncUnit> <Opcode : 'add' 'sub'> <InPorts = 2> <OutPorts = 1>
ST_1 : Operation 978 [1/1] (1.91ns)   --->   "%add_ln813_131 = add i8 %mult_V_59, i8 %mult_V_64"   --->   Operation 978 'add' 'add_ln813_131' <Predicate = true> <Delay = 1.91> <CoreInst = "Adder">   --->   Core 1 'Adder' <Latency = 0> <II = 1> <Delay = 1.91> <FuncUnit> <Opcode : 'add' 'sub'> <InPorts = 2> <OutPorts = 1>
ST_1 : Operation 979 [1/1] (1.91ns)   --->   "%add_ln813_136 = add i8 %mult_V_78, i8 %mult_V_84"   --->   Operation 979 'add' 'add_ln813_136' <Predicate = true> <Delay = 1.91> <CoreInst = "Adder">   --->   Core 1 'Adder' <Latency = 0> <II = 1> <Delay = 1.91> <FuncUnit> <Opcode : 'add' 'sub'> <InPorts = 2> <OutPorts = 1>
ST_1 : Operation 980 [1/1] (1.91ns)   --->   "%add_ln813_137 = add i8 %mult_V_88, i8 %mult_V_91"   --->   Operation 980 'add' 'add_ln813_137' <Predicate = true> <Delay = 1.91> <CoreInst = "Adder">   --->   Core 1 'Adder' <Latency = 0> <II = 1> <Delay = 1.91> <FuncUnit> <Opcode : 'add' 'sub'> <InPorts = 2> <OutPorts = 1>
ST_1 : Operation 981 [1/1] (1.87ns)   --->   "%add_ln813_191 = add i8 %sext_ln818_11, i8 %sext_ln818_12"   --->   Operation 981 'add' 'add_ln813_191' <Predicate = true> <Delay = 1.87> <CoreInst = "Adder">   --->   Core 1 'Adder' <Latency = 0> <II = 1> <Delay = 1.87> <FuncUnit> <Opcode : 'add' 'sub'> <InPorts = 2> <OutPorts = 1>
ST_1 : Operation 982 [1/1] (1.87ns)   --->   "%add_ln813_193 = add i8 %sext_ln818_38, i8 %sext_ln818_43"   --->   Operation 982 'add' 'add_ln813_193' <Predicate = true> <Delay = 1.87> <CoreInst = "Adder">   --->   Core 1 'Adder' <Latency = 0> <II = 1> <Delay = 1.87> <FuncUnit> <Opcode : 'add' 'sub'> <InPorts = 2> <OutPorts = 1>
ST_1 : Operation 983 [1/1] (1.87ns)   --->   "%add_ln813_196 = add i8 %sext_ln818_48, i8 %sext_ln818_49"   --->   Operation 983 'add' 'add_ln813_196' <Predicate = true> <Delay = 1.87> <CoreInst = "Adder">   --->   Core 1 'Adder' <Latency = 0> <II = 1> <Delay = 1.87> <FuncUnit> <Opcode : 'add' 'sub'> <InPorts = 2> <OutPorts = 1>
ST_1 : Operation 984 [1/1] (1.87ns)   --->   "%add_ln813_198 = add i8 %sext_ln818_52, i8 %sext_ln818_53"   --->   Operation 984 'add' 'add_ln813_198' <Predicate = true> <Delay = 1.87> <CoreInst = "Adder">   --->   Core 1 'Adder' <Latency = 0> <II = 1> <Delay = 1.87> <FuncUnit> <Opcode : 'add' 'sub'> <InPorts = 2> <OutPorts = 1>
ST_1 : Operation 985 [1/1] (1.87ns)   --->   "%add_ln813_199 = add i8 %sext_ln818_54, i8 %sext_ln818_55"   --->   Operation 985 'add' 'add_ln813_199' <Predicate = true> <Delay = 1.87> <CoreInst = "Adder">   --->   Core 1 'Adder' <Latency = 0> <II = 1> <Delay = 1.87> <FuncUnit> <Opcode : 'add' 'sub'> <InPorts = 2> <OutPorts = 1>
ST_1 : Operation 986 [1/1] (1.87ns)   --->   "%add_ln813_203 = add i8 %sext_ln818_62, i8 %sext_ln818_63"   --->   Operation 986 'add' 'add_ln813_203' <Predicate = true> <Delay = 1.87> <CoreInst = "Adder">   --->   Core 1 'Adder' <Latency = 0> <II = 1> <Delay = 1.87> <FuncUnit> <Opcode : 'add' 'sub'> <InPorts = 2> <OutPorts = 1>
ST_1 : Operation 987 [1/1] (1.87ns)   --->   "%add_ln813_205 = add i8 %sext_ln818_65, i8 %sext_ln818_69"   --->   Operation 987 'add' 'add_ln813_205' <Predicate = true> <Delay = 1.87> <CoreInst = "Adder">   --->   Core 1 'Adder' <Latency = 0> <II = 1> <Delay = 1.87> <FuncUnit> <Opcode : 'add' 'sub'> <InPorts = 2> <OutPorts = 1>
ST_1 : Operation 988 [1/1] (1.87ns)   --->   "%add_ln813_208 = add i8 %sext_ln818_74, i8 %sext_ln818_77"   --->   Operation 988 'add' 'add_ln813_208' <Predicate = true> <Delay = 1.87> <CoreInst = "Adder">   --->   Core 1 'Adder' <Latency = 0> <II = 1> <Delay = 1.87> <FuncUnit> <Opcode : 'add' 'sub'> <InPorts = 2> <OutPorts = 1>
ST_1 : Operation 989 [1/1] (1.87ns)   --->   "%add_ln813_210 = add i8 %sext_ln818_84, i8 %sext_ln818_88"   --->   Operation 989 'add' 'add_ln813_210' <Predicate = true> <Delay = 1.87> <CoreInst = "Adder">   --->   Core 1 'Adder' <Latency = 0> <II = 1> <Delay = 1.87> <FuncUnit> <Opcode : 'add' 'sub'> <InPorts = 2> <OutPorts = 1>
ST_1 : Operation 990 [1/1] (1.87ns)   --->   "%add_ln813_211 = add i8 %sext_ln818_113, i8 2"   --->   Operation 990 'add' 'add_ln813_211' <Predicate = true> <Delay = 1.87> <CoreInst = "Adder">   --->   Core 1 'Adder' <Latency = 0> <II = 1> <Delay = 1.87> <FuncUnit> <Opcode : 'add' 'sub'> <InPorts = 2> <OutPorts = 1>
ST_1 : Operation 991 [1/1] (1.87ns)   --->   "%add_ln813_263 = add i8 %sext_ln818_13, i8 %sext_ln818_20"   --->   Operation 991 'add' 'add_ln813_263' <Predicate = true> <Delay = 1.87> <CoreInst = "Adder">   --->   Core 1 'Adder' <Latency = 0> <II = 1> <Delay = 1.87> <FuncUnit> <Opcode : 'add' 'sub'> <InPorts = 2> <OutPorts = 1>
ST_1 : Operation 992 [1/1] (1.87ns)   --->   "%add_ln813_267 = add i8 %sext_ln818_21, i8 %sext_ln818_23"   --->   Operation 992 'add' 'add_ln813_267' <Predicate = true> <Delay = 1.87> <CoreInst = "Adder">   --->   Core 1 'Adder' <Latency = 0> <II = 1> <Delay = 1.87> <FuncUnit> <Opcode : 'add' 'sub'> <InPorts = 2> <OutPorts = 1>
ST_1 : Operation 993 [1/1] (1.87ns)   --->   "%add_ln813_268 = add i8 %sext_ln818_28, i8 %sext_ln818_39"   --->   Operation 993 'add' 'add_ln813_268' <Predicate = true> <Delay = 1.87> <CoreInst = "Adder">   --->   Core 1 'Adder' <Latency = 0> <II = 1> <Delay = 1.87> <FuncUnit> <Opcode : 'add' 'sub'> <InPorts = 2> <OutPorts = 1>
ST_1 : Operation 994 [1/1] (1.87ns)   --->   "%add_ln813_271 = add i8 %sext_ln818_44, i8 %sext_ln818_45"   --->   Operation 994 'add' 'add_ln813_271' <Predicate = true> <Delay = 1.87> <CoreInst = "Adder">   --->   Core 1 'Adder' <Latency = 0> <II = 1> <Delay = 1.87> <FuncUnit> <Opcode : 'add' 'sub'> <InPorts = 2> <OutPorts = 1>
ST_1 : Operation 995 [1/1] (1.87ns)   --->   "%add_ln813_272 = add i8 %sext_ln818_48, i8 %sext_ln818_52"   --->   Operation 995 'add' 'add_ln813_272' <Predicate = true> <Delay = 1.87> <CoreInst = "Adder">   --->   Core 1 'Adder' <Latency = 0> <II = 1> <Delay = 1.87> <FuncUnit> <Opcode : 'add' 'sub'> <InPorts = 2> <OutPorts = 1>
ST_1 : Operation 996 [1/1] (1.87ns)   --->   "%add_ln813_278 = add i8 %sext_ln818_71, i8 %sext_ln818_76"   --->   Operation 996 'add' 'add_ln813_278' <Predicate = true> <Delay = 1.87> <CoreInst = "Adder">   --->   Core 1 'Adder' <Latency = 0> <II = 1> <Delay = 1.87> <FuncUnit> <Opcode : 'add' 'sub'> <InPorts = 2> <OutPorts = 1>
ST_1 : Operation 997 [1/1] (1.87ns)   --->   "%add_ln813_281 = add i8 %sext_ln818_79, i8 %sext_ln818_80"   --->   Operation 997 'add' 'add_ln813_281' <Predicate = true> <Delay = 1.87> <CoreInst = "Adder">   --->   Core 1 'Adder' <Latency = 0> <II = 1> <Delay = 1.87> <FuncUnit> <Opcode : 'add' 'sub'> <InPorts = 2> <OutPorts = 1>
ST_1 : Operation 998 [1/1] (1.87ns)   --->   "%add_ln813_282 = add i8 %sext_ln818_84, i8 %sext_ln818_85"   --->   Operation 998 'add' 'add_ln813_282' <Predicate = true> <Delay = 1.87> <CoreInst = "Adder">   --->   Core 1 'Adder' <Latency = 0> <II = 1> <Delay = 1.87> <FuncUnit> <Opcode : 'add' 'sub'> <InPorts = 2> <OutPorts = 1>
ST_1 : Operation 999 [1/1] (1.87ns)   --->   "%add_ln813_286 = add i8 %sext_ln818_94, i8 %sext_ln818_97"   --->   Operation 999 'add' 'add_ln813_286' <Predicate = true> <Delay = 1.87> <CoreInst = "Adder">   --->   Core 1 'Adder' <Latency = 0> <II = 1> <Delay = 1.87> <FuncUnit> <Opcode : 'add' 'sub'> <InPorts = 2> <OutPorts = 1>
ST_1 : Operation 1000 [1/1] (1.87ns)   --->   "%add_ln813_287 = add i8 %sext_ln818_103, i8 %sext_ln818_104"   --->   Operation 1000 'add' 'add_ln813_287' <Predicate = true> <Delay = 1.87> <CoreInst = "Adder">   --->   Core 1 'Adder' <Latency = 0> <II = 1> <Delay = 1.87> <FuncUnit> <Opcode : 'add' 'sub'> <InPorts = 2> <OutPorts = 1>
ST_1 : Operation 1001 [1/1] (1.87ns)   --->   "%add_ln813_290 = add i8 %sext_ln818_108, i8 %sext_ln818_109"   --->   Operation 1001 'add' 'add_ln813_290' <Predicate = true> <Delay = 1.87> <CoreInst = "Adder">   --->   Core 1 'Adder' <Latency = 0> <II = 1> <Delay = 1.87> <FuncUnit> <Opcode : 'add' 'sub'> <InPorts = 2> <OutPorts = 1>
ST_1 : Operation 1002 [1/1] (1.87ns)   --->   "%add_ln813_292 = add i8 %sext_ln818_116, i8 %sext_ln818_118"   --->   Operation 1002 'add' 'add_ln813_292' <Predicate = true> <Delay = 1.87> <CoreInst = "Adder">   --->   Core 1 'Adder' <Latency = 0> <II = 1> <Delay = 1.87> <FuncUnit> <Opcode : 'add' 'sub'> <InPorts = 2> <OutPorts = 1>
ST_1 : Operation 1003 [1/1] (1.91ns)   --->   "%add_ln813_315 = add i8 %mult_V_95, i8 %mult_V_98"   --->   Operation 1003 'add' 'add_ln813_315' <Predicate = true> <Delay = 1.91> <CoreInst = "Adder">   --->   Core 1 'Adder' <Latency = 0> <II = 1> <Delay = 1.91> <FuncUnit> <Opcode : 'add' 'sub'> <InPorts = 2> <OutPorts = 1>
ST_1 : Operation 1004 [1/1] (1.87ns)   --->   "%add_ln813_369 = add i8 %sext_ln818_13, i8 %sext_ln818_25"   --->   Operation 1004 'add' 'add_ln813_369' <Predicate = true> <Delay = 1.87> <CoreInst = "Adder">   --->   Core 1 'Adder' <Latency = 0> <II = 1> <Delay = 1.87> <FuncUnit> <Opcode : 'add' 'sub'> <InPorts = 2> <OutPorts = 1>
ST_1 : Operation 1005 [1/1] (1.87ns)   --->   "%add_ln813_371 = add i8 %sext_ln818_32, i8 %sext_ln818_33"   --->   Operation 1005 'add' 'add_ln813_371' <Predicate = true> <Delay = 1.87> <CoreInst = "Adder">   --->   Core 1 'Adder' <Latency = 0> <II = 1> <Delay = 1.87> <FuncUnit> <Opcode : 'add' 'sub'> <InPorts = 2> <OutPorts = 1>
ST_1 : Operation 1006 [1/1] (1.87ns)   --->   "%add_ln813_374 = add i8 %sext_ln818_38, i8 %sext_ln818_39"   --->   Operation 1006 'add' 'add_ln813_374' <Predicate = true> <Delay = 1.87> <CoreInst = "Adder">   --->   Core 1 'Adder' <Latency = 0> <II = 1> <Delay = 1.87> <FuncUnit> <Opcode : 'add' 'sub'> <InPorts = 2> <OutPorts = 1>
ST_1 : Operation 1007 [1/1] (1.87ns)   --->   "%add_ln813_376 = add i8 %sext_ln818_41, i8 %sext_ln818_42"   --->   Operation 1007 'add' 'add_ln813_376' <Predicate = true> <Delay = 1.87> <CoreInst = "Adder">   --->   Core 1 'Adder' <Latency = 0> <II = 1> <Delay = 1.87> <FuncUnit> <Opcode : 'add' 'sub'> <InPorts = 2> <OutPorts = 1>
ST_1 : Operation 1008 [1/1] (1.87ns)   --->   "%add_ln813_380 = add i8 %sext_ln818_50, i8 %sext_ln818_51"   --->   Operation 1008 'add' 'add_ln813_380' <Predicate = true> <Delay = 1.87> <CoreInst = "Adder">   --->   Core 1 'Adder' <Latency = 0> <II = 1> <Delay = 1.87> <FuncUnit> <Opcode : 'add' 'sub'> <InPorts = 2> <OutPorts = 1>
ST_1 : Operation 1009 [1/1] (1.87ns)   --->   "%add_ln813_382 = add i8 %sext_ln818_55, i8 %sext_ln818_59"   --->   Operation 1009 'add' 'add_ln813_382' <Predicate = true> <Delay = 1.87> <CoreInst = "Adder">   --->   Core 1 'Adder' <Latency = 0> <II = 1> <Delay = 1.87> <FuncUnit> <Opcode : 'add' 'sub'> <InPorts = 2> <OutPorts = 1>
ST_1 : Operation 1010 [1/1] (1.87ns)   --->   "%add_ln813_385 = add i8 %sext_ln818_69, i8 %sext_ln818_70"   --->   Operation 1010 'add' 'add_ln813_385' <Predicate = true> <Delay = 1.87> <CoreInst = "Adder">   --->   Core 1 'Adder' <Latency = 0> <II = 1> <Delay = 1.87> <FuncUnit> <Opcode : 'add' 'sub'> <InPorts = 2> <OutPorts = 1>
ST_1 : Operation 1011 [1/1] (1.87ns)   --->   "%add_ln813_387 = add i8 %sext_ln818_74, i8 %sext_ln818_79"   --->   Operation 1011 'add' 'add_ln813_387' <Predicate = true> <Delay = 1.87> <CoreInst = "Adder">   --->   Core 1 'Adder' <Latency = 0> <II = 1> <Delay = 1.87> <FuncUnit> <Opcode : 'add' 'sub'> <InPorts = 2> <OutPorts = 1>
ST_1 : Operation 1012 [1/1] (1.87ns)   --->   "%add_ln813_388 = add i8 %sext_ln818_85, i8 %sext_ln818_88"   --->   Operation 1012 'add' 'add_ln813_388' <Predicate = true> <Delay = 1.87> <CoreInst = "Adder">   --->   Core 1 'Adder' <Latency = 0> <II = 1> <Delay = 1.87> <FuncUnit> <Opcode : 'add' 'sub'> <InPorts = 2> <OutPorts = 1>
ST_1 : Operation 1013 [1/1] (1.91ns)   --->   "%add_ln813_395 = add i8 %mult_V_17, i8 %mult_V_20"   --->   Operation 1013 'add' 'add_ln813_395' <Predicate = true> <Delay = 1.91> <CoreInst = "Adder">   --->   Core 1 'Adder' <Latency = 0> <II = 1> <Delay = 1.91> <FuncUnit> <Opcode : 'add' 'sub'> <InPorts = 2> <OutPorts = 1>
ST_1 : Operation 1014 [1/1] (1.91ns)   --->   "%add_ln813_407 = add i8 %mult_V_78, i8 %mult_V_83"   --->   Operation 1014 'add' 'add_ln813_407' <Predicate = true> <Delay = 1.91> <CoreInst = "Adder">   --->   Core 1 'Adder' <Latency = 0> <II = 1> <Delay = 1.91> <FuncUnit> <Opcode : 'add' 'sub'> <InPorts = 2> <OutPorts = 1>
ST_1 : Operation 1015 [1/1] (1.91ns)   --->   "%add_ln813_410 = add i8 %mult_V_88, i8 %mult_V_95"   --->   Operation 1015 'add' 'add_ln813_410' <Predicate = true> <Delay = 1.91> <CoreInst = "Adder">   --->   Core 1 'Adder' <Latency = 0> <II = 1> <Delay = 1.91> <FuncUnit> <Opcode : 'add' 'sub'> <InPorts = 2> <OutPorts = 1>
ST_1 : Operation 1016 [1/1] (1.91ns)   --->   "%add_ln813_412 = add i8 %mult_V_104, i8 %mult_V_112"   --->   Operation 1016 'add' 'add_ln813_412' <Predicate = true> <Delay = 1.91> <CoreInst = "Adder">   --->   Core 1 'Adder' <Latency = 0> <II = 1> <Delay = 1.91> <FuncUnit> <Opcode : 'add' 'sub'> <InPorts = 2> <OutPorts = 1>
ST_1 : Operation 1017 [1/1] (1.87ns)   --->   "%add_ln813_468 = add i8 %sext_ln818_12, i8 %sext_ln818_13"   --->   Operation 1017 'add' 'add_ln813_468' <Predicate = true> <Delay = 1.87> <CoreInst = "Adder">   --->   Core 1 'Adder' <Latency = 0> <II = 1> <Delay = 1.87> <FuncUnit> <Opcode : 'add' 'sub'> <InPorts = 2> <OutPorts = 1>
ST_1 : Operation 1018 [1/1] (1.87ns)   --->   "%add_ln813_470 = add i8 %sext_ln818_34, i8 %sext_ln818_35"   --->   Operation 1018 'add' 'add_ln813_470' <Predicate = true> <Delay = 1.87> <CoreInst = "Adder">   --->   Core 1 'Adder' <Latency = 0> <II = 1> <Delay = 1.87> <FuncUnit> <Opcode : 'add' 'sub'> <InPorts = 2> <OutPorts = 1>
ST_1 : Operation 1019 [1/1] (1.87ns)   --->   "%add_ln813_474 = add i8 %sext_ln818_47, i8 %sext_ln818_48"   --->   Operation 1019 'add' 'add_ln813_474' <Predicate = true> <Delay = 1.87> <CoreInst = "Adder">   --->   Core 1 'Adder' <Latency = 0> <II = 1> <Delay = 1.87> <FuncUnit> <Opcode : 'add' 'sub'> <InPorts = 2> <OutPorts = 1>
ST_1 : Operation 1020 [1/1] (1.87ns)   --->   "%add_ln813_479 = add i8 %sext_ln818_56, i8 %sext_ln818_58"   --->   Operation 1020 'add' 'add_ln813_479' <Predicate = true> <Delay = 1.87> <CoreInst = "Adder">   --->   Core 1 'Adder' <Latency = 0> <II = 1> <Delay = 1.87> <FuncUnit> <Opcode : 'add' 'sub'> <InPorts = 2> <OutPorts = 1>
ST_1 : Operation 1021 [1/1] (1.87ns)   --->   "%add_ln813_482 = add i8 %sext_ln818_65, i8 %sext_ln818_66"   --->   Operation 1021 'add' 'add_ln813_482' <Predicate = true> <Delay = 1.87> <CoreInst = "Adder">   --->   Core 1 'Adder' <Latency = 0> <II = 1> <Delay = 1.87> <FuncUnit> <Opcode : 'add' 'sub'> <InPorts = 2> <OutPorts = 1>
ST_1 : Operation 1022 [1/1] (1.87ns)   --->   "%add_ln813_484 = add i8 %sext_ln818_68, i8 %sext_ln818_74"   --->   Operation 1022 'add' 'add_ln813_484' <Predicate = true> <Delay = 1.87> <CoreInst = "Adder">   --->   Core 1 'Adder' <Latency = 0> <II = 1> <Delay = 1.87> <FuncUnit> <Opcode : 'add' 'sub'> <InPorts = 2> <OutPorts = 1>
ST_1 : Operation 1023 [1/1] (1.87ns)   --->   "%add_ln813_485 = add i8 %sext_ln818_75, i8 %sext_ln818_82"   --->   Operation 1023 'add' 'add_ln813_485' <Predicate = true> <Delay = 1.87> <CoreInst = "Adder">   --->   Core 1 'Adder' <Latency = 0> <II = 1> <Delay = 1.87> <FuncUnit> <Opcode : 'add' 'sub'> <InPorts = 2> <OutPorts = 1>
ST_1 : Operation 1024 [1/1] (1.87ns)   --->   "%add_ln813_532 = add i8 %sext_ln818_17, i8 %sext_ln818_22"   --->   Operation 1024 'add' 'add_ln813_532' <Predicate = true> <Delay = 1.87> <CoreInst = "Adder">   --->   Core 1 'Adder' <Latency = 0> <II = 1> <Delay = 1.87> <FuncUnit> <Opcode : 'add' 'sub'> <InPorts = 2> <OutPorts = 1>
ST_1 : Operation 1025 [1/1] (1.87ns)   --->   "%add_ln813_535 = add i8 %sext_ln818_24, i8 %sext_ln818_26"   --->   Operation 1025 'add' 'add_ln813_535' <Predicate = true> <Delay = 1.87> <CoreInst = "Adder">   --->   Core 1 'Adder' <Latency = 0> <II = 1> <Delay = 1.87> <FuncUnit> <Opcode : 'add' 'sub'> <InPorts = 2> <OutPorts = 1>
ST_1 : Operation 1026 [1/1] (1.87ns)   --->   "%add_ln813_536 = add i8 %sext_ln818_30, i8 %sext_ln818_31"   --->   Operation 1026 'add' 'add_ln813_536' <Predicate = true> <Delay = 1.87> <CoreInst = "Adder">   --->   Core 1 'Adder' <Latency = 0> <II = 1> <Delay = 1.87> <FuncUnit> <Opcode : 'add' 'sub'> <InPorts = 2> <OutPorts = 1>
ST_1 : Operation 1027 [1/1] (1.87ns)   --->   "%add_ln813_540 = add i8 %sext_ln818_33, i8 %sext_ln818_34"   --->   Operation 1027 'add' 'add_ln813_540' <Predicate = true> <Delay = 1.87> <CoreInst = "Adder">   --->   Core 1 'Adder' <Latency = 0> <II = 1> <Delay = 1.87> <FuncUnit> <Opcode : 'add' 'sub'> <InPorts = 2> <OutPorts = 1>
ST_1 : Operation 1028 [1/1] (1.87ns)   --->   "%add_ln813_541 = add i8 %sext_ln818_39, i8 %sext_ln818_45"   --->   Operation 1028 'add' 'add_ln813_541' <Predicate = true> <Delay = 1.87> <CoreInst = "Adder">   --->   Core 1 'Adder' <Latency = 0> <II = 1> <Delay = 1.87> <FuncUnit> <Opcode : 'add' 'sub'> <InPorts = 2> <OutPorts = 1>
ST_1 : Operation 1029 [1/1] (1.87ns)   --->   "%add_ln813_544 = add i8 %sext_ln818_53, i8 %sext_ln818_54"   --->   Operation 1029 'add' 'add_ln813_544' <Predicate = true> <Delay = 1.87> <CoreInst = "Adder">   --->   Core 1 'Adder' <Latency = 0> <II = 1> <Delay = 1.87> <FuncUnit> <Opcode : 'add' 'sub'> <InPorts = 2> <OutPorts = 1>
ST_1 : Operation 1030 [1/1] (1.87ns)   --->   "%add_ln813_545 = add i8 %sext_ln818_59, i8 %sext_ln818_61"   --->   Operation 1030 'add' 'add_ln813_545' <Predicate = true> <Delay = 1.87> <CoreInst = "Adder">   --->   Core 1 'Adder' <Latency = 0> <II = 1> <Delay = 1.87> <FuncUnit> <Opcode : 'add' 'sub'> <InPorts = 2> <OutPorts = 1>
ST_1 : Operation 1031 [1/1] (1.87ns)   --->   "%add_ln813_551 = add i8 %sext_ln818_78, i8 %sext_ln818_81"   --->   Operation 1031 'add' 'add_ln813_551' <Predicate = true> <Delay = 1.87> <CoreInst = "Adder">   --->   Core 1 'Adder' <Latency = 0> <II = 1> <Delay = 1.87> <FuncUnit> <Opcode : 'add' 'sub'> <InPorts = 2> <OutPorts = 1>
ST_1 : Operation 1032 [1/1] (1.87ns)   --->   "%add_ln813_554 = add i8 %sext_ln818_92, i8 %sext_ln818_94"   --->   Operation 1032 'add' 'add_ln813_554' <Predicate = true> <Delay = 1.87> <CoreInst = "Adder">   --->   Core 1 'Adder' <Latency = 0> <II = 1> <Delay = 1.87> <FuncUnit> <Opcode : 'add' 'sub'> <InPorts = 2> <OutPorts = 1>
ST_1 : Operation 1033 [1/1] (1.87ns)   --->   "%add_ln813_558 = add i8 %sext_ln818_98, i8 %sext_ln818_99"   --->   Operation 1033 'add' 'add_ln813_558' <Predicate = true> <Delay = 1.87> <CoreInst = "Adder">   --->   Core 1 'Adder' <Latency = 0> <II = 1> <Delay = 1.87> <FuncUnit> <Opcode : 'add' 'sub'> <InPorts = 2> <OutPorts = 1>
ST_1 : Operation 1034 [1/1] (1.87ns)   --->   "%add_ln813_559 = add i8 %sext_ln818_104, i8 %sext_ln818_110"   --->   Operation 1034 'add' 'add_ln813_559' <Predicate = true> <Delay = 1.87> <CoreInst = "Adder">   --->   Core 1 'Adder' <Latency = 0> <II = 1> <Delay = 1.87> <FuncUnit> <Opcode : 'add' 'sub'> <InPorts = 2> <OutPorts = 1>
ST_1 : Operation 1035 [1/1] (1.87ns)   --->   "%add_ln813_562 = add i8 %sext_ln818_115, i8 %sext_ln818_117"   --->   Operation 1035 'add' 'add_ln813_562' <Predicate = true> <Delay = 1.87> <CoreInst = "Adder">   --->   Core 1 'Adder' <Latency = 0> <II = 1> <Delay = 1.87> <FuncUnit> <Opcode : 'add' 'sub'> <InPorts = 2> <OutPorts = 1>
ST_1 : Operation 1036 [1/1] (1.87ns)   --->   "%add_ln813_564 = add i8 %sext_ln818_122, i8 %sext_ln818_123"   --->   Operation 1036 'add' 'add_ln813_564' <Predicate = true> <Delay = 1.87> <CoreInst = "Adder">   --->   Core 1 'Adder' <Latency = 0> <II = 1> <Delay = 1.87> <FuncUnit> <Opcode : 'add' 'sub'> <InPorts = 2> <OutPorts = 1>

State 2 <SV = 1> <Delay = 1.91>
ST_2 : Operation 1037 [1/1] (0.00ns)   --->   "%sext_ln818 = sext i7 %mult_V_4"   --->   Operation 1037 'sext' 'sext_ln818' <Predicate = true> <Delay = 0.00>
ST_2 : Operation 1038 [1/1] (0.00ns)   --->   "%sext_ln818_14 = sext i7 %mult_V_18"   --->   Operation 1038 'sext' 'sext_ln818_14' <Predicate = true> <Delay = 0.00>
ST_2 : Operation 1039 [1/1] (0.00ns)   --->   "%sext_ln818_15 = sext i7 %mult_V_25"   --->   Operation 1039 'sext' 'sext_ln818_15' <Predicate = true> <Delay = 0.00>
ST_2 : Operation 1040 [1/1] (0.00ns)   --->   "%sext_ln818_19 = sext i7 %mult_V_42"   --->   Operation 1040 'sext' 'sext_ln818_19' <Predicate = true> <Delay = 0.00>
ST_2 : Operation 1041 [1/1] (0.00ns)   --->   "%sext_ln818_27 = sext i7 %mult_V_67"   --->   Operation 1041 'sext' 'sext_ln818_27' <Predicate = true> <Delay = 0.00>
ST_2 : Operation 1042 [1/1] (0.00ns)   --->   "%sext_ln818_29 = sext i7 %mult_V_74"   --->   Operation 1042 'sext' 'sext_ln818_29' <Predicate = true> <Delay = 0.00>
ST_2 : Operation 1043 [1/1] (0.00ns)   --->   "%sext_ln818_36 = sext i7 %mult_V_96"   --->   Operation 1043 'sext' 'sext_ln818_36' <Predicate = true> <Delay = 0.00>
ST_2 : Operation 1044 [1/1] (0.00ns)   --->   "%sext_ln818_37 = sext i7 %mult_V_97"   --->   Operation 1044 'sext' 'sext_ln818_37' <Predicate = true> <Delay = 0.00>
ST_2 : Operation 1045 [1/1] (0.00ns)   --->   "%sext_ln818_57 = sext i7 %mult_V_136"   --->   Operation 1045 'sext' 'sext_ln818_57' <Predicate = true> <Delay = 0.00>
ST_2 : Operation 1046 [1/1] (0.00ns)   --->   "%sext_ln818_60 = sext i7 %mult_V_142"   --->   Operation 1046 'sext' 'sext_ln818_60' <Predicate = true> <Delay = 0.00>
ST_2 : Operation 1047 [1/1] (0.00ns)   --->   "%sext_ln818_64 = sext i7 %mult_V_151"   --->   Operation 1047 'sext' 'sext_ln818_64' <Predicate = true> <Delay = 0.00>
ST_2 : Operation 1048 [1/1] (0.00ns)   --->   "%sext_ln818_67 = sext i7 %mult_V_158"   --->   Operation 1048 'sext' 'sext_ln818_67' <Predicate = true> <Delay = 0.00>
ST_2 : Operation 1049 [1/1] (0.00ns)   --->   "%sext_ln818_72 = sext i7 %mult_V_170"   --->   Operation 1049 'sext' 'sext_ln818_72' <Predicate = true> <Delay = 0.00>
ST_2 : Operation 1050 [1/1] (0.00ns)   --->   "%sext_ln818_73 = sext i7 %mult_V_172"   --->   Operation 1050 'sext' 'sext_ln818_73' <Predicate = true> <Delay = 0.00>
ST_2 : Operation 1051 [1/1] (0.00ns)   --->   "%sext_ln818_87 = sext i7 %mult_V_215"   --->   Operation 1051 'sext' 'sext_ln818_87' <Predicate = true> <Delay = 0.00>
ST_2 : Operation 1052 [1/1] (0.00ns)   --->   "%sext_ln818_91 = sext i7 %mult_V_224"   --->   Operation 1052 'sext' 'sext_ln818_91' <Predicate = true> <Delay = 0.00>
ST_2 : Operation 1053 [1/1] (0.00ns)   --->   "%sext_ln818_96 = sext i7 %mult_V_239"   --->   Operation 1053 'sext' 'sext_ln818_96' <Predicate = true> <Delay = 0.00>
ST_2 : Operation 1054 [1/1] (0.00ns)   --->   "%sext_ln818_100 = sext i7 %mult_V_251"   --->   Operation 1054 'sext' 'sext_ln818_100' <Predicate = true> <Delay = 0.00>
ST_2 : Operation 1055 [1/1] (0.00ns)   --->   "%sext_ln818_101 = sext i7 %mult_V_254"   --->   Operation 1055 'sext' 'sext_ln818_101' <Predicate = true> <Delay = 0.00>
ST_2 : Operation 1056 [1/1] (0.00ns)   --->   "%sext_ln818_105 = sext i7 %mult_V_266"   --->   Operation 1056 'sext' 'sext_ln818_105' <Predicate = true> <Delay = 0.00>
ST_2 : Operation 1057 [1/1] (0.00ns)   --->   "%sext_ln818_111 = sext i7 %mult_V_283"   --->   Operation 1057 'sext' 'sext_ln818_111' <Predicate = true> <Delay = 0.00>
ST_2 : Operation 1058 [1/1] (0.00ns)   --->   "%sext_ln818_114 = sext i7 %mult_V_288"   --->   Operation 1058 'sext' 'sext_ln818_114' <Predicate = true> <Delay = 0.00>
ST_2 : Operation 1059 [1/1] (0.00ns)   --->   "%sext_ln818_119 = sext i7 %mult_V_307"   --->   Operation 1059 'sext' 'sext_ln818_119' <Predicate = true> <Delay = 0.00>
ST_2 : Operation 1060 [1/1] (1.91ns)   --->   "%add_ln813 = add i8 %mult_V_3, i8 %mult_V_1"   --->   Operation 1060 'add' 'add_ln813' <Predicate = true> <Delay = 1.91> <CoreInst = "Adder">   --->   Core 1 'Adder' <Latency = 0> <II = 1> <Delay = 1.91> <FuncUnit> <Opcode : 'add' 'sub'> <InPorts = 2> <OutPorts = 1>
ST_2 : Operation 1061 [1/1] (1.91ns)   --->   "%add_ln813_32 = add i8 %mult_V_7, i8 %mult_V_9"   --->   Operation 1061 'add' 'add_ln813_32' <Predicate = true> <Delay = 1.91> <CoreInst = "Adder">   --->   Core 1 'Adder' <Latency = 0> <II = 1> <Delay = 1.91> <FuncUnit> <Opcode : 'add' 'sub'> <InPorts = 2> <OutPorts = 1>
ST_2 : Operation 1062 [1/1] (1.91ns)   --->   "%add_ln813_35 = add i8 %mult_V_21, i8 %mult_V_56"   --->   Operation 1062 'add' 'add_ln813_35' <Predicate = true> <Delay = 1.91> <CoreInst = "Adder">   --->   Core 1 'Adder' <Latency = 0> <II = 1> <Delay = 1.91> <FuncUnit> <Opcode : 'add' 'sub'> <InPorts = 2> <OutPorts = 1>
ST_2 : Operation 1063 [1/1] (1.91ns)   --->   "%add_ln813_37 = add i8 %mult_V_85, i8 %mult_V_90"   --->   Operation 1063 'add' 'add_ln813_37' <Predicate = true> <Delay = 1.91> <CoreInst = "Adder">   --->   Core 1 'Adder' <Latency = 0> <II = 1> <Delay = 1.91> <FuncUnit> <Opcode : 'add' 'sub'> <InPorts = 2> <OutPorts = 1>
ST_2 : Operation 1064 [1/1] (1.91ns)   --->   "%add_ln813_41 = add i8 %mult_V_108, i8 %mult_V_116"   --->   Operation 1064 'add' 'add_ln813_41' <Predicate = true> <Delay = 1.91> <CoreInst = "Adder">   --->   Core 1 'Adder' <Latency = 0> <II = 1> <Delay = 1.91> <FuncUnit> <Opcode : 'add' 'sub'> <InPorts = 2> <OutPorts = 1>
ST_2 : Operation 1065 [1/1] (1.91ns)   --->   "%add_ln813_42 = add i8 %mult_V_122, i8 %mult_V_130"   --->   Operation 1065 'add' 'add_ln813_42' <Predicate = true> <Delay = 1.91> <CoreInst = "Adder">   --->   Core 1 'Adder' <Latency = 0> <II = 1> <Delay = 1.91> <FuncUnit> <Opcode : 'add' 'sub'> <InPorts = 2> <OutPorts = 1>
ST_2 : Operation 1066 [1/1] (1.91ns)   --->   "%add_ln813_45 = add i8 %mult_V_145, i8 %mult_V_149"   --->   Operation 1066 'add' 'add_ln813_45' <Predicate = true> <Delay = 1.91> <CoreInst = "Adder">   --->   Core 1 'Adder' <Latency = 0> <II = 1> <Delay = 1.91> <FuncUnit> <Opcode : 'add' 'sub'> <InPorts = 2> <OutPorts = 1>
ST_2 : Operation 1067 [1/1] (1.91ns)   --->   "%add_ln813_47 = add i8 %mult_V_162, i8 %mult_V_181"   --->   Operation 1067 'add' 'add_ln813_47' <Predicate = true> <Delay = 1.91> <CoreInst = "Adder">   --->   Core 1 'Adder' <Latency = 0> <II = 1> <Delay = 1.91> <FuncUnit> <Opcode : 'add' 'sub'> <InPorts = 2> <OutPorts = 1>
ST_2 : Operation 1068 [1/1] (1.91ns)   --->   "%add_ln813_52 = add i8 %mult_V_185, i8 %mult_V_187"   --->   Operation 1068 'add' 'add_ln813_52' <Predicate = true> <Delay = 1.91> <CoreInst = "Adder">   --->   Core 1 'Adder' <Latency = 0> <II = 1> <Delay = 1.91> <FuncUnit> <Opcode : 'add' 'sub'> <InPorts = 2> <OutPorts = 1>
ST_2 : Operation 1069 [1/1] (1.91ns)   --->   "%add_ln813_53 = add i8 %mult_V_194, i8 %mult_V_195"   --->   Operation 1069 'add' 'add_ln813_53' <Predicate = true> <Delay = 1.91> <CoreInst = "Adder">   --->   Core 1 'Adder' <Latency = 0> <II = 1> <Delay = 1.91> <FuncUnit> <Opcode : 'add' 'sub'> <InPorts = 2> <OutPorts = 1>
ST_2 : Operation 1070 [1/1] (1.91ns)   --->   "%add_ln813_56 = add i8 %mult_V_199, i8 %mult_V_200"   --->   Operation 1070 'add' 'add_ln813_56' <Predicate = true> <Delay = 1.91> <CoreInst = "Adder">   --->   Core 1 'Adder' <Latency = 0> <II = 1> <Delay = 1.91> <FuncUnit> <Opcode : 'add' 'sub'> <InPorts = 2> <OutPorts = 1>
ST_2 : Operation 1071 [1/1] (1.91ns)   --->   "%add_ln813_58 = add i8 %mult_V_210, i8 %mult_V_216"   --->   Operation 1071 'add' 'add_ln813_58' <Predicate = true> <Delay = 1.91> <CoreInst = "Adder">   --->   Core 1 'Adder' <Latency = 0> <II = 1> <Delay = 1.91> <FuncUnit> <Opcode : 'add' 'sub'> <InPorts = 2> <OutPorts = 1>
ST_2 : Operation 1072 [1/1] (1.91ns)   --->   "%add_ln813_62 = add i8 %mult_V_218, i8 %mult_V_227"   --->   Operation 1072 'add' 'add_ln813_62' <Predicate = true> <Delay = 1.91> <CoreInst = "Adder">   --->   Core 1 'Adder' <Latency = 0> <II = 1> <Delay = 1.91> <FuncUnit> <Opcode : 'add' 'sub'> <InPorts = 2> <OutPorts = 1>
ST_2 : Operation 1073 [1/1] (1.91ns)   --->   "%add_ln813_63 = add i8 %mult_V_234, i8 %mult_V_242"   --->   Operation 1073 'add' 'add_ln813_63' <Predicate = true> <Delay = 1.91> <CoreInst = "Adder">   --->   Core 1 'Adder' <Latency = 0> <II = 1> <Delay = 1.91> <FuncUnit> <Opcode : 'add' 'sub'> <InPorts = 2> <OutPorts = 1>
ST_2 : Operation 1074 [1/1] (1.91ns)   --->   "%add_ln813_66 = add i8 %mult_V_265, i8 %mult_V_268"   --->   Operation 1074 'add' 'add_ln813_66' <Predicate = true> <Delay = 1.91> <CoreInst = "Adder">   --->   Core 1 'Adder' <Latency = 0> <II = 1> <Delay = 1.91> <FuncUnit> <Opcode : 'add' 'sub'> <InPorts = 2> <OutPorts = 1>
ST_2 : Operation 1075 [1/1] (1.91ns)   --->   "%add_ln813_68 = add i8 %mult_V_278, i8 %mult_V_287"   --->   Operation 1075 'add' 'add_ln813_68' <Predicate = true> <Delay = 1.91> <CoreInst = "Adder">   --->   Core 1 'Adder' <Latency = 0> <II = 1> <Delay = 1.91> <FuncUnit> <Opcode : 'add' 'sub'> <InPorts = 2> <OutPorts = 1>
ST_2 : Operation 1076 [1/1] (1.91ns)   --->   "%add_ln813_75 = add i8 %mult_V_313, i8 %sext_ln818_13"   --->   Operation 1076 'add' 'add_ln813_75' <Predicate = true> <Delay = 1.91> <CoreInst = "Adder">   --->   Core 1 'Adder' <Latency = 0> <II = 1> <Delay = 1.91> <FuncUnit> <Opcode : 'add' 'sub'> <InPorts = 2> <OutPorts = 1>
ST_2 : Operation 1077 [1/1] (1.91ns)   --->   "%add_ln813_79 = add i8 %add_ln813_78, i8 %sext_ln818_15"   --->   Operation 1077 'add' 'add_ln813_79' <Predicate = true> <Delay = 1.91> <CoreInst = "Adder">   --->   Core 1 'Adder' <Latency = 0> <II = 1> <Delay = 1.91> <FuncUnit> <Opcode : 'add' 'sub'> <InPorts = 2> <OutPorts = 1>
ST_2 : Operation 1078 [1/1] (1.91ns)   --->   "%add_ln813_81 = add i8 %add_ln813_80, i8 %sext_ln818_19"   --->   Operation 1078 'add' 'add_ln813_81' <Predicate = true> <Delay = 1.91> <CoreInst = "Adder">   --->   Core 1 'Adder' <Latency = 0> <II = 1> <Delay = 1.91> <FuncUnit> <Opcode : 'add' 'sub'> <InPorts = 2> <OutPorts = 1>
ST_2 : Operation 1079 [1/1] (1.87ns)   --->   "%add_ln813_84 = add i8 %sext_ln818_35, i8 %sext_ln818_36"   --->   Operation 1079 'add' 'add_ln813_84' <Predicate = true> <Delay = 1.87> <CoreInst = "Adder">   --->   Core 1 'Adder' <Latency = 0> <II = 1> <Delay = 1.87> <FuncUnit> <Opcode : 'add' 'sub'> <InPorts = 2> <OutPorts = 1>
ST_2 : Operation 1080 [1/1] (1.91ns)   --->   "%add_ln813_86 = add i8 %add_ln813_85, i8 %sext_ln818_37"   --->   Operation 1080 'add' 'add_ln813_86' <Predicate = true> <Delay = 1.91> <CoreInst = "Adder">   --->   Core 1 'Adder' <Latency = 0> <II = 1> <Delay = 1.91> <FuncUnit> <Opcode : 'add' 'sub'> <InPorts = 2> <OutPorts = 1>
ST_2 : Operation 1081 [1/1] (1.91ns)   --->   "%add_ln813_89 = add i8 %add_ln813_88, i8 %sext_ln818_55"   --->   Operation 1081 'add' 'add_ln813_89' <Predicate = true> <Delay = 1.91> <CoreInst = "Adder">   --->   Core 1 'Adder' <Latency = 0> <II = 1> <Delay = 1.91> <FuncUnit> <Opcode : 'add' 'sub'> <InPorts = 2> <OutPorts = 1>
ST_2 : Operation 1082 [1/1] (1.91ns)   --->   "%add_ln813_91 = add i8 %add_ln813_90, i8 %sext_ln818_73"   --->   Operation 1082 'add' 'add_ln813_91' <Predicate = true> <Delay = 1.91> <CoreInst = "Adder">   --->   Core 1 'Adder' <Latency = 0> <II = 1> <Delay = 1.91> <FuncUnit> <Opcode : 'add' 'sub'> <InPorts = 2> <OutPorts = 1>
ST_2 : Operation 1083 [1/1] (1.91ns)   --->   "%add_ln813_97 = add i8 %add_ln813_96, i8 %sext_ln818_87"   --->   Operation 1083 'add' 'add_ln813_97' <Predicate = true> <Delay = 1.91> <CoreInst = "Adder">   --->   Core 1 'Adder' <Latency = 0> <II = 1> <Delay = 1.91> <FuncUnit> <Opcode : 'add' 'sub'> <InPorts = 2> <OutPorts = 1>
ST_2 : Operation 1084 [1/1] (1.91ns)   --->   "%add_ln813_100 = add i8 %add_ln813_99, i8 %sext_ln818_91"   --->   Operation 1084 'add' 'add_ln813_100' <Predicate = true> <Delay = 1.91> <CoreInst = "Adder">   --->   Core 1 'Adder' <Latency = 0> <II = 1> <Delay = 1.91> <FuncUnit> <Opcode : 'add' 'sub'> <InPorts = 2> <OutPorts = 1>
ST_2 : Operation 1085 [1/1] (1.91ns)   --->   "%add_ln813_102 = add i8 %add_ln813_101, i8 %sext_ln818_96"   --->   Operation 1085 'add' 'add_ln813_102' <Predicate = true> <Delay = 1.91> <CoreInst = "Adder">   --->   Core 1 'Adder' <Latency = 0> <II = 1> <Delay = 1.91> <FuncUnit> <Opcode : 'add' 'sub'> <InPorts = 2> <OutPorts = 1>
ST_2 : Operation 1086 [1/1] (1.91ns)   --->   "%add_ln813_107 = add i8 %add_ln813_106, i8 %sext_ln818_105"   --->   Operation 1086 'add' 'add_ln813_107' <Predicate = true> <Delay = 1.91> <CoreInst = "Adder">   --->   Core 1 'Adder' <Latency = 0> <II = 1> <Delay = 1.91> <FuncUnit> <Opcode : 'add' 'sub'> <InPorts = 2> <OutPorts = 1>
ST_2 : Operation 1087 [1/1] (1.91ns)   --->   "%add_ln813_110 = add i8 %add_ln813_109, i8 %sext_ln818_110"   --->   Operation 1087 'add' 'add_ln813_110' <Predicate = true> <Delay = 1.91> <CoreInst = "Adder">   --->   Core 1 'Adder' <Latency = 0> <II = 1> <Delay = 1.91> <FuncUnit> <Opcode : 'add' 'sub'> <InPorts = 2> <OutPorts = 1>
ST_2 : Operation 1088 [1/1] (1.91ns)   --->   "%add_ln813_112 = add i8 %add_ln813_111, i8 %sext_ln818_119"   --->   Operation 1088 'add' 'add_ln813_112' <Predicate = true> <Delay = 1.91> <CoreInst = "Adder">   --->   Core 1 'Adder' <Latency = 0> <II = 1> <Delay = 1.91> <FuncUnit> <Opcode : 'add' 'sub'> <InPorts = 2> <OutPorts = 1>
ST_2 : Operation 1089 [1/1] (1.91ns)   --->   "%add_ln813_118 = add i8 %mult_V_5, i8 %mult_V_11"   --->   Operation 1089 'add' 'add_ln813_118' <Predicate = true> <Delay = 1.91> <CoreInst = "Adder">   --->   Core 1 'Adder' <Latency = 0> <II = 1> <Delay = 1.91> <FuncUnit> <Opcode : 'add' 'sub'> <InPorts = 2> <OutPorts = 1>
ST_2 : Operation 1090 [1/1] (1.91ns)   --->   "%add_ln813_120 = add i8 %mult_V_16, i8 %mult_V_19"   --->   Operation 1090 'add' 'add_ln813_120' <Predicate = true> <Delay = 1.91> <CoreInst = "Adder">   --->   Core 1 'Adder' <Latency = 0> <II = 1> <Delay = 1.91> <FuncUnit> <Opcode : 'add' 'sub'> <InPorts = 2> <OutPorts = 1>
ST_2 : Operation 1091 [1/1] (1.91ns)   --->   "%add_ln813_123 = add i8 %mult_V_22, i8 %mult_V_31"   --->   Operation 1091 'add' 'add_ln813_123' <Predicate = true> <Delay = 1.91> <CoreInst = "Adder">   --->   Core 1 'Adder' <Latency = 0> <II = 1> <Delay = 1.91> <FuncUnit> <Opcode : 'add' 'sub'> <InPorts = 2> <OutPorts = 1>
ST_2 : Operation 1092 [1/1] (1.91ns)   --->   "%add_ln813_126 = add i8 %add_ln813_125, i8 %mult_V_35"   --->   Operation 1092 'add' 'add_ln813_126' <Predicate = true> <Delay = 1.91> <CoreInst = "Adder">   --->   Core 1 'Adder' <Latency = 0> <II = 1> <Delay = 1.91> <FuncUnit> <Opcode : 'add' 'sub'> <InPorts = 2> <OutPorts = 1>
ST_2 : Operation 1093 [1/1] (1.91ns)   --->   "%add_ln813_129 = add i8 %mult_V_50, i8 %mult_V_57"   --->   Operation 1093 'add' 'add_ln813_129' <Predicate = true> <Delay = 1.91> <CoreInst = "Adder">   --->   Core 1 'Adder' <Latency = 0> <II = 1> <Delay = 1.91> <FuncUnit> <Opcode : 'add' 'sub'> <InPorts = 2> <OutPorts = 1>
ST_2 : Operation 1094 [1/1] (1.91ns)   --->   "%add_ln813_132 = add i8 %add_ln813_131, i8 %mult_V_54"   --->   Operation 1094 'add' 'add_ln813_132' <Predicate = true> <Delay = 1.91> <CoreInst = "Adder">   --->   Core 1 'Adder' <Latency = 0> <II = 1> <Delay = 1.91> <FuncUnit> <Opcode : 'add' 'sub'> <InPorts = 2> <OutPorts = 1>
ST_2 : Operation 1095 [1/1] (1.91ns)   --->   "%add_ln813_134 = add i8 %mult_V_73, i8 %mult_V_71"   --->   Operation 1095 'add' 'add_ln813_134' <Predicate = true> <Delay = 1.91> <CoreInst = "Adder">   --->   Core 1 'Adder' <Latency = 0> <II = 1> <Delay = 1.91> <FuncUnit> <Opcode : 'add' 'sub'> <InPorts = 2> <OutPorts = 1>
ST_2 : Operation 1096 [1/1] (1.91ns)   --->   "%add_ln813_138 = add i8 %add_ln813_137, i8 %add_ln813_136"   --->   Operation 1096 'add' 'add_ln813_138' <Predicate = true> <Delay = 1.91> <CoreInst = "Adder">   --->   Core 1 'Adder' <Latency = 0> <II = 1> <Delay = 1.91> <FuncUnit> <Opcode : 'add' 'sub'> <InPorts = 2> <OutPorts = 1>
ST_2 : Operation 1097 [1/1] (1.91ns)   --->   "%add_ln813_142 = add i8 %mult_V_93, i8 %mult_V_102"   --->   Operation 1097 'add' 'add_ln813_142' <Predicate = true> <Delay = 1.91> <CoreInst = "Adder">   --->   Core 1 'Adder' <Latency = 0> <II = 1> <Delay = 1.91> <FuncUnit> <Opcode : 'add' 'sub'> <InPorts = 2> <OutPorts = 1>
ST_2 : Operation 1098 [1/1] (1.91ns)   --->   "%add_ln813_144 = add i8 %mult_V_119, i8 %mult_V_137"   --->   Operation 1098 'add' 'add_ln813_144' <Predicate = true> <Delay = 1.91> <CoreInst = "Adder">   --->   Core 1 'Adder' <Latency = 0> <II = 1> <Delay = 1.91> <FuncUnit> <Opcode : 'add' 'sub'> <InPorts = 2> <OutPorts = 1>
ST_2 : Operation 1099 [1/1] (1.91ns)   --->   "%add_ln813_147 = add i8 %mult_V_155, i8 %mult_V_164"   --->   Operation 1099 'add' 'add_ln813_147' <Predicate = true> <Delay = 1.91> <CoreInst = "Adder">   --->   Core 1 'Adder' <Latency = 0> <II = 1> <Delay = 1.91> <FuncUnit> <Opcode : 'add' 'sub'> <InPorts = 2> <OutPorts = 1>
ST_2 : Operation 1100 [1/1] (1.91ns)   --->   "%add_ln813_149 = add i8 %mult_V_169, i8 %mult_V_173"   --->   Operation 1100 'add' 'add_ln813_149' <Predicate = true> <Delay = 1.91> <CoreInst = "Adder">   --->   Core 1 'Adder' <Latency = 0> <II = 1> <Delay = 1.91> <FuncUnit> <Opcode : 'add' 'sub'> <InPorts = 2> <OutPorts = 1>
ST_2 : Operation 1101 [1/1] (1.91ns)   --->   "%add_ln813_153 = add i8 %mult_V_185, i8 %mult_V_190"   --->   Operation 1101 'add' 'add_ln813_153' <Predicate = true> <Delay = 1.91> <CoreInst = "Adder">   --->   Core 1 'Adder' <Latency = 0> <II = 1> <Delay = 1.91> <FuncUnit> <Opcode : 'add' 'sub'> <InPorts = 2> <OutPorts = 1>
ST_2 : Operation 1102 [1/1] (1.91ns)   --->   "%add_ln813_155 = add i8 %mult_V_192, i8 %mult_V_194"   --->   Operation 1102 'add' 'add_ln813_155' <Predicate = true> <Delay = 1.91> <CoreInst = "Adder">   --->   Core 1 'Adder' <Latency = 0> <II = 1> <Delay = 1.91> <FuncUnit> <Opcode : 'add' 'sub'> <InPorts = 2> <OutPorts = 1>
ST_2 : Operation 1103 [1/1] (1.91ns)   --->   "%add_ln813_158 = add i8 %mult_V_196, i8 %mult_V_199"   --->   Operation 1103 'add' 'add_ln813_158' <Predicate = true> <Delay = 1.91> <CoreInst = "Adder">   --->   Core 1 'Adder' <Latency = 0> <II = 1> <Delay = 1.91> <FuncUnit> <Opcode : 'add' 'sub'> <InPorts = 2> <OutPorts = 1>
ST_2 : Operation 1104 [1/1] (1.91ns)   --->   "%add_ln813_160 = add i8 %mult_V_200, i8 %mult_V_202"   --->   Operation 1104 'add' 'add_ln813_160' <Predicate = true> <Delay = 1.91> <CoreInst = "Adder">   --->   Core 1 'Adder' <Latency = 0> <II = 1> <Delay = 1.91> <FuncUnit> <Opcode : 'add' 'sub'> <InPorts = 2> <OutPorts = 1>
ST_2 : Operation 1105 [1/1] (1.91ns)   --->   "%add_ln813_161 = add i8 %mult_V_204, i8 %mult_V_210"   --->   Operation 1105 'add' 'add_ln813_161' <Predicate = true> <Delay = 1.91> <CoreInst = "Adder">   --->   Core 1 'Adder' <Latency = 0> <II = 1> <Delay = 1.91> <FuncUnit> <Opcode : 'add' 'sub'> <InPorts = 2> <OutPorts = 1>
ST_2 : Operation 1106 [1/1] (1.91ns)   --->   "%add_ln813_167 = add i8 %mult_V_221, i8 %mult_V_227"   --->   Operation 1106 'add' 'add_ln813_167' <Predicate = true> <Delay = 1.91> <CoreInst = "Adder">   --->   Core 1 'Adder' <Latency = 0> <II = 1> <Delay = 1.91> <FuncUnit> <Opcode : 'add' 'sub'> <InPorts = 2> <OutPorts = 1>
ST_2 : Operation 1107 [1/1] (1.91ns)   --->   "%add_ln813_169 = add i8 %mult_V_241, i8 %mult_V_246"   --->   Operation 1107 'add' 'add_ln813_169' <Predicate = true> <Delay = 1.91> <CoreInst = "Adder">   --->   Core 1 'Adder' <Latency = 0> <II = 1> <Delay = 1.91> <FuncUnit> <Opcode : 'add' 'sub'> <InPorts = 2> <OutPorts = 1>
ST_2 : Operation 1108 [1/1] (1.91ns)   --->   "%add_ln813_172 = add i8 %mult_V_250, i8 %mult_V_252"   --->   Operation 1108 'add' 'add_ln813_172' <Predicate = true> <Delay = 1.91> <CoreInst = "Adder">   --->   Core 1 'Adder' <Latency = 0> <II = 1> <Delay = 1.91> <FuncUnit> <Opcode : 'add' 'sub'> <InPorts = 2> <OutPorts = 1>
ST_2 : Operation 1109 [1/1] (1.91ns)   --->   "%add_ln813_174 = add i8 %mult_V_257, i8 %mult_V_261"   --->   Operation 1109 'add' 'add_ln813_174' <Predicate = true> <Delay = 1.91> <CoreInst = "Adder">   --->   Core 1 'Adder' <Latency = 0> <II = 1> <Delay = 1.91> <FuncUnit> <Opcode : 'add' 'sub'> <InPorts = 2> <OutPorts = 1>
ST_2 : Operation 1110 [1/1] (1.91ns)   --->   "%add_ln813_178 = add i8 %mult_V_268, i8 %mult_V_270"   --->   Operation 1110 'add' 'add_ln813_178' <Predicate = true> <Delay = 1.91> <CoreInst = "Adder">   --->   Core 1 'Adder' <Latency = 0> <II = 1> <Delay = 1.91> <FuncUnit> <Opcode : 'add' 'sub'> <InPorts = 2> <OutPorts = 1>
ST_2 : Operation 1111 [1/1] (1.91ns)   --->   "%add_ln813_180 = add i8 %mult_V_279, i8 %mult_V_289"   --->   Operation 1111 'add' 'add_ln813_180' <Predicate = true> <Delay = 1.91> <CoreInst = "Adder">   --->   Core 1 'Adder' <Latency = 0> <II = 1> <Delay = 1.91> <FuncUnit> <Opcode : 'add' 'sub'> <InPorts = 2> <OutPorts = 1>
ST_2 : Operation 1112 [1/1] (1.91ns)   --->   "%add_ln813_183 = add i8 %mult_V_294, i8 %mult_V_296"   --->   Operation 1112 'add' 'add_ln813_183' <Predicate = true> <Delay = 1.91> <CoreInst = "Adder">   --->   Core 1 'Adder' <Latency = 0> <II = 1> <Delay = 1.91> <FuncUnit> <Opcode : 'add' 'sub'> <InPorts = 2> <OutPorts = 1>
ST_2 : Operation 1113 [1/1] (1.91ns)   --->   "%add_ln813_185 = add i8 %mult_V_298, i8 %mult_V_300"   --->   Operation 1113 'add' 'add_ln813_185' <Predicate = true> <Delay = 1.91> <CoreInst = "Adder">   --->   Core 1 'Adder' <Latency = 0> <II = 1> <Delay = 1.91> <FuncUnit> <Opcode : 'add' 'sub'> <InPorts = 2> <OutPorts = 1>
ST_2 : Operation 1114 [1/1] (1.91ns)   --->   "%add_ln813_186 = add i8 %mult_V_304, i8 %mult_V_311"   --->   Operation 1114 'add' 'add_ln813_186' <Predicate = true> <Delay = 1.91> <CoreInst = "Adder">   --->   Core 1 'Adder' <Latency = 0> <II = 1> <Delay = 1.91> <FuncUnit> <Opcode : 'add' 'sub'> <InPorts = 2> <OutPorts = 1>
ST_2 : Operation 1115 [1/1] (1.91ns)   --->   "%add_ln813_192 = add i8 %add_ln813_191, i8 %mult_V_314"   --->   Operation 1115 'add' 'add_ln813_192' <Predicate = true> <Delay = 1.91> <CoreInst = "Adder">   --->   Core 1 'Adder' <Latency = 0> <II = 1> <Delay = 1.91> <FuncUnit> <Opcode : 'add' 'sub'> <InPorts = 2> <OutPorts = 1>
ST_2 : Operation 1116 [1/1] (1.91ns)   --->   "%add_ln813_194 = add i8 %add_ln813_193, i8 %sext_ln818_31"   --->   Operation 1116 'add' 'add_ln813_194' <Predicate = true> <Delay = 1.91> <CoreInst = "Adder">   --->   Core 1 'Adder' <Latency = 0> <II = 1> <Delay = 1.91> <FuncUnit> <Opcode : 'add' 'sub'> <InPorts = 2> <OutPorts = 1>
ST_2 : Operation 1117 [1/1] (1.91ns)   --->   "%add_ln813_197 = add i8 %add_ln813_196, i8 %sext_ln818_46"   --->   Operation 1117 'add' 'add_ln813_197' <Predicate = true> <Delay = 1.91> <CoreInst = "Adder">   --->   Core 1 'Adder' <Latency = 0> <II = 1> <Delay = 1.91> <FuncUnit> <Opcode : 'add' 'sub'> <InPorts = 2> <OutPorts = 1>
ST_2 : Operation 1118 [1/1] (1.91ns)   --->   "%add_ln813_200 = add i8 %add_ln813_199, i8 %add_ln813_198"   --->   Operation 1118 'add' 'add_ln813_200' <Predicate = true> <Delay = 1.91> <CoreInst = "Adder">   --->   Core 1 'Adder' <Latency = 0> <II = 1> <Delay = 1.91> <FuncUnit> <Opcode : 'add' 'sub'> <InPorts = 2> <OutPorts = 1>
ST_2 : Operation 1119 [1/1] (1.91ns)   --->   "%add_ln813_204 = add i8 %add_ln813_203, i8 %sext_ln818_60"   --->   Operation 1119 'add' 'add_ln813_204' <Predicate = true> <Delay = 1.91> <CoreInst = "Adder">   --->   Core 1 'Adder' <Latency = 0> <II = 1> <Delay = 1.91> <FuncUnit> <Opcode : 'add' 'sub'> <InPorts = 2> <OutPorts = 1>
ST_2 : Operation 1120 [1/1] (1.91ns)   --->   "%add_ln813_206 = add i8 %add_ln813_205, i8 %sext_ln818_64"   --->   Operation 1120 'add' 'add_ln813_206' <Predicate = true> <Delay = 1.91> <CoreInst = "Adder">   --->   Core 1 'Adder' <Latency = 0> <II = 1> <Delay = 1.91> <FuncUnit> <Opcode : 'add' 'sub'> <InPorts = 2> <OutPorts = 1>
ST_2 : Operation 1121 [1/1] (1.91ns)   --->   "%add_ln813_209 = add i8 %add_ln813_208, i8 %sext_ln818_71"   --->   Operation 1121 'add' 'add_ln813_209' <Predicate = true> <Delay = 1.91> <CoreInst = "Adder">   --->   Core 1 'Adder' <Latency = 0> <II = 1> <Delay = 1.91> <FuncUnit> <Opcode : 'add' 'sub'> <InPorts = 2> <OutPorts = 1>
ST_2 : Operation 1122 [1/1] (1.91ns)   --->   "%add_ln813_212 = add i8 %add_ln813_211, i8 %add_ln813_210"   --->   Operation 1122 'add' 'add_ln813_212' <Predicate = true> <Delay = 1.91> <CoreInst = "Adder">   --->   Core 1 'Adder' <Latency = 0> <II = 1> <Delay = 1.91> <FuncUnit> <Opcode : 'add' 'sub'> <InPorts = 2> <OutPorts = 1>
ST_2 : Operation 1123 [1/1] (1.91ns)   --->   "%add_ln813_219 = add i8 %mult_V_56, i8 %mult_V_63"   --->   Operation 1123 'add' 'add_ln813_219' <Predicate = true> <Delay = 1.91> <CoreInst = "Adder">   --->   Core 1 'Adder' <Latency = 0> <II = 1> <Delay = 1.91> <FuncUnit> <Opcode : 'add' 'sub'> <InPorts = 2> <OutPorts = 1>
ST_2 : Operation 1124 [1/1] (1.91ns)   --->   "%add_ln813_222 = add i8 %mult_V_77, i8 %mult_V_81"   --->   Operation 1124 'add' 'add_ln813_222' <Predicate = true> <Delay = 1.91> <CoreInst = "Adder">   --->   Core 1 'Adder' <Latency = 0> <II = 1> <Delay = 1.91> <FuncUnit> <Opcode : 'add' 'sub'> <InPorts = 2> <OutPorts = 1>
ST_2 : Operation 1125 [1/1] (1.91ns)   --->   "%add_ln813_223 = add i8 %mult_V_90, i8 %mult_V_99"   --->   Operation 1125 'add' 'add_ln813_223' <Predicate = true> <Delay = 1.91> <CoreInst = "Adder">   --->   Core 1 'Adder' <Latency = 0> <II = 1> <Delay = 1.91> <FuncUnit> <Opcode : 'add' 'sub'> <InPorts = 2> <OutPorts = 1>
ST_2 : Operation 1126 [1/1] (1.91ns)   --->   "%add_ln813_228 = add i8 %mult_V_132, i8 %mult_V_133"   --->   Operation 1126 'add' 'add_ln813_228' <Predicate = true> <Delay = 1.91> <CoreInst = "Adder">   --->   Core 1 'Adder' <Latency = 0> <II = 1> <Delay = 1.91> <FuncUnit> <Opcode : 'add' 'sub'> <InPorts = 2> <OutPorts = 1>
ST_2 : Operation 1127 [1/1] (1.91ns)   --->   "%add_ln813_231 = add i8 %mult_V_138, i8 %mult_V_140"   --->   Operation 1127 'add' 'add_ln813_231' <Predicate = true> <Delay = 1.91> <CoreInst = "Adder">   --->   Core 1 'Adder' <Latency = 0> <II = 1> <Delay = 1.91> <FuncUnit> <Opcode : 'add' 'sub'> <InPorts = 2> <OutPorts = 1>
ST_2 : Operation 1128 [1/1] (1.91ns)   --->   "%add_ln813_232 = add i8 %mult_V_147, i8 %mult_V_149"   --->   Operation 1128 'add' 'add_ln813_232' <Predicate = true> <Delay = 1.91> <CoreInst = "Adder">   --->   Core 1 'Adder' <Latency = 0> <II = 1> <Delay = 1.91> <FuncUnit> <Opcode : 'add' 'sub'> <InPorts = 2> <OutPorts = 1>
ST_2 : Operation 1129 [1/1] (1.91ns)   --->   "%add_ln813_237 = add i8 %mult_V_153, i8 %mult_V_157"   --->   Operation 1129 'add' 'add_ln813_237' <Predicate = true> <Delay = 1.91> <CoreInst = "Adder">   --->   Core 1 'Adder' <Latency = 0> <II = 1> <Delay = 1.91> <FuncUnit> <Opcode : 'add' 'sub'> <InPorts = 2> <OutPorts = 1>
ST_2 : Operation 1130 [1/1] (1.91ns)   --->   "%add_ln813_238 = add i8 %mult_V_171, i8 %mult_V_173"   --->   Operation 1130 'add' 'add_ln813_238' <Predicate = true> <Delay = 1.91> <CoreInst = "Adder">   --->   Core 1 'Adder' <Latency = 0> <II = 1> <Delay = 1.91> <FuncUnit> <Opcode : 'add' 'sub'> <InPorts = 2> <OutPorts = 1>
ST_2 : Operation 1131 [1/1] (1.91ns)   --->   "%add_ln813_241 = add i8 %mult_V_176, i8 %mult_V_182"   --->   Operation 1131 'add' 'add_ln813_241' <Predicate = true> <Delay = 1.91> <CoreInst = "Adder">   --->   Core 1 'Adder' <Latency = 0> <II = 1> <Delay = 1.91> <FuncUnit> <Opcode : 'add' 'sub'> <InPorts = 2> <OutPorts = 1>
ST_2 : Operation 1132 [1/1] (1.91ns)   --->   "%add_ln813_242 = add i8 %mult_V_195, i8 %mult_V_196"   --->   Operation 1132 'add' 'add_ln813_242' <Predicate = true> <Delay = 1.91> <CoreInst = "Adder">   --->   Core 1 'Adder' <Latency = 0> <II = 1> <Delay = 1.91> <FuncUnit> <Opcode : 'add' 'sub'> <InPorts = 2> <OutPorts = 1>
ST_2 : Operation 1133 [1/1] (1.91ns)   --->   "%add_ln813_247 = add i8 %mult_V_232, i8 %mult_V_235"   --->   Operation 1133 'add' 'add_ln813_247' <Predicate = true> <Delay = 1.91> <CoreInst = "Adder">   --->   Core 1 'Adder' <Latency = 0> <II = 1> <Delay = 1.91> <FuncUnit> <Opcode : 'add' 'sub'> <InPorts = 2> <OutPorts = 1>
ST_2 : Operation 1134 [1/1] (1.91ns)   --->   "%add_ln813_250 = add i8 %mult_V_244, i8 %mult_V_245"   --->   Operation 1134 'add' 'add_ln813_250' <Predicate = true> <Delay = 1.91> <CoreInst = "Adder">   --->   Core 1 'Adder' <Latency = 0> <II = 1> <Delay = 1.91> <FuncUnit> <Opcode : 'add' 'sub'> <InPorts = 2> <OutPorts = 1>
ST_2 : Operation 1135 [1/1] (1.91ns)   --->   "%add_ln813_252 = add i8 %mult_V_256, i8 %mult_V_272"   --->   Operation 1135 'add' 'add_ln813_252' <Predicate = true> <Delay = 1.91> <CoreInst = "Adder">   --->   Core 1 'Adder' <Latency = 0> <II = 1> <Delay = 1.91> <FuncUnit> <Opcode : 'add' 'sub'> <InPorts = 2> <OutPorts = 1>
ST_2 : Operation 1136 [1/1] (1.91ns)   --->   "%add_ln813_258 = add i8 %mult_V_282, i8 %mult_V_285"   --->   Operation 1136 'add' 'add_ln813_258' <Predicate = true> <Delay = 1.91> <CoreInst = "Adder">   --->   Core 1 'Adder' <Latency = 0> <II = 1> <Delay = 1.91> <FuncUnit> <Opcode : 'add' 'sub'> <InPorts = 2> <OutPorts = 1>
ST_2 : Operation 1137 [1/1] (1.91ns)   --->   "%add_ln813_259 = add i8 %mult_V_296, i8 %mult_V_306"   --->   Operation 1137 'add' 'add_ln813_259' <Predicate = true> <Delay = 1.91> <CoreInst = "Adder">   --->   Core 1 'Adder' <Latency = 0> <II = 1> <Delay = 1.91> <FuncUnit> <Opcode : 'add' 'sub'> <InPorts = 2> <OutPorts = 1>
ST_2 : Operation 1138 [1/1] (1.91ns)   --->   "%add_ln813_262 = add i8 %mult_V_317, i8 %sext_ln818_12"   --->   Operation 1138 'add' 'add_ln813_262' <Predicate = true> <Delay = 1.91> <CoreInst = "Adder">   --->   Core 1 'Adder' <Latency = 0> <II = 1> <Delay = 1.91> <FuncUnit> <Opcode : 'add' 'sub'> <InPorts = 2> <OutPorts = 1>
ST_2 : Operation 1139 [1/1] (1.91ns)   --->   "%add_ln813_264 = add i8 %add_ln813_263, i8 %sext_ln818"   --->   Operation 1139 'add' 'add_ln813_264' <Predicate = true> <Delay = 1.91> <CoreInst = "Adder">   --->   Core 1 'Adder' <Latency = 0> <II = 1> <Delay = 1.91> <FuncUnit> <Opcode : 'add' 'sub'> <InPorts = 2> <OutPorts = 1>
ST_2 : Operation 1140 [1/1] (1.91ns)   --->   "%add_ln813_269 = add i8 %add_ln813_268, i8 %sext_ln818_27"   --->   Operation 1140 'add' 'add_ln813_269' <Predicate = true> <Delay = 1.91> <CoreInst = "Adder">   --->   Core 1 'Adder' <Latency = 0> <II = 1> <Delay = 1.91> <FuncUnit> <Opcode : 'add' 'sub'> <InPorts = 2> <OutPorts = 1>
ST_2 : Operation 1141 [1/1] (1.91ns)   --->   "%add_ln813_273 = add i8 %add_ln813_272, i8 %sext_ln818_46"   --->   Operation 1141 'add' 'add_ln813_273' <Predicate = true> <Delay = 1.91> <CoreInst = "Adder">   --->   Core 1 'Adder' <Latency = 0> <II = 1> <Delay = 1.91> <FuncUnit> <Opcode : 'add' 'sub'> <InPorts = 2> <OutPorts = 1>
ST_2 : Operation 1142 [1/1] (1.87ns)   --->   "%add_ln813_277 = add i8 %sext_ln818_56, i8 %sext_ln818_57"   --->   Operation 1142 'add' 'add_ln813_277' <Predicate = true> <Delay = 1.87> <CoreInst = "Adder">   --->   Core 1 'Adder' <Latency = 0> <II = 1> <Delay = 1.87> <FuncUnit> <Opcode : 'add' 'sub'> <InPorts = 2> <OutPorts = 1>
ST_2 : Operation 1143 [1/1] (1.91ns)   --->   "%add_ln813_279 = add i8 %add_ln813_278, i8 %sext_ln818_70"   --->   Operation 1143 'add' 'add_ln813_279' <Predicate = true> <Delay = 1.91> <CoreInst = "Adder">   --->   Core 1 'Adder' <Latency = 0> <II = 1> <Delay = 1.91> <FuncUnit> <Opcode : 'add' 'sub'> <InPorts = 2> <OutPorts = 1>
ST_2 : Operation 1144 [1/1] (1.91ns)   --->   "%add_ln813_283 = add i8 %add_ln813_282, i8 %sext_ln818_82"   --->   Operation 1144 'add' 'add_ln813_283' <Predicate = true> <Delay = 1.91> <CoreInst = "Adder">   --->   Core 1 'Adder' <Latency = 0> <II = 1> <Delay = 1.91> <FuncUnit> <Opcode : 'add' 'sub'> <InPorts = 2> <OutPorts = 1>
ST_2 : Operation 1145 [1/1] (1.91ns)   --->   "%add_ln813_288 = add i8 %add_ln813_287, i8 %sext_ln818_101"   --->   Operation 1145 'add' 'add_ln813_288' <Predicate = true> <Delay = 1.91> <CoreInst = "Adder">   --->   Core 1 'Adder' <Latency = 0> <II = 1> <Delay = 1.91> <FuncUnit> <Opcode : 'add' 'sub'> <InPorts = 2> <OutPorts = 1>
ST_2 : Operation 1146 [1/1] (1.91ns)   --->   "%add_ln813_291 = add i8 %add_ln813_290, i8 %sext_ln818_106"   --->   Operation 1146 'add' 'add_ln813_291' <Predicate = true> <Delay = 1.91> <CoreInst = "Adder">   --->   Core 1 'Adder' <Latency = 0> <II = 1> <Delay = 1.91> <FuncUnit> <Opcode : 'add' 'sub'> <InPorts = 2> <OutPorts = 1>
ST_2 : Operation 1147 [1/1] (1.91ns)   --->   "%add_ln813_293 = add i8 %add_ln813_292, i8 %sext_ln818_114"   --->   Operation 1147 'add' 'add_ln813_293' <Predicate = true> <Delay = 1.91> <CoreInst = "Adder">   --->   Core 1 'Adder' <Latency = 0> <II = 1> <Delay = 1.91> <FuncUnit> <Opcode : 'add' 'sub'> <InPorts = 2> <OutPorts = 1>
ST_2 : Operation 1148 [1/1] (1.91ns)   --->   "%add_ln813_299 = add i8 %mult_V_16, i8 %mult_V_26"   --->   Operation 1148 'add' 'add_ln813_299' <Predicate = true> <Delay = 1.91> <CoreInst = "Adder">   --->   Core 1 'Adder' <Latency = 0> <II = 1> <Delay = 1.91> <FuncUnit> <Opcode : 'add' 'sub'> <InPorts = 2> <OutPorts = 1>
ST_2 : Operation 1149 [1/1] (1.91ns)   --->   "%add_ln813_301 = add i8 %mult_V_28, i8 %mult_V_35"   --->   Operation 1149 'add' 'add_ln813_301' <Predicate = true> <Delay = 1.91> <CoreInst = "Adder">   --->   Core 1 'Adder' <Latency = 0> <II = 1> <Delay = 1.91> <FuncUnit> <Opcode : 'add' 'sub'> <InPorts = 2> <OutPorts = 1>
ST_2 : Operation 1150 [1/1] (1.91ns)   --->   "%add_ln813_304 = add i8 %mult_V_43, i8 %mult_V_46"   --->   Operation 1150 'add' 'add_ln813_304' <Predicate = true> <Delay = 1.91> <CoreInst = "Adder">   --->   Core 1 'Adder' <Latency = 0> <II = 1> <Delay = 1.91> <FuncUnit> <Opcode : 'add' 'sub'> <InPorts = 2> <OutPorts = 1>
ST_2 : Operation 1151 [1/1] (1.91ns)   --->   "%add_ln813_306 = add i8 %mult_V_48, i8 %mult_V_55"   --->   Operation 1151 'add' 'add_ln813_306' <Predicate = true> <Delay = 1.91> <CoreInst = "Adder">   --->   Core 1 'Adder' <Latency = 0> <II = 1> <Delay = 1.91> <FuncUnit> <Opcode : 'add' 'sub'> <InPorts = 2> <OutPorts = 1>
ST_2 : Operation 1152 [1/1] (1.91ns)   --->   "%add_ln813_310 = add i8 %mult_V_69, i8 %mult_V_66"   --->   Operation 1152 'add' 'add_ln813_310' <Predicate = true> <Delay = 1.91> <CoreInst = "Adder">   --->   Core 1 'Adder' <Latency = 0> <II = 1> <Delay = 1.91> <FuncUnit> <Opcode : 'add' 'sub'> <InPorts = 2> <OutPorts = 1>
ST_2 : Operation 1153 [1/1] (1.91ns)   --->   "%add_ln813_312 = add i8 %mult_V_76, i8 %mult_V_80"   --->   Operation 1153 'add' 'add_ln813_312' <Predicate = true> <Delay = 1.91> <CoreInst = "Adder">   --->   Core 1 'Adder' <Latency = 0> <II = 1> <Delay = 1.91> <FuncUnit> <Opcode : 'add' 'sub'> <InPorts = 2> <OutPorts = 1>
ST_2 : Operation 1154 [1/1] (1.91ns)   --->   "%add_ln813_316 = add i8 %add_ln813_315, i8 %mult_V_91"   --->   Operation 1154 'add' 'add_ln813_316' <Predicate = true> <Delay = 1.91> <CoreInst = "Adder">   --->   Core 1 'Adder' <Latency = 0> <II = 1> <Delay = 1.91> <FuncUnit> <Opcode : 'add' 'sub'> <InPorts = 2> <OutPorts = 1>
ST_2 : Operation 1155 [1/1] (1.91ns)   --->   "%add_ln813_317 = add i8 %mult_V_137, i8 %mult_V_138"   --->   Operation 1155 'add' 'add_ln813_317' <Predicate = true> <Delay = 1.91> <CoreInst = "Adder">   --->   Core 1 'Adder' <Latency = 0> <II = 1> <Delay = 1.91> <FuncUnit> <Opcode : 'add' 'sub'> <InPorts = 2> <OutPorts = 1>
ST_2 : Operation 1156 [1/1] (1.91ns)   --->   "%add_ln813_322 = add i8 %mult_V_152, i8 %mult_V_157"   --->   Operation 1156 'add' 'add_ln813_322' <Predicate = true> <Delay = 1.91> <CoreInst = "Adder">   --->   Core 1 'Adder' <Latency = 0> <II = 1> <Delay = 1.91> <FuncUnit> <Opcode : 'add' 'sub'> <InPorts = 2> <OutPorts = 1>
ST_2 : Operation 1157 [1/1] (1.91ns)   --->   "%add_ln813_324 = add i8 %mult_V_169, i8 %mult_V_171"   --->   Operation 1157 'add' 'add_ln813_324' <Predicate = true> <Delay = 1.91> <CoreInst = "Adder">   --->   Core 1 'Adder' <Latency = 0> <II = 1> <Delay = 1.91> <FuncUnit> <Opcode : 'add' 'sub'> <InPorts = 2> <OutPorts = 1>
ST_2 : Operation 1158 [1/1] (1.91ns)   --->   "%add_ln813_327 = add i8 %mult_V_189, i8 %mult_V_191"   --->   Operation 1158 'add' 'add_ln813_327' <Predicate = true> <Delay = 1.91> <CoreInst = "Adder">   --->   Core 1 'Adder' <Latency = 0> <II = 1> <Delay = 1.91> <FuncUnit> <Opcode : 'add' 'sub'> <InPorts = 2> <OutPorts = 1>
ST_2 : Operation 1159 [1/1] (1.91ns)   --->   "%add_ln813_329 = add i8 %mult_V_198, i8 %mult_V_201"   --->   Operation 1159 'add' 'add_ln813_329' <Predicate = true> <Delay = 1.91> <CoreInst = "Adder">   --->   Core 1 'Adder' <Latency = 0> <II = 1> <Delay = 1.91> <FuncUnit> <Opcode : 'add' 'sub'> <InPorts = 2> <OutPorts = 1>
ST_2 : Operation 1160 [1/1] (1.91ns)   --->   "%add_ln813_333 = add i8 %mult_V_204, i8 %mult_V_206"   --->   Operation 1160 'add' 'add_ln813_333' <Predicate = true> <Delay = 1.91> <CoreInst = "Adder">   --->   Core 1 'Adder' <Latency = 0> <II = 1> <Delay = 1.91> <FuncUnit> <Opcode : 'add' 'sub'> <InPorts = 2> <OutPorts = 1>
ST_2 : Operation 1161 [1/1] (1.91ns)   --->   "%add_ln813_335 = add i8 %mult_V_211, i8 %mult_V_219"   --->   Operation 1161 'add' 'add_ln813_335' <Predicate = true> <Delay = 1.91> <CoreInst = "Adder">   --->   Core 1 'Adder' <Latency = 0> <II = 1> <Delay = 1.91> <FuncUnit> <Opcode : 'add' 'sub'> <InPorts = 2> <OutPorts = 1>
ST_2 : Operation 1162 [1/1] (1.91ns)   --->   "%add_ln813_338 = add i8 %mult_V_223, i8 %mult_V_228"   --->   Operation 1162 'add' 'add_ln813_338' <Predicate = true> <Delay = 1.91> <CoreInst = "Adder">   --->   Core 1 'Adder' <Latency = 0> <II = 1> <Delay = 1.91> <FuncUnit> <Opcode : 'add' 'sub'> <InPorts = 2> <OutPorts = 1>
ST_2 : Operation 1163 [1/1] (1.91ns)   --->   "%add_ln813_340 = add i8 %mult_V_229, i8 %mult_V_232"   --->   Operation 1163 'add' 'add_ln813_340' <Predicate = true> <Delay = 1.91> <CoreInst = "Adder">   --->   Core 1 'Adder' <Latency = 0> <II = 1> <Delay = 1.91> <FuncUnit> <Opcode : 'add' 'sub'> <InPorts = 2> <OutPorts = 1>
ST_2 : Operation 1164 [1/1] (1.91ns)   --->   "%add_ln813_341 = add i8 %mult_V_234, i8 %mult_V_235"   --->   Operation 1164 'add' 'add_ln813_341' <Predicate = true> <Delay = 1.91> <CoreInst = "Adder">   --->   Core 1 'Adder' <Latency = 0> <II = 1> <Delay = 1.91> <FuncUnit> <Opcode : 'add' 'sub'> <InPorts = 2> <OutPorts = 1>
ST_2 : Operation 1165 [1/1] (1.91ns)   --->   "%add_ln813_347 = add i8 %mult_V_245, i8 %mult_V_249"   --->   Operation 1165 'add' 'add_ln813_347' <Predicate = true> <Delay = 1.91> <CoreInst = "Adder">   --->   Core 1 'Adder' <Latency = 0> <II = 1> <Delay = 1.91> <FuncUnit> <Opcode : 'add' 'sub'> <InPorts = 2> <OutPorts = 1>
ST_2 : Operation 1166 [1/1] (1.91ns)   --->   "%add_ln813_349 = add i8 %mult_V_263, i8 %mult_V_265"   --->   Operation 1166 'add' 'add_ln813_349' <Predicate = true> <Delay = 1.91> <CoreInst = "Adder">   --->   Core 1 'Adder' <Latency = 0> <II = 1> <Delay = 1.91> <FuncUnit> <Opcode : 'add' 'sub'> <InPorts = 2> <OutPorts = 1>
ST_2 : Operation 1167 [1/1] (1.91ns)   --->   "%add_ln813_352 = add i8 %mult_V_274, i8 %mult_V_276"   --->   Operation 1167 'add' 'add_ln813_352' <Predicate = true> <Delay = 1.91> <CoreInst = "Adder">   --->   Core 1 'Adder' <Latency = 0> <II = 1> <Delay = 1.91> <FuncUnit> <Opcode : 'add' 'sub'> <InPorts = 2> <OutPorts = 1>
ST_2 : Operation 1168 [1/1] (1.91ns)   --->   "%add_ln813_357 = add i8 %mult_V_290, i8 %mult_V_293"   --->   Operation 1168 'add' 'add_ln813_357' <Predicate = true> <Delay = 1.91> <CoreInst = "Adder">   --->   Core 1 'Adder' <Latency = 0> <II = 1> <Delay = 1.91> <FuncUnit> <Opcode : 'add' 'sub'> <InPorts = 2> <OutPorts = 1>
ST_2 : Operation 1169 [1/1] (1.91ns)   --->   "%add_ln813_359 = add i8 %mult_V_300, i8 %mult_V_305"   --->   Operation 1169 'add' 'add_ln813_359' <Predicate = true> <Delay = 1.91> <CoreInst = "Adder">   --->   Core 1 'Adder' <Latency = 0> <II = 1> <Delay = 1.91> <FuncUnit> <Opcode : 'add' 'sub'> <InPorts = 2> <OutPorts = 1>
ST_2 : Operation 1170 [1/1] (1.91ns)   --->   "%add_ln813_362 = add i8 %mult_V_311, i8 %mult_V_313"   --->   Operation 1170 'add' 'add_ln813_362' <Predicate = true> <Delay = 1.91> <CoreInst = "Adder">   --->   Core 1 'Adder' <Latency = 0> <II = 1> <Delay = 1.91> <FuncUnit> <Opcode : 'add' 'sub'> <InPorts = 2> <OutPorts = 1>
ST_2 : Operation 1171 [1/1] (1.91ns)   --->   "%add_ln813_364 = add i8 %mult_V_3, i8 %sext_ln818_11"   --->   Operation 1171 'add' 'add_ln813_364' <Predicate = true> <Delay = 1.91> <CoreInst = "Adder">   --->   Core 1 'Adder' <Latency = 0> <II = 1> <Delay = 1.91> <FuncUnit> <Opcode : 'add' 'sub'> <InPorts = 2> <OutPorts = 1>
ST_2 : Operation 1172 [1/1] (1.91ns)   --->   "%add_ln813_370 = add i8 %add_ln813_369, i8 %sext_ln818_12"   --->   Operation 1172 'add' 'add_ln813_370' <Predicate = true> <Delay = 1.91> <CoreInst = "Adder">   --->   Core 1 'Adder' <Latency = 0> <II = 1> <Delay = 1.91> <FuncUnit> <Opcode : 'add' 'sub'> <InPorts = 2> <OutPorts = 1>
ST_2 : Operation 1173 [1/1] (1.91ns)   --->   "%add_ln813_372 = add i8 %add_ln813_371, i8 %sext_ln818_31"   --->   Operation 1173 'add' 'add_ln813_372' <Predicate = true> <Delay = 1.91> <CoreInst = "Adder">   --->   Core 1 'Adder' <Latency = 0> <II = 1> <Delay = 1.91> <FuncUnit> <Opcode : 'add' 'sub'> <InPorts = 2> <OutPorts = 1>
ST_2 : Operation 1174 [1/1] (1.91ns)   --->   "%add_ln813_375 = add i8 %add_ln813_374, i8 %sext_ln818_35"   --->   Operation 1174 'add' 'add_ln813_375' <Predicate = true> <Delay = 1.91> <CoreInst = "Adder">   --->   Core 1 'Adder' <Latency = 0> <II = 1> <Delay = 1.91> <FuncUnit> <Opcode : 'add' 'sub'> <InPorts = 2> <OutPorts = 1>
ST_2 : Operation 1175 [1/1] (1.91ns)   --->   "%add_ln813_377 = add i8 %add_ln813_376, i8 %sext_ln818_40"   --->   Operation 1175 'add' 'add_ln813_377' <Predicate = true> <Delay = 1.91> <CoreInst = "Adder">   --->   Core 1 'Adder' <Latency = 0> <II = 1> <Delay = 1.91> <FuncUnit> <Opcode : 'add' 'sub'> <InPorts = 2> <OutPorts = 1>
ST_2 : Operation 1176 [1/1] (1.91ns)   --->   "%add_ln813_381 = add i8 %add_ln813_380, i8 %sext_ln818_49"   --->   Operation 1176 'add' 'add_ln813_381' <Predicate = true> <Delay = 1.91> <CoreInst = "Adder">   --->   Core 1 'Adder' <Latency = 0> <II = 1> <Delay = 1.91> <FuncUnit> <Opcode : 'add' 'sub'> <InPorts = 2> <OutPorts = 1>
ST_2 : Operation 1177 [1/1] (1.91ns)   --->   "%add_ln813_383 = add i8 %add_ln813_382, i8 %sext_ln818_54"   --->   Operation 1177 'add' 'add_ln813_383' <Predicate = true> <Delay = 1.91> <CoreInst = "Adder">   --->   Core 1 'Adder' <Latency = 0> <II = 1> <Delay = 1.91> <FuncUnit> <Opcode : 'add' 'sub'> <InPorts = 2> <OutPorts = 1>
ST_2 : Operation 1178 [1/1] (1.91ns)   --->   "%add_ln813_386 = add i8 %add_ln813_385, i8 %sext_ln818_65"   --->   Operation 1178 'add' 'add_ln813_386' <Predicate = true> <Delay = 1.91> <CoreInst = "Adder">   --->   Core 1 'Adder' <Latency = 0> <II = 1> <Delay = 1.91> <FuncUnit> <Opcode : 'add' 'sub'> <InPorts = 2> <OutPorts = 1>
ST_2 : Operation 1179 [1/1] (1.91ns)   --->   "%add_ln813_389 = add i8 %add_ln813_388, i8 %add_ln813_387"   --->   Operation 1179 'add' 'add_ln813_389' <Predicate = true> <Delay = 1.91> <CoreInst = "Adder">   --->   Core 1 'Adder' <Latency = 0> <II = 1> <Delay = 1.91> <FuncUnit> <Opcode : 'add' 'sub'> <InPorts = 2> <OutPorts = 1>
ST_2 : Operation 1180 [1/1] (1.91ns)   --->   "%add_ln813_397 = add i8 %mult_V_32, i8 %mult_V_28"   --->   Operation 1180 'add' 'add_ln813_397' <Predicate = true> <Delay = 1.91> <CoreInst = "Adder">   --->   Core 1 'Adder' <Latency = 0> <II = 1> <Delay = 1.91> <FuncUnit> <Opcode : 'add' 'sub'> <InPorts = 2> <OutPorts = 1>
ST_2 : Operation 1181 [1/1] (1.91ns)   --->   "%add_ln813_400 = add i8 %mult_V_36, i8 %mult_V_46"   --->   Operation 1181 'add' 'add_ln813_400' <Predicate = true> <Delay = 1.91> <CoreInst = "Adder">   --->   Core 1 'Adder' <Latency = 0> <II = 1> <Delay = 1.91> <FuncUnit> <Opcode : 'add' 'sub'> <InPorts = 2> <OutPorts = 1>
ST_2 : Operation 1182 [1/1] (1.91ns)   --->   "%add_ln813_405 = add i8 %mult_V_60, i8 %mult_V_72"   --->   Operation 1182 'add' 'add_ln813_405' <Predicate = true> <Delay = 1.91> <CoreInst = "Adder">   --->   Core 1 'Adder' <Latency = 0> <II = 1> <Delay = 1.91> <FuncUnit> <Opcode : 'add' 'sub'> <InPorts = 2> <OutPorts = 1>
ST_2 : Operation 1183 [1/1] (1.91ns)   --->   "%add_ln813_411 = add i8 %add_ln813_410, i8 %mult_V_84"   --->   Operation 1183 'add' 'add_ln813_411' <Predicate = true> <Delay = 1.91> <CoreInst = "Adder">   --->   Core 1 'Adder' <Latency = 0> <II = 1> <Delay = 1.91> <FuncUnit> <Opcode : 'add' 'sub'> <InPorts = 2> <OutPorts = 1>
ST_2 : Operation 1184 [1/1] (1.91ns)   --->   "%add_ln813_413 = add i8 %mult_V_143, i8 %mult_V_144"   --->   Operation 1184 'add' 'add_ln813_413' <Predicate = true> <Delay = 1.91> <CoreInst = "Adder">   --->   Core 1 'Adder' <Latency = 0> <II = 1> <Delay = 1.91> <FuncUnit> <Opcode : 'add' 'sub'> <InPorts = 2> <OutPorts = 1>
ST_2 : Operation 1185 [1/1] (1.91ns)   --->   "%add_ln813_419 = add i8 %mult_V_164, i8 %mult_V_171"   --->   Operation 1185 'add' 'add_ln813_419' <Predicate = true> <Delay = 1.91> <CoreInst = "Adder">   --->   Core 1 'Adder' <Latency = 0> <II = 1> <Delay = 1.91> <FuncUnit> <Opcode : 'add' 'sub'> <InPorts = 2> <OutPorts = 1>
ST_2 : Operation 1186 [1/1] (1.91ns)   --->   "%add_ln813_422 = add i8 %mult_V_188, i8 %mult_V_190"   --->   Operation 1186 'add' 'add_ln813_422' <Predicate = true> <Delay = 1.91> <CoreInst = "Adder">   --->   Core 1 'Adder' <Latency = 0> <II = 1> <Delay = 1.91> <FuncUnit> <Opcode : 'add' 'sub'> <InPorts = 2> <OutPorts = 1>
ST_2 : Operation 1187 [1/1] (1.91ns)   --->   "%add_ln813_424 = add i8 %mult_V_191, i8 %mult_V_195"   --->   Operation 1187 'add' 'add_ln813_424' <Predicate = true> <Delay = 1.91> <CoreInst = "Adder">   --->   Core 1 'Adder' <Latency = 0> <II = 1> <Delay = 1.91> <FuncUnit> <Opcode : 'add' 'sub'> <InPorts = 2> <OutPorts = 1>
ST_2 : Operation 1188 [1/1] (1.91ns)   --->   "%add_ln813_428 = add i8 %mult_V_204, i8 %mult_V_209"   --->   Operation 1188 'add' 'add_ln813_428' <Predicate = true> <Delay = 1.91> <CoreInst = "Adder">   --->   Core 1 'Adder' <Latency = 0> <II = 1> <Delay = 1.91> <FuncUnit> <Opcode : 'add' 'sub'> <InPorts = 2> <OutPorts = 1>
ST_2 : Operation 1189 [1/1] (1.91ns)   --->   "%add_ln813_430 = add i8 %mult_V_211, i8 %mult_V_213"   --->   Operation 1189 'add' 'add_ln813_430' <Predicate = true> <Delay = 1.91> <CoreInst = "Adder">   --->   Core 1 'Adder' <Latency = 0> <II = 1> <Delay = 1.91> <FuncUnit> <Opcode : 'add' 'sub'> <InPorts = 2> <OutPorts = 1>
ST_2 : Operation 1190 [1/1] (1.91ns)   --->   "%add_ln813_431 = add i8 %mult_V_214, i8 %mult_V_219"   --->   Operation 1190 'add' 'add_ln813_431' <Predicate = true> <Delay = 1.91> <CoreInst = "Adder">   --->   Core 1 'Adder' <Latency = 0> <II = 1> <Delay = 1.91> <FuncUnit> <Opcode : 'add' 'sub'> <InPorts = 2> <OutPorts = 1>
ST_2 : Operation 1191 [1/1] (1.91ns)   --->   "%add_ln813_434 = add i8 %mult_V_227, i8 %mult_V_229"   --->   Operation 1191 'add' 'add_ln813_434' <Predicate = true> <Delay = 1.91> <CoreInst = "Adder">   --->   Core 1 'Adder' <Latency = 0> <II = 1> <Delay = 1.91> <FuncUnit> <Opcode : 'add' 'sub'> <InPorts = 2> <OutPorts = 1>
ST_2 : Operation 1192 [1/1] (1.91ns)   --->   "%add_ln813_436 = add i8 %mult_V_230, i8 %mult_V_232"   --->   Operation 1192 'add' 'add_ln813_436' <Predicate = true> <Delay = 1.91> <CoreInst = "Adder">   --->   Core 1 'Adder' <Latency = 0> <II = 1> <Delay = 1.91> <FuncUnit> <Opcode : 'add' 'sub'> <InPorts = 2> <OutPorts = 1>
ST_2 : Operation 1193 [1/1] (1.91ns)   --->   "%add_ln813_437 = add i8 %mult_V_235, i8 %mult_V_241"   --->   Operation 1193 'add' 'add_ln813_437' <Predicate = true> <Delay = 1.91> <CoreInst = "Adder">   --->   Core 1 'Adder' <Latency = 0> <II = 1> <Delay = 1.91> <FuncUnit> <Opcode : 'add' 'sub'> <InPorts = 2> <OutPorts = 1>
ST_2 : Operation 1194 [1/1] (1.91ns)   --->   "%add_ln813_443 = add i8 %mult_V_250, i8 %mult_V_253"   --->   Operation 1194 'add' 'add_ln813_443' <Predicate = true> <Delay = 1.91> <CoreInst = "Adder">   --->   Core 1 'Adder' <Latency = 0> <II = 1> <Delay = 1.91> <FuncUnit> <Opcode : 'add' 'sub'> <InPorts = 2> <OutPorts = 1>
ST_2 : Operation 1195 [1/1] (1.91ns)   --->   "%add_ln813_445 = add i8 %mult_V_256, i8 %mult_V_258"   --->   Operation 1195 'add' 'add_ln813_445' <Predicate = true> <Delay = 1.91> <CoreInst = "Adder">   --->   Core 1 'Adder' <Latency = 0> <II = 1> <Delay = 1.91> <FuncUnit> <Opcode : 'add' 'sub'> <InPorts = 2> <OutPorts = 1>
ST_2 : Operation 1196 [1/1] (1.91ns)   --->   "%add_ln813_448 = add i8 %mult_V_264, i8 %mult_V_268"   --->   Operation 1196 'add' 'add_ln813_448' <Predicate = true> <Delay = 1.91> <CoreInst = "Adder">   --->   Core 1 'Adder' <Latency = 0> <II = 1> <Delay = 1.91> <FuncUnit> <Opcode : 'add' 'sub'> <InPorts = 2> <OutPorts = 1>
ST_2 : Operation 1197 [1/1] (1.91ns)   --->   "%add_ln813_450 = add i8 %mult_V_271, i8 %mult_V_272"   --->   Operation 1197 'add' 'add_ln813_450' <Predicate = true> <Delay = 1.91> <CoreInst = "Adder">   --->   Core 1 'Adder' <Latency = 0> <II = 1> <Delay = 1.91> <FuncUnit> <Opcode : 'add' 'sub'> <InPorts = 2> <OutPorts = 1>
ST_2 : Operation 1198 [1/1] (1.91ns)   --->   "%add_ln813_451 = add i8 %mult_V_278, i8 %mult_V_285"   --->   Operation 1198 'add' 'add_ln813_451' <Predicate = true> <Delay = 1.91> <CoreInst = "Adder">   --->   Core 1 'Adder' <Latency = 0> <II = 1> <Delay = 1.91> <FuncUnit> <Opcode : 'add' 'sub'> <InPorts = 2> <OutPorts = 1>
ST_2 : Operation 1199 [1/1] (1.91ns)   --->   "%add_ln813_455 = add i8 %mult_V_291, i8 %mult_V_294"   --->   Operation 1199 'add' 'add_ln813_455' <Predicate = true> <Delay = 1.91> <CoreInst = "Adder">   --->   Core 1 'Adder' <Latency = 0> <II = 1> <Delay = 1.91> <FuncUnit> <Opcode : 'add' 'sub'> <InPorts = 2> <OutPorts = 1>
ST_2 : Operation 1200 [1/1] (1.91ns)   --->   "%add_ln813_457 = add i8 %mult_V_300, i8 %mult_V_303"   --->   Operation 1200 'add' 'add_ln813_457' <Predicate = true> <Delay = 1.91> <CoreInst = "Adder">   --->   Core 1 'Adder' <Latency = 0> <II = 1> <Delay = 1.91> <FuncUnit> <Opcode : 'add' 'sub'> <InPorts = 2> <OutPorts = 1>
ST_2 : Operation 1201 [1/1] (1.91ns)   --->   "%add_ln813_460 = add i8 %mult_V_305, i8 %mult_V_306"   --->   Operation 1201 'add' 'add_ln813_460' <Predicate = true> <Delay = 1.91> <CoreInst = "Adder">   --->   Core 1 'Adder' <Latency = 0> <II = 1> <Delay = 1.91> <FuncUnit> <Opcode : 'add' 'sub'> <InPorts = 2> <OutPorts = 1>
ST_2 : Operation 1202 [1/1] (1.91ns)   --->   "%add_ln813_462 = add i8 %mult_V_309, i8 %mult_V_315"   --->   Operation 1202 'add' 'add_ln813_462' <Predicate = true> <Delay = 1.91> <CoreInst = "Adder">   --->   Core 1 'Adder' <Latency = 0> <II = 1> <Delay = 1.91> <FuncUnit> <Opcode : 'add' 'sub'> <InPorts = 2> <OutPorts = 1>
ST_2 : Operation 1203 [1/1] (1.91ns)   --->   "%add_ln813_463 = add i8 %mult_V_318, i8 %mult_V_320"   --->   Operation 1203 'add' 'add_ln813_463' <Predicate = true> <Delay = 1.91> <CoreInst = "Adder">   --->   Core 1 'Adder' <Latency = 0> <II = 1> <Delay = 1.91> <FuncUnit> <Opcode : 'add' 'sub'> <InPorts = 2> <OutPorts = 1>
ST_2 : Operation 1204 [1/1] (1.91ns)   --->   "%add_ln813_469 = add i8 %add_ln813_468, i8 %mult_V_7"   --->   Operation 1204 'add' 'add_ln813_469' <Predicate = true> <Delay = 1.91> <CoreInst = "Adder">   --->   Core 1 'Adder' <Latency = 0> <II = 1> <Delay = 1.91> <FuncUnit> <Opcode : 'add' 'sub'> <InPorts = 2> <OutPorts = 1>
ST_2 : Operation 1205 [1/1] (1.91ns)   --->   "%add_ln813_471 = add i8 %add_ln813_470, i8 %sext_ln818_29"   --->   Operation 1205 'add' 'add_ln813_471' <Predicate = true> <Delay = 1.91> <CoreInst = "Adder">   --->   Core 1 'Adder' <Latency = 0> <II = 1> <Delay = 1.91> <FuncUnit> <Opcode : 'add' 'sub'> <InPorts = 2> <OutPorts = 1>
ST_2 : Operation 1206 [1/1] (1.91ns)   --->   "%add_ln813_473 = add i8 %add_ln813_374, i8 %sext_ln818_37"   --->   Operation 1206 'add' 'add_ln813_473' <Predicate = true> <Delay = 1.91> <CoreInst = "Adder">   --->   Core 1 'Adder' <Latency = 0> <II = 1> <Delay = 1.91> <FuncUnit> <Opcode : 'add' 'sub'> <InPorts = 2> <OutPorts = 1>
ST_2 : Operation 1207 [1/1] (1.91ns)   --->   "%add_ln813_475 = add i8 %add_ln813_474, i8 %add_ln813_85"   --->   Operation 1207 'add' 'add_ln813_475' <Predicate = true> <Delay = 1.91> <CoreInst = "Adder">   --->   Core 1 'Adder' <Latency = 0> <II = 1> <Delay = 1.91> <FuncUnit> <Opcode : 'add' 'sub'> <InPorts = 2> <OutPorts = 1>
ST_2 : Operation 1208 [1/1] (1.91ns)   --->   "%add_ln813_478 = add i8 %add_ln813_198, i8 %sext_ln818_49"   --->   Operation 1208 'add' 'add_ln813_478' <Predicate = true> <Delay = 1.91> <CoreInst = "Adder">   --->   Core 1 'Adder' <Latency = 0> <II = 1> <Delay = 1.91> <FuncUnit> <Opcode : 'add' 'sub'> <InPorts = 2> <OutPorts = 1>
ST_2 : Operation 1209 [1/1] (1.91ns)   --->   "%add_ln813_480 = add i8 %add_ln813_479, i8 %add_ln813_199"   --->   Operation 1209 'add' 'add_ln813_480' <Predicate = true> <Delay = 1.91> <CoreInst = "Adder">   --->   Core 1 'Adder' <Latency = 0> <II = 1> <Delay = 1.91> <FuncUnit> <Opcode : 'add' 'sub'> <InPorts = 2> <OutPorts = 1>
ST_2 : Operation 1210 [1/1] (1.91ns)   --->   "%add_ln813_483 = add i8 %add_ln813_482, i8 %sext_ln818_63"   --->   Operation 1210 'add' 'add_ln813_483' <Predicate = true> <Delay = 1.91> <CoreInst = "Adder">   --->   Core 1 'Adder' <Latency = 0> <II = 1> <Delay = 1.91> <FuncUnit> <Opcode : 'add' 'sub'> <InPorts = 2> <OutPorts = 1>
ST_2 : Operation 1211 [1/1] (1.91ns)   --->   "%add_ln813_486 = add i8 %add_ln813_485, i8 %add_ln813_484"   --->   Operation 1211 'add' 'add_ln813_486' <Predicate = true> <Delay = 1.91> <CoreInst = "Adder">   --->   Core 1 'Adder' <Latency = 0> <II = 1> <Delay = 1.91> <FuncUnit> <Opcode : 'add' 'sub'> <InPorts = 2> <OutPorts = 1>
ST_2 : Operation 1212 [1/1] (1.91ns)   --->   "%add_ln813_492 = add i8 %mult_V_7, i8 %mult_V_12"   --->   Operation 1212 'add' 'add_ln813_492' <Predicate = true> <Delay = 1.91> <CoreInst = "Adder">   --->   Core 1 'Adder' <Latency = 0> <II = 1> <Delay = 1.91> <FuncUnit> <Opcode : 'add' 'sub'> <InPorts = 2> <OutPorts = 1>
ST_2 : Operation 1213 [1/1] (1.91ns)   --->   "%add_ln813_493 = add i8 %mult_V_24, i8 %mult_V_37"   --->   Operation 1213 'add' 'add_ln813_493' <Predicate = true> <Delay = 1.91> <CoreInst = "Adder">   --->   Core 1 'Adder' <Latency = 0> <II = 1> <Delay = 1.91> <FuncUnit> <Opcode : 'add' 'sub'> <InPorts = 2> <OutPorts = 1>
ST_2 : Operation 1214 [1/1] (1.91ns)   --->   "%add_ln813_496 = add i8 %mult_V_49, i8 %mult_V_61"   --->   Operation 1214 'add' 'add_ln813_496' <Predicate = true> <Delay = 1.91> <CoreInst = "Adder">   --->   Core 1 'Adder' <Latency = 0> <II = 1> <Delay = 1.91> <FuncUnit> <Opcode : 'add' 'sub'> <InPorts = 2> <OutPorts = 1>
ST_2 : Operation 1215 [1/1] (1.91ns)   --->   "%add_ln813_497 = add i8 %mult_V_105, i8 %mult_V_114"   --->   Operation 1215 'add' 'add_ln813_497' <Predicate = true> <Delay = 1.91> <CoreInst = "Adder">   --->   Core 1 'Adder' <Latency = 0> <II = 1> <Delay = 1.91> <FuncUnit> <Opcode : 'add' 'sub'> <InPorts = 2> <OutPorts = 1>
ST_2 : Operation 1216 [1/1] (1.91ns)   --->   "%add_ln813_502 = add i8 %mult_V_147, i8 %mult_V_153"   --->   Operation 1216 'add' 'add_ln813_502' <Predicate = true> <Delay = 1.91> <CoreInst = "Adder">   --->   Core 1 'Adder' <Latency = 0> <II = 1> <Delay = 1.91> <FuncUnit> <Opcode : 'add' 'sub'> <InPorts = 2> <OutPorts = 1>
ST_2 : Operation 1217 [1/1] (1.91ns)   --->   "%add_ln813_506 = add i8 %mult_V_175, i8 %mult_V_179"   --->   Operation 1217 'add' 'add_ln813_506' <Predicate = true> <Delay = 1.91> <CoreInst = "Adder">   --->   Core 1 'Adder' <Latency = 0> <II = 1> <Delay = 1.91> <FuncUnit> <Opcode : 'add' 'sub'> <InPorts = 2> <OutPorts = 1>
ST_2 : Operation 1218 [1/1] (1.91ns)   --->   "%add_ln813_511 = add i8 %mult_V_187, i8 %mult_V_200"   --->   Operation 1218 'add' 'add_ln813_511' <Predicate = true> <Delay = 1.91> <CoreInst = "Adder">   --->   Core 1 'Adder' <Latency = 0> <II = 1> <Delay = 1.91> <FuncUnit> <Opcode : 'add' 'sub'> <InPorts = 2> <OutPorts = 1>
ST_2 : Operation 1219 [1/1] (1.91ns)   --->   "%add_ln813_512 = add i8 %mult_V_210, i8 %mult_V_213"   --->   Operation 1219 'add' 'add_ln813_512' <Predicate = true> <Delay = 1.91> <CoreInst = "Adder">   --->   Core 1 'Adder' <Latency = 0> <II = 1> <Delay = 1.91> <FuncUnit> <Opcode : 'add' 'sub'> <InPorts = 2> <OutPorts = 1>
ST_2 : Operation 1220 [1/1] (1.91ns)   --->   "%add_ln813_516 = add i8 %mult_V_235, i8 %mult_V_245"   --->   Operation 1220 'add' 'add_ln813_516' <Predicate = true> <Delay = 1.91> <CoreInst = "Adder">   --->   Core 1 'Adder' <Latency = 0> <II = 1> <Delay = 1.91> <FuncUnit> <Opcode : 'add' 'sub'> <InPorts = 2> <OutPorts = 1>
ST_2 : Operation 1221 [1/1] (1.91ns)   --->   "%add_ln813_520 = add i8 %mult_V_265, i8 %mult_V_271"   --->   Operation 1221 'add' 'add_ln813_520' <Predicate = true> <Delay = 1.91> <CoreInst = "Adder">   --->   Core 1 'Adder' <Latency = 0> <II = 1> <Delay = 1.91> <FuncUnit> <Opcode : 'add' 'sub'> <InPorts = 2> <OutPorts = 1>
ST_2 : Operation 1222 [1/1] (1.91ns)   --->   "%add_ln813_523 = add i8 %mult_V_298, i8 %mult_V_305"   --->   Operation 1222 'add' 'add_ln813_523' <Predicate = true> <Delay = 1.91> <CoreInst = "Adder">   --->   Core 1 'Adder' <Latency = 0> <II = 1> <Delay = 1.91> <FuncUnit> <Opcode : 'add' 'sub'> <InPorts = 2> <OutPorts = 1>
ST_2 : Operation 1223 [1/1] (1.91ns)   --->   "%add_ln813_525 = add i8 %mult_V_311, i8 %mult_V_319"   --->   Operation 1223 'add' 'add_ln813_525' <Predicate = true> <Delay = 1.91> <CoreInst = "Adder">   --->   Core 1 'Adder' <Latency = 0> <II = 1> <Delay = 1.91> <FuncUnit> <Opcode : 'add' 'sub'> <InPorts = 2> <OutPorts = 1>
ST_2 : Operation 1224 [1/1] (1.91ns)   --->   "%add_ln813_531 = add i8 %mult_V, i8 %sext_ln818"   --->   Operation 1224 'add' 'add_ln813_531' <Predicate = true> <Delay = 1.91> <CoreInst = "Adder">   --->   Core 1 'Adder' <Latency = 0> <II = 1> <Delay = 1.91> <FuncUnit> <Opcode : 'add' 'sub'> <InPorts = 2> <OutPorts = 1>
ST_2 : Operation 1225 [1/1] (1.91ns)   --->   "%add_ln813_533 = add i8 %add_ln813_532, i8 %sext_ln818_14"   --->   Operation 1225 'add' 'add_ln813_533' <Predicate = true> <Delay = 1.91> <CoreInst = "Adder">   --->   Core 1 'Adder' <Latency = 0> <II = 1> <Delay = 1.91> <FuncUnit> <Opcode : 'add' 'sub'> <InPorts = 2> <OutPorts = 1>
ST_2 : Operation 1226 [1/1] (1.91ns)   --->   "%add_ln813_537 = add i8 %add_ln813_536, i8 %sext_ln818_28"   --->   Operation 1226 'add' 'add_ln813_537' <Predicate = true> <Delay = 1.91> <CoreInst = "Adder">   --->   Core 1 'Adder' <Latency = 0> <II = 1> <Delay = 1.91> <FuncUnit> <Opcode : 'add' 'sub'> <InPorts = 2> <OutPorts = 1>
ST_2 : Operation 1227 [1/1] (1.91ns)   --->   "%add_ln813_542 = add i8 %add_ln813_541, i8 %sext_ln818_35"   --->   Operation 1227 'add' 'add_ln813_542' <Predicate = true> <Delay = 1.91> <CoreInst = "Adder">   --->   Core 1 'Adder' <Latency = 0> <II = 1> <Delay = 1.91> <FuncUnit> <Opcode : 'add' 'sub'> <InPorts = 2> <OutPorts = 1>
ST_2 : Operation 1228 [1/1] (1.91ns)   --->   "%add_ln813_546 = add i8 %add_ln813_545, i8 %sext_ln818_57"   --->   Operation 1228 'add' 'add_ln813_546' <Predicate = true> <Delay = 1.91> <CoreInst = "Adder">   --->   Core 1 'Adder' <Latency = 0> <II = 1> <Delay = 1.91> <FuncUnit> <Opcode : 'add' 'sub'> <InPorts = 2> <OutPorts = 1>
ST_2 : Operation 1229 [1/1] (1.87ns)   --->   "%add_ln813_550 = add i8 %sext_ln818_63, i8 %sext_ln818_67"   --->   Operation 1229 'add' 'add_ln813_550' <Predicate = true> <Delay = 1.87> <CoreInst = "Adder">   --->   Core 1 'Adder' <Latency = 0> <II = 1> <Delay = 1.87> <FuncUnit> <Opcode : 'add' 'sub'> <InPorts = 2> <OutPorts = 1>
ST_2 : Operation 1230 [1/1] (1.91ns)   --->   "%add_ln813_552 = add i8 %add_ln813_551, i8 %sext_ln818_72"   --->   Operation 1230 'add' 'add_ln813_552' <Predicate = true> <Delay = 1.91> <CoreInst = "Adder">   --->   Core 1 'Adder' <Latency = 0> <II = 1> <Delay = 1.91> <FuncUnit> <Opcode : 'add' 'sub'> <InPorts = 2> <OutPorts = 1>
ST_2 : Operation 1231 [1/1] (1.91ns)   --->   "%add_ln813_555 = add i8 %add_ln813_554, i8 %sext_ln818_90"   --->   Operation 1231 'add' 'add_ln813_555' <Predicate = true> <Delay = 1.91> <CoreInst = "Adder">   --->   Core 1 'Adder' <Latency = 0> <II = 1> <Delay = 1.91> <FuncUnit> <Opcode : 'add' 'sub'> <InPorts = 2> <OutPorts = 1>
ST_2 : Operation 1232 [1/1] (1.91ns)   --->   "%add_ln813_560 = add i8 %add_ln813_559, i8 %sext_ln818_100"   --->   Operation 1232 'add' 'add_ln813_560' <Predicate = true> <Delay = 1.91> <CoreInst = "Adder">   --->   Core 1 'Adder' <Latency = 0> <II = 1> <Delay = 1.91> <FuncUnit> <Opcode : 'add' 'sub'> <InPorts = 2> <OutPorts = 1>
ST_2 : Operation 1233 [1/1] (1.91ns)   --->   "%add_ln813_563 = add i8 %add_ln813_562, i8 %sext_ln818_111"   --->   Operation 1233 'add' 'add_ln813_563' <Predicate = true> <Delay = 1.91> <CoreInst = "Adder">   --->   Core 1 'Adder' <Latency = 0> <II = 1> <Delay = 1.91> <FuncUnit> <Opcode : 'add' 'sub'> <InPorts = 2> <OutPorts = 1>
ST_2 : Operation 1234 [1/1] (1.91ns)   --->   "%add_ln813_565 = add i8 %add_ln813_564, i8 %sext_ln818_118"   --->   Operation 1234 'add' 'add_ln813_565' <Predicate = true> <Delay = 1.91> <CoreInst = "Adder">   --->   Core 1 'Adder' <Latency = 0> <II = 1> <Delay = 1.91> <FuncUnit> <Opcode : 'add' 'sub'> <InPorts = 2> <OutPorts = 1>

State 3 <SV = 2> <Delay = 1.91>
ST_3 : Operation 1235 [1/1] (1.91ns)   --->   "%add_ln813_33 = add i8 %add_ln813_32, i8 %mult_V_5"   --->   Operation 1235 'add' 'add_ln813_33' <Predicate = true> <Delay = 1.91> <CoreInst = "Adder">   --->   Core 1 'Adder' <Latency = 0> <II = 1> <Delay = 1.91> <FuncUnit> <Opcode : 'add' 'sub'> <InPorts = 2> <OutPorts = 1>
ST_3 : Operation 1236 [1/1] (1.91ns)   --->   "%add_ln813_36 = add i8 %add_ln813_35, i8 %mult_V_13"   --->   Operation 1236 'add' 'add_ln813_36' <Predicate = true> <Delay = 1.91> <CoreInst = "Adder">   --->   Core 1 'Adder' <Latency = 0> <II = 1> <Delay = 1.91> <FuncUnit> <Opcode : 'add' 'sub'> <InPorts = 2> <OutPorts = 1>
ST_3 : Operation 1237 [1/1] (1.91ns)   --->   "%add_ln813_38 = add i8 %add_ln813_37, i8 %mult_V_75"   --->   Operation 1237 'add' 'add_ln813_38' <Predicate = true> <Delay = 1.91> <CoreInst = "Adder">   --->   Core 1 'Adder' <Latency = 0> <II = 1> <Delay = 1.91> <FuncUnit> <Opcode : 'add' 'sub'> <InPorts = 2> <OutPorts = 1>
ST_3 : Operation 1238 [1/1] (1.91ns)   --->   "%add_ln813_43 = add i8 %add_ln813_42, i8 %mult_V_118"   --->   Operation 1238 'add' 'add_ln813_43' <Predicate = true> <Delay = 1.91> <CoreInst = "Adder">   --->   Core 1 'Adder' <Latency = 0> <II = 1> <Delay = 1.91> <FuncUnit> <Opcode : 'add' 'sub'> <InPorts = 2> <OutPorts = 1>
ST_3 : Operation 1239 [1/1] (1.91ns)   --->   "%add_ln813_46 = add i8 %add_ln813_45, i8 %mult_V_132"   --->   Operation 1239 'add' 'add_ln813_46' <Predicate = true> <Delay = 1.91> <CoreInst = "Adder">   --->   Core 1 'Adder' <Latency = 0> <II = 1> <Delay = 1.91> <FuncUnit> <Opcode : 'add' 'sub'> <InPorts = 2> <OutPorts = 1>
ST_3 : Operation 1240 [1/1] (1.91ns)   --->   "%add_ln813_48 = add i8 %add_ln813_47, i8 %mult_V_160"   --->   Operation 1240 'add' 'add_ln813_48' <Predicate = true> <Delay = 1.91> <CoreInst = "Adder">   --->   Core 1 'Adder' <Latency = 0> <II = 1> <Delay = 1.91> <FuncUnit> <Opcode : 'add' 'sub'> <InPorts = 2> <OutPorts = 1>
ST_3 : Operation 1241 [1/1] (1.91ns)   --->   "%add_ln813_54 = add i8 %add_ln813_53, i8 %mult_V_189"   --->   Operation 1241 'add' 'add_ln813_54' <Predicate = true> <Delay = 1.91> <CoreInst = "Adder">   --->   Core 1 'Adder' <Latency = 0> <II = 1> <Delay = 1.91> <FuncUnit> <Opcode : 'add' 'sub'> <InPorts = 2> <OutPorts = 1>
ST_3 : Operation 1242 [1/1] (1.91ns)   --->   "%add_ln813_57 = add i8 %add_ln813_56, i8 %mult_V_196"   --->   Operation 1242 'add' 'add_ln813_57' <Predicate = true> <Delay = 1.91> <CoreInst = "Adder">   --->   Core 1 'Adder' <Latency = 0> <II = 1> <Delay = 1.91> <FuncUnit> <Opcode : 'add' 'sub'> <InPorts = 2> <OutPorts = 1>
ST_3 : Operation 1243 [1/1] (1.91ns)   --->   "%add_ln813_59 = add i8 %add_ln813_58, i8 %mult_V_207"   --->   Operation 1243 'add' 'add_ln813_59' <Predicate = true> <Delay = 1.91> <CoreInst = "Adder">   --->   Core 1 'Adder' <Latency = 0> <II = 1> <Delay = 1.91> <FuncUnit> <Opcode : 'add' 'sub'> <InPorts = 2> <OutPorts = 1>
ST_3 : Operation 1244 [1/1] (1.91ns)   --->   "%add_ln813_64 = add i8 %add_ln813_63, i8 %mult_V_229"   --->   Operation 1244 'add' 'add_ln813_64' <Predicate = true> <Delay = 1.91> <CoreInst = "Adder">   --->   Core 1 'Adder' <Latency = 0> <II = 1> <Delay = 1.91> <FuncUnit> <Opcode : 'add' 'sub'> <InPorts = 2> <OutPorts = 1>
ST_3 : Operation 1245 [1/1] (1.91ns)   --->   "%add_ln813_67 = add i8 %add_ln813_66, i8 %mult_V_249"   --->   Operation 1245 'add' 'add_ln813_67' <Predicate = true> <Delay = 1.91> <CoreInst = "Adder">   --->   Core 1 'Adder' <Latency = 0> <II = 1> <Delay = 1.91> <FuncUnit> <Opcode : 'add' 'sub'> <InPorts = 2> <OutPorts = 1>
ST_3 : Operation 1246 [1/1] (1.91ns)   --->   "%add_ln813_69 = add i8 %add_ln813_68, i8 %mult_V_274"   --->   Operation 1246 'add' 'add_ln813_69' <Predicate = true> <Delay = 1.91> <CoreInst = "Adder">   --->   Core 1 'Adder' <Latency = 0> <II = 1> <Delay = 1.91> <FuncUnit> <Opcode : 'add' 'sub'> <InPorts = 2> <OutPorts = 1>
ST_3 : Operation 1247 [1/1] (1.91ns)   --->   "%add_ln813_74 = add i8 %mult_V_289, i8 %mult_V_293"   --->   Operation 1247 'add' 'add_ln813_74' <Predicate = true> <Delay = 1.91> <CoreInst = "Adder">   --->   Core 1 'Adder' <Latency = 0> <II = 1> <Delay = 1.91> <FuncUnit> <Opcode : 'add' 'sub'> <InPorts = 2> <OutPorts = 1>
ST_3 : Operation 1248 [1/1] (1.91ns)   --->   "%add_ln813_76 = add i8 %add_ln813_75, i8 %mult_V_308"   --->   Operation 1248 'add' 'add_ln813_76' <Predicate = true> <Delay = 1.91> <CoreInst = "Adder">   --->   Core 1 'Adder' <Latency = 0> <II = 1> <Delay = 1.91> <FuncUnit> <Opcode : 'add' 'sub'> <InPorts = 2> <OutPorts = 1>
ST_3 : Operation 1249 [1/1] (1.91ns)   --->   "%add_ln813_82 = add i8 %add_ln813_81, i8 %add_ln813_79"   --->   Operation 1249 'add' 'add_ln813_82' <Predicate = true> <Delay = 1.91> <CoreInst = "Adder">   --->   Core 1 'Adder' <Latency = 0> <II = 1> <Delay = 1.91> <FuncUnit> <Opcode : 'add' 'sub'> <InPorts = 2> <OutPorts = 1>
ST_3 : Operation 1250 [1/1] (1.91ns)   --->   "%add_ln813_87 = add i8 %add_ln813_86, i8 %add_ln813_84"   --->   Operation 1250 'add' 'add_ln813_87' <Predicate = true> <Delay = 1.91> <CoreInst = "Adder">   --->   Core 1 'Adder' <Latency = 0> <II = 1> <Delay = 1.91> <FuncUnit> <Opcode : 'add' 'sub'> <InPorts = 2> <OutPorts = 1>
ST_3 : Operation 1251 [1/1] (1.91ns)   --->   "%add_ln813_92 = add i8 %add_ln813_91, i8 %add_ln813_89"   --->   Operation 1251 'add' 'add_ln813_92' <Predicate = true> <Delay = 1.91> <CoreInst = "Adder">   --->   Core 1 'Adder' <Latency = 0> <II = 1> <Delay = 1.91> <FuncUnit> <Opcode : 'add' 'sub'> <InPorts = 2> <OutPorts = 1>
ST_3 : Operation 1252 [1/1] (1.91ns)   --->   "%add_ln813_98 = add i8 %add_ln813_97, i8 %add_ln813_95"   --->   Operation 1252 'add' 'add_ln813_98' <Predicate = true> <Delay = 1.91> <CoreInst = "Adder">   --->   Core 1 'Adder' <Latency = 0> <II = 1> <Delay = 1.91> <FuncUnit> <Opcode : 'add' 'sub'> <InPorts = 2> <OutPorts = 1>
ST_3 : Operation 1253 [1/1] (1.91ns)   --->   "%add_ln813_103 = add i8 %add_ln813_102, i8 %add_ln813_100"   --->   Operation 1253 'add' 'add_ln813_103' <Predicate = true> <Delay = 1.91> <CoreInst = "Adder">   --->   Core 1 'Adder' <Latency = 0> <II = 1> <Delay = 1.91> <FuncUnit> <Opcode : 'add' 'sub'> <InPorts = 2> <OutPorts = 1>
ST_3 : Operation 1254 [1/1] (1.91ns)   --->   "%add_ln813_108 = add i8 %add_ln813_107, i8 %add_ln813_105"   --->   Operation 1254 'add' 'add_ln813_108' <Predicate = true> <Delay = 1.91> <CoreInst = "Adder">   --->   Core 1 'Adder' <Latency = 0> <II = 1> <Delay = 1.91> <FuncUnit> <Opcode : 'add' 'sub'> <InPorts = 2> <OutPorts = 1>
ST_3 : Operation 1255 [1/1] (1.91ns)   --->   "%add_ln813_113 = add i8 %add_ln813_112, i8 %add_ln813_110"   --->   Operation 1255 'add' 'add_ln813_113' <Predicate = true> <Delay = 1.91> <CoreInst = "Adder">   --->   Core 1 'Adder' <Latency = 0> <II = 1> <Delay = 1.91> <FuncUnit> <Opcode : 'add' 'sub'> <InPorts = 2> <OutPorts = 1>
ST_3 : Operation 1256 [1/1] (1.91ns)   --->   "%add_ln813_119 = add i8 %add_ln813_118, i8 %mult_V_2"   --->   Operation 1256 'add' 'add_ln813_119' <Predicate = true> <Delay = 1.91> <CoreInst = "Adder">   --->   Core 1 'Adder' <Latency = 0> <II = 1> <Delay = 1.91> <FuncUnit> <Opcode : 'add' 'sub'> <InPorts = 2> <OutPorts = 1>
ST_3 : Operation 1257 [1/1] (1.91ns)   --->   "%add_ln813_121 = add i8 %add_ln813_120, i8 %mult_V_14"   --->   Operation 1257 'add' 'add_ln813_121' <Predicate = true> <Delay = 1.91> <CoreInst = "Adder">   --->   Core 1 'Adder' <Latency = 0> <II = 1> <Delay = 1.91> <FuncUnit> <Opcode : 'add' 'sub'> <InPorts = 2> <OutPorts = 1>
ST_3 : Operation 1258 [1/1] (1.91ns)   --->   "%add_ln813_124 = add i8 %add_ln813_123, i8 %mult_V_27"   --->   Operation 1258 'add' 'add_ln813_124' <Predicate = true> <Delay = 1.91> <CoreInst = "Adder">   --->   Core 1 'Adder' <Latency = 0> <II = 1> <Delay = 1.91> <FuncUnit> <Opcode : 'add' 'sub'> <InPorts = 2> <OutPorts = 1>
ST_3 : Operation 1259 [1/1] (1.91ns)   --->   "%add_ln813_130 = add i8 %add_ln813_129, i8 %mult_V_48"   --->   Operation 1259 'add' 'add_ln813_130' <Predicate = true> <Delay = 1.91> <CoreInst = "Adder">   --->   Core 1 'Adder' <Latency = 0> <II = 1> <Delay = 1.91> <FuncUnit> <Opcode : 'add' 'sub'> <InPorts = 2> <OutPorts = 1>
ST_3 : Operation 1260 [1/1] (1.91ns)   --->   "%add_ln813_135 = add i8 %add_ln813_134, i8 %mult_V_68"   --->   Operation 1260 'add' 'add_ln813_135' <Predicate = true> <Delay = 1.91> <CoreInst = "Adder">   --->   Core 1 'Adder' <Latency = 0> <II = 1> <Delay = 1.91> <FuncUnit> <Opcode : 'add' 'sub'> <InPorts = 2> <OutPorts = 1>
ST_3 : Operation 1261 [1/1] (1.91ns)   --->   "%add_ln813_143 = add i8 %add_ln813_142, i8 %mult_V_95"   --->   Operation 1261 'add' 'add_ln813_143' <Predicate = true> <Delay = 1.91> <CoreInst = "Adder">   --->   Core 1 'Adder' <Latency = 0> <II = 1> <Delay = 1.91> <FuncUnit> <Opcode : 'add' 'sub'> <InPorts = 2> <OutPorts = 1>
ST_3 : Operation 1262 [1/1] (1.91ns)   --->   "%add_ln813_145 = add i8 %add_ln813_144, i8 %mult_V_107"   --->   Operation 1262 'add' 'add_ln813_145' <Predicate = true> <Delay = 1.91> <CoreInst = "Adder">   --->   Core 1 'Adder' <Latency = 0> <II = 1> <Delay = 1.91> <FuncUnit> <Opcode : 'add' 'sub'> <InPorts = 2> <OutPorts = 1>
ST_3 : Operation 1263 [1/1] (1.91ns)   --->   "%add_ln813_148 = add i8 %add_ln813_147, i8 %mult_V_145"   --->   Operation 1263 'add' 'add_ln813_148' <Predicate = true> <Delay = 1.91> <CoreInst = "Adder">   --->   Core 1 'Adder' <Latency = 0> <II = 1> <Delay = 1.91> <FuncUnit> <Opcode : 'add' 'sub'> <InPorts = 2> <OutPorts = 1>
ST_3 : Operation 1264 [1/1] (1.91ns)   --->   "%add_ln813_150 = add i8 %add_ln813_149, i8 %mult_V_168"   --->   Operation 1264 'add' 'add_ln813_150' <Predicate = true> <Delay = 1.91> <CoreInst = "Adder">   --->   Core 1 'Adder' <Latency = 0> <II = 1> <Delay = 1.91> <FuncUnit> <Opcode : 'add' 'sub'> <InPorts = 2> <OutPorts = 1>
ST_3 : Operation 1265 [1/1] (1.91ns)   --->   "%add_ln813_154 = add i8 %add_ln813_153, i8 %mult_V_179"   --->   Operation 1265 'add' 'add_ln813_154' <Predicate = true> <Delay = 1.91> <CoreInst = "Adder">   --->   Core 1 'Adder' <Latency = 0> <II = 1> <Delay = 1.91> <FuncUnit> <Opcode : 'add' 'sub'> <InPorts = 2> <OutPorts = 1>
ST_3 : Operation 1266 [1/1] (1.91ns)   --->   "%add_ln813_156 = add i8 %add_ln813_155, i8 %mult_V_191"   --->   Operation 1266 'add' 'add_ln813_156' <Predicate = true> <Delay = 1.91> <CoreInst = "Adder">   --->   Core 1 'Adder' <Latency = 0> <II = 1> <Delay = 1.91> <FuncUnit> <Opcode : 'add' 'sub'> <InPorts = 2> <OutPorts = 1>
ST_3 : Operation 1267 [1/1] (1.91ns)   --->   "%add_ln813_159 = add i8 %add_ln813_158, i8 %mult_V_195"   --->   Operation 1267 'add' 'add_ln813_159' <Predicate = true> <Delay = 1.91> <CoreInst = "Adder">   --->   Core 1 'Adder' <Latency = 0> <II = 1> <Delay = 1.91> <FuncUnit> <Opcode : 'add' 'sub'> <InPorts = 2> <OutPorts = 1>
ST_3 : Operation 1268 [1/1] (1.91ns)   --->   "%add_ln813_162 = add i8 %add_ln813_161, i8 %add_ln813_160"   --->   Operation 1268 'add' 'add_ln813_162' <Predicate = true> <Delay = 1.91> <CoreInst = "Adder">   --->   Core 1 'Adder' <Latency = 0> <II = 1> <Delay = 1.91> <FuncUnit> <Opcode : 'add' 'sub'> <InPorts = 2> <OutPorts = 1>
ST_3 : Operation 1269 [1/1] (1.91ns)   --->   "%add_ln813_168 = add i8 %add_ln813_167, i8 %mult_V_219"   --->   Operation 1269 'add' 'add_ln813_168' <Predicate = true> <Delay = 1.91> <CoreInst = "Adder">   --->   Core 1 'Adder' <Latency = 0> <II = 1> <Delay = 1.91> <FuncUnit> <Opcode : 'add' 'sub'> <InPorts = 2> <OutPorts = 1>
ST_3 : Operation 1270 [1/1] (1.91ns)   --->   "%add_ln813_170 = add i8 %add_ln813_169, i8 %mult_V_236"   --->   Operation 1270 'add' 'add_ln813_170' <Predicate = true> <Delay = 1.91> <CoreInst = "Adder">   --->   Core 1 'Adder' <Latency = 0> <II = 1> <Delay = 1.91> <FuncUnit> <Opcode : 'add' 'sub'> <InPorts = 2> <OutPorts = 1>
ST_3 : Operation 1271 [1/1] (1.91ns)   --->   "%add_ln813_173 = add i8 %add_ln813_172, i8 %mult_V_247"   --->   Operation 1271 'add' 'add_ln813_173' <Predicate = true> <Delay = 1.91> <CoreInst = "Adder">   --->   Core 1 'Adder' <Latency = 0> <II = 1> <Delay = 1.91> <FuncUnit> <Opcode : 'add' 'sub'> <InPorts = 2> <OutPorts = 1>
ST_3 : Operation 1272 [1/1] (1.91ns)   --->   "%add_ln813_175 = add i8 %add_ln813_174, i8 %mult_V_256"   --->   Operation 1272 'add' 'add_ln813_175' <Predicate = true> <Delay = 1.91> <CoreInst = "Adder">   --->   Core 1 'Adder' <Latency = 0> <II = 1> <Delay = 1.91> <FuncUnit> <Opcode : 'add' 'sub'> <InPorts = 2> <OutPorts = 1>
ST_3 : Operation 1273 [1/1] (1.91ns)   --->   "%add_ln813_179 = add i8 %add_ln813_178, i8 %mult_V_263"   --->   Operation 1273 'add' 'add_ln813_179' <Predicate = true> <Delay = 1.91> <CoreInst = "Adder">   --->   Core 1 'Adder' <Latency = 0> <II = 1> <Delay = 1.91> <FuncUnit> <Opcode : 'add' 'sub'> <InPorts = 2> <OutPorts = 1>
ST_3 : Operation 1274 [1/1] (1.91ns)   --->   "%add_ln813_181 = add i8 %add_ln813_180, i8 %mult_V_276"   --->   Operation 1274 'add' 'add_ln813_181' <Predicate = true> <Delay = 1.91> <CoreInst = "Adder">   --->   Core 1 'Adder' <Latency = 0> <II = 1> <Delay = 1.91> <FuncUnit> <Opcode : 'add' 'sub'> <InPorts = 2> <OutPorts = 1>
ST_3 : Operation 1275 [1/1] (1.91ns)   --->   "%add_ln813_184 = add i8 %add_ln813_183, i8 %mult_V_292"   --->   Operation 1275 'add' 'add_ln813_184' <Predicate = true> <Delay = 1.91> <CoreInst = "Adder">   --->   Core 1 'Adder' <Latency = 0> <II = 1> <Delay = 1.91> <FuncUnit> <Opcode : 'add' 'sub'> <InPorts = 2> <OutPorts = 1>
ST_3 : Operation 1276 [1/1] (1.91ns)   --->   "%add_ln813_187 = add i8 %add_ln813_186, i8 %add_ln813_185"   --->   Operation 1276 'add' 'add_ln813_187' <Predicate = true> <Delay = 1.91> <CoreInst = "Adder">   --->   Core 1 'Adder' <Latency = 0> <II = 1> <Delay = 1.91> <FuncUnit> <Opcode : 'add' 'sub'> <InPorts = 2> <OutPorts = 1>
ST_3 : Operation 1277 [1/1] (1.91ns)   --->   "%add_ln813_195 = add i8 %add_ln813_194, i8 %add_ln813_192"   --->   Operation 1277 'add' 'add_ln813_195' <Predicate = true> <Delay = 1.91> <CoreInst = "Adder">   --->   Core 1 'Adder' <Latency = 0> <II = 1> <Delay = 1.91> <FuncUnit> <Opcode : 'add' 'sub'> <InPorts = 2> <OutPorts = 1>
ST_3 : Operation 1278 [1/1] (1.91ns)   --->   "%add_ln813_201 = add i8 %add_ln813_200, i8 %add_ln813_197"   --->   Operation 1278 'add' 'add_ln813_201' <Predicate = true> <Delay = 1.91> <CoreInst = "Adder">   --->   Core 1 'Adder' <Latency = 0> <II = 1> <Delay = 1.91> <FuncUnit> <Opcode : 'add' 'sub'> <InPorts = 2> <OutPorts = 1>
ST_3 : Operation 1279 [1/1] (1.91ns)   --->   "%add_ln813_207 = add i8 %add_ln813_206, i8 %add_ln813_204"   --->   Operation 1279 'add' 'add_ln813_207' <Predicate = true> <Delay = 1.91> <CoreInst = "Adder">   --->   Core 1 'Adder' <Latency = 0> <II = 1> <Delay = 1.91> <FuncUnit> <Opcode : 'add' 'sub'> <InPorts = 2> <OutPorts = 1>
ST_3 : Operation 1280 [1/1] (1.91ns)   --->   "%add_ln813_213 = add i8 %add_ln813_212, i8 %add_ln813_209"   --->   Operation 1280 'add' 'add_ln813_213' <Predicate = true> <Delay = 1.91> <CoreInst = "Adder">   --->   Core 1 'Adder' <Latency = 0> <II = 1> <Delay = 1.91> <FuncUnit> <Opcode : 'add' 'sub'> <InPorts = 2> <OutPorts = 1>
ST_3 : Operation 1281 [1/1] (1.91ns)   --->   "%add_ln813_218 = add i8 %mult_V_13, i8 %mult_V_30"   --->   Operation 1281 'add' 'add_ln813_218' <Predicate = true> <Delay = 1.91> <CoreInst = "Adder">   --->   Core 1 'Adder' <Latency = 0> <II = 1> <Delay = 1.91> <FuncUnit> <Opcode : 'add' 'sub'> <InPorts = 2> <OutPorts = 1>
ST_3 : Operation 1282 [1/1] (1.91ns)   --->   "%add_ln813_220 = add i8 %add_ln813_219, i8 %mult_V_39"   --->   Operation 1282 'add' 'add_ln813_220' <Predicate = true> <Delay = 1.91> <CoreInst = "Adder">   --->   Core 1 'Adder' <Latency = 0> <II = 1> <Delay = 1.91> <FuncUnit> <Opcode : 'add' 'sub'> <InPorts = 2> <OutPorts = 1>
ST_3 : Operation 1283 [1/1] (1.91ns)   --->   "%add_ln813_224 = add i8 %add_ln813_223, i8 %mult_V_87"   --->   Operation 1283 'add' 'add_ln813_224' <Predicate = true> <Delay = 1.91> <CoreInst = "Adder">   --->   Core 1 'Adder' <Latency = 0> <II = 1> <Delay = 1.91> <FuncUnit> <Opcode : 'add' 'sub'> <InPorts = 2> <OutPorts = 1>
ST_3 : Operation 1284 [1/1] (1.91ns)   --->   "%add_ln813_227 = add i8 %mult_V_110, i8 %mult_V_118"   --->   Operation 1284 'add' 'add_ln813_227' <Predicate = true> <Delay = 1.91> <CoreInst = "Adder">   --->   Core 1 'Adder' <Latency = 0> <II = 1> <Delay = 1.91> <FuncUnit> <Opcode : 'add' 'sub'> <InPorts = 2> <OutPorts = 1>
ST_3 : Operation 1285 [1/1] (1.91ns)   --->   "%add_ln813_229 = add i8 %add_ln813_228, i8 %mult_V_123"   --->   Operation 1285 'add' 'add_ln813_229' <Predicate = true> <Delay = 1.91> <CoreInst = "Adder">   --->   Core 1 'Adder' <Latency = 0> <II = 1> <Delay = 1.91> <FuncUnit> <Opcode : 'add' 'sub'> <InPorts = 2> <OutPorts = 1>
ST_3 : Operation 1286 [1/1] (1.91ns)   --->   "%add_ln813_233 = add i8 %add_ln813_232, i8 %mult_V_145"   --->   Operation 1286 'add' 'add_ln813_233' <Predicate = true> <Delay = 1.91> <CoreInst = "Adder">   --->   Core 1 'Adder' <Latency = 0> <II = 1> <Delay = 1.91> <FuncUnit> <Opcode : 'add' 'sub'> <InPorts = 2> <OutPorts = 1>
ST_3 : Operation 1287 [1/1] (1.91ns)   --->   "%add_ln813_239 = add i8 %add_ln813_238, i8 %mult_V_169"   --->   Operation 1287 'add' 'add_ln813_239' <Predicate = true> <Delay = 1.91> <CoreInst = "Adder">   --->   Core 1 'Adder' <Latency = 0> <II = 1> <Delay = 1.91> <FuncUnit> <Opcode : 'add' 'sub'> <InPorts = 2> <OutPorts = 1>
ST_3 : Operation 1288 [1/1] (1.91ns)   --->   "%add_ln813_243 = add i8 %add_ln813_242, i8 %mult_V_192"   --->   Operation 1288 'add' 'add_ln813_243' <Predicate = true> <Delay = 1.91> <CoreInst = "Adder">   --->   Core 1 'Adder' <Latency = 0> <II = 1> <Delay = 1.91> <FuncUnit> <Opcode : 'add' 'sub'> <InPorts = 2> <OutPorts = 1>
ST_3 : Operation 1289 [1/1] (1.91ns)   --->   "%add_ln813_246 = add i8 %mult_V_202, i8 %mult_V_211"   --->   Operation 1289 'add' 'add_ln813_246' <Predicate = true> <Delay = 1.91> <CoreInst = "Adder">   --->   Core 1 'Adder' <Latency = 0> <II = 1> <Delay = 1.91> <FuncUnit> <Opcode : 'add' 'sub'> <InPorts = 2> <OutPorts = 1>
ST_3 : Operation 1290 [1/1] (1.91ns)   --->   "%add_ln813_248 = add i8 %add_ln813_247, i8 %mult_V_223"   --->   Operation 1290 'add' 'add_ln813_248' <Predicate = true> <Delay = 1.91> <CoreInst = "Adder">   --->   Core 1 'Adder' <Latency = 0> <II = 1> <Delay = 1.91> <FuncUnit> <Opcode : 'add' 'sub'> <InPorts = 2> <OutPorts = 1>
ST_3 : Operation 1291 [1/1] (1.91ns)   --->   "%add_ln813_251 = add i8 %add_ln813_250, i8 %mult_V_238"   --->   Operation 1291 'add' 'add_ln813_251' <Predicate = true> <Delay = 1.91> <CoreInst = "Adder">   --->   Core 1 'Adder' <Latency = 0> <II = 1> <Delay = 1.91> <FuncUnit> <Opcode : 'add' 'sub'> <InPorts = 2> <OutPorts = 1>
ST_3 : Operation 1292 [1/1] (1.91ns)   --->   "%add_ln813_253 = add i8 %add_ln813_252, i8 %mult_V_250"   --->   Operation 1292 'add' 'add_ln813_253' <Predicate = true> <Delay = 1.91> <CoreInst = "Adder">   --->   Core 1 'Adder' <Latency = 0> <II = 1> <Delay = 1.91> <FuncUnit> <Opcode : 'add' 'sub'> <InPorts = 2> <OutPorts = 1>
ST_3 : Operation 1293 [1/1] (1.91ns)   --->   "%add_ln813_260 = add i8 %add_ln813_259, i8 %mult_V_290"   --->   Operation 1293 'add' 'add_ln813_260' <Predicate = true> <Delay = 1.91> <CoreInst = "Adder">   --->   Core 1 'Adder' <Latency = 0> <II = 1> <Delay = 1.91> <FuncUnit> <Opcode : 'add' 'sub'> <InPorts = 2> <OutPorts = 1>
ST_3 : Operation 1294 [1/1] (1.91ns)   --->   "%add_ln813_265 = add i8 %add_ln813_264, i8 %add_ln813_262"   --->   Operation 1294 'add' 'add_ln813_265' <Predicate = true> <Delay = 1.91> <CoreInst = "Adder">   --->   Core 1 'Adder' <Latency = 0> <II = 1> <Delay = 1.91> <FuncUnit> <Opcode : 'add' 'sub'> <InPorts = 2> <OutPorts = 1>
ST_3 : Operation 1295 [1/1] (1.91ns)   --->   "%add_ln813_270 = add i8 %add_ln813_269, i8 %add_ln813_267"   --->   Operation 1295 'add' 'add_ln813_270' <Predicate = true> <Delay = 1.91> <CoreInst = "Adder">   --->   Core 1 'Adder' <Latency = 0> <II = 1> <Delay = 1.91> <FuncUnit> <Opcode : 'add' 'sub'> <InPorts = 2> <OutPorts = 1>
ST_3 : Operation 1296 [1/1] (1.91ns)   --->   "%add_ln813_274 = add i8 %add_ln813_273, i8 %add_ln813_271"   --->   Operation 1296 'add' 'add_ln813_274' <Predicate = true> <Delay = 1.91> <CoreInst = "Adder">   --->   Core 1 'Adder' <Latency = 0> <II = 1> <Delay = 1.91> <FuncUnit> <Opcode : 'add' 'sub'> <InPorts = 2> <OutPorts = 1>
ST_3 : Operation 1297 [1/1] (1.91ns)   --->   "%add_ln813_280 = add i8 %add_ln813_279, i8 %add_ln813_277"   --->   Operation 1297 'add' 'add_ln813_280' <Predicate = true> <Delay = 1.91> <CoreInst = "Adder">   --->   Core 1 'Adder' <Latency = 0> <II = 1> <Delay = 1.91> <FuncUnit> <Opcode : 'add' 'sub'> <InPorts = 2> <OutPorts = 1>
ST_3 : Operation 1298 [1/1] (1.91ns)   --->   "%add_ln813_284 = add i8 %add_ln813_283, i8 %add_ln813_281"   --->   Operation 1298 'add' 'add_ln813_284' <Predicate = true> <Delay = 1.91> <CoreInst = "Adder">   --->   Core 1 'Adder' <Latency = 0> <II = 1> <Delay = 1.91> <FuncUnit> <Opcode : 'add' 'sub'> <InPorts = 2> <OutPorts = 1>
ST_3 : Operation 1299 [1/1] (1.91ns)   --->   "%add_ln813_289 = add i8 %add_ln813_288, i8 %add_ln813_286"   --->   Operation 1299 'add' 'add_ln813_289' <Predicate = true> <Delay = 1.91> <CoreInst = "Adder">   --->   Core 1 'Adder' <Latency = 0> <II = 1> <Delay = 1.91> <FuncUnit> <Opcode : 'add' 'sub'> <InPorts = 2> <OutPorts = 1>
ST_3 : Operation 1300 [1/1] (1.91ns)   --->   "%add_ln813_294 = add i8 %add_ln813_293, i8 %add_ln813_291"   --->   Operation 1300 'add' 'add_ln813_294' <Predicate = true> <Delay = 1.91> <CoreInst = "Adder">   --->   Core 1 'Adder' <Latency = 0> <II = 1> <Delay = 1.91> <FuncUnit> <Opcode : 'add' 'sub'> <InPorts = 2> <OutPorts = 1>
ST_3 : Operation 1301 [1/1] (1.91ns)   --->   "%add_ln813_300 = add i8 %add_ln813_299, i8 %mult_V_15"   --->   Operation 1301 'add' 'add_ln813_300' <Predicate = true> <Delay = 1.91> <CoreInst = "Adder">   --->   Core 1 'Adder' <Latency = 0> <II = 1> <Delay = 1.91> <FuncUnit> <Opcode : 'add' 'sub'> <InPorts = 2> <OutPorts = 1>
ST_3 : Operation 1302 [1/1] (1.91ns)   --->   "%add_ln813_302 = add i8 %add_ln813_301, i8 %mult_V_19"   --->   Operation 1302 'add' 'add_ln813_302' <Predicate = true> <Delay = 1.91> <CoreInst = "Adder">   --->   Core 1 'Adder' <Latency = 0> <II = 1> <Delay = 1.91> <FuncUnit> <Opcode : 'add' 'sub'> <InPorts = 2> <OutPorts = 1>
ST_3 : Operation 1303 [1/1] (1.91ns)   --->   "%add_ln813_305 = add i8 %add_ln813_304, i8 %mult_V_34"   --->   Operation 1303 'add' 'add_ln813_305' <Predicate = true> <Delay = 1.91> <CoreInst = "Adder">   --->   Core 1 'Adder' <Latency = 0> <II = 1> <Delay = 1.91> <FuncUnit> <Opcode : 'add' 'sub'> <InPorts = 2> <OutPorts = 1>
ST_3 : Operation 1304 [1/1] (1.91ns)   --->   "%add_ln813_307 = add i8 %add_ln813_306, i8 %mult_V_52"   --->   Operation 1304 'add' 'add_ln813_307' <Predicate = true> <Delay = 1.91> <CoreInst = "Adder">   --->   Core 1 'Adder' <Latency = 0> <II = 1> <Delay = 1.91> <FuncUnit> <Opcode : 'add' 'sub'> <InPorts = 2> <OutPorts = 1>
ST_3 : Operation 1305 [1/1] (1.91ns)   --->   "%add_ln813_311 = add i8 %add_ln813_310, i8 %mult_V_57"   --->   Operation 1305 'add' 'add_ln813_311' <Predicate = true> <Delay = 1.91> <CoreInst = "Adder">   --->   Core 1 'Adder' <Latency = 0> <II = 1> <Delay = 1.91> <FuncUnit> <Opcode : 'add' 'sub'> <InPorts = 2> <OutPorts = 1>
ST_3 : Operation 1306 [1/1] (1.91ns)   --->   "%add_ln813_313 = add i8 %add_ln813_312, i8 %mult_V_72"   --->   Operation 1306 'add' 'add_ln813_313' <Predicate = true> <Delay = 1.91> <CoreInst = "Adder">   --->   Core 1 'Adder' <Latency = 0> <II = 1> <Delay = 1.91> <FuncUnit> <Opcode : 'add' 'sub'> <InPorts = 2> <OutPorts = 1>
ST_3 : Operation 1307 [1/1] (1.91ns)   --->   "%add_ln813_318 = add i8 %add_ln813_317, i8 %mult_V_119"   --->   Operation 1307 'add' 'add_ln813_318' <Predicate = true> <Delay = 1.91> <CoreInst = "Adder">   --->   Core 1 'Adder' <Latency = 0> <II = 1> <Delay = 1.91> <FuncUnit> <Opcode : 'add' 'sub'> <InPorts = 2> <OutPorts = 1>
ST_3 : Operation 1308 [1/1] (1.91ns)   --->   "%add_ln813_323 = add i8 %add_ln813_322, i8 %mult_V_149"   --->   Operation 1308 'add' 'add_ln813_323' <Predicate = true> <Delay = 1.91> <CoreInst = "Adder">   --->   Core 1 'Adder' <Latency = 0> <II = 1> <Delay = 1.91> <FuncUnit> <Opcode : 'add' 'sub'> <InPorts = 2> <OutPorts = 1>
ST_3 : Operation 1309 [1/1] (1.91ns)   --->   "%add_ln813_325 = add i8 %add_ln813_324, i8 %mult_V_167"   --->   Operation 1309 'add' 'add_ln813_325' <Predicate = true> <Delay = 1.91> <CoreInst = "Adder">   --->   Core 1 'Adder' <Latency = 0> <II = 1> <Delay = 1.91> <FuncUnit> <Opcode : 'add' 'sub'> <InPorts = 2> <OutPorts = 1>
ST_3 : Operation 1310 [1/1] (1.91ns)   --->   "%add_ln813_328 = add i8 %add_ln813_327, i8 %mult_V_173"   --->   Operation 1310 'add' 'add_ln813_328' <Predicate = true> <Delay = 1.91> <CoreInst = "Adder">   --->   Core 1 'Adder' <Latency = 0> <II = 1> <Delay = 1.91> <FuncUnit> <Opcode : 'add' 'sub'> <InPorts = 2> <OutPorts = 1>
ST_3 : Operation 1311 [1/1] (1.91ns)   --->   "%add_ln813_330 = add i8 %add_ln813_329, i8 %mult_V_195"   --->   Operation 1311 'add' 'add_ln813_330' <Predicate = true> <Delay = 1.91> <CoreInst = "Adder">   --->   Core 1 'Adder' <Latency = 0> <II = 1> <Delay = 1.91> <FuncUnit> <Opcode : 'add' 'sub'> <InPorts = 2> <OutPorts = 1>
ST_3 : Operation 1312 [1/1] (1.91ns)   --->   "%add_ln813_334 = add i8 %add_ln813_333, i8 %mult_V_202"   --->   Operation 1312 'add' 'add_ln813_334' <Predicate = true> <Delay = 1.91> <CoreInst = "Adder">   --->   Core 1 'Adder' <Latency = 0> <II = 1> <Delay = 1.91> <FuncUnit> <Opcode : 'add' 'sub'> <InPorts = 2> <OutPorts = 1>
ST_3 : Operation 1313 [1/1] (1.91ns)   --->   "%add_ln813_336 = add i8 %add_ln813_335, i8 %mult_V_210"   --->   Operation 1313 'add' 'add_ln813_336' <Predicate = true> <Delay = 1.91> <CoreInst = "Adder">   --->   Core 1 'Adder' <Latency = 0> <II = 1> <Delay = 1.91> <FuncUnit> <Opcode : 'add' 'sub'> <InPorts = 2> <OutPorts = 1>
ST_3 : Operation 1314 [1/1] (1.91ns)   --->   "%add_ln813_339 = add i8 %add_ln813_338, i8 %mult_V_221"   --->   Operation 1314 'add' 'add_ln813_339' <Predicate = true> <Delay = 1.91> <CoreInst = "Adder">   --->   Core 1 'Adder' <Latency = 0> <II = 1> <Delay = 1.91> <FuncUnit> <Opcode : 'add' 'sub'> <InPorts = 2> <OutPorts = 1>
ST_3 : Operation 1315 [1/1] (1.91ns)   --->   "%add_ln813_342 = add i8 %add_ln813_341, i8 %add_ln813_340"   --->   Operation 1315 'add' 'add_ln813_342' <Predicate = true> <Delay = 1.91> <CoreInst = "Adder">   --->   Core 1 'Adder' <Latency = 0> <II = 1> <Delay = 1.91> <FuncUnit> <Opcode : 'add' 'sub'> <InPorts = 2> <OutPorts = 1>
ST_3 : Operation 1316 [1/1] (1.91ns)   --->   "%add_ln813_348 = add i8 %add_ln813_347, i8 %mult_V_242"   --->   Operation 1316 'add' 'add_ln813_348' <Predicate = true> <Delay = 1.91> <CoreInst = "Adder">   --->   Core 1 'Adder' <Latency = 0> <II = 1> <Delay = 1.91> <FuncUnit> <Opcode : 'add' 'sub'> <InPorts = 2> <OutPorts = 1>
ST_3 : Operation 1317 [1/1] (1.91ns)   --->   "%add_ln813_350 = add i8 %add_ln813_349, i8 %mult_V_255"   --->   Operation 1317 'add' 'add_ln813_350' <Predicate = true> <Delay = 1.91> <CoreInst = "Adder">   --->   Core 1 'Adder' <Latency = 0> <II = 1> <Delay = 1.91> <FuncUnit> <Opcode : 'add' 'sub'> <InPorts = 2> <OutPorts = 1>
ST_3 : Operation 1318 [1/1] (1.91ns)   --->   "%add_ln813_353 = add i8 %add_ln813_352, i8 %mult_V_267"   --->   Operation 1318 'add' 'add_ln813_353' <Predicate = true> <Delay = 1.91> <CoreInst = "Adder">   --->   Core 1 'Adder' <Latency = 0> <II = 1> <Delay = 1.91> <FuncUnit> <Opcode : 'add' 'sub'> <InPorts = 2> <OutPorts = 1>
ST_3 : Operation 1319 [1/1] (1.91ns)   --->   "%add_ln813_354 = add i8 %add_ln813_258, i8 %mult_V_281"   --->   Operation 1319 'add' 'add_ln813_354' <Predicate = true> <Delay = 1.91> <CoreInst = "Adder">   --->   Core 1 'Adder' <Latency = 0> <II = 1> <Delay = 1.91> <FuncUnit> <Opcode : 'add' 'sub'> <InPorts = 2> <OutPorts = 1>
ST_3 : Operation 1320 [1/1] (1.91ns)   --->   "%add_ln813_358 = add i8 %add_ln813_357, i8 %mult_V_289"   --->   Operation 1320 'add' 'add_ln813_358' <Predicate = true> <Delay = 1.91> <CoreInst = "Adder">   --->   Core 1 'Adder' <Latency = 0> <II = 1> <Delay = 1.91> <FuncUnit> <Opcode : 'add' 'sub'> <InPorts = 2> <OutPorts = 1>
ST_3 : Operation 1321 [1/1] (1.91ns)   --->   "%add_ln813_360 = add i8 %add_ln813_359, i8 %mult_V_298"   --->   Operation 1321 'add' 'add_ln813_360' <Predicate = true> <Delay = 1.91> <CoreInst = "Adder">   --->   Core 1 'Adder' <Latency = 0> <II = 1> <Delay = 1.91> <FuncUnit> <Opcode : 'add' 'sub'> <InPorts = 2> <OutPorts = 1>
ST_3 : Operation 1322 [1/1] (1.91ns)   --->   "%add_ln813_363 = add i8 %add_ln813_362, i8 %mult_V_306"   --->   Operation 1322 'add' 'add_ln813_363' <Predicate = true> <Delay = 1.91> <CoreInst = "Adder">   --->   Core 1 'Adder' <Latency = 0> <II = 1> <Delay = 1.91> <FuncUnit> <Opcode : 'add' 'sub'> <InPorts = 2> <OutPorts = 1>
ST_3 : Operation 1323 [1/1] (1.91ns)   --->   "%add_ln813_365 = add i8 %add_ln813_364, i8 %mult_V_317"   --->   Operation 1323 'add' 'add_ln813_365' <Predicate = true> <Delay = 1.91> <CoreInst = "Adder">   --->   Core 1 'Adder' <Latency = 0> <II = 1> <Delay = 1.91> <FuncUnit> <Opcode : 'add' 'sub'> <InPorts = 2> <OutPorts = 1>
ST_3 : Operation 1324 [1/1] (1.91ns)   --->   "%add_ln813_373 = add i8 %add_ln813_372, i8 %add_ln813_370"   --->   Operation 1324 'add' 'add_ln813_373' <Predicate = true> <Delay = 1.91> <CoreInst = "Adder">   --->   Core 1 'Adder' <Latency = 0> <II = 1> <Delay = 1.91> <FuncUnit> <Opcode : 'add' 'sub'> <InPorts = 2> <OutPorts = 1>
ST_3 : Operation 1325 [1/1] (1.91ns)   --->   "%add_ln813_378 = add i8 %add_ln813_377, i8 %add_ln813_375"   --->   Operation 1325 'add' 'add_ln813_378' <Predicate = true> <Delay = 1.91> <CoreInst = "Adder">   --->   Core 1 'Adder' <Latency = 0> <II = 1> <Delay = 1.91> <FuncUnit> <Opcode : 'add' 'sub'> <InPorts = 2> <OutPorts = 1>
ST_3 : Operation 1326 [1/1] (1.91ns)   --->   "%add_ln813_384 = add i8 %add_ln813_383, i8 %add_ln813_381"   --->   Operation 1326 'add' 'add_ln813_384' <Predicate = true> <Delay = 1.91> <CoreInst = "Adder">   --->   Core 1 'Adder' <Latency = 0> <II = 1> <Delay = 1.91> <FuncUnit> <Opcode : 'add' 'sub'> <InPorts = 2> <OutPorts = 1>
ST_3 : Operation 1327 [1/1] (1.91ns)   --->   "%add_ln813_390 = add i8 %add_ln813_389, i8 %add_ln813_386"   --->   Operation 1327 'add' 'add_ln813_390' <Predicate = true> <Delay = 1.91> <CoreInst = "Adder">   --->   Core 1 'Adder' <Latency = 0> <II = 1> <Delay = 1.91> <FuncUnit> <Opcode : 'add' 'sub'> <InPorts = 2> <OutPorts = 1>
ST_3 : Operation 1328 [1/1] (1.91ns)   --->   "%add_ln813_396 = add i8 %add_ln813_395, i8 %mult_V_15"   --->   Operation 1328 'add' 'add_ln813_396' <Predicate = true> <Delay = 1.91> <CoreInst = "Adder">   --->   Core 1 'Adder' <Latency = 0> <II = 1> <Delay = 1.91> <FuncUnit> <Opcode : 'add' 'sub'> <InPorts = 2> <OutPorts = 1>
ST_3 : Operation 1329 [1/1] (1.91ns)   --->   "%add_ln813_398 = add i8 %add_ln813_397, i8 %mult_V_23"   --->   Operation 1329 'add' 'add_ln813_398' <Predicate = true> <Delay = 1.91> <CoreInst = "Adder">   --->   Core 1 'Adder' <Latency = 0> <II = 1> <Delay = 1.91> <FuncUnit> <Opcode : 'add' 'sub'> <InPorts = 2> <OutPorts = 1>
ST_3 : Operation 1330 [1/1] (1.91ns)   --->   "%add_ln813_401 = add i8 %add_ln813_400, i8 %mult_V_41"   --->   Operation 1330 'add' 'add_ln813_401' <Predicate = true> <Delay = 1.91> <CoreInst = "Adder">   --->   Core 1 'Adder' <Latency = 0> <II = 1> <Delay = 1.91> <FuncUnit> <Opcode : 'add' 'sub'> <InPorts = 2> <OutPorts = 1>
ST_3 : Operation 1331 [1/1] (1.91ns)   --->   "%add_ln813_402 = add i8 %add_ln813_129, i8 %add_ln813_306"   --->   Operation 1331 'add' 'add_ln813_402' <Predicate = true> <Delay = 1.91> <CoreInst = "Adder">   --->   Core 1 'Adder' <Latency = 0> <II = 1> <Delay = 1.91> <FuncUnit> <Opcode : 'add' 'sub'> <InPorts = 2> <OutPorts = 1>
ST_3 : Operation 1332 [1/1] (1.91ns)   --->   "%add_ln813_406 = add i8 %add_ln813_405, i8 %mult_V_64"   --->   Operation 1332 'add' 'add_ln813_406' <Predicate = true> <Delay = 1.91> <CoreInst = "Adder">   --->   Core 1 'Adder' <Latency = 0> <II = 1> <Delay = 1.91> <FuncUnit> <Opcode : 'add' 'sub'> <InPorts = 2> <OutPorts = 1>
ST_3 : Operation 1333 [1/1] (1.91ns)   --->   "%add_ln813_408 = add i8 %add_ln813_407, i8 %mult_V_68"   --->   Operation 1333 'add' 'add_ln813_408' <Predicate = true> <Delay = 1.91> <CoreInst = "Adder">   --->   Core 1 'Adder' <Latency = 0> <II = 1> <Delay = 1.91> <FuncUnit> <Opcode : 'add' 'sub'> <InPorts = 2> <OutPorts = 1>
ST_3 : Operation 1334 [1/1] (1.91ns)   --->   "%add_ln813_414 = add i8 %add_ln813_413, i8 %add_ln813_412"   --->   Operation 1334 'add' 'add_ln813_414' <Predicate = true> <Delay = 1.91> <CoreInst = "Adder">   --->   Core 1 'Adder' <Latency = 0> <II = 1> <Delay = 1.91> <FuncUnit> <Opcode : 'add' 'sub'> <InPorts = 2> <OutPorts = 1>
ST_3 : Operation 1335 [1/1] (1.91ns)   --->   "%add_ln813_418 = add i8 %add_ln813_322, i8 %mult_V_145"   --->   Operation 1335 'add' 'add_ln813_418' <Predicate = true> <Delay = 1.91> <CoreInst = "Adder">   --->   Core 1 'Adder' <Latency = 0> <II = 1> <Delay = 1.91> <FuncUnit> <Opcode : 'add' 'sub'> <InPorts = 2> <OutPorts = 1>
ST_3 : Operation 1336 [1/1] (1.91ns)   --->   "%add_ln813_420 = add i8 %add_ln813_419, i8 %mult_V_162"   --->   Operation 1336 'add' 'add_ln813_420' <Predicate = true> <Delay = 1.91> <CoreInst = "Adder">   --->   Core 1 'Adder' <Latency = 0> <II = 1> <Delay = 1.91> <FuncUnit> <Opcode : 'add' 'sub'> <InPorts = 2> <OutPorts = 1>
ST_3 : Operation 1337 [1/1] (1.91ns)   --->   "%add_ln813_423 = add i8 %add_ln813_422, i8 %mult_V_173"   --->   Operation 1337 'add' 'add_ln813_423' <Predicate = true> <Delay = 1.91> <CoreInst = "Adder">   --->   Core 1 'Adder' <Latency = 0> <II = 1> <Delay = 1.91> <FuncUnit> <Opcode : 'add' 'sub'> <InPorts = 2> <OutPorts = 1>
ST_3 : Operation 1338 [1/1] (1.91ns)   --->   "%add_ln813_425 = add i8 %add_ln813_158, i8 %add_ln813_424"   --->   Operation 1338 'add' 'add_ln813_425' <Predicate = true> <Delay = 1.91> <CoreInst = "Adder">   --->   Core 1 'Adder' <Latency = 0> <II = 1> <Delay = 1.91> <FuncUnit> <Opcode : 'add' 'sub'> <InPorts = 2> <OutPorts = 1>
ST_3 : Operation 1339 [1/1] (1.91ns)   --->   "%add_ln813_429 = add i8 %add_ln813_428, i8 %mult_V_202"   --->   Operation 1339 'add' 'add_ln813_429' <Predicate = true> <Delay = 1.91> <CoreInst = "Adder">   --->   Core 1 'Adder' <Latency = 0> <II = 1> <Delay = 1.91> <FuncUnit> <Opcode : 'add' 'sub'> <InPorts = 2> <OutPorts = 1>
ST_3 : Operation 1340 [1/1] (1.91ns)   --->   "%add_ln813_432 = add i8 %add_ln813_431, i8 %add_ln813_430"   --->   Operation 1340 'add' 'add_ln813_432' <Predicate = true> <Delay = 1.91> <CoreInst = "Adder">   --->   Core 1 'Adder' <Latency = 0> <II = 1> <Delay = 1.91> <FuncUnit> <Opcode : 'add' 'sub'> <InPorts = 2> <OutPorts = 1>
ST_3 : Operation 1341 [1/1] (1.91ns)   --->   "%add_ln813_435 = add i8 %add_ln813_434, i8 %mult_V_225"   --->   Operation 1341 'add' 'add_ln813_435' <Predicate = true> <Delay = 1.91> <CoreInst = "Adder">   --->   Core 1 'Adder' <Latency = 0> <II = 1> <Delay = 1.91> <FuncUnit> <Opcode : 'add' 'sub'> <InPorts = 2> <OutPorts = 1>
ST_3 : Operation 1342 [1/1] (1.91ns)   --->   "%add_ln813_438 = add i8 %add_ln813_437, i8 %add_ln813_436"   --->   Operation 1342 'add' 'add_ln813_438' <Predicate = true> <Delay = 1.91> <CoreInst = "Adder">   --->   Core 1 'Adder' <Latency = 0> <II = 1> <Delay = 1.91> <FuncUnit> <Opcode : 'add' 'sub'> <InPorts = 2> <OutPorts = 1>
ST_3 : Operation 1343 [1/1] (1.91ns)   --->   "%add_ln813_444 = add i8 %add_ln813_443, i8 %mult_V_242"   --->   Operation 1343 'add' 'add_ln813_444' <Predicate = true> <Delay = 1.91> <CoreInst = "Adder">   --->   Core 1 'Adder' <Latency = 0> <II = 1> <Delay = 1.91> <FuncUnit> <Opcode : 'add' 'sub'> <InPorts = 2> <OutPorts = 1>
ST_3 : Operation 1344 [1/1] (1.91ns)   --->   "%add_ln813_446 = add i8 %add_ln813_445, i8 %mult_V_255"   --->   Operation 1344 'add' 'add_ln813_446' <Predicate = true> <Delay = 1.91> <CoreInst = "Adder">   --->   Core 1 'Adder' <Latency = 0> <II = 1> <Delay = 1.91> <FuncUnit> <Opcode : 'add' 'sub'> <InPorts = 2> <OutPorts = 1>
ST_3 : Operation 1345 [1/1] (1.91ns)   --->   "%add_ln813_449 = add i8 %add_ln813_448, i8 %mult_V_263"   --->   Operation 1345 'add' 'add_ln813_449' <Predicate = true> <Delay = 1.91> <CoreInst = "Adder">   --->   Core 1 'Adder' <Latency = 0> <II = 1> <Delay = 1.91> <FuncUnit> <Opcode : 'add' 'sub'> <InPorts = 2> <OutPorts = 1>
ST_3 : Operation 1346 [1/1] (1.91ns)   --->   "%add_ln813_452 = add i8 %add_ln813_451, i8 %add_ln813_450"   --->   Operation 1346 'add' 'add_ln813_452' <Predicate = true> <Delay = 1.91> <CoreInst = "Adder">   --->   Core 1 'Adder' <Latency = 0> <II = 1> <Delay = 1.91> <FuncUnit> <Opcode : 'add' 'sub'> <InPorts = 2> <OutPorts = 1>
ST_3 : Operation 1347 [1/1] (1.91ns)   --->   "%add_ln813_456 = add i8 %add_ln813_455, i8 %mult_V_289"   --->   Operation 1347 'add' 'add_ln813_456' <Predicate = true> <Delay = 1.91> <CoreInst = "Adder">   --->   Core 1 'Adder' <Latency = 0> <II = 1> <Delay = 1.91> <FuncUnit> <Opcode : 'add' 'sub'> <InPorts = 2> <OutPorts = 1>
ST_3 : Operation 1348 [1/1] (1.91ns)   --->   "%add_ln813_458 = add i8 %add_ln813_457, i8 %mult_V_299"   --->   Operation 1348 'add' 'add_ln813_458' <Predicate = true> <Delay = 1.91> <CoreInst = "Adder">   --->   Core 1 'Adder' <Latency = 0> <II = 1> <Delay = 1.91> <FuncUnit> <Opcode : 'add' 'sub'> <InPorts = 2> <OutPorts = 1>
ST_3 : Operation 1349 [1/1] (1.91ns)   --->   "%add_ln813_461 = add i8 %add_ln813_460, i8 %mult_V_304"   --->   Operation 1349 'add' 'add_ln813_461' <Predicate = true> <Delay = 1.91> <CoreInst = "Adder">   --->   Core 1 'Adder' <Latency = 0> <II = 1> <Delay = 1.91> <FuncUnit> <Opcode : 'add' 'sub'> <InPorts = 2> <OutPorts = 1>
ST_3 : Operation 1350 [1/1] (1.91ns)   --->   "%add_ln813_464 = add i8 %add_ln813_463, i8 %add_ln813_462"   --->   Operation 1350 'add' 'add_ln813_464' <Predicate = true> <Delay = 1.91> <CoreInst = "Adder">   --->   Core 1 'Adder' <Latency = 0> <II = 1> <Delay = 1.91> <FuncUnit> <Opcode : 'add' 'sub'> <InPorts = 2> <OutPorts = 1>
ST_3 : Operation 1351 [1/1] (1.91ns)   --->   "%add_ln813_472 = add i8 %add_ln813_471, i8 %add_ln813_469"   --->   Operation 1351 'add' 'add_ln813_472' <Predicate = true> <Delay = 1.91> <CoreInst = "Adder">   --->   Core 1 'Adder' <Latency = 0> <II = 1> <Delay = 1.91> <FuncUnit> <Opcode : 'add' 'sub'> <InPorts = 2> <OutPorts = 1>
ST_3 : Operation 1352 [1/1] (1.91ns)   --->   "%add_ln813_476 = add i8 %add_ln813_475, i8 %add_ln813_473"   --->   Operation 1352 'add' 'add_ln813_476' <Predicate = true> <Delay = 1.91> <CoreInst = "Adder">   --->   Core 1 'Adder' <Latency = 0> <II = 1> <Delay = 1.91> <FuncUnit> <Opcode : 'add' 'sub'> <InPorts = 2> <OutPorts = 1>
ST_3 : Operation 1353 [1/1] (1.91ns)   --->   "%add_ln813_481 = add i8 %add_ln813_480, i8 %add_ln813_478"   --->   Operation 1353 'add' 'add_ln813_481' <Predicate = true> <Delay = 1.91> <CoreInst = "Adder">   --->   Core 1 'Adder' <Latency = 0> <II = 1> <Delay = 1.91> <FuncUnit> <Opcode : 'add' 'sub'> <InPorts = 2> <OutPorts = 1>
ST_3 : Operation 1354 [1/1] (1.91ns)   --->   "%add_ln813_487 = add i8 %add_ln813_486, i8 %add_ln813_483"   --->   Operation 1354 'add' 'add_ln813_487' <Predicate = true> <Delay = 1.91> <CoreInst = "Adder">   --->   Core 1 'Adder' <Latency = 0> <II = 1> <Delay = 1.91> <FuncUnit> <Opcode : 'add' 'sub'> <InPorts = 2> <OutPorts = 1>
ST_3 : Operation 1355 [1/1] (1.91ns)   --->   "%add_ln813_494 = add i8 %add_ln813_493, i8 %mult_V_21"   --->   Operation 1355 'add' 'add_ln813_494' <Predicate = true> <Delay = 1.91> <CoreInst = "Adder">   --->   Core 1 'Adder' <Latency = 0> <II = 1> <Delay = 1.91> <FuncUnit> <Opcode : 'add' 'sub'> <InPorts = 2> <OutPorts = 1>
ST_3 : Operation 1356 [1/1] (1.91ns)   --->   "%add_ln813_498 = add i8 %add_ln813_497, i8 %mult_V_75"   --->   Operation 1356 'add' 'add_ln813_498' <Predicate = true> <Delay = 1.91> <CoreInst = "Adder">   --->   Core 1 'Adder' <Latency = 0> <II = 1> <Delay = 1.91> <FuncUnit> <Opcode : 'add' 'sub'> <InPorts = 2> <OutPorts = 1>
ST_3 : Operation 1357 [1/1] (1.91ns)   --->   "%add_ln813_501 = add i8 %mult_V_118, i8 %mult_V_125"   --->   Operation 1357 'add' 'add_ln813_501' <Predicate = true> <Delay = 1.91> <CoreInst = "Adder">   --->   Core 1 'Adder' <Latency = 0> <II = 1> <Delay = 1.91> <FuncUnit> <Opcode : 'add' 'sub'> <InPorts = 2> <OutPorts = 1>
ST_3 : Operation 1358 [1/1] (1.91ns)   --->   "%add_ln813_503 = add i8 %add_ln813_502, i8 %mult_V_144"   --->   Operation 1358 'add' 'add_ln813_503' <Predicate = true> <Delay = 1.91> <CoreInst = "Adder">   --->   Core 1 'Adder' <Latency = 0> <II = 1> <Delay = 1.91> <FuncUnit> <Opcode : 'add' 'sub'> <InPorts = 2> <OutPorts = 1>
ST_3 : Operation 1359 [1/1] (1.91ns)   --->   "%add_ln813_505 = add i8 %mult_V_162, i8 %mult_V_165"   --->   Operation 1359 'add' 'add_ln813_505' <Predicate = true> <Delay = 1.91> <CoreInst = "Adder">   --->   Core 1 'Adder' <Latency = 0> <II = 1> <Delay = 1.91> <FuncUnit> <Opcode : 'add' 'sub'> <InPorts = 2> <OutPorts = 1>
ST_3 : Operation 1360 [1/1] (1.91ns)   --->   "%add_ln813_507 = add i8 %add_ln813_506, i8 %mult_V_167"   --->   Operation 1360 'add' 'add_ln813_507' <Predicate = true> <Delay = 1.91> <CoreInst = "Adder">   --->   Core 1 'Adder' <Latency = 0> <II = 1> <Delay = 1.91> <FuncUnit> <Opcode : 'add' 'sub'> <InPorts = 2> <OutPorts = 1>
ST_3 : Operation 1361 [1/1] (1.91ns)   --->   "%add_ln813_513 = add i8 %add_ln813_512, i8 %mult_V_204"   --->   Operation 1361 'add' 'add_ln813_513' <Predicate = true> <Delay = 1.91> <CoreInst = "Adder">   --->   Core 1 'Adder' <Latency = 0> <II = 1> <Delay = 1.91> <FuncUnit> <Opcode : 'add' 'sub'> <InPorts = 2> <OutPorts = 1>
ST_3 : Operation 1362 [1/1] (1.91ns)   --->   "%add_ln813_515 = add i8 %mult_V_216, i8 %mult_V_229"   --->   Operation 1362 'add' 'add_ln813_515' <Predicate = true> <Delay = 1.91> <CoreInst = "Adder">   --->   Core 1 'Adder' <Latency = 0> <II = 1> <Delay = 1.91> <FuncUnit> <Opcode : 'add' 'sub'> <InPorts = 2> <OutPorts = 1>
ST_3 : Operation 1363 [1/1] (1.91ns)   --->   "%add_ln813_517 = add i8 %add_ln813_516, i8 %mult_V_232"   --->   Operation 1363 'add' 'add_ln813_517' <Predicate = true> <Delay = 1.91> <CoreInst = "Adder">   --->   Core 1 'Adder' <Latency = 0> <II = 1> <Delay = 1.91> <FuncUnit> <Opcode : 'add' 'sub'> <InPorts = 2> <OutPorts = 1>
ST_3 : Operation 1364 [1/1] (1.91ns)   --->   "%add_ln813_521 = add i8 %add_ln813_68, i8 %mult_V_276"   --->   Operation 1364 'add' 'add_ln813_521' <Predicate = true> <Delay = 1.91> <CoreInst = "Adder">   --->   Core 1 'Adder' <Latency = 0> <II = 1> <Delay = 1.91> <FuncUnit> <Opcode : 'add' 'sub'> <InPorts = 2> <OutPorts = 1>
ST_3 : Operation 1365 [1/1] (1.91ns)   --->   "%add_ln813_524 = add i8 %add_ln813_523, i8 %mult_V_289"   --->   Operation 1365 'add' 'add_ln813_524' <Predicate = true> <Delay = 1.91> <CoreInst = "Adder">   --->   Core 1 'Adder' <Latency = 0> <II = 1> <Delay = 1.91> <FuncUnit> <Opcode : 'add' 'sub'> <InPorts = 2> <OutPorts = 1>
ST_3 : Operation 1366 [1/1] (1.91ns)   --->   "%add_ln813_526 = add i8 %add_ln813_525, i8 %mult_V_308"   --->   Operation 1366 'add' 'add_ln813_526' <Predicate = true> <Delay = 1.91> <CoreInst = "Adder">   --->   Core 1 'Adder' <Latency = 0> <II = 1> <Delay = 1.91> <FuncUnit> <Opcode : 'add' 'sub'> <InPorts = 2> <OutPorts = 1>
ST_3 : Operation 1367 [1/1] (1.91ns)   --->   "%add_ln813_534 = add i8 %add_ln813_533, i8 %add_ln813_531"   --->   Operation 1367 'add' 'add_ln813_534' <Predicate = true> <Delay = 1.91> <CoreInst = "Adder">   --->   Core 1 'Adder' <Latency = 0> <II = 1> <Delay = 1.91> <FuncUnit> <Opcode : 'add' 'sub'> <InPorts = 2> <OutPorts = 1>
ST_3 : Operation 1368 [1/1] (1.91ns)   --->   "%add_ln813_538 = add i8 %add_ln813_537, i8 %add_ln813_535"   --->   Operation 1368 'add' 'add_ln813_538' <Predicate = true> <Delay = 1.91> <CoreInst = "Adder">   --->   Core 1 'Adder' <Latency = 0> <II = 1> <Delay = 1.91> <FuncUnit> <Opcode : 'add' 'sub'> <InPorts = 2> <OutPorts = 1>
ST_3 : Operation 1369 [1/1] (1.91ns)   --->   "%add_ln813_543 = add i8 %add_ln813_542, i8 %add_ln813_540"   --->   Operation 1369 'add' 'add_ln813_543' <Predicate = true> <Delay = 1.91> <CoreInst = "Adder">   --->   Core 1 'Adder' <Latency = 0> <II = 1> <Delay = 1.91> <FuncUnit> <Opcode : 'add' 'sub'> <InPorts = 2> <OutPorts = 1>
ST_3 : Operation 1370 [1/1] (1.91ns)   --->   "%add_ln813_547 = add i8 %add_ln813_546, i8 %add_ln813_544"   --->   Operation 1370 'add' 'add_ln813_547' <Predicate = true> <Delay = 1.91> <CoreInst = "Adder">   --->   Core 1 'Adder' <Latency = 0> <II = 1> <Delay = 1.91> <FuncUnit> <Opcode : 'add' 'sub'> <InPorts = 2> <OutPorts = 1>
ST_3 : Operation 1371 [1/1] (1.91ns)   --->   "%add_ln813_553 = add i8 %add_ln813_552, i8 %add_ln813_550"   --->   Operation 1371 'add' 'add_ln813_553' <Predicate = true> <Delay = 1.91> <CoreInst = "Adder">   --->   Core 1 'Adder' <Latency = 0> <II = 1> <Delay = 1.91> <FuncUnit> <Opcode : 'add' 'sub'> <InPorts = 2> <OutPorts = 1>
ST_3 : Operation 1372 [1/1] (1.91ns)   --->   "%add_ln813_556 = add i8 %add_ln813_555, i8 %add_ln813_388"   --->   Operation 1372 'add' 'add_ln813_556' <Predicate = true> <Delay = 1.91> <CoreInst = "Adder">   --->   Core 1 'Adder' <Latency = 0> <II = 1> <Delay = 1.91> <FuncUnit> <Opcode : 'add' 'sub'> <InPorts = 2> <OutPorts = 1>
ST_3 : Operation 1373 [1/1] (1.91ns)   --->   "%add_ln813_561 = add i8 %add_ln813_560, i8 %add_ln813_558"   --->   Operation 1373 'add' 'add_ln813_561' <Predicate = true> <Delay = 1.91> <CoreInst = "Adder">   --->   Core 1 'Adder' <Latency = 0> <II = 1> <Delay = 1.91> <FuncUnit> <Opcode : 'add' 'sub'> <InPorts = 2> <OutPorts = 1>
ST_3 : Operation 1374 [1/1] (1.91ns)   --->   "%add_ln813_566 = add i8 %add_ln813_565, i8 %add_ln813_563"   --->   Operation 1374 'add' 'add_ln813_566' <Predicate = true> <Delay = 1.91> <CoreInst = "Adder">   --->   Core 1 'Adder' <Latency = 0> <II = 1> <Delay = 1.91> <FuncUnit> <Opcode : 'add' 'sub'> <InPorts = 2> <OutPorts = 1>

State 4 <SV = 3> <Delay = 1.91>
ST_4 : Operation 1375 [1/1] (1.91ns)   --->   "%add_ln813_34 = add i8 %add_ln813_33, i8 %add_ln813"   --->   Operation 1375 'add' 'add_ln813_34' <Predicate = true> <Delay = 1.91> <CoreInst = "Adder">   --->   Core 1 'Adder' <Latency = 0> <II = 1> <Delay = 1.91> <FuncUnit> <Opcode : 'add' 'sub'> <InPorts = 2> <OutPorts = 1>
ST_4 : Operation 1376 [1/1] (1.91ns)   --->   "%add_ln813_39 = add i8 %add_ln813_38, i8 %add_ln813_36"   --->   Operation 1376 'add' 'add_ln813_39' <Predicate = true> <Delay = 1.91> <CoreInst = "Adder">   --->   Core 1 'Adder' <Latency = 0> <II = 1> <Delay = 1.91> <FuncUnit> <Opcode : 'add' 'sub'> <InPorts = 2> <OutPorts = 1>
ST_4 : Operation 1377 [1/1] (1.91ns)   --->   "%add_ln813_44 = add i8 %add_ln813_43, i8 %add_ln813_41"   --->   Operation 1377 'add' 'add_ln813_44' <Predicate = true> <Delay = 1.91> <CoreInst = "Adder">   --->   Core 1 'Adder' <Latency = 0> <II = 1> <Delay = 1.91> <FuncUnit> <Opcode : 'add' 'sub'> <InPorts = 2> <OutPorts = 1>
ST_4 : Operation 1378 [1/1] (1.91ns)   --->   "%add_ln813_49 = add i8 %add_ln813_48, i8 %add_ln813_46"   --->   Operation 1378 'add' 'add_ln813_49' <Predicate = true> <Delay = 1.91> <CoreInst = "Adder">   --->   Core 1 'Adder' <Latency = 0> <II = 1> <Delay = 1.91> <FuncUnit> <Opcode : 'add' 'sub'> <InPorts = 2> <OutPorts = 1>
ST_4 : Operation 1379 [1/1] (1.91ns)   --->   "%add_ln813_55 = add i8 %add_ln813_54, i8 %add_ln813_52"   --->   Operation 1379 'add' 'add_ln813_55' <Predicate = true> <Delay = 1.91> <CoreInst = "Adder">   --->   Core 1 'Adder' <Latency = 0> <II = 1> <Delay = 1.91> <FuncUnit> <Opcode : 'add' 'sub'> <InPorts = 2> <OutPorts = 1>
ST_4 : Operation 1380 [1/1] (1.91ns)   --->   "%add_ln813_60 = add i8 %add_ln813_59, i8 %add_ln813_57"   --->   Operation 1380 'add' 'add_ln813_60' <Predicate = true> <Delay = 1.91> <CoreInst = "Adder">   --->   Core 1 'Adder' <Latency = 0> <II = 1> <Delay = 1.91> <FuncUnit> <Opcode : 'add' 'sub'> <InPorts = 2> <OutPorts = 1>
ST_4 : Operation 1381 [1/1] (1.91ns)   --->   "%add_ln813_65 = add i8 %add_ln813_64, i8 %add_ln813_62"   --->   Operation 1381 'add' 'add_ln813_65' <Predicate = true> <Delay = 1.91> <CoreInst = "Adder">   --->   Core 1 'Adder' <Latency = 0> <II = 1> <Delay = 1.91> <FuncUnit> <Opcode : 'add' 'sub'> <InPorts = 2> <OutPorts = 1>
ST_4 : Operation 1382 [1/1] (1.91ns)   --->   "%add_ln813_70 = add i8 %add_ln813_69, i8 %add_ln813_67"   --->   Operation 1382 'add' 'add_ln813_70' <Predicate = true> <Delay = 1.91> <CoreInst = "Adder">   --->   Core 1 'Adder' <Latency = 0> <II = 1> <Delay = 1.91> <FuncUnit> <Opcode : 'add' 'sub'> <InPorts = 2> <OutPorts = 1>
ST_4 : Operation 1383 [1/1] (1.91ns)   --->   "%add_ln813_77 = add i8 %add_ln813_76, i8 %add_ln813_74"   --->   Operation 1383 'add' 'add_ln813_77' <Predicate = true> <Delay = 1.91> <CoreInst = "Adder">   --->   Core 1 'Adder' <Latency = 0> <II = 1> <Delay = 1.91> <FuncUnit> <Opcode : 'add' 'sub'> <InPorts = 2> <OutPorts = 1>
ST_4 : Operation 1384 [1/1] (1.91ns)   --->   "%add_ln813_93 = add i8 %add_ln813_92, i8 %add_ln813_87"   --->   Operation 1384 'add' 'add_ln813_93' <Predicate = true> <Delay = 1.91> <CoreInst = "Adder">   --->   Core 1 'Adder' <Latency = 0> <II = 1> <Delay = 1.91> <FuncUnit> <Opcode : 'add' 'sub'> <InPorts = 2> <OutPorts = 1>
ST_4 : Operation 1385 [1/1] (1.91ns)   --->   "%add_ln813_104 = add i8 %add_ln813_103, i8 %add_ln813_98"   --->   Operation 1385 'add' 'add_ln813_104' <Predicate = true> <Delay = 1.91> <CoreInst = "Adder">   --->   Core 1 'Adder' <Latency = 0> <II = 1> <Delay = 1.91> <FuncUnit> <Opcode : 'add' 'sub'> <InPorts = 2> <OutPorts = 1>
ST_4 : Operation 1386 [1/1] (1.91ns)   --->   "%add_ln813_114 = add i8 %add_ln813_113, i8 %add_ln813_108"   --->   Operation 1386 'add' 'add_ln813_114' <Predicate = true> <Delay = 1.91> <CoreInst = "Adder">   --->   Core 1 'Adder' <Latency = 0> <II = 1> <Delay = 1.91> <FuncUnit> <Opcode : 'add' 'sub'> <InPorts = 2> <OutPorts = 1>
ST_4 : Operation 1387 [1/1] (1.91ns)   --->   "%add_ln813_122 = add i8 %add_ln813_121, i8 %add_ln813_119"   --->   Operation 1387 'add' 'add_ln813_122' <Predicate = true> <Delay = 1.91> <CoreInst = "Adder">   --->   Core 1 'Adder' <Latency = 0> <II = 1> <Delay = 1.91> <FuncUnit> <Opcode : 'add' 'sub'> <InPorts = 2> <OutPorts = 1>
ST_4 : Operation 1388 [1/1] (1.91ns)   --->   "%add_ln813_127 = add i8 %add_ln813_126, i8 %add_ln813_124"   --->   Operation 1388 'add' 'add_ln813_127' <Predicate = true> <Delay = 1.91> <CoreInst = "Adder">   --->   Core 1 'Adder' <Latency = 0> <II = 1> <Delay = 1.91> <FuncUnit> <Opcode : 'add' 'sub'> <InPorts = 2> <OutPorts = 1>
ST_4 : Operation 1389 [1/1] (1.91ns)   --->   "%add_ln813_133 = add i8 %add_ln813_132, i8 %add_ln813_130"   --->   Operation 1389 'add' 'add_ln813_133' <Predicate = true> <Delay = 1.91> <CoreInst = "Adder">   --->   Core 1 'Adder' <Latency = 0> <II = 1> <Delay = 1.91> <FuncUnit> <Opcode : 'add' 'sub'> <InPorts = 2> <OutPorts = 1>
ST_4 : Operation 1390 [1/1] (1.91ns)   --->   "%add_ln813_139 = add i8 %add_ln813_138, i8 %add_ln813_135"   --->   Operation 1390 'add' 'add_ln813_139' <Predicate = true> <Delay = 1.91> <CoreInst = "Adder">   --->   Core 1 'Adder' <Latency = 0> <II = 1> <Delay = 1.91> <FuncUnit> <Opcode : 'add' 'sub'> <InPorts = 2> <OutPorts = 1>
ST_4 : Operation 1391 [1/1] (1.91ns)   --->   "%add_ln813_146 = add i8 %add_ln813_145, i8 %add_ln813_143"   --->   Operation 1391 'add' 'add_ln813_146' <Predicate = true> <Delay = 1.91> <CoreInst = "Adder">   --->   Core 1 'Adder' <Latency = 0> <II = 1> <Delay = 1.91> <FuncUnit> <Opcode : 'add' 'sub'> <InPorts = 2> <OutPorts = 1>
ST_4 : Operation 1392 [1/1] (1.91ns)   --->   "%add_ln813_151 = add i8 %add_ln813_150, i8 %add_ln813_148"   --->   Operation 1392 'add' 'add_ln813_151' <Predicate = true> <Delay = 1.91> <CoreInst = "Adder">   --->   Core 1 'Adder' <Latency = 0> <II = 1> <Delay = 1.91> <FuncUnit> <Opcode : 'add' 'sub'> <InPorts = 2> <OutPorts = 1>
ST_4 : Operation 1393 [1/1] (1.91ns)   --->   "%add_ln813_157 = add i8 %add_ln813_156, i8 %add_ln813_154"   --->   Operation 1393 'add' 'add_ln813_157' <Predicate = true> <Delay = 1.91> <CoreInst = "Adder">   --->   Core 1 'Adder' <Latency = 0> <II = 1> <Delay = 1.91> <FuncUnit> <Opcode : 'add' 'sub'> <InPorts = 2> <OutPorts = 1>
ST_4 : Operation 1394 [1/1] (1.91ns)   --->   "%add_ln813_163 = add i8 %add_ln813_162, i8 %add_ln813_159"   --->   Operation 1394 'add' 'add_ln813_163' <Predicate = true> <Delay = 1.91> <CoreInst = "Adder">   --->   Core 1 'Adder' <Latency = 0> <II = 1> <Delay = 1.91> <FuncUnit> <Opcode : 'add' 'sub'> <InPorts = 2> <OutPorts = 1>
ST_4 : Operation 1395 [1/1] (1.91ns)   --->   "%add_ln813_171 = add i8 %add_ln813_170, i8 %add_ln813_168"   --->   Operation 1395 'add' 'add_ln813_171' <Predicate = true> <Delay = 1.91> <CoreInst = "Adder">   --->   Core 1 'Adder' <Latency = 0> <II = 1> <Delay = 1.91> <FuncUnit> <Opcode : 'add' 'sub'> <InPorts = 2> <OutPorts = 1>
ST_4 : Operation 1396 [1/1] (1.91ns)   --->   "%add_ln813_176 = add i8 %add_ln813_175, i8 %add_ln813_173"   --->   Operation 1396 'add' 'add_ln813_176' <Predicate = true> <Delay = 1.91> <CoreInst = "Adder">   --->   Core 1 'Adder' <Latency = 0> <II = 1> <Delay = 1.91> <FuncUnit> <Opcode : 'add' 'sub'> <InPorts = 2> <OutPorts = 1>
ST_4 : Operation 1397 [1/1] (1.91ns)   --->   "%add_ln813_182 = add i8 %add_ln813_181, i8 %add_ln813_179"   --->   Operation 1397 'add' 'add_ln813_182' <Predicate = true> <Delay = 1.91> <CoreInst = "Adder">   --->   Core 1 'Adder' <Latency = 0> <II = 1> <Delay = 1.91> <FuncUnit> <Opcode : 'add' 'sub'> <InPorts = 2> <OutPorts = 1>
ST_4 : Operation 1398 [1/1] (1.91ns)   --->   "%add_ln813_188 = add i8 %add_ln813_187, i8 %add_ln813_184"   --->   Operation 1398 'add' 'add_ln813_188' <Predicate = true> <Delay = 1.91> <CoreInst = "Adder">   --->   Core 1 'Adder' <Latency = 0> <II = 1> <Delay = 1.91> <FuncUnit> <Opcode : 'add' 'sub'> <InPorts = 2> <OutPorts = 1>
ST_4 : Operation 1399 [1/1] (1.91ns)   --->   "%add_ln813_202 = add i8 %add_ln813_201, i8 %add_ln813_195"   --->   Operation 1399 'add' 'add_ln813_202' <Predicate = true> <Delay = 1.91> <CoreInst = "Adder">   --->   Core 1 'Adder' <Latency = 0> <II = 1> <Delay = 1.91> <FuncUnit> <Opcode : 'add' 'sub'> <InPorts = 2> <OutPorts = 1>
ST_4 : Operation 1400 [1/1] (1.91ns)   --->   "%add_ln813_214 = add i8 %add_ln813_213, i8 %add_ln813_207"   --->   Operation 1400 'add' 'add_ln813_214' <Predicate = true> <Delay = 1.91> <CoreInst = "Adder">   --->   Core 1 'Adder' <Latency = 0> <II = 1> <Delay = 1.91> <FuncUnit> <Opcode : 'add' 'sub'> <InPorts = 2> <OutPorts = 1>
ST_4 : Operation 1401 [1/1] (1.91ns)   --->   "%add_ln813_221 = add i8 %add_ln813_220, i8 %add_ln813_218"   --->   Operation 1401 'add' 'add_ln813_221' <Predicate = true> <Delay = 1.91> <CoreInst = "Adder">   --->   Core 1 'Adder' <Latency = 0> <II = 1> <Delay = 1.91> <FuncUnit> <Opcode : 'add' 'sub'> <InPorts = 2> <OutPorts = 1>
ST_4 : Operation 1402 [1/1] (1.91ns)   --->   "%add_ln813_225 = add i8 %add_ln813_224, i8 %add_ln813_222"   --->   Operation 1402 'add' 'add_ln813_225' <Predicate = true> <Delay = 1.91> <CoreInst = "Adder">   --->   Core 1 'Adder' <Latency = 0> <II = 1> <Delay = 1.91> <FuncUnit> <Opcode : 'add' 'sub'> <InPorts = 2> <OutPorts = 1>
ST_4 : Operation 1403 [1/1] (1.91ns)   --->   "%add_ln813_230 = add i8 %add_ln813_229, i8 %add_ln813_227"   --->   Operation 1403 'add' 'add_ln813_230' <Predicate = true> <Delay = 1.91> <CoreInst = "Adder">   --->   Core 1 'Adder' <Latency = 0> <II = 1> <Delay = 1.91> <FuncUnit> <Opcode : 'add' 'sub'> <InPorts = 2> <OutPorts = 1>
ST_4 : Operation 1404 [1/1] (1.91ns)   --->   "%add_ln813_234 = add i8 %add_ln813_233, i8 %add_ln813_231"   --->   Operation 1404 'add' 'add_ln813_234' <Predicate = true> <Delay = 1.91> <CoreInst = "Adder">   --->   Core 1 'Adder' <Latency = 0> <II = 1> <Delay = 1.91> <FuncUnit> <Opcode : 'add' 'sub'> <InPorts = 2> <OutPorts = 1>
ST_4 : Operation 1405 [1/1] (1.91ns)   --->   "%add_ln813_240 = add i8 %add_ln813_239, i8 %add_ln813_237"   --->   Operation 1405 'add' 'add_ln813_240' <Predicate = true> <Delay = 1.91> <CoreInst = "Adder">   --->   Core 1 'Adder' <Latency = 0> <II = 1> <Delay = 1.91> <FuncUnit> <Opcode : 'add' 'sub'> <InPorts = 2> <OutPorts = 1>
ST_4 : Operation 1406 [1/1] (1.91ns)   --->   "%add_ln813_244 = add i8 %add_ln813_243, i8 %add_ln813_241"   --->   Operation 1406 'add' 'add_ln813_244' <Predicate = true> <Delay = 1.91> <CoreInst = "Adder">   --->   Core 1 'Adder' <Latency = 0> <II = 1> <Delay = 1.91> <FuncUnit> <Opcode : 'add' 'sub'> <InPorts = 2> <OutPorts = 1>
ST_4 : Operation 1407 [1/1] (1.91ns)   --->   "%add_ln813_249 = add i8 %add_ln813_248, i8 %add_ln813_246"   --->   Operation 1407 'add' 'add_ln813_249' <Predicate = true> <Delay = 1.91> <CoreInst = "Adder">   --->   Core 1 'Adder' <Latency = 0> <II = 1> <Delay = 1.91> <FuncUnit> <Opcode : 'add' 'sub'> <InPorts = 2> <OutPorts = 1>
ST_4 : Operation 1408 [1/1] (1.91ns)   --->   "%add_ln813_254 = add i8 %add_ln813_253, i8 %add_ln813_251"   --->   Operation 1408 'add' 'add_ln813_254' <Predicate = true> <Delay = 1.91> <CoreInst = "Adder">   --->   Core 1 'Adder' <Latency = 0> <II = 1> <Delay = 1.91> <FuncUnit> <Opcode : 'add' 'sub'> <InPorts = 2> <OutPorts = 1>
ST_4 : Operation 1409 [1/1] (1.91ns)   --->   "%add_ln813_261 = add i8 %add_ln813_260, i8 %add_ln813_258"   --->   Operation 1409 'add' 'add_ln813_261' <Predicate = true> <Delay = 1.91> <CoreInst = "Adder">   --->   Core 1 'Adder' <Latency = 0> <II = 1> <Delay = 1.91> <FuncUnit> <Opcode : 'add' 'sub'> <InPorts = 2> <OutPorts = 1>
ST_4 : Operation 1410 [1/1] (1.91ns)   --->   "%add_ln813_275 = add i8 %add_ln813_274, i8 %add_ln813_270"   --->   Operation 1410 'add' 'add_ln813_275' <Predicate = true> <Delay = 1.91> <CoreInst = "Adder">   --->   Core 1 'Adder' <Latency = 0> <II = 1> <Delay = 1.91> <FuncUnit> <Opcode : 'add' 'sub'> <InPorts = 2> <OutPorts = 1>
ST_4 : Operation 1411 [1/1] (1.91ns)   --->   "%add_ln813_285 = add i8 %add_ln813_284, i8 %add_ln813_280"   --->   Operation 1411 'add' 'add_ln813_285' <Predicate = true> <Delay = 1.91> <CoreInst = "Adder">   --->   Core 1 'Adder' <Latency = 0> <II = 1> <Delay = 1.91> <FuncUnit> <Opcode : 'add' 'sub'> <InPorts = 2> <OutPorts = 1>
ST_4 : Operation 1412 [1/1] (1.91ns)   --->   "%add_ln813_295 = add i8 %add_ln813_294, i8 %add_ln813_289"   --->   Operation 1412 'add' 'add_ln813_295' <Predicate = true> <Delay = 1.91> <CoreInst = "Adder">   --->   Core 1 'Adder' <Latency = 0> <II = 1> <Delay = 1.91> <FuncUnit> <Opcode : 'add' 'sub'> <InPorts = 2> <OutPorts = 1>
ST_4 : Operation 1413 [1/1] (1.91ns)   --->   "%add_ln813_303 = add i8 %add_ln813_302, i8 %add_ln813_300"   --->   Operation 1413 'add' 'add_ln813_303' <Predicate = true> <Delay = 1.91> <CoreInst = "Adder">   --->   Core 1 'Adder' <Latency = 0> <II = 1> <Delay = 1.91> <FuncUnit> <Opcode : 'add' 'sub'> <InPorts = 2> <OutPorts = 1>
ST_4 : Operation 1414 [1/1] (1.91ns)   --->   "%add_ln813_308 = add i8 %add_ln813_307, i8 %add_ln813_305"   --->   Operation 1414 'add' 'add_ln813_308' <Predicate = true> <Delay = 1.91> <CoreInst = "Adder">   --->   Core 1 'Adder' <Latency = 0> <II = 1> <Delay = 1.91> <FuncUnit> <Opcode : 'add' 'sub'> <InPorts = 2> <OutPorts = 1>
ST_4 : Operation 1415 [1/1] (1.91ns)   --->   "%add_ln813_314 = add i8 %add_ln813_313, i8 %add_ln813_311"   --->   Operation 1415 'add' 'add_ln813_314' <Predicate = true> <Delay = 1.91> <CoreInst = "Adder">   --->   Core 1 'Adder' <Latency = 0> <II = 1> <Delay = 1.91> <FuncUnit> <Opcode : 'add' 'sub'> <InPorts = 2> <OutPorts = 1>
ST_4 : Operation 1416 [1/1] (1.91ns)   --->   "%add_ln813_319 = add i8 %add_ln813_318, i8 %add_ln813_316"   --->   Operation 1416 'add' 'add_ln813_319' <Predicate = true> <Delay = 1.91> <CoreInst = "Adder">   --->   Core 1 'Adder' <Latency = 0> <II = 1> <Delay = 1.91> <FuncUnit> <Opcode : 'add' 'sub'> <InPorts = 2> <OutPorts = 1>
ST_4 : Operation 1417 [1/1] (1.91ns)   --->   "%add_ln813_326 = add i8 %add_ln813_325, i8 %add_ln813_323"   --->   Operation 1417 'add' 'add_ln813_326' <Predicate = true> <Delay = 1.91> <CoreInst = "Adder">   --->   Core 1 'Adder' <Latency = 0> <II = 1> <Delay = 1.91> <FuncUnit> <Opcode : 'add' 'sub'> <InPorts = 2> <OutPorts = 1>
ST_4 : Operation 1418 [1/1] (1.91ns)   --->   "%add_ln813_331 = add i8 %add_ln813_330, i8 %add_ln813_328"   --->   Operation 1418 'add' 'add_ln813_331' <Predicate = true> <Delay = 1.91> <CoreInst = "Adder">   --->   Core 1 'Adder' <Latency = 0> <II = 1> <Delay = 1.91> <FuncUnit> <Opcode : 'add' 'sub'> <InPorts = 2> <OutPorts = 1>
ST_4 : Operation 1419 [1/1] (1.91ns)   --->   "%add_ln813_337 = add i8 %add_ln813_336, i8 %add_ln813_334"   --->   Operation 1419 'add' 'add_ln813_337' <Predicate = true> <Delay = 1.91> <CoreInst = "Adder">   --->   Core 1 'Adder' <Latency = 0> <II = 1> <Delay = 1.91> <FuncUnit> <Opcode : 'add' 'sub'> <InPorts = 2> <OutPorts = 1>
ST_4 : Operation 1420 [1/1] (1.91ns)   --->   "%add_ln813_343 = add i8 %add_ln813_342, i8 %add_ln813_339"   --->   Operation 1420 'add' 'add_ln813_343' <Predicate = true> <Delay = 1.91> <CoreInst = "Adder">   --->   Core 1 'Adder' <Latency = 0> <II = 1> <Delay = 1.91> <FuncUnit> <Opcode : 'add' 'sub'> <InPorts = 2> <OutPorts = 1>
ST_4 : Operation 1421 [1/1] (1.91ns)   --->   "%add_ln813_351 = add i8 %add_ln813_350, i8 %add_ln813_348"   --->   Operation 1421 'add' 'add_ln813_351' <Predicate = true> <Delay = 1.91> <CoreInst = "Adder">   --->   Core 1 'Adder' <Latency = 0> <II = 1> <Delay = 1.91> <FuncUnit> <Opcode : 'add' 'sub'> <InPorts = 2> <OutPorts = 1>
ST_4 : Operation 1422 [1/1] (1.91ns)   --->   "%add_ln813_355 = add i8 %add_ln813_354, i8 %add_ln813_353"   --->   Operation 1422 'add' 'add_ln813_355' <Predicate = true> <Delay = 1.91> <CoreInst = "Adder">   --->   Core 1 'Adder' <Latency = 0> <II = 1> <Delay = 1.91> <FuncUnit> <Opcode : 'add' 'sub'> <InPorts = 2> <OutPorts = 1>
ST_4 : Operation 1423 [1/1] (1.91ns)   --->   "%add_ln813_361 = add i8 %add_ln813_360, i8 %add_ln813_358"   --->   Operation 1423 'add' 'add_ln813_361' <Predicate = true> <Delay = 1.91> <CoreInst = "Adder">   --->   Core 1 'Adder' <Latency = 0> <II = 1> <Delay = 1.91> <FuncUnit> <Opcode : 'add' 'sub'> <InPorts = 2> <OutPorts = 1>
ST_4 : Operation 1424 [1/1] (1.91ns)   --->   "%add_ln813_366 = add i8 %add_ln813_365, i8 %add_ln813_363"   --->   Operation 1424 'add' 'add_ln813_366' <Predicate = true> <Delay = 1.91> <CoreInst = "Adder">   --->   Core 1 'Adder' <Latency = 0> <II = 1> <Delay = 1.91> <FuncUnit> <Opcode : 'add' 'sub'> <InPorts = 2> <OutPorts = 1>
ST_4 : Operation 1425 [1/1] (1.91ns)   --->   "%add_ln813_379 = add i8 %add_ln813_378, i8 %add_ln813_373"   --->   Operation 1425 'add' 'add_ln813_379' <Predicate = true> <Delay = 1.91> <CoreInst = "Adder">   --->   Core 1 'Adder' <Latency = 0> <II = 1> <Delay = 1.91> <FuncUnit> <Opcode : 'add' 'sub'> <InPorts = 2> <OutPorts = 1>
ST_4 : Operation 1426 [1/1] (1.91ns)   --->   "%add_ln813_391 = add i8 %add_ln813_390, i8 %add_ln813_384"   --->   Operation 1426 'add' 'add_ln813_391' <Predicate = true> <Delay = 1.91> <CoreInst = "Adder">   --->   Core 1 'Adder' <Latency = 0> <II = 1> <Delay = 1.91> <FuncUnit> <Opcode : 'add' 'sub'> <InPorts = 2> <OutPorts = 1>
ST_4 : Operation 1427 [1/1] (1.91ns)   --->   "%add_ln813_399 = add i8 %add_ln813_398, i8 %add_ln813_396"   --->   Operation 1427 'add' 'add_ln813_399' <Predicate = true> <Delay = 1.91> <CoreInst = "Adder">   --->   Core 1 'Adder' <Latency = 0> <II = 1> <Delay = 1.91> <FuncUnit> <Opcode : 'add' 'sub'> <InPorts = 2> <OutPorts = 1>
ST_4 : Operation 1428 [1/1] (1.91ns)   --->   "%add_ln813_403 = add i8 %add_ln813_402, i8 %add_ln813_401"   --->   Operation 1428 'add' 'add_ln813_403' <Predicate = true> <Delay = 1.91> <CoreInst = "Adder">   --->   Core 1 'Adder' <Latency = 0> <II = 1> <Delay = 1.91> <FuncUnit> <Opcode : 'add' 'sub'> <InPorts = 2> <OutPorts = 1>
ST_4 : Operation 1429 [1/1] (1.91ns)   --->   "%add_ln813_409 = add i8 %add_ln813_408, i8 %add_ln813_406"   --->   Operation 1429 'add' 'add_ln813_409' <Predicate = true> <Delay = 1.91> <CoreInst = "Adder">   --->   Core 1 'Adder' <Latency = 0> <II = 1> <Delay = 1.91> <FuncUnit> <Opcode : 'add' 'sub'> <InPorts = 2> <OutPorts = 1>
ST_4 : Operation 1430 [1/1] (1.91ns)   --->   "%add_ln813_415 = add i8 %add_ln813_414, i8 %add_ln813_411"   --->   Operation 1430 'add' 'add_ln813_415' <Predicate = true> <Delay = 1.91> <CoreInst = "Adder">   --->   Core 1 'Adder' <Latency = 0> <II = 1> <Delay = 1.91> <FuncUnit> <Opcode : 'add' 'sub'> <InPorts = 2> <OutPorts = 1>
ST_4 : Operation 1431 [1/1] (1.91ns)   --->   "%add_ln813_421 = add i8 %add_ln813_420, i8 %add_ln813_418"   --->   Operation 1431 'add' 'add_ln813_421' <Predicate = true> <Delay = 1.91> <CoreInst = "Adder">   --->   Core 1 'Adder' <Latency = 0> <II = 1> <Delay = 1.91> <FuncUnit> <Opcode : 'add' 'sub'> <InPorts = 2> <OutPorts = 1>
ST_4 : Operation 1432 [1/1] (1.91ns)   --->   "%add_ln813_426 = add i8 %add_ln813_425, i8 %add_ln813_423"   --->   Operation 1432 'add' 'add_ln813_426' <Predicate = true> <Delay = 1.91> <CoreInst = "Adder">   --->   Core 1 'Adder' <Latency = 0> <II = 1> <Delay = 1.91> <FuncUnit> <Opcode : 'add' 'sub'> <InPorts = 2> <OutPorts = 1>
ST_4 : Operation 1433 [1/1] (1.91ns)   --->   "%add_ln813_433 = add i8 %add_ln813_432, i8 %add_ln813_429"   --->   Operation 1433 'add' 'add_ln813_433' <Predicate = true> <Delay = 1.91> <CoreInst = "Adder">   --->   Core 1 'Adder' <Latency = 0> <II = 1> <Delay = 1.91> <FuncUnit> <Opcode : 'add' 'sub'> <InPorts = 2> <OutPorts = 1>
ST_4 : Operation 1434 [1/1] (1.91ns)   --->   "%add_ln813_439 = add i8 %add_ln813_438, i8 %add_ln813_435"   --->   Operation 1434 'add' 'add_ln813_439' <Predicate = true> <Delay = 1.91> <CoreInst = "Adder">   --->   Core 1 'Adder' <Latency = 0> <II = 1> <Delay = 1.91> <FuncUnit> <Opcode : 'add' 'sub'> <InPorts = 2> <OutPorts = 1>
ST_4 : Operation 1435 [1/1] (1.91ns)   --->   "%add_ln813_447 = add i8 %add_ln813_446, i8 %add_ln813_444"   --->   Operation 1435 'add' 'add_ln813_447' <Predicate = true> <Delay = 1.91> <CoreInst = "Adder">   --->   Core 1 'Adder' <Latency = 0> <II = 1> <Delay = 1.91> <FuncUnit> <Opcode : 'add' 'sub'> <InPorts = 2> <OutPorts = 1>
ST_4 : Operation 1436 [1/1] (1.91ns)   --->   "%add_ln813_453 = add i8 %add_ln813_452, i8 %add_ln813_449"   --->   Operation 1436 'add' 'add_ln813_453' <Predicate = true> <Delay = 1.91> <CoreInst = "Adder">   --->   Core 1 'Adder' <Latency = 0> <II = 1> <Delay = 1.91> <FuncUnit> <Opcode : 'add' 'sub'> <InPorts = 2> <OutPorts = 1>
ST_4 : Operation 1437 [1/1] (1.91ns)   --->   "%add_ln813_459 = add i8 %add_ln813_458, i8 %add_ln813_456"   --->   Operation 1437 'add' 'add_ln813_459' <Predicate = true> <Delay = 1.91> <CoreInst = "Adder">   --->   Core 1 'Adder' <Latency = 0> <II = 1> <Delay = 1.91> <FuncUnit> <Opcode : 'add' 'sub'> <InPorts = 2> <OutPorts = 1>
ST_4 : Operation 1438 [1/1] (1.91ns)   --->   "%add_ln813_465 = add i8 %add_ln813_464, i8 %add_ln813_461"   --->   Operation 1438 'add' 'add_ln813_465' <Predicate = true> <Delay = 1.91> <CoreInst = "Adder">   --->   Core 1 'Adder' <Latency = 0> <II = 1> <Delay = 1.91> <FuncUnit> <Opcode : 'add' 'sub'> <InPorts = 2> <OutPorts = 1>
ST_4 : Operation 1439 [1/1] (1.91ns)   --->   "%add_ln813_477 = add i8 %add_ln813_476, i8 %add_ln813_472"   --->   Operation 1439 'add' 'add_ln813_477' <Predicate = true> <Delay = 1.91> <CoreInst = "Adder">   --->   Core 1 'Adder' <Latency = 0> <II = 1> <Delay = 1.91> <FuncUnit> <Opcode : 'add' 'sub'> <InPorts = 2> <OutPorts = 1>
ST_4 : Operation 1440 [1/1] (1.91ns)   --->   "%add_ln813_488 = add i8 %add_ln813_487, i8 %add_ln813_481"   --->   Operation 1440 'add' 'add_ln813_488' <Predicate = true> <Delay = 1.91> <CoreInst = "Adder">   --->   Core 1 'Adder' <Latency = 0> <II = 1> <Delay = 1.91> <FuncUnit> <Opcode : 'add' 'sub'> <InPorts = 2> <OutPorts = 1>
ST_4 : Operation 1441 [1/1] (1.91ns)   --->   "%add_ln813_495 = add i8 %add_ln813_494, i8 %add_ln813_492"   --->   Operation 1441 'add' 'add_ln813_495' <Predicate = true> <Delay = 1.91> <CoreInst = "Adder">   --->   Core 1 'Adder' <Latency = 0> <II = 1> <Delay = 1.91> <FuncUnit> <Opcode : 'add' 'sub'> <InPorts = 2> <OutPorts = 1>
ST_4 : Operation 1442 [1/1] (1.91ns)   --->   "%add_ln813_499 = add i8 %add_ln813_498, i8 %add_ln813_496"   --->   Operation 1442 'add' 'add_ln813_499' <Predicate = true> <Delay = 1.91> <CoreInst = "Adder">   --->   Core 1 'Adder' <Latency = 0> <II = 1> <Delay = 1.91> <FuncUnit> <Opcode : 'add' 'sub'> <InPorts = 2> <OutPorts = 1>
ST_4 : Operation 1443 [1/1] (1.91ns)   --->   "%add_ln813_504 = add i8 %add_ln813_503, i8 %add_ln813_501"   --->   Operation 1443 'add' 'add_ln813_504' <Predicate = true> <Delay = 1.91> <CoreInst = "Adder">   --->   Core 1 'Adder' <Latency = 0> <II = 1> <Delay = 1.91> <FuncUnit> <Opcode : 'add' 'sub'> <InPorts = 2> <OutPorts = 1>
ST_4 : Operation 1444 [1/1] (1.91ns)   --->   "%add_ln813_508 = add i8 %add_ln813_507, i8 %add_ln813_505"   --->   Operation 1444 'add' 'add_ln813_508' <Predicate = true> <Delay = 1.91> <CoreInst = "Adder">   --->   Core 1 'Adder' <Latency = 0> <II = 1> <Delay = 1.91> <FuncUnit> <Opcode : 'add' 'sub'> <InPorts = 2> <OutPorts = 1>
ST_4 : Operation 1445 [1/1] (1.91ns)   --->   "%add_ln813_514 = add i8 %add_ln813_513, i8 %add_ln813_511"   --->   Operation 1445 'add' 'add_ln813_514' <Predicate = true> <Delay = 1.91> <CoreInst = "Adder">   --->   Core 1 'Adder' <Latency = 0> <II = 1> <Delay = 1.91> <FuncUnit> <Opcode : 'add' 'sub'> <InPorts = 2> <OutPorts = 1>
ST_4 : Operation 1446 [1/1] (1.91ns)   --->   "%add_ln813_518 = add i8 %add_ln813_517, i8 %add_ln813_515"   --->   Operation 1446 'add' 'add_ln813_518' <Predicate = true> <Delay = 1.91> <CoreInst = "Adder">   --->   Core 1 'Adder' <Latency = 0> <II = 1> <Delay = 1.91> <FuncUnit> <Opcode : 'add' 'sub'> <InPorts = 2> <OutPorts = 1>
ST_4 : Operation 1447 [1/1] (1.91ns)   --->   "%add_ln813_522 = add i8 %add_ln813_521, i8 %add_ln813_520"   --->   Operation 1447 'add' 'add_ln813_522' <Predicate = true> <Delay = 1.91> <CoreInst = "Adder">   --->   Core 1 'Adder' <Latency = 0> <II = 1> <Delay = 1.91> <FuncUnit> <Opcode : 'add' 'sub'> <InPorts = 2> <OutPorts = 1>
ST_4 : Operation 1448 [1/1] (1.91ns)   --->   "%add_ln813_527 = add i8 %add_ln813_526, i8 %add_ln813_524"   --->   Operation 1448 'add' 'add_ln813_527' <Predicate = true> <Delay = 1.91> <CoreInst = "Adder">   --->   Core 1 'Adder' <Latency = 0> <II = 1> <Delay = 1.91> <FuncUnit> <Opcode : 'add' 'sub'> <InPorts = 2> <OutPorts = 1>
ST_4 : Operation 1449 [1/1] (1.91ns)   --->   "%add_ln813_539 = add i8 %add_ln813_538, i8 %add_ln813_534"   --->   Operation 1449 'add' 'add_ln813_539' <Predicate = true> <Delay = 1.91> <CoreInst = "Adder">   --->   Core 1 'Adder' <Latency = 0> <II = 1> <Delay = 1.91> <FuncUnit> <Opcode : 'add' 'sub'> <InPorts = 2> <OutPorts = 1>
ST_4 : Operation 1450 [1/1] (1.91ns)   --->   "%add_ln813_548 = add i8 %add_ln813_547, i8 %add_ln813_543"   --->   Operation 1450 'add' 'add_ln813_548' <Predicate = true> <Delay = 1.91> <CoreInst = "Adder">   --->   Core 1 'Adder' <Latency = 0> <II = 1> <Delay = 1.91> <FuncUnit> <Opcode : 'add' 'sub'> <InPorts = 2> <OutPorts = 1>
ST_4 : Operation 1451 [1/1] (1.91ns)   --->   "%add_ln813_557 = add i8 %add_ln813_556, i8 %add_ln813_553"   --->   Operation 1451 'add' 'add_ln813_557' <Predicate = true> <Delay = 1.91> <CoreInst = "Adder">   --->   Core 1 'Adder' <Latency = 0> <II = 1> <Delay = 1.91> <FuncUnit> <Opcode : 'add' 'sub'> <InPorts = 2> <OutPorts = 1>
ST_4 : Operation 1452 [1/1] (1.91ns)   --->   "%add_ln813_567 = add i8 %add_ln813_566, i8 %add_ln813_561"   --->   Operation 1452 'add' 'add_ln813_567' <Predicate = true> <Delay = 1.91> <CoreInst = "Adder">   --->   Core 1 'Adder' <Latency = 0> <II = 1> <Delay = 1.91> <FuncUnit> <Opcode : 'add' 'sub'> <InPorts = 2> <OutPorts = 1>

State 5 <SV = 4> <Delay = 1.91>
ST_5 : Operation 1453 [1/1] (1.91ns)   --->   "%add_ln813_40 = add i8 %add_ln813_39, i8 %add_ln813_34"   --->   Operation 1453 'add' 'add_ln813_40' <Predicate = true> <Delay = 1.91> <CoreInst = "Adder">   --->   Core 1 'Adder' <Latency = 0> <II = 1> <Delay = 1.91> <FuncUnit> <Opcode : 'add' 'sub'> <InPorts = 2> <OutPorts = 1>
ST_5 : Operation 1454 [1/1] (1.91ns)   --->   "%add_ln813_50 = add i8 %add_ln813_49, i8 %add_ln813_44"   --->   Operation 1454 'add' 'add_ln813_50' <Predicate = true> <Delay = 1.91> <CoreInst = "Adder">   --->   Core 1 'Adder' <Latency = 0> <II = 1> <Delay = 1.91> <FuncUnit> <Opcode : 'add' 'sub'> <InPorts = 2> <OutPorts = 1>
ST_5 : Operation 1455 [1/1] (1.91ns)   --->   "%add_ln813_61 = add i8 %add_ln813_60, i8 %add_ln813_55"   --->   Operation 1455 'add' 'add_ln813_61' <Predicate = true> <Delay = 1.91> <CoreInst = "Adder">   --->   Core 1 'Adder' <Latency = 0> <II = 1> <Delay = 1.91> <FuncUnit> <Opcode : 'add' 'sub'> <InPorts = 2> <OutPorts = 1>
ST_5 : Operation 1456 [1/1] (1.91ns)   --->   "%add_ln813_71 = add i8 %add_ln813_70, i8 %add_ln813_65"   --->   Operation 1456 'add' 'add_ln813_71' <Predicate = true> <Delay = 1.91> <CoreInst = "Adder">   --->   Core 1 'Adder' <Latency = 0> <II = 1> <Delay = 1.91> <FuncUnit> <Opcode : 'add' 'sub'> <InPorts = 2> <OutPorts = 1>
ST_5 : Operation 1457 [1/1] (1.91ns)   --->   "%add_ln813_83 = add i8 %add_ln813_82, i8 %add_ln813_77"   --->   Operation 1457 'add' 'add_ln813_83' <Predicate = true> <Delay = 1.91> <CoreInst = "Adder">   --->   Core 1 'Adder' <Latency = 0> <II = 1> <Delay = 1.91> <FuncUnit> <Opcode : 'add' 'sub'> <InPorts = 2> <OutPorts = 1>
ST_5 : Operation 1458 [1/1] (1.91ns)   --->   "%add_ln813_115 = add i8 %add_ln813_114, i8 %add_ln813_104"   --->   Operation 1458 'add' 'add_ln813_115' <Predicate = true> <Delay = 1.91> <CoreInst = "Adder">   --->   Core 1 'Adder' <Latency = 0> <II = 1> <Delay = 1.91> <FuncUnit> <Opcode : 'add' 'sub'> <InPorts = 2> <OutPorts = 1>
ST_5 : Operation 1459 [1/1] (1.91ns)   --->   "%add_ln813_128 = add i8 %add_ln813_127, i8 %add_ln813_122"   --->   Operation 1459 'add' 'add_ln813_128' <Predicate = true> <Delay = 1.91> <CoreInst = "Adder">   --->   Core 1 'Adder' <Latency = 0> <II = 1> <Delay = 1.91> <FuncUnit> <Opcode : 'add' 'sub'> <InPorts = 2> <OutPorts = 1>
ST_5 : Operation 1460 [1/1] (1.91ns)   --->   "%add_ln813_140 = add i8 %add_ln813_139, i8 %add_ln813_133"   --->   Operation 1460 'add' 'add_ln813_140' <Predicate = true> <Delay = 1.91> <CoreInst = "Adder">   --->   Core 1 'Adder' <Latency = 0> <II = 1> <Delay = 1.91> <FuncUnit> <Opcode : 'add' 'sub'> <InPorts = 2> <OutPorts = 1>
ST_5 : Operation 1461 [1/1] (1.91ns)   --->   "%add_ln813_152 = add i8 %add_ln813_151, i8 %add_ln813_146"   --->   Operation 1461 'add' 'add_ln813_152' <Predicate = true> <Delay = 1.91> <CoreInst = "Adder">   --->   Core 1 'Adder' <Latency = 0> <II = 1> <Delay = 1.91> <FuncUnit> <Opcode : 'add' 'sub'> <InPorts = 2> <OutPorts = 1>
ST_5 : Operation 1462 [1/1] (1.91ns)   --->   "%add_ln813_164 = add i8 %add_ln813_163, i8 %add_ln813_157"   --->   Operation 1462 'add' 'add_ln813_164' <Predicate = true> <Delay = 1.91> <CoreInst = "Adder">   --->   Core 1 'Adder' <Latency = 0> <II = 1> <Delay = 1.91> <FuncUnit> <Opcode : 'add' 'sub'> <InPorts = 2> <OutPorts = 1>
ST_5 : Operation 1463 [1/1] (1.91ns)   --->   "%add_ln813_177 = add i8 %add_ln813_176, i8 %add_ln813_171"   --->   Operation 1463 'add' 'add_ln813_177' <Predicate = true> <Delay = 1.91> <CoreInst = "Adder">   --->   Core 1 'Adder' <Latency = 0> <II = 1> <Delay = 1.91> <FuncUnit> <Opcode : 'add' 'sub'> <InPorts = 2> <OutPorts = 1>
ST_5 : Operation 1464 [1/1] (1.91ns)   --->   "%add_ln813_189 = add i8 %add_ln813_188, i8 %add_ln813_182"   --->   Operation 1464 'add' 'add_ln813_189' <Predicate = true> <Delay = 1.91> <CoreInst = "Adder">   --->   Core 1 'Adder' <Latency = 0> <II = 1> <Delay = 1.91> <FuncUnit> <Opcode : 'add' 'sub'> <InPorts = 2> <OutPorts = 1>
ST_5 : Operation 1465 [1/1] (1.91ns)   --->   "%add_ln813_215 = add i8 %add_ln813_214, i8 %add_ln813_202"   --->   Operation 1465 'add' 'add_ln813_215' <Predicate = true> <Delay = 1.91> <CoreInst = "Adder">   --->   Core 1 'Adder' <Latency = 0> <II = 1> <Delay = 1.91> <FuncUnit> <Opcode : 'add' 'sub'> <InPorts = 2> <OutPorts = 1>
ST_5 : Operation 1466 [1/1] (1.91ns)   --->   "%add_ln813_226 = add i8 %add_ln813_225, i8 %add_ln813_221"   --->   Operation 1466 'add' 'add_ln813_226' <Predicate = true> <Delay = 1.91> <CoreInst = "Adder">   --->   Core 1 'Adder' <Latency = 0> <II = 1> <Delay = 1.91> <FuncUnit> <Opcode : 'add' 'sub'> <InPorts = 2> <OutPorts = 1>
ST_5 : Operation 1467 [1/1] (1.91ns)   --->   "%add_ln813_235 = add i8 %add_ln813_234, i8 %add_ln813_230"   --->   Operation 1467 'add' 'add_ln813_235' <Predicate = true> <Delay = 1.91> <CoreInst = "Adder">   --->   Core 1 'Adder' <Latency = 0> <II = 1> <Delay = 1.91> <FuncUnit> <Opcode : 'add' 'sub'> <InPorts = 2> <OutPorts = 1>
ST_5 : Operation 1468 [1/1] (1.91ns)   --->   "%add_ln813_245 = add i8 %add_ln813_244, i8 %add_ln813_240"   --->   Operation 1468 'add' 'add_ln813_245' <Predicate = true> <Delay = 1.91> <CoreInst = "Adder">   --->   Core 1 'Adder' <Latency = 0> <II = 1> <Delay = 1.91> <FuncUnit> <Opcode : 'add' 'sub'> <InPorts = 2> <OutPorts = 1>
ST_5 : Operation 1469 [1/1] (1.91ns)   --->   "%add_ln813_255 = add i8 %add_ln813_254, i8 %add_ln813_249"   --->   Operation 1469 'add' 'add_ln813_255' <Predicate = true> <Delay = 1.91> <CoreInst = "Adder">   --->   Core 1 'Adder' <Latency = 0> <II = 1> <Delay = 1.91> <FuncUnit> <Opcode : 'add' 'sub'> <InPorts = 2> <OutPorts = 1>
ST_5 : Operation 1470 [1/1] (1.91ns)   --->   "%add_ln813_266 = add i8 %add_ln813_265, i8 %add_ln813_261"   --->   Operation 1470 'add' 'add_ln813_266' <Predicate = true> <Delay = 1.91> <CoreInst = "Adder">   --->   Core 1 'Adder' <Latency = 0> <II = 1> <Delay = 1.91> <FuncUnit> <Opcode : 'add' 'sub'> <InPorts = 2> <OutPorts = 1>
ST_5 : Operation 1471 [1/1] (1.91ns)   --->   "%add_ln813_296 = add i8 %add_ln813_295, i8 %add_ln813_285"   --->   Operation 1471 'add' 'add_ln813_296' <Predicate = true> <Delay = 1.91> <CoreInst = "Adder">   --->   Core 1 'Adder' <Latency = 0> <II = 1> <Delay = 1.91> <FuncUnit> <Opcode : 'add' 'sub'> <InPorts = 2> <OutPorts = 1>
ST_5 : Operation 1472 [1/1] (1.91ns)   --->   "%add_ln813_309 = add i8 %add_ln813_308, i8 %add_ln813_303"   --->   Operation 1472 'add' 'add_ln813_309' <Predicate = true> <Delay = 1.91> <CoreInst = "Adder">   --->   Core 1 'Adder' <Latency = 0> <II = 1> <Delay = 1.91> <FuncUnit> <Opcode : 'add' 'sub'> <InPorts = 2> <OutPorts = 1>
ST_5 : Operation 1473 [1/1] (1.91ns)   --->   "%add_ln813_320 = add i8 %add_ln813_319, i8 %add_ln813_314"   --->   Operation 1473 'add' 'add_ln813_320' <Predicate = true> <Delay = 1.91> <CoreInst = "Adder">   --->   Core 1 'Adder' <Latency = 0> <II = 1> <Delay = 1.91> <FuncUnit> <Opcode : 'add' 'sub'> <InPorts = 2> <OutPorts = 1>
ST_5 : Operation 1474 [1/1] (1.91ns)   --->   "%add_ln813_332 = add i8 %add_ln813_331, i8 %add_ln813_326"   --->   Operation 1474 'add' 'add_ln813_332' <Predicate = true> <Delay = 1.91> <CoreInst = "Adder">   --->   Core 1 'Adder' <Latency = 0> <II = 1> <Delay = 1.91> <FuncUnit> <Opcode : 'add' 'sub'> <InPorts = 2> <OutPorts = 1>
ST_5 : Operation 1475 [1/1] (1.91ns)   --->   "%add_ln813_344 = add i8 %add_ln813_343, i8 %add_ln813_337"   --->   Operation 1475 'add' 'add_ln813_344' <Predicate = true> <Delay = 1.91> <CoreInst = "Adder">   --->   Core 1 'Adder' <Latency = 0> <II = 1> <Delay = 1.91> <FuncUnit> <Opcode : 'add' 'sub'> <InPorts = 2> <OutPorts = 1>
ST_5 : Operation 1476 [1/1] (1.91ns)   --->   "%add_ln813_356 = add i8 %add_ln813_355, i8 %add_ln813_351"   --->   Operation 1476 'add' 'add_ln813_356' <Predicate = true> <Delay = 1.91> <CoreInst = "Adder">   --->   Core 1 'Adder' <Latency = 0> <II = 1> <Delay = 1.91> <FuncUnit> <Opcode : 'add' 'sub'> <InPorts = 2> <OutPorts = 1>
ST_5 : Operation 1477 [1/1] (1.91ns)   --->   "%add_ln813_367 = add i8 %add_ln813_366, i8 %add_ln813_361"   --->   Operation 1477 'add' 'add_ln813_367' <Predicate = true> <Delay = 1.91> <CoreInst = "Adder">   --->   Core 1 'Adder' <Latency = 0> <II = 1> <Delay = 1.91> <FuncUnit> <Opcode : 'add' 'sub'> <InPorts = 2> <OutPorts = 1>
ST_5 : Operation 1478 [1/1] (1.91ns)   --->   "%add_ln813_392 = add i8 %add_ln813_391, i8 %add_ln813_379"   --->   Operation 1478 'add' 'add_ln813_392' <Predicate = true> <Delay = 1.91> <CoreInst = "Adder">   --->   Core 1 'Adder' <Latency = 0> <II = 1> <Delay = 1.91> <FuncUnit> <Opcode : 'add' 'sub'> <InPorts = 2> <OutPorts = 1>
ST_5 : Operation 1479 [1/1] (1.91ns)   --->   "%add_ln813_404 = add i8 %add_ln813_403, i8 %add_ln813_399"   --->   Operation 1479 'add' 'add_ln813_404' <Predicate = true> <Delay = 1.91> <CoreInst = "Adder">   --->   Core 1 'Adder' <Latency = 0> <II = 1> <Delay = 1.91> <FuncUnit> <Opcode : 'add' 'sub'> <InPorts = 2> <OutPorts = 1>
ST_5 : Operation 1480 [1/1] (1.91ns)   --->   "%add_ln813_416 = add i8 %add_ln813_415, i8 %add_ln813_409"   --->   Operation 1480 'add' 'add_ln813_416' <Predicate = true> <Delay = 1.91> <CoreInst = "Adder">   --->   Core 1 'Adder' <Latency = 0> <II = 1> <Delay = 1.91> <FuncUnit> <Opcode : 'add' 'sub'> <InPorts = 2> <OutPorts = 1>
ST_5 : Operation 1481 [1/1] (1.91ns)   --->   "%add_ln813_427 = add i8 %add_ln813_426, i8 %add_ln813_421"   --->   Operation 1481 'add' 'add_ln813_427' <Predicate = true> <Delay = 1.91> <CoreInst = "Adder">   --->   Core 1 'Adder' <Latency = 0> <II = 1> <Delay = 1.91> <FuncUnit> <Opcode : 'add' 'sub'> <InPorts = 2> <OutPorts = 1>
ST_5 : Operation 1482 [1/1] (1.91ns)   --->   "%add_ln813_440 = add i8 %add_ln813_439, i8 %add_ln813_433"   --->   Operation 1482 'add' 'add_ln813_440' <Predicate = true> <Delay = 1.91> <CoreInst = "Adder">   --->   Core 1 'Adder' <Latency = 0> <II = 1> <Delay = 1.91> <FuncUnit> <Opcode : 'add' 'sub'> <InPorts = 2> <OutPorts = 1>
ST_5 : Operation 1483 [1/1] (1.91ns)   --->   "%add_ln813_454 = add i8 %add_ln813_453, i8 %add_ln813_447"   --->   Operation 1483 'add' 'add_ln813_454' <Predicate = true> <Delay = 1.91> <CoreInst = "Adder">   --->   Core 1 'Adder' <Latency = 0> <II = 1> <Delay = 1.91> <FuncUnit> <Opcode : 'add' 'sub'> <InPorts = 2> <OutPorts = 1>
ST_5 : Operation 1484 [1/1] (1.91ns)   --->   "%add_ln813_466 = add i8 %add_ln813_465, i8 %add_ln813_459"   --->   Operation 1484 'add' 'add_ln813_466' <Predicate = true> <Delay = 1.91> <CoreInst = "Adder">   --->   Core 1 'Adder' <Latency = 0> <II = 1> <Delay = 1.91> <FuncUnit> <Opcode : 'add' 'sub'> <InPorts = 2> <OutPorts = 1>
ST_5 : Operation 1485 [1/1] (1.91ns)   --->   "%add_ln813_489 = add i8 %add_ln813_488, i8 %add_ln813_477"   --->   Operation 1485 'add' 'add_ln813_489' <Predicate = true> <Delay = 1.91> <CoreInst = "Adder">   --->   Core 1 'Adder' <Latency = 0> <II = 1> <Delay = 1.91> <FuncUnit> <Opcode : 'add' 'sub'> <InPorts = 2> <OutPorts = 1>
ST_5 : Operation 1486 [1/1] (1.91ns)   --->   "%add_ln813_500 = add i8 %add_ln813_499, i8 %add_ln813_495"   --->   Operation 1486 'add' 'add_ln813_500' <Predicate = true> <Delay = 1.91> <CoreInst = "Adder">   --->   Core 1 'Adder' <Latency = 0> <II = 1> <Delay = 1.91> <FuncUnit> <Opcode : 'add' 'sub'> <InPorts = 2> <OutPorts = 1>
ST_5 : Operation 1487 [1/1] (1.91ns)   --->   "%add_ln813_509 = add i8 %add_ln813_508, i8 %add_ln813_504"   --->   Operation 1487 'add' 'add_ln813_509' <Predicate = true> <Delay = 1.91> <CoreInst = "Adder">   --->   Core 1 'Adder' <Latency = 0> <II = 1> <Delay = 1.91> <FuncUnit> <Opcode : 'add' 'sub'> <InPorts = 2> <OutPorts = 1>
ST_5 : Operation 1488 [1/1] (1.91ns)   --->   "%add_ln813_519 = add i8 %add_ln813_518, i8 %add_ln813_514"   --->   Operation 1488 'add' 'add_ln813_519' <Predicate = true> <Delay = 1.91> <CoreInst = "Adder">   --->   Core 1 'Adder' <Latency = 0> <II = 1> <Delay = 1.91> <FuncUnit> <Opcode : 'add' 'sub'> <InPorts = 2> <OutPorts = 1>
ST_5 : Operation 1489 [1/1] (1.91ns)   --->   "%add_ln813_528 = add i8 %add_ln813_527, i8 %add_ln813_522"   --->   Operation 1489 'add' 'add_ln813_528' <Predicate = true> <Delay = 1.91> <CoreInst = "Adder">   --->   Core 1 'Adder' <Latency = 0> <II = 1> <Delay = 1.91> <FuncUnit> <Opcode : 'add' 'sub'> <InPorts = 2> <OutPorts = 1>
ST_5 : Operation 1490 [1/1] (1.91ns)   --->   "%add_ln813_549 = add i8 %add_ln813_548, i8 %add_ln813_539"   --->   Operation 1490 'add' 'add_ln813_549' <Predicate = true> <Delay = 1.91> <CoreInst = "Adder">   --->   Core 1 'Adder' <Latency = 0> <II = 1> <Delay = 1.91> <FuncUnit> <Opcode : 'add' 'sub'> <InPorts = 2> <OutPorts = 1>
ST_5 : Operation 1491 [1/1] (1.91ns)   --->   "%add_ln813_568 = add i8 %add_ln813_567, i8 %add_ln813_557"   --->   Operation 1491 'add' 'add_ln813_568' <Predicate = true> <Delay = 1.91> <CoreInst = "Adder">   --->   Core 1 'Adder' <Latency = 0> <II = 1> <Delay = 1.91> <FuncUnit> <Opcode : 'add' 'sub'> <InPorts = 2> <OutPorts = 1>

State 6 <SV = 5> <Delay = 1.91>
ST_6 : Operation 1492 [1/1] (1.91ns)   --->   "%add_ln813_51 = add i8 %add_ln813_50, i8 %add_ln813_40"   --->   Operation 1492 'add' 'add_ln813_51' <Predicate = true> <Delay = 1.91> <CoreInst = "Adder">   --->   Core 1 'Adder' <Latency = 0> <II = 1> <Delay = 1.91> <FuncUnit> <Opcode : 'add' 'sub'> <InPorts = 2> <OutPorts = 1>
ST_6 : Operation 1493 [1/1] (1.91ns)   --->   "%add_ln813_72 = add i8 %add_ln813_71, i8 %add_ln813_61"   --->   Operation 1493 'add' 'add_ln813_72' <Predicate = true> <Delay = 1.91> <CoreInst = "Adder">   --->   Core 1 'Adder' <Latency = 0> <II = 1> <Delay = 1.91> <FuncUnit> <Opcode : 'add' 'sub'> <InPorts = 2> <OutPorts = 1>
ST_6 : Operation 1494 [1/1] (1.91ns)   --->   "%add_ln813_94 = add i8 %add_ln813_93, i8 %add_ln813_83"   --->   Operation 1494 'add' 'add_ln813_94' <Predicate = true> <Delay = 1.91> <CoreInst = "Adder">   --->   Core 1 'Adder' <Latency = 0> <II = 1> <Delay = 1.91> <FuncUnit> <Opcode : 'add' 'sub'> <InPorts = 2> <OutPorts = 1>
ST_6 : Operation 1495 [1/1] (1.91ns)   --->   "%add_ln813_141 = add i8 %add_ln813_140, i8 %add_ln813_128"   --->   Operation 1495 'add' 'add_ln813_141' <Predicate = true> <Delay = 1.91> <CoreInst = "Adder">   --->   Core 1 'Adder' <Latency = 0> <II = 1> <Delay = 1.91> <FuncUnit> <Opcode : 'add' 'sub'> <InPorts = 2> <OutPorts = 1>
ST_6 : Operation 1496 [1/1] (1.91ns)   --->   "%add_ln813_165 = add i8 %add_ln813_164, i8 %add_ln813_152"   --->   Operation 1496 'add' 'add_ln813_165' <Predicate = true> <Delay = 1.91> <CoreInst = "Adder">   --->   Core 1 'Adder' <Latency = 0> <II = 1> <Delay = 1.91> <FuncUnit> <Opcode : 'add' 'sub'> <InPorts = 2> <OutPorts = 1>
ST_6 : Operation 1497 [1/1] (1.91ns)   --->   "%add_ln813_190 = add i8 %add_ln813_189, i8 %add_ln813_177"   --->   Operation 1497 'add' 'add_ln813_190' <Predicate = true> <Delay = 1.91> <CoreInst = "Adder">   --->   Core 1 'Adder' <Latency = 0> <II = 1> <Delay = 1.91> <FuncUnit> <Opcode : 'add' 'sub'> <InPorts = 2> <OutPorts = 1>
ST_6 : Operation 1498 [1/1] (1.91ns)   --->   "%add_ln813_236 = add i8 %add_ln813_235, i8 %add_ln813_226"   --->   Operation 1498 'add' 'add_ln813_236' <Predicate = true> <Delay = 1.91> <CoreInst = "Adder">   --->   Core 1 'Adder' <Latency = 0> <II = 1> <Delay = 1.91> <FuncUnit> <Opcode : 'add' 'sub'> <InPorts = 2> <OutPorts = 1>
ST_6 : Operation 1499 [1/1] (1.91ns)   --->   "%add_ln813_256 = add i8 %add_ln813_255, i8 %add_ln813_245"   --->   Operation 1499 'add' 'add_ln813_256' <Predicate = true> <Delay = 1.91> <CoreInst = "Adder">   --->   Core 1 'Adder' <Latency = 0> <II = 1> <Delay = 1.91> <FuncUnit> <Opcode : 'add' 'sub'> <InPorts = 2> <OutPorts = 1>
ST_6 : Operation 1500 [1/1] (1.91ns)   --->   "%add_ln813_276 = add i8 %add_ln813_275, i8 %add_ln813_266"   --->   Operation 1500 'add' 'add_ln813_276' <Predicate = true> <Delay = 1.91> <CoreInst = "Adder">   --->   Core 1 'Adder' <Latency = 0> <II = 1> <Delay = 1.91> <FuncUnit> <Opcode : 'add' 'sub'> <InPorts = 2> <OutPorts = 1>
ST_6 : Operation 1501 [1/1] (1.91ns)   --->   "%add_ln813_321 = add i8 %add_ln813_320, i8 %add_ln813_309"   --->   Operation 1501 'add' 'add_ln813_321' <Predicate = true> <Delay = 1.91> <CoreInst = "Adder">   --->   Core 1 'Adder' <Latency = 0> <II = 1> <Delay = 1.91> <FuncUnit> <Opcode : 'add' 'sub'> <InPorts = 2> <OutPorts = 1>
ST_6 : Operation 1502 [1/1] (1.91ns)   --->   "%add_ln813_345 = add i8 %add_ln813_344, i8 %add_ln813_332"   --->   Operation 1502 'add' 'add_ln813_345' <Predicate = true> <Delay = 1.91> <CoreInst = "Adder">   --->   Core 1 'Adder' <Latency = 0> <II = 1> <Delay = 1.91> <FuncUnit> <Opcode : 'add' 'sub'> <InPorts = 2> <OutPorts = 1>
ST_6 : Operation 1503 [1/1] (1.91ns)   --->   "%add_ln813_368 = add i8 %add_ln813_367, i8 %add_ln813_356"   --->   Operation 1503 'add' 'add_ln813_368' <Predicate = true> <Delay = 1.91> <CoreInst = "Adder">   --->   Core 1 'Adder' <Latency = 0> <II = 1> <Delay = 1.91> <FuncUnit> <Opcode : 'add' 'sub'> <InPorts = 2> <OutPorts = 1>
ST_6 : Operation 1504 [1/1] (1.91ns)   --->   "%add_ln813_417 = add i8 %add_ln813_416, i8 %add_ln813_404"   --->   Operation 1504 'add' 'add_ln813_417' <Predicate = true> <Delay = 1.91> <CoreInst = "Adder">   --->   Core 1 'Adder' <Latency = 0> <II = 1> <Delay = 1.91> <FuncUnit> <Opcode : 'add' 'sub'> <InPorts = 2> <OutPorts = 1>
ST_6 : Operation 1505 [1/1] (1.91ns)   --->   "%add_ln813_441 = add i8 %add_ln813_440, i8 %add_ln813_427"   --->   Operation 1505 'add' 'add_ln813_441' <Predicate = true> <Delay = 1.91> <CoreInst = "Adder">   --->   Core 1 'Adder' <Latency = 0> <II = 1> <Delay = 1.91> <FuncUnit> <Opcode : 'add' 'sub'> <InPorts = 2> <OutPorts = 1>
ST_6 : Operation 1506 [1/1] (1.91ns)   --->   "%add_ln813_467 = add i8 %add_ln813_466, i8 %add_ln813_454"   --->   Operation 1506 'add' 'add_ln813_467' <Predicate = true> <Delay = 1.91> <CoreInst = "Adder">   --->   Core 1 'Adder' <Latency = 0> <II = 1> <Delay = 1.91> <FuncUnit> <Opcode : 'add' 'sub'> <InPorts = 2> <OutPorts = 1>
ST_6 : Operation 1507 [1/1] (1.91ns)   --->   "%add_ln813_510 = add i8 %add_ln813_509, i8 %add_ln813_500"   --->   Operation 1507 'add' 'add_ln813_510' <Predicate = true> <Delay = 1.91> <CoreInst = "Adder">   --->   Core 1 'Adder' <Latency = 0> <II = 1> <Delay = 1.91> <FuncUnit> <Opcode : 'add' 'sub'> <InPorts = 2> <OutPorts = 1>
ST_6 : Operation 1508 [1/1] (1.91ns)   --->   "%add_ln813_529 = add i8 %add_ln813_528, i8 %add_ln813_519"   --->   Operation 1508 'add' 'add_ln813_529' <Predicate = true> <Delay = 1.91> <CoreInst = "Adder">   --->   Core 1 'Adder' <Latency = 0> <II = 1> <Delay = 1.91> <FuncUnit> <Opcode : 'add' 'sub'> <InPorts = 2> <OutPorts = 1>
ST_6 : Operation 1509 [1/1] (1.91ns)   --->   "%add_ln813_569 = add i8 %add_ln813_568, i8 %add_ln813_549"   --->   Operation 1509 'add' 'add_ln813_569' <Predicate = true> <Delay = 1.91> <CoreInst = "Adder">   --->   Core 1 'Adder' <Latency = 0> <II = 1> <Delay = 1.91> <FuncUnit> <Opcode : 'add' 'sub'> <InPorts = 2> <OutPorts = 1>

State 7 <SV = 6> <Delay = 1.91>
ST_7 : Operation 1510 [1/1] (1.91ns)   --->   "%add_ln813_73 = add i8 %add_ln813_72, i8 %add_ln813_51"   --->   Operation 1510 'add' 'add_ln813_73' <Predicate = true> <Delay = 1.91> <CoreInst = "Adder">   --->   Core 1 'Adder' <Latency = 0> <II = 1> <Delay = 1.91> <FuncUnit> <Opcode : 'add' 'sub'> <InPorts = 2> <OutPorts = 1>
ST_7 : Operation 1511 [1/1] (1.91ns)   --->   "%add_ln813_116 = add i8 %add_ln813_115, i8 %add_ln813_94"   --->   Operation 1511 'add' 'add_ln813_116' <Predicate = true> <Delay = 1.91> <CoreInst = "Adder">   --->   Core 1 'Adder' <Latency = 0> <II = 1> <Delay = 1.91> <FuncUnit> <Opcode : 'add' 'sub'> <InPorts = 2> <OutPorts = 1>
ST_7 : Operation 1512 [1/1] (1.91ns)   --->   "%add_ln813_166 = add i8 %add_ln813_165, i8 %add_ln813_141"   --->   Operation 1512 'add' 'add_ln813_166' <Predicate = true> <Delay = 1.91> <CoreInst = "Adder">   --->   Core 1 'Adder' <Latency = 0> <II = 1> <Delay = 1.91> <FuncUnit> <Opcode : 'add' 'sub'> <InPorts = 2> <OutPorts = 1>
ST_7 : Operation 1513 [1/1] (1.91ns)   --->   "%add_ln813_216 = add i8 %add_ln813_215, i8 %add_ln813_190"   --->   Operation 1513 'add' 'add_ln813_216' <Predicate = true> <Delay = 1.91> <CoreInst = "Adder">   --->   Core 1 'Adder' <Latency = 0> <II = 1> <Delay = 1.91> <FuncUnit> <Opcode : 'add' 'sub'> <InPorts = 2> <OutPorts = 1>
ST_7 : Operation 1514 [1/1] (1.91ns)   --->   "%add_ln813_257 = add i8 %add_ln813_256, i8 %add_ln813_236"   --->   Operation 1514 'add' 'add_ln813_257' <Predicate = true> <Delay = 1.91> <CoreInst = "Adder">   --->   Core 1 'Adder' <Latency = 0> <II = 1> <Delay = 1.91> <FuncUnit> <Opcode : 'add' 'sub'> <InPorts = 2> <OutPorts = 1>
ST_7 : Operation 1515 [1/1] (1.91ns)   --->   "%add_ln813_297 = add i8 %add_ln813_296, i8 %add_ln813_276"   --->   Operation 1515 'add' 'add_ln813_297' <Predicate = true> <Delay = 1.91> <CoreInst = "Adder">   --->   Core 1 'Adder' <Latency = 0> <II = 1> <Delay = 1.91> <FuncUnit> <Opcode : 'add' 'sub'> <InPorts = 2> <OutPorts = 1>
ST_7 : Operation 1516 [1/1] (1.91ns)   --->   "%add_ln813_346 = add i8 %add_ln813_345, i8 %add_ln813_321"   --->   Operation 1516 'add' 'add_ln813_346' <Predicate = true> <Delay = 1.91> <CoreInst = "Adder">   --->   Core 1 'Adder' <Latency = 0> <II = 1> <Delay = 1.91> <FuncUnit> <Opcode : 'add' 'sub'> <InPorts = 2> <OutPorts = 1>
ST_7 : Operation 1517 [1/1] (1.91ns)   --->   "%add_ln813_393 = add i8 %add_ln813_392, i8 %add_ln813_368"   --->   Operation 1517 'add' 'add_ln813_393' <Predicate = true> <Delay = 1.91> <CoreInst = "Adder">   --->   Core 1 'Adder' <Latency = 0> <II = 1> <Delay = 1.91> <FuncUnit> <Opcode : 'add' 'sub'> <InPorts = 2> <OutPorts = 1>
ST_7 : Operation 1518 [1/1] (1.91ns)   --->   "%add_ln813_442 = add i8 %add_ln813_441, i8 %add_ln813_417"   --->   Operation 1518 'add' 'add_ln813_442' <Predicate = true> <Delay = 1.91> <CoreInst = "Adder">   --->   Core 1 'Adder' <Latency = 0> <II = 1> <Delay = 1.91> <FuncUnit> <Opcode : 'add' 'sub'> <InPorts = 2> <OutPorts = 1>
ST_7 : Operation 1519 [1/1] (1.91ns)   --->   "%add_ln813_490 = add i8 %add_ln813_489, i8 %add_ln813_467"   --->   Operation 1519 'add' 'add_ln813_490' <Predicate = true> <Delay = 1.91> <CoreInst = "Adder">   --->   Core 1 'Adder' <Latency = 0> <II = 1> <Delay = 1.91> <FuncUnit> <Opcode : 'add' 'sub'> <InPorts = 2> <OutPorts = 1>
ST_7 : Operation 1520 [1/1] (1.91ns)   --->   "%add_ln813_530 = add i8 %add_ln813_529, i8 %add_ln813_510"   --->   Operation 1520 'add' 'add_ln813_530' <Predicate = true> <Delay = 1.91> <CoreInst = "Adder">   --->   Core 1 'Adder' <Latency = 0> <II = 1> <Delay = 1.91> <FuncUnit> <Opcode : 'add' 'sub'> <InPorts = 2> <OutPorts = 1>

State 8 <SV = 7> <Delay = 1.91>
ST_8 : Operation 1521 [1/1] (0.00ns)   --->   "%specpipeline_ln33 = specpipeline void @_ssdm_op_SpecPipeline, i32 1, i32 0, i32 0, i32 0, void @empty_0" [firmware/nnet_utils/nnet_dense_latency.h:33]   --->   Operation 1521 'specpipeline' 'specpipeline_ln33' <Predicate = true> <Delay = 0.00>
ST_8 : Operation 1522 [1/1] (0.00ns)   --->   "%specresourcelimit_ln33 = specresourcelimit void @_ssdm_op_SpecResourceLimit, i64 556, void @empty_1, void @empty_0, void @empty_0, void @empty_0" [firmware/nnet_utils/nnet_dense_latency.h:33]   --->   Operation 1522 'specresourcelimit' 'specresourcelimit_ln33' <Predicate = true> <Delay = 0.00>
ST_8 : Operation 1523 [1/1] (1.91ns)   --->   "%add_ln813_117 = add i8 %add_ln813_116, i8 %add_ln813_73"   --->   Operation 1523 'add' 'add_ln813_117' <Predicate = true> <Delay = 1.91> <CoreInst = "Adder">   --->   Core 1 'Adder' <Latency = 0> <II = 1> <Delay = 1.91> <FuncUnit> <Opcode : 'add' 'sub'> <InPorts = 2> <OutPorts = 1>
ST_8 : Operation 1524 [1/1] (1.91ns)   --->   "%add_ln813_217 = add i8 %add_ln813_216, i8 %add_ln813_166"   --->   Operation 1524 'add' 'add_ln813_217' <Predicate = true> <Delay = 1.91> <CoreInst = "Adder">   --->   Core 1 'Adder' <Latency = 0> <II = 1> <Delay = 1.91> <FuncUnit> <Opcode : 'add' 'sub'> <InPorts = 2> <OutPorts = 1>
ST_8 : Operation 1525 [1/1] (1.91ns)   --->   "%add_ln813_298 = add i8 %add_ln813_297, i8 %add_ln813_257"   --->   Operation 1525 'add' 'add_ln813_298' <Predicate = true> <Delay = 1.91> <CoreInst = "Adder">   --->   Core 1 'Adder' <Latency = 0> <II = 1> <Delay = 1.91> <FuncUnit> <Opcode : 'add' 'sub'> <InPorts = 2> <OutPorts = 1>
ST_8 : Operation 1526 [1/1] (1.91ns)   --->   "%add_ln813_394 = add i8 %add_ln813_393, i8 %add_ln813_346"   --->   Operation 1526 'add' 'add_ln813_394' <Predicate = true> <Delay = 1.91> <CoreInst = "Adder">   --->   Core 1 'Adder' <Latency = 0> <II = 1> <Delay = 1.91> <FuncUnit> <Opcode : 'add' 'sub'> <InPorts = 2> <OutPorts = 1>
ST_8 : Operation 1527 [1/1] (1.91ns)   --->   "%add_ln813_491 = add i8 %add_ln813_490, i8 %add_ln813_442"   --->   Operation 1527 'add' 'add_ln813_491' <Predicate = true> <Delay = 1.91> <CoreInst = "Adder">   --->   Core 1 'Adder' <Latency = 0> <II = 1> <Delay = 1.91> <FuncUnit> <Opcode : 'add' 'sub'> <InPorts = 2> <OutPorts = 1>
ST_8 : Operation 1528 [1/1] (1.91ns)   --->   "%add_ln813_570 = add i8 %add_ln813_569, i8 %add_ln813_530"   --->   Operation 1528 'add' 'add_ln813_570' <Predicate = true> <Delay = 1.91> <CoreInst = "Adder">   --->   Core 1 'Adder' <Latency = 0> <II = 1> <Delay = 1.91> <FuncUnit> <Opcode : 'add' 'sub'> <InPorts = 2> <OutPorts = 1>
ST_8 : Operation 1529 [1/1] (0.00ns)   --->   "%mrv = insertvalue i48 <undef>, i8 %add_ln813_298" [firmware/nnet_utils/nnet_dense_latency.h:68]   --->   Operation 1529 'insertvalue' 'mrv' <Predicate = true> <Delay = 0.00>
ST_8 : Operation 1530 [1/1] (0.00ns)   --->   "%mrv_1 = insertvalue i48 %mrv, i8 %add_ln813_217" [firmware/nnet_utils/nnet_dense_latency.h:68]   --->   Operation 1530 'insertvalue' 'mrv_1' <Predicate = true> <Delay = 0.00>
ST_8 : Operation 1531 [1/1] (0.00ns)   --->   "%mrv_2 = insertvalue i48 %mrv_1, i8 %add_ln813_491" [firmware/nnet_utils/nnet_dense_latency.h:68]   --->   Operation 1531 'insertvalue' 'mrv_2' <Predicate = true> <Delay = 0.00>
ST_8 : Operation 1532 [1/1] (0.00ns)   --->   "%mrv_3 = insertvalue i48 %mrv_2, i8 %add_ln813_570" [firmware/nnet_utils/nnet_dense_latency.h:68]   --->   Operation 1532 'insertvalue' 'mrv_3' <Predicate = true> <Delay = 0.00>
ST_8 : Operation 1533 [1/1] (0.00ns)   --->   "%mrv_4 = insertvalue i48 %mrv_3, i8 %add_ln813_117" [firmware/nnet_utils/nnet_dense_latency.h:68]   --->   Operation 1533 'insertvalue' 'mrv_4' <Predicate = true> <Delay = 0.00>
ST_8 : Operation 1534 [1/1] (0.00ns)   --->   "%mrv_5 = insertvalue i48 %mrv_4, i8 %add_ln813_394" [firmware/nnet_utils/nnet_dense_latency.h:68]   --->   Operation 1534 'insertvalue' 'mrv_5' <Predicate = true> <Delay = 0.00>
ST_8 : Operation 1535 [1/1] (0.00ns)   --->   "%ret_ln68 = ret i48 %mrv_5" [firmware/nnet_utils/nnet_dense_latency.h:68]   --->   Operation 1535 'ret' 'ret_ln68' <Predicate = true> <Delay = 0.00>


============================================================
+ Verbose Summary: Timing violations
============================================================
Target clock period: 5ns, clock uncertainty: 1.35ns.

 <State 1>: 2.11ns
The critical path consists of the following:
	wire read operation ('p_read_19') on port 'p_read' [4]  (0 ns)
	'sub' operation ('r.V') [17]  (2.11 ns)

 <State 2>: 1.92ns
The critical path consists of the following:
	'add' operation ('add_ln813') [982]  (1.92 ns)

 <State 3>: 1.92ns
The critical path consists of the following:
	'add' operation ('add_ln813_33') [984]  (1.92 ns)

 <State 4>: 1.92ns
The critical path consists of the following:
	'add' operation ('add_ln813_34') [985]  (1.92 ns)

 <State 5>: 1.92ns
The critical path consists of the following:
	'add' operation ('add_ln813_40') [991]  (1.92 ns)

 <State 6>: 1.92ns
The critical path consists of the following:
	'add' operation ('add_ln813_51') [1002]  (1.92 ns)

 <State 7>: 1.92ns
The critical path consists of the following:
	'add' operation ('add_ln813_73') [1024]  (1.92 ns)

 <State 8>: 1.92ns
The critical path consists of the following:
	'add' operation ('add_ln813_117') [1068]  (1.92 ns)


============================================================
+ Verbose Summary: Binding
============================================================
N/A
* FSMD analyzer results:
  - Output states:
 - Input state : 
  - Chain level:
	State 1
	State 2
	State 3
	State 4
	State 5
	State 6
	State 7
	State 8


============================================================
+ Verbose Summary: Datapath Resource usage 
============================================================
N/A
