

================================================================
== Vitis HLS Report for 'dense_latency_ap_fixed_8_4_5_3_0_ap_fixed_8_4_5_3_0_config5_s'
================================================================
* Date:           Tue Mar 10 20:23:45 2026

* Version:        2022.2 (Build 3670227 on Oct 13 2022)
* Project:        myproject_prj
* Solution:       solution1 (Vivado IP Flow Target)
* Product family: zynq
* Target device:  xc7z020-clg484-1


================================================================
== Performance Estimates
================================================================
+ Timing: 
    * Summary: 
    +--------+----------+----------+------------+
    |  Clock |  Target  | Estimated| Uncertainty|
    +--------+----------+----------+------------+
    |ap_clk  |  10.00 ns|  7.499 ns|     1.25 ns|
    +--------+----------+----------+------------+

+ Latency: 
    * Summary: 
    +---------+---------+-----------+-----------+-----+-----+---------+
    |  Latency (cycles) |   Latency (absolute)  |  Interval | Pipeline|
    |   min   |   max   |    min    |    max    | min | max |   Type  |
    +---------+---------+-----------+-----------+-----+-----+---------+
    |        1|        1|  10.000 ns|  10.000 ns|    1|    1|      yes|
    +---------+---------+-----------+-----------+-----+-----+---------+

    + Detail: 
        * Instance: 
        N/A

        * Loop: 
        N/A



================================================================
== Utilization Estimates
================================================================
* Summary: 
+-----------------+---------+-----+--------+-------+-----+
|       Name      | BRAM_18K| DSP |   FF   |  LUT  | URAM|
+-----------------+---------+-----+--------+-------+-----+
|DSP              |        -|    -|       -|      -|    -|
|Expression       |        -|    -|       0|    427|    -|
|FIFO             |        -|    -|       -|      -|    -|
|Instance         |        -|    -|       -|      -|    -|
|Memory           |        -|    -|       -|      -|    -|
|Multiplexer      |        -|    -|       -|     56|    -|
|Register         |        -|    -|      97|      -|    -|
+-----------------+---------+-----+--------+-------+-----+
|Total            |        0|    0|      97|    483|    0|
+-----------------+---------+-----+--------+-------+-----+
|Available        |      280|  220|  106400|  53200|    0|
+-----------------+---------+-----+--------+-------+-----+
|Utilization (%)  |        0|    0|      ~0|     ~0|    0|
+-----------------+---------+-----+--------+-------+-----+

+ Detail: 
    * Instance: 
    N/A

    * DSP: 
    N/A

    * Memory: 
    N/A

    * FIFO: 
    N/A

    * Expression: 
    +------------------------+----------+----+---+----+------------+------------+
    |      Variable Name     | Operation| DSP| FF| LUT| Bitwidth P0| Bitwidth P1|
    +------------------------+----------+----+---+----+------------+------------+
    |add_ln813_10_fu_732_p2  |         +|   0|  0|   8|           8|           8|
    |add_ln813_11_fu_538_p2  |         +|   0|  0|   8|           8|           8|
    |add_ln813_12_fu_544_p2  |         +|   0|  0|   8|           8|           8|
    |add_ln813_13_fu_738_p2  |         +|   0|  0|   8|           8|           8|
    |add_ln813_14_fu_550_p2  |         +|   0|  0|  15|           8|           8|
    |add_ln813_15_fu_556_p2  |         +|   0|  0|   8|           8|           8|
    |add_ln813_16_fu_562_p2  |         +|   0|  0|  14|           7|           7|
    |add_ln813_17_fu_572_p2  |         +|   0|  0|  15|           8|           8|
    |add_ln813_18_fu_578_p2  |         +|   0|  0|   8|           8|           8|
    |add_ln813_19_fu_584_p2  |         +|   0|  0|   8|           8|           8|
    |add_ln813_20_fu_590_p2  |         +|   0|  0|  14|           7|           7|
    |add_ln813_21_fu_600_p2  |         +|   0|  0|  15|           8|           8|
    |add_ln813_22_fu_606_p2  |         +|   0|  0|   8|           8|           8|
    |add_ln813_5_fu_717_p2   |         +|   0|  0|   8|           8|           8|
    |add_ln813_6_fu_526_p2   |         +|   0|  0|   8|           8|           8|
    |add_ln813_7_fu_532_p2   |         +|   0|  0|   8|           8|           8|
    |add_ln813_8_fu_722_p2   |         +|   0|  0|   8|           8|           8|
    |add_ln813_9_fu_727_p2   |         +|   0|  0|  15|           8|           8|
    |add_ln813_fu_711_p2     |         +|   0|  0|  15|           8|           8|
    |r_V_11_fu_324_p2        |         +|   0|  0|  12|          11|          11|
    |r_V_15_fu_432_p2        |         +|   0|  0|  12|          11|          11|
    |r_V_3_fu_649_p2         |         +|   0|  0|  12|          11|          11|
    |r_V_8_fu_679_p2         |         +|   0|  0|  12|          11|          11|
    |r_V_10_fu_292_p2        |         -|   0|  0|  14|           1|           9|
    |r_V_12_fu_360_p2        |         -|   0|  0|  11|          11|          11|
    |r_V_13_fu_388_p2        |         -|   0|  0|  12|          11|          11|
    |r_V_14_fu_416_p2        |         -|   0|  0|  12|           1|          11|
    |r_V_16_fu_464_p2        |         -|   0|  0|  12|           1|          11|
    |r_V_17_fu_480_p2        |         -|   0|  0|  12|          11|          11|
    |r_V_18_fu_496_p2        |         -|   0|  0|  12|          11|          11|
    |r_V_4_fu_122_p2         |         -|   0|  0|  12|          11|          11|
    |r_V_5_fu_174_p2         |         -|   0|  0|  11|          11|          11|
    |r_V_6_fu_204_p2         |         -|   0|  0|  12|          11|          11|
    |r_V_7_fu_240_p2         |         -|   0|  0|  12|          11|          11|
    |r_V_9_fu_695_p2         |         -|   0|  0|  12|           1|          11|
    |r_V_fu_618_p2           |         -|   0|  0|  14|           1|           9|
    |sub_ln1273_6_fu_354_p2  |         -|   0|  0|  11|           1|          11|
    |sub_ln1273_fu_168_p2    |         -|   0|  0|  11|           1|          11|
    +------------------------+----------+----+---+----+------------+------------+
    |Total                   |          |   0|  0| 427|         289|         355|
    +------------------------+----------+----+---+----+------------+------------+

    * Multiplexer: 
    +-------------+----+-----------+-----+-----------+
    |     Name    | LUT| Input Size| Bits| Total Bits|
    +-------------+----+-----------+-----+-----------+
    |ap_return_0  |  14|          3|    8|         24|
    |ap_return_1  |  14|          3|    8|         24|
    |ap_return_2  |  14|          3|    8|         24|
    |ap_return_3  |  14|          3|    8|         24|
    +-------------+----+-----------+-----+-----------+
    |Total        |  56|         12|   32|         96|
    +-------------+----+-----------+-----+-----------+

    * Register: 
    +------------------------+---+----+-----+-----------+
    |          Name          | FF| LUT| Bits| Const Bits|
    +------------------------+---+----+-----+-----------+
    |add_ln813_12_reg_793    |  8|   0|    8|          0|
    |add_ln813_18_reg_798    |  8|   0|    8|          0|
    |add_ln813_22_reg_803    |  8|   0|    8|          0|
    |add_ln813_7_reg_788     |  8|   0|    8|          0|
    |ap_ce_reg               |  1|   0|    1|          0|
    |ap_return_0_int_reg     |  8|   0|    8|          0|
    |ap_return_1_int_reg     |  8|   0|    8|          0|
    |ap_return_2_int_reg     |  8|   0|    8|          0|
    |ap_return_3_int_reg     |  8|   0|    8|          0|
    |p_read_8_reg_765        |  8|   0|    8|          0|
    |p_read_9_reg_771        |  8|   0|    8|          0|
    |trunc_ln818_12_reg_783  |  8|   0|    8|          0|
    |trunc_ln818_s_reg_778   |  8|   0|    8|          0|
    +------------------------+---+----+-----+-----------+
    |Total                   | 97|   0|   97|          0|
    +------------------------+---+----+-----+-----------+



================================================================
== Interface
================================================================
* Summary: 
+-------------+-----+-----+------------+--------------------------------------------------------------------------+--------------+
|  RTL Ports  | Dir | Bits|  Protocol  |                               Source Object                              |    C Type    |
+-------------+-----+-----+------------+--------------------------------------------------------------------------+--------------+
|ap_clk       |   in|    1|  ap_ctrl_hs|  dense_latency<ap_fixed<8, 4, 5, 3, 0>, ap_fixed<8, 4, 5, 3, 0>, config5>|  return value|
|ap_rst       |   in|    1|  ap_ctrl_hs|  dense_latency<ap_fixed<8, 4, 5, 3, 0>, ap_fixed<8, 4, 5, 3, 0>, config5>|  return value|
|ap_return_0  |  out|    8|  ap_ctrl_hs|  dense_latency<ap_fixed<8, 4, 5, 3, 0>, ap_fixed<8, 4, 5, 3, 0>, config5>|  return value|
|ap_return_1  |  out|    8|  ap_ctrl_hs|  dense_latency<ap_fixed<8, 4, 5, 3, 0>, ap_fixed<8, 4, 5, 3, 0>, config5>|  return value|
|ap_return_2  |  out|    8|  ap_ctrl_hs|  dense_latency<ap_fixed<8, 4, 5, 3, 0>, ap_fixed<8, 4, 5, 3, 0>, config5>|  return value|
|ap_return_3  |  out|    8|  ap_ctrl_hs|  dense_latency<ap_fixed<8, 4, 5, 3, 0>, ap_fixed<8, 4, 5, 3, 0>, config5>|  return value|
|ap_ce        |   in|    1|  ap_ctrl_hs|  dense_latency<ap_fixed<8, 4, 5, 3, 0>, ap_fixed<8, 4, 5, 3, 0>, config5>|  return value|
|p_read       |   in|    8|     ap_none|                                                                    p_read|        scalar|
|p_read1      |   in|    8|     ap_none|                                                                   p_read1|        scalar|
|p_read2      |   in|    8|     ap_none|                                                                   p_read2|        scalar|
|p_read3      |   in|    8|     ap_none|                                                                   p_read3|        scalar|
|p_read4      |   in|    8|     ap_none|                                                                   p_read4|        scalar|
|p_read5      |   in|    8|     ap_none|                                                                   p_read5|        scalar|
+-------------+-----+-----+------------+--------------------------------------------------------------------------+--------------+

============================================================
+ Verbose Summary: Synthesis Manager
============================================================
InlineROM: 1
ExposeGlobal: 0
============================================================
+ Verbose Summary: CDFG Model
============================================================
IsTopModel: 0
ResetActiveHigh: 1
IsCombinational: 2
IsDatapathOnly: 1
HasWiredReturn: 1
HasMFsm: 2
HasVarLatency: 0
IsPipeline: 1
IsRtlPipelined: 1
IsInstanceOverlapped: 0
IsDontTouch: 0
HasImplIP: 0
IsGatedGlobalClock: 0

+ Individual pipeline summary: 
  * Pipeline-0: initiation interval (II) = 1, depth = 2


============================================================
+ Verbose Summary: Schedule
============================================================
* Number of FSM states : 2
* Pipeline : 1
  Pipeline-0 : II = 1, D = 2, States = { 1 2 }
* Dataflow Pipeline: 0

* FSM state transitions: 
1 --> 2 
2 --> 

* FSM state operations: 

State 1 <SV = 0> <Delay = 7.42>
ST_1 : Operation 3 [1/1] (0.00ns)   --->   "%p_read_5 = read i8 @_ssdm_op_Read.ap_auto.i8, i8 %p_read5" [firmware/nnet_utils/nnet_mult.h:70]   --->   Operation 3 'read' 'p_read_5' <Predicate = true> <Delay = 0.00>
ST_1 : Operation 4 [1/1] (0.00ns)   --->   "%p_read_6 = read i8 @_ssdm_op_Read.ap_auto.i8, i8 %p_read4" [firmware/nnet_utils/nnet_mult.h:70]   --->   Operation 4 'read' 'p_read_6' <Predicate = true> <Delay = 0.00>
ST_1 : Operation 5 [1/1] (0.00ns)   --->   "%p_read_7 = read i8 @_ssdm_op_Read.ap_auto.i8, i8 %p_read3" [firmware/nnet_utils/nnet_mult.h:70]   --->   Operation 5 'read' 'p_read_7' <Predicate = true> <Delay = 0.00>
ST_1 : Operation 6 [1/1] (0.00ns)   --->   "%p_read_8 = read i8 @_ssdm_op_Read.ap_auto.i8, i8 %p_read2" [firmware/nnet_utils/nnet_mult.h:70]   --->   Operation 6 'read' 'p_read_8' <Predicate = true> <Delay = 0.00>
ST_1 : Operation 7 [1/1] (0.00ns)   --->   "%p_read17 = read i8 @_ssdm_op_Read.ap_auto.i8, i8 %p_read1" [firmware/nnet_utils/nnet_mult.h:70]   --->   Operation 7 'read' 'p_read17' <Predicate = true> <Delay = 0.00>
ST_1 : Operation 8 [1/1] (0.00ns)   --->   "%p_read_9 = read i8 @_ssdm_op_Read.ap_auto.i8, i8 %p_read" [firmware/nnet_utils/nnet_mult.h:70]   --->   Operation 8 'read' 'p_read_9' <Predicate = true> <Delay = 0.00>
ST_1 : Operation 9 [1/1] (0.00ns)   --->   "%shl_ln1273_3 = bitconcatenate i11 @_ssdm_op_BitConcatenate.i11.i8.i3, i8 %p_read_9, i3 0"   --->   Operation 9 'bitconcatenate' 'shl_ln1273_3' <Predicate = true> <Delay = 0.00>
ST_1 : Operation 10 [1/1] (0.00ns)   --->   "%shl_ln1273_4 = bitconcatenate i9 @_ssdm_op_BitConcatenate.i9.i8.i1, i8 %p_read_9, i1 0"   --->   Operation 10 'bitconcatenate' 'shl_ln1273_4' <Predicate = true> <Delay = 0.00>
ST_1 : Operation 11 [1/1] (0.00ns)   --->   "%sext_ln1273_4 = sext i9 %shl_ln1273_4"   --->   Operation 11 'sext' 'sext_ln1273_4' <Predicate = true> <Delay = 0.00>
ST_1 : Operation 12 [1/1] (1.63ns)   --->   "%r_V_4 = sub i11 %sext_ln1273_4, i11 %shl_ln1273_3"   --->   Operation 12 'sub' 'r_V_4' <Predicate = true> <Delay = 1.63> <CoreInst = "Adder">   --->   Core 1 'Adder' <Latency = 0> <II = 1> <Delay = 1.63> <FuncUnit> <Opcode : 'add' 'sub'> <InPorts = 2> <OutPorts = 1>
ST_1 : Operation 13 [1/1] (0.00ns)   --->   "%trunc_ln818_8 = partselect i8 @_ssdm_op_PartSelect.i8.i11.i32.i32, i11 %r_V_4, i32 3, i32 10"   --->   Operation 13 'partselect' 'trunc_ln818_8' <Predicate = true> <Delay = 0.00>
ST_1 : Operation 14 [1/1] (0.00ns)   --->   "%trunc_ln818_9 = partselect i5 @_ssdm_op_PartSelect.i5.i8.i32.i32, i8 %p_read_9, i32 3, i32 7"   --->   Operation 14 'partselect' 'trunc_ln818_9' <Predicate = true> <Delay = 0.00>
ST_1 : Operation 15 [1/1] (0.00ns)   --->   "%sext_ln70_2 = sext i5 %trunc_ln818_9" [firmware/nnet_utils/nnet_mult.h:70]   --->   Operation 15 'sext' 'sext_ln70_2' <Predicate = true> <Delay = 0.00>
ST_1 : Operation 16 [1/1] (0.00ns)   --->   "%sext_ln1273_5 = sext i8 %p_read17"   --->   Operation 16 'sext' 'sext_ln1273_5' <Predicate = true> <Delay = 0.00>
ST_1 : Operation 17 [1/1] (0.00ns)   --->   "%shl_ln1273_5 = bitconcatenate i10 @_ssdm_op_BitConcatenate.i10.i8.i2, i8 %p_read17, i2 0"   --->   Operation 17 'bitconcatenate' 'shl_ln1273_5' <Predicate = true> <Delay = 0.00>
ST_1 : Operation 18 [1/1] (0.00ns)   --->   "%sext_ln1273_6 = sext i10 %shl_ln1273_5"   --->   Operation 18 'sext' 'sext_ln1273_6' <Predicate = true> <Delay = 0.00>
ST_1 : Operation 19 [1/1] (0.00ns) (grouped into TernaryAdder)   --->   "%sub_ln1273 = sub i11 0, i11 %sext_ln1273_6"   --->   Operation 19 'sub' 'sub_ln1273' <Predicate = true> <Delay = 0.00> <CoreInst = "TAddSub">   --->   Core 10 'TAddSub' <Latency = 0> <II = 1> <Delay = 1.87> <IPBlock> <Opcode : 'add' 'sub'> <InPorts = 3> <OutPorts = 1> <Sync> <CReg>
ST_1 : Operation 20 [1/1] (3.75ns) (root node of TernaryAdder)   --->   "%r_V_5 = sub i11 %sub_ln1273, i11 %sext_ln1273_5"   --->   Operation 20 'sub' 'r_V_5' <Predicate = true> <Delay = 3.75> <CoreInst = "TAddSub">   --->   Core 10 'TAddSub' <Latency = 0> <II = 1> <Delay = 1.87> <IPBlock> <Opcode : 'add' 'sub'> <InPorts = 3> <OutPorts = 1> <Sync> <CReg>
ST_1 : Operation 21 [1/1] (0.00ns)   --->   "%trunc_ln818_s = partselect i8 @_ssdm_op_PartSelect.i8.i11.i32.i32, i11 %r_V_5, i32 3, i32 10"   --->   Operation 21 'partselect' 'trunc_ln818_s' <Predicate = true> <Delay = 0.00>
ST_1 : Operation 22 [1/1] (0.00ns)   --->   "%trunc_ln818_1 = partselect i7 @_ssdm_op_PartSelect.i7.i8.i32.i32, i8 %p_read17, i32 1, i32 7"   --->   Operation 22 'partselect' 'trunc_ln818_1' <Predicate = true> <Delay = 0.00>
ST_1 : Operation 23 [1/1] (0.00ns)   --->   "%sext_ln818_1 = sext i7 %trunc_ln818_1"   --->   Operation 23 'sext' 'sext_ln818_1' <Predicate = true> <Delay = 0.00>
ST_1 : Operation 24 [1/1] (1.73ns)   --->   "%r_V_6 = sub i11 %sext_ln1273_6, i11 %sext_ln1273_5"   --->   Operation 24 'sub' 'r_V_6' <Predicate = true> <Delay = 1.73> <CoreInst = "Adder">   --->   Core 1 'Adder' <Latency = 0> <II = 1> <Delay = 1.63> <FuncUnit> <Opcode : 'add' 'sub'> <InPorts = 2> <OutPorts = 1>
ST_1 : Operation 25 [1/1] (0.00ns)   --->   "%trunc_ln818_2 = partselect i8 @_ssdm_op_PartSelect.i8.i11.i32.i32, i11 %r_V_6, i32 3, i32 10"   --->   Operation 25 'partselect' 'trunc_ln818_2' <Predicate = true> <Delay = 0.00>
ST_1 : Operation 26 [1/1] (0.00ns)   --->   "%shl_ln1273_6 = bitconcatenate i11 @_ssdm_op_BitConcatenate.i11.i8.i3, i8 %p_read17, i3 0"   --->   Operation 26 'bitconcatenate' 'shl_ln1273_6' <Predicate = true> <Delay = 0.00>
ST_1 : Operation 27 [1/1] (0.00ns)   --->   "%shl_ln1273_7 = bitconcatenate i9 @_ssdm_op_BitConcatenate.i9.i8.i1, i8 %p_read17, i1 0"   --->   Operation 27 'bitconcatenate' 'shl_ln1273_7' <Predicate = true> <Delay = 0.00>
ST_1 : Operation 28 [1/1] (0.00ns)   --->   "%sext_ln1273_7 = sext i9 %shl_ln1273_7"   --->   Operation 28 'sext' 'sext_ln1273_7' <Predicate = true> <Delay = 0.00>
ST_1 : Operation 29 [1/1] (1.63ns)   --->   "%r_V_7 = sub i11 %shl_ln1273_6, i11 %sext_ln1273_7"   --->   Operation 29 'sub' 'r_V_7' <Predicate = true> <Delay = 1.63> <CoreInst = "Adder">   --->   Core 1 'Adder' <Latency = 0> <II = 1> <Delay = 1.63> <FuncUnit> <Opcode : 'add' 'sub'> <InPorts = 2> <OutPorts = 1>
ST_1 : Operation 30 [1/1] (0.00ns)   --->   "%trunc_ln818_3 = partselect i8 @_ssdm_op_PartSelect.i8.i11.i32.i32, i11 %r_V_7, i32 3, i32 10"   --->   Operation 30 'partselect' 'trunc_ln818_3' <Predicate = true> <Delay = 0.00>
ST_1 : Operation 31 [1/1] (0.00ns)   --->   "%trunc_ln818_6 = partselect i5 @_ssdm_op_PartSelect.i5.i8.i32.i32, i8 %p_read_8, i32 3, i32 7"   --->   Operation 31 'partselect' 'trunc_ln818_6' <Predicate = true> <Delay = 0.00>
ST_1 : Operation 32 [1/1] (0.00ns)   --->   "%sext_ln818_2 = sext i5 %trunc_ln818_6"   --->   Operation 32 'sext' 'sext_ln818_2' <Predicate = true> <Delay = 0.00>
ST_1 : Operation 33 [1/1] (0.00ns)   --->   "%trunc_ln818_10 = partselect i6 @_ssdm_op_PartSelect.i6.i8.i32.i32, i8 %p_read_8, i32 2, i32 7"   --->   Operation 33 'partselect' 'trunc_ln818_10' <Predicate = true> <Delay = 0.00>
ST_1 : Operation 34 [1/1] (0.00ns)   --->   "%sext_ln70_4 = sext i6 %trunc_ln818_10" [firmware/nnet_utils/nnet_mult.h:70]   --->   Operation 34 'sext' 'sext_ln70_4' <Predicate = true> <Delay = 0.00>
ST_1 : Operation 35 [1/1] (0.00ns)   --->   "%sext_ln1273_9 = sext i8 %p_read_7"   --->   Operation 35 'sext' 'sext_ln1273_9' <Predicate = true> <Delay = 0.00>
ST_1 : Operation 36 [1/1] (0.00ns)   --->   "%sext_ln1273_10 = sext i8 %p_read_7"   --->   Operation 36 'sext' 'sext_ln1273_10' <Predicate = true> <Delay = 0.00>
ST_1 : Operation 37 [1/1] (1.91ns)   --->   "%r_V_10 = sub i9 0, i9 %sext_ln1273_10"   --->   Operation 37 'sub' 'r_V_10' <Predicate = true> <Delay = 1.91> <CoreInst = "Adder">   --->   Core 1 'Adder' <Latency = 0> <II = 1> <Delay = 1.82> <FuncUnit> <Opcode : 'add' 'sub'> <InPorts = 2> <OutPorts = 1>
ST_1 : Operation 38 [1/1] (0.00ns)   --->   "%trunc_ln818_11 = partselect i6 @_ssdm_op_PartSelect.i6.i9.i32.i32, i9 %r_V_10, i32 3, i32 8"   --->   Operation 38 'partselect' 'trunc_ln818_11' <Predicate = true> <Delay = 0.00>
ST_1 : Operation 39 [1/1] (0.00ns)   --->   "%sext_ln818_3 = sext i6 %trunc_ln818_11"   --->   Operation 39 'sext' 'sext_ln818_3' <Predicate = true> <Delay = 0.00>
ST_1 : Operation 40 [1/1] (0.00ns)   --->   "%shl_ln1273_9 = bitconcatenate i10 @_ssdm_op_BitConcatenate.i10.i8.i2, i8 %p_read_7, i2 0"   --->   Operation 40 'bitconcatenate' 'shl_ln1273_9' <Predicate = true> <Delay = 0.00>
ST_1 : Operation 41 [1/1] (0.00ns)   --->   "%sext_ln1273_11 = sext i10 %shl_ln1273_9"   --->   Operation 41 'sext' 'sext_ln1273_11' <Predicate = true> <Delay = 0.00>
ST_1 : Operation 42 [1/1] (1.73ns)   --->   "%r_V_11 = add i11 %sext_ln1273_11, i11 %sext_ln1273_9"   --->   Operation 42 'add' 'r_V_11' <Predicate = true> <Delay = 1.73> <CoreInst = "Adder">   --->   Core 1 'Adder' <Latency = 0> <II = 1> <Delay = 1.63> <FuncUnit> <Opcode : 'add' 'sub'> <InPorts = 2> <OutPorts = 1>
ST_1 : Operation 43 [1/1] (0.00ns)   --->   "%trunc_ln818_12 = partselect i8 @_ssdm_op_PartSelect.i8.i11.i32.i32, i11 %r_V_11, i32 3, i32 10"   --->   Operation 43 'partselect' 'trunc_ln818_12' <Predicate = true> <Delay = 0.00>
ST_1 : Operation 44 [1/1] (0.00ns)   --->   "%trunc_ln818_13 = partselect i6 @_ssdm_op_PartSelect.i6.i8.i32.i32, i8 %p_read_7, i32 2, i32 7"   --->   Operation 44 'partselect' 'trunc_ln818_13' <Predicate = true> <Delay = 0.00>
ST_1 : Operation 45 [1/1] (0.00ns)   --->   "%sext_ln1273_12 = sext i6 %trunc_ln818_13"   --->   Operation 45 'sext' 'sext_ln1273_12' <Predicate = true> <Delay = 0.00>
ST_1 : Operation 46 [1/1] (0.00ns) (grouped into TernaryAdder)   --->   "%sub_ln1273_6 = sub i11 0, i11 %sext_ln1273_11"   --->   Operation 46 'sub' 'sub_ln1273_6' <Predicate = true> <Delay = 0.00> <CoreInst = "TAddSub">   --->   Core 10 'TAddSub' <Latency = 0> <II = 1> <Delay = 1.87> <IPBlock> <Opcode : 'add' 'sub'> <InPorts = 3> <OutPorts = 1> <Sync> <CReg>
ST_1 : Operation 47 [1/1] (3.75ns) (root node of TernaryAdder)   --->   "%r_V_12 = sub i11 %sub_ln1273_6, i11 %sext_ln1273_9"   --->   Operation 47 'sub' 'r_V_12' <Predicate = true> <Delay = 3.75> <CoreInst = "TAddSub">   --->   Core 10 'TAddSub' <Latency = 0> <II = 1> <Delay = 1.87> <IPBlock> <Opcode : 'add' 'sub'> <InPorts = 3> <OutPorts = 1> <Sync> <CReg>
ST_1 : Operation 48 [1/1] (0.00ns)   --->   "%trunc_ln818_14 = partselect i8 @_ssdm_op_PartSelect.i8.i11.i32.i32, i11 %r_V_12, i32 3, i32 10"   --->   Operation 48 'partselect' 'trunc_ln818_14' <Predicate = true> <Delay = 0.00>
ST_1 : Operation 49 [1/1] (0.00ns)   --->   "%sext_ln1273_13 = sext i8 %p_read_6"   --->   Operation 49 'sext' 'sext_ln1273_13' <Predicate = true> <Delay = 0.00>
ST_1 : Operation 50 [1/1] (0.00ns)   --->   "%shl_ln1273_s = bitconcatenate i11 @_ssdm_op_BitConcatenate.i11.i8.i3, i8 %p_read_6, i3 0"   --->   Operation 50 'bitconcatenate' 'shl_ln1273_s' <Predicate = true> <Delay = 0.00>
ST_1 : Operation 51 [1/1] (1.63ns)   --->   "%r_V_13 = sub i11 %shl_ln1273_s, i11 %sext_ln1273_13"   --->   Operation 51 'sub' 'r_V_13' <Predicate = true> <Delay = 1.63> <CoreInst = "Adder">   --->   Core 1 'Adder' <Latency = 0> <II = 1> <Delay = 1.63> <FuncUnit> <Opcode : 'add' 'sub'> <InPorts = 2> <OutPorts = 1>
ST_1 : Operation 52 [1/1] (0.00ns)   --->   "%trunc_ln818_15 = partselect i8 @_ssdm_op_PartSelect.i8.i11.i32.i32, i11 %r_V_13, i32 3, i32 10"   --->   Operation 52 'partselect' 'trunc_ln818_15' <Predicate = true> <Delay = 0.00>
ST_1 : Operation 53 [1/1] (0.00ns)   --->   "%shl_ln1273_1 = bitconcatenate i10 @_ssdm_op_BitConcatenate.i10.i8.i2, i8 %p_read_6, i2 0"   --->   Operation 53 'bitconcatenate' 'shl_ln1273_1' <Predicate = true> <Delay = 0.00>
ST_1 : Operation 54 [1/1] (0.00ns)   --->   "%sext_ln1273_14 = sext i10 %shl_ln1273_1"   --->   Operation 54 'sext' 'sext_ln1273_14' <Predicate = true> <Delay = 0.00>
ST_1 : Operation 55 [1/1] (1.73ns)   --->   "%r_V_14 = sub i11 0, i11 %sext_ln1273_14"   --->   Operation 55 'sub' 'r_V_14' <Predicate = true> <Delay = 1.73> <CoreInst = "Adder">   --->   Core 1 'Adder' <Latency = 0> <II = 1> <Delay = 1.63> <FuncUnit> <Opcode : 'add' 'sub'> <InPorts = 2> <OutPorts = 1>
ST_1 : Operation 56 [1/1] (0.00ns)   --->   "%trunc_ln818_16 = partselect i8 @_ssdm_op_PartSelect.i8.i11.i32.i32, i11 %r_V_14, i32 3, i32 10"   --->   Operation 56 'partselect' 'trunc_ln818_16' <Predicate = true> <Delay = 0.00>
ST_1 : Operation 57 [1/1] (1.73ns)   --->   "%r_V_15 = add i11 %sext_ln1273_14, i11 %sext_ln1273_13"   --->   Operation 57 'add' 'r_V_15' <Predicate = true> <Delay = 1.73> <CoreInst = "Adder">   --->   Core 1 'Adder' <Latency = 0> <II = 1> <Delay = 1.63> <FuncUnit> <Opcode : 'add' 'sub'> <InPorts = 2> <OutPorts = 1>
ST_1 : Operation 58 [1/1] (0.00ns)   --->   "%trunc_ln818_17 = partselect i8 @_ssdm_op_PartSelect.i8.i11.i32.i32, i11 %r_V_15, i32 3, i32 10"   --->   Operation 58 'partselect' 'trunc_ln818_17' <Predicate = true> <Delay = 0.00>
ST_1 : Operation 59 [1/1] (0.00ns)   --->   "%sext_ln1273_15 = sext i8 %p_read_5"   --->   Operation 59 'sext' 'sext_ln1273_15' <Predicate = true> <Delay = 0.00>
ST_1 : Operation 60 [1/1] (0.00ns)   --->   "%shl_ln1273_2 = bitconcatenate i10 @_ssdm_op_BitConcatenate.i10.i8.i2, i8 %p_read_5, i2 0"   --->   Operation 60 'bitconcatenate' 'shl_ln1273_2' <Predicate = true> <Delay = 0.00>
ST_1 : Operation 61 [1/1] (0.00ns)   --->   "%sext_ln1273_16 = sext i10 %shl_ln1273_2"   --->   Operation 61 'sext' 'sext_ln1273_16' <Predicate = true> <Delay = 0.00>
ST_1 : Operation 62 [1/1] (1.73ns)   --->   "%r_V_16 = sub i11 0, i11 %sext_ln1273_16"   --->   Operation 62 'sub' 'r_V_16' <Predicate = true> <Delay = 1.73> <CoreInst = "Adder">   --->   Core 1 'Adder' <Latency = 0> <II = 1> <Delay = 1.63> <FuncUnit> <Opcode : 'add' 'sub'> <InPorts = 2> <OutPorts = 1>
ST_1 : Operation 63 [1/1] (0.00ns)   --->   "%trunc_ln818_18 = partselect i8 @_ssdm_op_PartSelect.i8.i11.i32.i32, i11 %r_V_16, i32 3, i32 10"   --->   Operation 63 'partselect' 'trunc_ln818_18' <Predicate = true> <Delay = 0.00>
ST_1 : Operation 64 [1/1] (1.73ns)   --->   "%r_V_17 = sub i11 %sext_ln1273_15, i11 %sext_ln1273_16"   --->   Operation 64 'sub' 'r_V_17' <Predicate = true> <Delay = 1.73> <CoreInst = "Adder">   --->   Core 1 'Adder' <Latency = 0> <II = 1> <Delay = 1.63> <FuncUnit> <Opcode : 'add' 'sub'> <InPorts = 2> <OutPorts = 1>
ST_1 : Operation 65 [1/1] (0.00ns)   --->   "%trunc_ln818_19 = partselect i8 @_ssdm_op_PartSelect.i8.i11.i32.i32, i11 %r_V_17, i32 3, i32 10"   --->   Operation 65 'partselect' 'trunc_ln818_19' <Predicate = true> <Delay = 0.00>
ST_1 : Operation 66 [1/1] (1.73ns)   --->   "%r_V_18 = sub i11 %sext_ln1273_16, i11 %sext_ln1273_15"   --->   Operation 66 'sub' 'r_V_18' <Predicate = true> <Delay = 1.73> <CoreInst = "Adder">   --->   Core 1 'Adder' <Latency = 0> <II = 1> <Delay = 1.63> <FuncUnit> <Opcode : 'add' 'sub'> <InPorts = 2> <OutPorts = 1>
ST_1 : Operation 67 [1/1] (0.00ns)   --->   "%trunc_ln818_20 = partselect i8 @_ssdm_op_PartSelect.i8.i11.i32.i32, i11 %r_V_18, i32 3, i32 10"   --->   Operation 67 'partselect' 'trunc_ln818_20' <Predicate = true> <Delay = 0.00>
ST_1 : Operation 68 [1/1] (0.00ns)   --->   "%trunc_ln818_21 = partselect i7 @_ssdm_op_PartSelect.i7.i8.i32.i32, i8 %p_read_5, i32 1, i32 7"   --->   Operation 68 'partselect' 'trunc_ln818_21' <Predicate = true> <Delay = 0.00>
ST_1 : Operation 69 [1/1] (0.00ns)   --->   "%sext_ln818_4 = sext i7 %trunc_ln818_21"   --->   Operation 69 'sext' 'sext_ln818_4' <Predicate = true> <Delay = 0.00>
ST_1 : Operation 70 [1/1] (0.00ns) (grouped into TernaryAdder)   --->   "%add_ln813_6 = add i8 %trunc_ln818_15, i8 %trunc_ln818_18"   --->   Operation 70 'add' 'add_ln813_6' <Predicate = true> <Delay = 0.00> <CoreInst = "TAddSub">   --->   Core 10 'TAddSub' <Latency = 0> <II = 1> <Delay = 1.87> <IPBlock> <Opcode : 'add' 'sub'> <InPorts = 3> <OutPorts = 1> <Sync> <CReg>
ST_1 : Operation 71 [1/1] (3.66ns) (root node of TernaryAdder)   --->   "%add_ln813_7 = add i8 %add_ln813_6, i8 %sext_ln818_3"   --->   Operation 71 'add' 'add_ln813_7' <Predicate = true> <Delay = 3.66> <CoreInst = "TAddSub">   --->   Core 10 'TAddSub' <Latency = 0> <II = 1> <Delay = 1.87> <IPBlock> <Opcode : 'add' 'sub'> <InPorts = 3> <OutPorts = 1> <Sync> <CReg>
ST_1 : Operation 72 [1/1] (0.00ns) (grouped into TernaryAdder)   --->   "%add_ln813_11 = add i8 %trunc_ln818_19, i8 %sext_ln818_1"   --->   Operation 72 'add' 'add_ln813_11' <Predicate = true> <Delay = 0.00> <CoreInst = "TAddSub">   --->   Core 10 'TAddSub' <Latency = 0> <II = 1> <Delay = 1.87> <IPBlock> <Opcode : 'add' 'sub'> <InPorts = 3> <OutPorts = 1> <Sync> <CReg>
ST_1 : Operation 73 [1/1] (3.66ns) (root node of TernaryAdder)   --->   "%add_ln813_12 = add i8 %add_ln813_11, i8 %trunc_ln818_16"   --->   Operation 73 'add' 'add_ln813_12' <Predicate = true> <Delay = 3.66> <CoreInst = "TAddSub">   --->   Core 10 'TAddSub' <Latency = 0> <II = 1> <Delay = 1.87> <IPBlock> <Opcode : 'add' 'sub'> <InPorts = 3> <OutPorts = 1> <Sync> <CReg>
ST_1 : Operation 74 [1/1] (1.91ns)   --->   "%add_ln813_14 = add i8 %trunc_ln818_8, i8 %trunc_ln818_17"   --->   Operation 74 'add' 'add_ln813_14' <Predicate = true> <Delay = 1.91> <CoreInst = "Adder">   --->   Core 1 'Adder' <Latency = 0> <II = 1> <Delay = 1.91> <FuncUnit> <Opcode : 'add' 'sub'> <InPorts = 2> <OutPorts = 1>
ST_1 : Operation 75 [1/1] (0.00ns) (grouped into TernaryAdder)   --->   "%add_ln813_15 = add i8 %add_ln813_14, i8 %trunc_ln818_2"   --->   Operation 75 'add' 'add_ln813_15' <Predicate = true> <Delay = 0.00> <CoreInst = "TAddSub">   --->   Core 10 'TAddSub' <Latency = 0> <II = 1> <Delay = 1.87> <IPBlock> <Opcode : 'add' 'sub'> <InPorts = 3> <OutPorts = 1> <Sync> <CReg>
ST_1 : Operation 76 [1/1] (1.82ns)   --->   "%add_ln813_16 = add i7 %sext_ln1273_12, i7 %sext_ln818_2"   --->   Operation 76 'add' 'add_ln813_16' <Predicate = true> <Delay = 1.82> <CoreInst = "Adder">   --->   Core 1 'Adder' <Latency = 0> <II = 1> <Delay = 1.87> <FuncUnit> <Opcode : 'add' 'sub'> <InPorts = 2> <OutPorts = 1>
ST_1 : Operation 77 [1/1] (0.00ns)   --->   "%sext_ln813 = sext i7 %add_ln813_16"   --->   Operation 77 'sext' 'sext_ln813' <Predicate = true> <Delay = 0.00>
ST_1 : Operation 78 [1/1] (1.91ns)   --->   "%add_ln813_17 = add i8 %sext_ln813, i8 %trunc_ln818_20"   --->   Operation 78 'add' 'add_ln813_17' <Predicate = true> <Delay = 1.91> <CoreInst = "Adder">   --->   Core 1 'Adder' <Latency = 0> <II = 1> <Delay = 1.91> <FuncUnit> <Opcode : 'add' 'sub'> <InPorts = 2> <OutPorts = 1>
ST_1 : Operation 79 [1/1] (3.66ns) (root node of TernaryAdder)   --->   "%add_ln813_18 = add i8 %add_ln813_17, i8 %add_ln813_15"   --->   Operation 79 'add' 'add_ln813_18' <Predicate = true> <Delay = 3.66> <CoreInst = "TAddSub">   --->   Core 10 'TAddSub' <Latency = 0> <II = 1> <Delay = 1.87> <IPBlock> <Opcode : 'add' 'sub'> <InPorts = 3> <OutPorts = 1> <Sync> <CReg>
ST_1 : Operation 80 [1/1] (0.00ns) (grouped into TernaryAdder)   --->   "%add_ln813_19 = add i8 %trunc_ln818_3, i8 %trunc_ln818_14"   --->   Operation 80 'add' 'add_ln813_19' <Predicate = true> <Delay = 0.00> <CoreInst = "TAddSub">   --->   Core 10 'TAddSub' <Latency = 0> <II = 1> <Delay = 1.87> <IPBlock> <Opcode : 'add' 'sub'> <InPorts = 3> <OutPorts = 1> <Sync> <CReg>
ST_1 : Operation 81 [1/1] (1.82ns)   --->   "%add_ln813_20 = add i7 %sext_ln70_4, i7 %sext_ln70_2"   --->   Operation 81 'add' 'add_ln813_20' <Predicate = true> <Delay = 1.82> <CoreInst = "Adder">   --->   Core 1 'Adder' <Latency = 0> <II = 1> <Delay = 1.87> <FuncUnit> <Opcode : 'add' 'sub'> <InPorts = 2> <OutPorts = 1>
ST_1 : Operation 82 [1/1] (0.00ns)   --->   "%sext_ln813_1 = sext i7 %add_ln813_20"   --->   Operation 82 'sext' 'sext_ln813_1' <Predicate = true> <Delay = 0.00>
ST_1 : Operation 83 [1/1] (1.87ns)   --->   "%add_ln813_21 = add i8 %sext_ln813_1, i8 %sext_ln818_4"   --->   Operation 83 'add' 'add_ln813_21' <Predicate = true> <Delay = 1.87> <CoreInst = "Adder">   --->   Core 1 'Adder' <Latency = 0> <II = 1> <Delay = 1.91> <FuncUnit> <Opcode : 'add' 'sub'> <InPorts = 2> <OutPorts = 1>
ST_1 : Operation 84 [1/1] (3.66ns) (root node of TernaryAdder)   --->   "%add_ln813_22 = add i8 %add_ln813_21, i8 %add_ln813_19"   --->   Operation 84 'add' 'add_ln813_22' <Predicate = true> <Delay = 3.66> <CoreInst = "TAddSub">   --->   Core 10 'TAddSub' <Latency = 0> <II = 1> <Delay = 1.87> <IPBlock> <Opcode : 'add' 'sub'> <InPorts = 3> <OutPorts = 1> <Sync> <CReg>

State 2 <SV = 1> <Delay = 7.49>
ST_2 : Operation 85 [1/1] (0.00ns)   --->   "%specpipeline_ln33 = specpipeline void @_ssdm_op_SpecPipeline, i32 1, i32 0, i32 0, i32 0, void @empty_1" [firmware/nnet_utils/nnet_dense_latency.h:33]   --->   Operation 85 'specpipeline' 'specpipeline_ln33' <Predicate = true> <Delay = 0.00>
ST_2 : Operation 86 [1/1] (0.00ns)   --->   "%specresourcelimit_ln33 = specresourcelimit void @_ssdm_op_SpecResourceLimit, i64 23, void @empty_4, void @empty_1, void @empty_1, void @empty_1" [firmware/nnet_utils/nnet_dense_latency.h:33]   --->   Operation 86 'specresourcelimit' 'specresourcelimit_ln33' <Predicate = true> <Delay = 0.00>
ST_2 : Operation 87 [1/1] (0.00ns)   --->   "%sext_ln70 = sext i8 %p_read_9" [firmware/nnet_utils/nnet_mult.h:70]   --->   Operation 87 'sext' 'sext_ln70' <Predicate = true> <Delay = 0.00>
ST_2 : Operation 88 [1/1] (0.00ns)   --->   "%sext_ln70_1 = sext i8 %p_read_9" [firmware/nnet_utils/nnet_mult.h:70]   --->   Operation 88 'sext' 'sext_ln70_1' <Predicate = true> <Delay = 0.00>
ST_2 : Operation 89 [1/1] (1.91ns)   --->   "%r_V = sub i9 0, i9 %sext_ln70_1"   --->   Operation 89 'sub' 'r_V' <Predicate = true> <Delay = 1.91> <CoreInst = "Adder">   --->   Core 1 'Adder' <Latency = 0> <II = 1> <Delay = 1.82> <FuncUnit> <Opcode : 'add' 'sub'> <InPorts = 2> <OutPorts = 1>
ST_2 : Operation 90 [1/1] (0.00ns)   --->   "%trunc_ln = partselect i6 @_ssdm_op_PartSelect.i6.i9.i32.i32, i9 %r_V, i32 3, i32 8"   --->   Operation 90 'partselect' 'trunc_ln' <Predicate = true> <Delay = 0.00>
ST_2 : Operation 91 [1/1] (0.00ns)   --->   "%sext_ln818 = sext i6 %trunc_ln"   --->   Operation 91 'sext' 'sext_ln818' <Predicate = true> <Delay = 0.00>
ST_2 : Operation 92 [1/1] (0.00ns)   --->   "%shl_ln = bitconcatenate i10 @_ssdm_op_BitConcatenate.i10.i8.i2, i8 %p_read_9, i2 0"   --->   Operation 92 'bitconcatenate' 'shl_ln' <Predicate = true> <Delay = 0.00>
ST_2 : Operation 93 [1/1] (0.00ns)   --->   "%sext_ln1273 = sext i10 %shl_ln"   --->   Operation 93 'sext' 'sext_ln1273' <Predicate = true> <Delay = 0.00>
ST_2 : Operation 94 [1/1] (1.73ns)   --->   "%r_V_3 = add i11 %sext_ln1273, i11 %sext_ln70"   --->   Operation 94 'add' 'r_V_3' <Predicate = true> <Delay = 1.73> <CoreInst = "Adder">   --->   Core 1 'Adder' <Latency = 0> <II = 1> <Delay = 1.63> <FuncUnit> <Opcode : 'add' 'sub'> <InPorts = 2> <OutPorts = 1>
ST_2 : Operation 95 [1/1] (0.00ns)   --->   "%trunc_ln818_7 = partselect i8 @_ssdm_op_PartSelect.i8.i11.i32.i32, i11 %r_V_3, i32 3, i32 10"   --->   Operation 95 'partselect' 'trunc_ln818_7' <Predicate = true> <Delay = 0.00>
ST_2 : Operation 96 [1/1] (0.00ns)   --->   "%sext_ln70_3 = sext i8 %p_read_8" [firmware/nnet_utils/nnet_mult.h:70]   --->   Operation 96 'sext' 'sext_ln70_3' <Predicate = true> <Delay = 0.00>
ST_2 : Operation 97 [1/1] (0.00ns)   --->   "%shl_ln1273_8 = bitconcatenate i10 @_ssdm_op_BitConcatenate.i10.i8.i2, i8 %p_read_8, i2 0"   --->   Operation 97 'bitconcatenate' 'shl_ln1273_8' <Predicate = true> <Delay = 0.00>
ST_2 : Operation 98 [1/1] (0.00ns)   --->   "%sext_ln1273_8 = sext i10 %shl_ln1273_8"   --->   Operation 98 'sext' 'sext_ln1273_8' <Predicate = true> <Delay = 0.00>
ST_2 : Operation 99 [1/1] (1.73ns)   --->   "%r_V_8 = add i11 %sext_ln1273_8, i11 %sext_ln70_3"   --->   Operation 99 'add' 'r_V_8' <Predicate = true> <Delay = 1.73> <CoreInst = "Adder">   --->   Core 1 'Adder' <Latency = 0> <II = 1> <Delay = 1.63> <FuncUnit> <Opcode : 'add' 'sub'> <InPorts = 2> <OutPorts = 1>
ST_2 : Operation 100 [1/1] (0.00ns)   --->   "%trunc_ln818_4 = partselect i8 @_ssdm_op_PartSelect.i8.i11.i32.i32, i11 %r_V_8, i32 3, i32 10"   --->   Operation 100 'partselect' 'trunc_ln818_4' <Predicate = true> <Delay = 0.00>
ST_2 : Operation 101 [1/1] (1.73ns)   --->   "%r_V_9 = sub i11 0, i11 %sext_ln1273_8"   --->   Operation 101 'sub' 'r_V_9' <Predicate = true> <Delay = 1.73> <CoreInst = "Adder">   --->   Core 1 'Adder' <Latency = 0> <II = 1> <Delay = 1.63> <FuncUnit> <Opcode : 'add' 'sub'> <InPorts = 2> <OutPorts = 1>
ST_2 : Operation 102 [1/1] (0.00ns)   --->   "%trunc_ln818_5 = partselect i8 @_ssdm_op_PartSelect.i8.i11.i32.i32, i11 %r_V_9, i32 3, i32 10"   --->   Operation 102 'partselect' 'trunc_ln818_5' <Predicate = true> <Delay = 0.00>
ST_2 : Operation 103 [1/1] (1.91ns)   --->   "%add_ln813 = add i8 %sext_ln818, i8 %trunc_ln818_4"   --->   Operation 103 'add' 'add_ln813' <Predicate = true> <Delay = 1.91> <CoreInst = "Adder">   --->   Core 1 'Adder' <Latency = 0> <II = 1> <Delay = 1.91> <FuncUnit> <Opcode : 'add' 'sub'> <InPorts = 2> <OutPorts = 1>
ST_2 : Operation 104 [1/1] (0.00ns) (grouped into TernaryAdder)   --->   "%add_ln813_5 = add i8 %add_ln813, i8 %trunc_ln818_s"   --->   Operation 104 'add' 'add_ln813_5' <Predicate = true> <Delay = 0.00> <CoreInst = "TAddSub">   --->   Core 10 'TAddSub' <Latency = 0> <II = 1> <Delay = 1.87> <IPBlock> <Opcode : 'add' 'sub'> <InPorts = 3> <OutPorts = 1> <Sync> <CReg>
ST_2 : Operation 105 [1/1] (3.66ns) (root node of TernaryAdder)   --->   "%add_ln813_8 = add i8 %add_ln813_7, i8 %add_ln813_5"   --->   Operation 105 'add' 'add_ln813_8' <Predicate = true> <Delay = 3.66> <CoreInst = "TAddSub">   --->   Core 10 'TAddSub' <Latency = 0> <II = 1> <Delay = 1.87> <IPBlock> <Opcode : 'add' 'sub'> <InPorts = 3> <OutPorts = 1> <Sync> <CReg>
ST_2 : Operation 106 [1/1] (1.91ns)   --->   "%add_ln813_9 = add i8 %trunc_ln818_5, i8 %trunc_ln818_12"   --->   Operation 106 'add' 'add_ln813_9' <Predicate = true> <Delay = 1.91> <CoreInst = "Adder">   --->   Core 1 'Adder' <Latency = 0> <II = 1> <Delay = 1.91> <FuncUnit> <Opcode : 'add' 'sub'> <InPorts = 2> <OutPorts = 1>
ST_2 : Operation 107 [1/1] (0.00ns) (grouped into TernaryAdder)   --->   "%add_ln813_10 = add i8 %add_ln813_9, i8 %trunc_ln818_7"   --->   Operation 107 'add' 'add_ln813_10' <Predicate = true> <Delay = 0.00> <CoreInst = "TAddSub">   --->   Core 10 'TAddSub' <Latency = 0> <II = 1> <Delay = 1.87> <IPBlock> <Opcode : 'add' 'sub'> <InPorts = 3> <OutPorts = 1> <Sync> <CReg>
ST_2 : Operation 108 [1/1] (3.66ns) (root node of TernaryAdder)   --->   "%add_ln813_13 = add i8 %add_ln813_12, i8 %add_ln813_10"   --->   Operation 108 'add' 'add_ln813_13' <Predicate = true> <Delay = 3.66> <CoreInst = "TAddSub">   --->   Core 10 'TAddSub' <Latency = 0> <II = 1> <Delay = 1.87> <IPBlock> <Opcode : 'add' 'sub'> <InPorts = 3> <OutPorts = 1> <Sync> <CReg>
ST_2 : Operation 109 [1/1] (0.00ns)   --->   "%mrv = insertvalue i32 <undef>, i8 %add_ln813_8" [firmware/nnet_utils/nnet_dense_latency.h:68]   --->   Operation 109 'insertvalue' 'mrv' <Predicate = true> <Delay = 0.00>
ST_2 : Operation 110 [1/1] (0.00ns)   --->   "%mrv_1 = insertvalue i32 %mrv, i8 %add_ln813_13" [firmware/nnet_utils/nnet_dense_latency.h:68]   --->   Operation 110 'insertvalue' 'mrv_1' <Predicate = true> <Delay = 0.00>
ST_2 : Operation 111 [1/1] (0.00ns)   --->   "%mrv_2 = insertvalue i32 %mrv_1, i8 %add_ln813_18" [firmware/nnet_utils/nnet_dense_latency.h:68]   --->   Operation 111 'insertvalue' 'mrv_2' <Predicate = true> <Delay = 0.00>
ST_2 : Operation 112 [1/1] (0.00ns)   --->   "%mrv_3 = insertvalue i32 %mrv_2, i8 %add_ln813_22" [firmware/nnet_utils/nnet_dense_latency.h:68]   --->   Operation 112 'insertvalue' 'mrv_3' <Predicate = true> <Delay = 0.00>
ST_2 : Operation 113 [1/1] (0.00ns)   --->   "%ret_ln68 = ret i32 %mrv_3" [firmware/nnet_utils/nnet_dense_latency.h:68]   --->   Operation 113 'ret' 'ret_ln68' <Predicate = true> <Delay = 0.00>


============================================================
+ Verbose Summary: Binding
============================================================
STG Binding: 
---------------- STG Properties BEGIN ----------------
- Is combinational: 0
- Is one-state seq: 0
- Is datapath-only: 1
- Is pipelined: 1
- Is top level: 0
Port [ Return ] is wired: 1; IO mode=ap_ctrl_hs:ce=0
Port [ p_read]:  wired=1; compound=0; hidden=0; nouse=0; global=0; static=0; extern=0; dir=0; type=0; pingpong=0; private_global=0; IO mode=ap_none:ce=0
Port [ p_read1]:  wired=1; compound=0; hidden=0; nouse=0; global=0; static=0; extern=0; dir=0; type=0; pingpong=0; private_global=0; IO mode=ap_none:ce=0
Port [ p_read2]:  wired=1; compound=0; hidden=0; nouse=0; global=0; static=0; extern=0; dir=0; type=0; pingpong=0; private_global=0; IO mode=ap_none:ce=0
Port [ p_read3]:  wired=1; compound=0; hidden=0; nouse=0; global=0; static=0; extern=0; dir=0; type=0; pingpong=0; private_global=0; IO mode=ap_none:ce=0
Port [ p_read4]:  wired=1; compound=0; hidden=0; nouse=0; global=0; static=0; extern=0; dir=0; type=0; pingpong=0; private_global=0; IO mode=ap_none:ce=0
Port [ p_read5]:  wired=1; compound=0; hidden=0; nouse=0; global=0; static=0; extern=0; dir=0; type=0; pingpong=0; private_global=0; IO mode=ap_none:ce=0
---------------- STG Properties END ------------------

---------------- Datapath Model BEGIN ----------------

<LifeTime>
<method=bitvector/>
p_read_5               (read             ) [ 000]
p_read_6               (read             ) [ 000]
p_read_7               (read             ) [ 000]
p_read_8               (read             ) [ 011]
p_read17               (read             ) [ 000]
p_read_9               (read             ) [ 011]
shl_ln1273_3           (bitconcatenate   ) [ 000]
shl_ln1273_4           (bitconcatenate   ) [ 000]
sext_ln1273_4          (sext             ) [ 000]
r_V_4                  (sub              ) [ 000]
trunc_ln818_8          (partselect       ) [ 000]
trunc_ln818_9          (partselect       ) [ 000]
sext_ln70_2            (sext             ) [ 000]
sext_ln1273_5          (sext             ) [ 000]
shl_ln1273_5           (bitconcatenate   ) [ 000]
sext_ln1273_6          (sext             ) [ 000]
sub_ln1273             (sub              ) [ 000]
r_V_5                  (sub              ) [ 000]
trunc_ln818_s          (partselect       ) [ 011]
trunc_ln818_1          (partselect       ) [ 000]
sext_ln818_1           (sext             ) [ 000]
r_V_6                  (sub              ) [ 000]
trunc_ln818_2          (partselect       ) [ 000]
shl_ln1273_6           (bitconcatenate   ) [ 000]
shl_ln1273_7           (bitconcatenate   ) [ 000]
sext_ln1273_7          (sext             ) [ 000]
r_V_7                  (sub              ) [ 000]
trunc_ln818_3          (partselect       ) [ 000]
trunc_ln818_6          (partselect       ) [ 000]
sext_ln818_2           (sext             ) [ 000]
trunc_ln818_10         (partselect       ) [ 000]
sext_ln70_4            (sext             ) [ 000]
sext_ln1273_9          (sext             ) [ 000]
sext_ln1273_10         (sext             ) [ 000]
r_V_10                 (sub              ) [ 000]
trunc_ln818_11         (partselect       ) [ 000]
sext_ln818_3           (sext             ) [ 000]
shl_ln1273_9           (bitconcatenate   ) [ 000]
sext_ln1273_11         (sext             ) [ 000]
r_V_11                 (add              ) [ 000]
trunc_ln818_12         (partselect       ) [ 011]
trunc_ln818_13         (partselect       ) [ 000]
sext_ln1273_12         (sext             ) [ 000]
sub_ln1273_6           (sub              ) [ 000]
r_V_12                 (sub              ) [ 000]
trunc_ln818_14         (partselect       ) [ 000]
sext_ln1273_13         (sext             ) [ 000]
shl_ln1273_s           (bitconcatenate   ) [ 000]
r_V_13                 (sub              ) [ 000]
trunc_ln818_15         (partselect       ) [ 000]
shl_ln1273_1           (bitconcatenate   ) [ 000]
sext_ln1273_14         (sext             ) [ 000]
r_V_14                 (sub              ) [ 000]
trunc_ln818_16         (partselect       ) [ 000]
r_V_15                 (add              ) [ 000]
trunc_ln818_17         (partselect       ) [ 000]
sext_ln1273_15         (sext             ) [ 000]
shl_ln1273_2           (bitconcatenate   ) [ 000]
sext_ln1273_16         (sext             ) [ 000]
r_V_16                 (sub              ) [ 000]
trunc_ln818_18         (partselect       ) [ 000]
r_V_17                 (sub              ) [ 000]
trunc_ln818_19         (partselect       ) [ 000]
r_V_18                 (sub              ) [ 000]
trunc_ln818_20         (partselect       ) [ 000]
trunc_ln818_21         (partselect       ) [ 000]
sext_ln818_4           (sext             ) [ 000]
add_ln813_6            (add              ) [ 000]
add_ln813_7            (add              ) [ 011]
add_ln813_11           (add              ) [ 000]
add_ln813_12           (add              ) [ 011]
add_ln813_14           (add              ) [ 000]
add_ln813_15           (add              ) [ 000]
add_ln813_16           (add              ) [ 000]
sext_ln813             (sext             ) [ 000]
add_ln813_17           (add              ) [ 000]
add_ln813_18           (add              ) [ 011]
add_ln813_19           (add              ) [ 000]
add_ln813_20           (add              ) [ 000]
sext_ln813_1           (sext             ) [ 000]
add_ln813_21           (add              ) [ 000]
add_ln813_22           (add              ) [ 011]
specpipeline_ln33      (specpipeline     ) [ 000]
specresourcelimit_ln33 (specresourcelimit) [ 000]
sext_ln70              (sext             ) [ 000]
sext_ln70_1            (sext             ) [ 000]
r_V                    (sub              ) [ 000]
trunc_ln               (partselect       ) [ 000]
sext_ln818             (sext             ) [ 000]
shl_ln                 (bitconcatenate   ) [ 000]
sext_ln1273            (sext             ) [ 000]
r_V_3                  (add              ) [ 000]
trunc_ln818_7          (partselect       ) [ 000]
sext_ln70_3            (sext             ) [ 000]
shl_ln1273_8           (bitconcatenate   ) [ 000]
sext_ln1273_8          (sext             ) [ 000]
r_V_8                  (add              ) [ 000]
trunc_ln818_4          (partselect       ) [ 000]
r_V_9                  (sub              ) [ 000]
trunc_ln818_5          (partselect       ) [ 000]
add_ln813              (add              ) [ 000]
add_ln813_5            (add              ) [ 000]
add_ln813_8            (add              ) [ 000]
add_ln813_9            (add              ) [ 000]
add_ln813_10           (add              ) [ 000]
add_ln813_13           (add              ) [ 000]
mrv                    (insertvalue      ) [ 000]
mrv_1                  (insertvalue      ) [ 000]
mrv_2                  (insertvalue      ) [ 000]
mrv_3                  (insertvalue      ) [ 000]
ret_ln68               (ret              ) [ 000]
</LifeTime>

<model>

<comp_list>
<comp id="0" class="1000" name="p_read">
<pin_list>
<pin id="1" dir="1" index="0" bw="1" slack="0"/>
</pin_list>
<bind>
<StgValue><ssdm name="p_read"/></StgValue>
</bind>
</comp>

<comp id="2" class="1000" name="p_read1">
<pin_list>
<pin id="3" dir="1" index="0" bw="1" slack="0"/>
</pin_list>
<bind>
<StgValue><ssdm name="p_read1"/></StgValue>
</bind>
</comp>

<comp id="4" class="1000" name="p_read2">
<pin_list>
<pin id="5" dir="1" index="0" bw="1" slack="0"/>
</pin_list>
<bind>
<StgValue><ssdm name="p_read2"/></StgValue>
</bind>
</comp>

<comp id="6" class="1000" name="p_read3">
<pin_list>
<pin id="7" dir="1" index="0" bw="1" slack="0"/>
</pin_list>
<bind>
<StgValue><ssdm name="p_read3"/></StgValue>
</bind>
</comp>

<comp id="8" class="1000" name="p_read4">
<pin_list>
<pin id="9" dir="1" index="0" bw="1" slack="0"/>
</pin_list>
<bind>
<StgValue><ssdm name="p_read4"/></StgValue>
</bind>
</comp>

<comp id="10" class="1000" name="p_read5">
<pin_list>
<pin id="11" dir="1" index="0" bw="1" slack="0"/>
</pin_list>
<bind>
<StgValue><ssdm name="p_read5"/></StgValue>
</bind>
</comp>

<comp id="12" class="1001" name="const_12">
<pin_list>
<pin id="13" dir="1" index="0" bw="1" slack="0"/>
</pin_list>
<bind>
<StgValue><ssdm name="_ssdm_op_Read.ap_auto.i8"/></StgValue>
</bind>
</comp>

<comp id="14" class="1001" name="const_14">
<pin_list>
<pin id="15" dir="1" index="0" bw="1" slack="0"/>
</pin_list>
<bind>
<StgValue><ssdm name="_ssdm_op_BitConcatenate.i11.i8.i3"/></StgValue>
</bind>
</comp>

<comp id="16" class="1001" name="const_16">
<pin_list>
<pin id="17" dir="1" index="0" bw="1" slack="0"/>
</pin_list>
<bind>
<StgValue><ssdm name=""/></StgValue>
</bind>
</comp>

<comp id="18" class="1001" name="const_18">
<pin_list>
<pin id="19" dir="1" index="0" bw="1" slack="0"/>
</pin_list>
<bind>
<StgValue><ssdm name="_ssdm_op_BitConcatenate.i9.i8.i1"/></StgValue>
</bind>
</comp>

<comp id="20" class="1001" name="const_20">
<pin_list>
<pin id="21" dir="1" index="0" bw="1" slack="0"/>
</pin_list>
<bind>
<StgValue><ssdm name=""/></StgValue>
</bind>
</comp>

<comp id="22" class="1001" name="const_22">
<pin_list>
<pin id="23" dir="1" index="0" bw="1" slack="0"/>
</pin_list>
<bind>
<StgValue><ssdm name="_ssdm_op_PartSelect.i8.i11.i32.i32"/></StgValue>
</bind>
</comp>

<comp id="24" class="1001" name="const_24">
<pin_list>
<pin id="25" dir="1" index="0" bw="1" slack="0"/>
</pin_list>
<bind>
<StgValue><ssdm name=""/></StgValue>
</bind>
</comp>

<comp id="26" class="1001" name="const_26">
<pin_list>
<pin id="27" dir="1" index="0" bw="1" slack="0"/>
</pin_list>
<bind>
<StgValue><ssdm name=""/></StgValue>
</bind>
</comp>

<comp id="28" class="1001" name="const_28">
<pin_list>
<pin id="29" dir="1" index="0" bw="1" slack="0"/>
</pin_list>
<bind>
<StgValue><ssdm name="_ssdm_op_PartSelect.i5.i8.i32.i32"/></StgValue>
</bind>
</comp>

<comp id="30" class="1001" name="const_30">
<pin_list>
<pin id="31" dir="1" index="0" bw="1" slack="0"/>
</pin_list>
<bind>
<StgValue><ssdm name=""/></StgValue>
</bind>
</comp>

<comp id="32" class="1001" name="const_32">
<pin_list>
<pin id="33" dir="1" index="0" bw="1" slack="0"/>
</pin_list>
<bind>
<StgValue><ssdm name="_ssdm_op_BitConcatenate.i10.i8.i2"/></StgValue>
</bind>
</comp>

<comp id="34" class="1001" name="const_34">
<pin_list>
<pin id="35" dir="1" index="0" bw="1" slack="0"/>
</pin_list>
<bind>
<StgValue><ssdm name=""/></StgValue>
</bind>
</comp>

<comp id="36" class="1001" name="const_36">
<pin_list>
<pin id="37" dir="1" index="0" bw="1" slack="0"/>
</pin_list>
<bind>
<StgValue><ssdm name=""/></StgValue>
</bind>
</comp>

<comp id="38" class="1001" name="const_38">
<pin_list>
<pin id="39" dir="1" index="0" bw="1" slack="0"/>
</pin_list>
<bind>
<StgValue><ssdm name="_ssdm_op_PartSelect.i7.i8.i32.i32"/></StgValue>
</bind>
</comp>

<comp id="40" class="1001" name="const_40">
<pin_list>
<pin id="41" dir="1" index="0" bw="1" slack="0"/>
</pin_list>
<bind>
<StgValue><ssdm name=""/></StgValue>
</bind>
</comp>

<comp id="42" class="1001" name="const_42">
<pin_list>
<pin id="43" dir="1" index="0" bw="1" slack="0"/>
</pin_list>
<bind>
<StgValue><ssdm name="_ssdm_op_PartSelect.i6.i8.i32.i32"/></StgValue>
</bind>
</comp>

<comp id="44" class="1001" name="const_44">
<pin_list>
<pin id="45" dir="1" index="0" bw="1" slack="0"/>
</pin_list>
<bind>
<StgValue><ssdm name=""/></StgValue>
</bind>
</comp>

<comp id="46" class="1001" name="const_46">
<pin_list>
<pin id="47" dir="1" index="0" bw="1" slack="0"/>
</pin_list>
<bind>
<StgValue><ssdm name=""/></StgValue>
</bind>
</comp>

<comp id="48" class="1001" name="const_48">
<pin_list>
<pin id="49" dir="1" index="0" bw="1" slack="0"/>
</pin_list>
<bind>
<StgValue><ssdm name="_ssdm_op_PartSelect.i6.i9.i32.i32"/></StgValue>
</bind>
</comp>

<comp id="50" class="1001" name="const_50">
<pin_list>
<pin id="51" dir="1" index="0" bw="1" slack="0"/>
</pin_list>
<bind>
<StgValue><ssdm name=""/></StgValue>
</bind>
</comp>

<comp id="52" class="1001" name="const_52">
<pin_list>
<pin id="53" dir="1" index="0" bw="1" slack="2147483647"/>
</pin_list>
<bind>
<StgValue><ssdm name="_ssdm_op_SpecPipeline"/></StgValue>
</bind>
</comp>

<comp id="54" class="1001" name="const_54">
<pin_list>
<pin id="55" dir="1" index="0" bw="1" slack="2147483647"/>
</pin_list>
<bind>
<StgValue><ssdm name=""/></StgValue>
</bind>
</comp>

<comp id="56" class="1001" name="const_56">
<pin_list>
<pin id="57" dir="1" index="0" bw="1" slack="2147483647"/>
</pin_list>
<bind>
<StgValue><ssdm name="empty_1"/></StgValue>
</bind>
</comp>

<comp id="58" class="1001" name="const_58">
<pin_list>
<pin id="59" dir="1" index="0" bw="1" slack="2147483647"/>
</pin_list>
<bind>
<StgValue><ssdm name="_ssdm_op_SpecResourceLimit"/></StgValue>
</bind>
</comp>

<comp id="60" class="1001" name="const_60">
<pin_list>
<pin id="61" dir="1" index="0" bw="1" slack="2147483647"/>
</pin_list>
<bind>
<StgValue><ssdm name=""/></StgValue>
</bind>
</comp>

<comp id="62" class="1001" name="const_62">
<pin_list>
<pin id="63" dir="1" index="0" bw="1" slack="2147483647"/>
</pin_list>
<bind>
<StgValue><ssdm name="empty_4"/></StgValue>
</bind>
</comp>

<comp id="64" class="1001" name="const_64">
<pin_list>
<pin id="65" dir="1" index="0" bw="1" slack="0"/>
</pin_list>
<bind>
<StgValue><ssdm name=""/></StgValue>
</bind>
</comp>

<comp id="66" class="1004" name="p_read_5_read_fu_66">
<pin_list>
<pin id="67" dir="0" index="0" bw="8" slack="0"/>
<pin id="68" dir="0" index="1" bw="8" slack="0"/>
<pin id="69" dir="1" index="2" bw="8" slack="0"/>
</pin_list>
<bind>
<opcode="read(1150) " fcode="read"/>
<opset="p_read_5/1 "/>
</bind>
</comp>

<comp id="72" class="1004" name="p_read_6_read_fu_72">
<pin_list>
<pin id="73" dir="0" index="0" bw="8" slack="0"/>
<pin id="74" dir="0" index="1" bw="8" slack="0"/>
<pin id="75" dir="1" index="2" bw="8" slack="0"/>
</pin_list>
<bind>
<opcode="read(1150) " fcode="read"/>
<opset="p_read_6/1 "/>
</bind>
</comp>

<comp id="78" class="1004" name="p_read_7_read_fu_78">
<pin_list>
<pin id="79" dir="0" index="0" bw="8" slack="0"/>
<pin id="80" dir="0" index="1" bw="8" slack="0"/>
<pin id="81" dir="1" index="2" bw="8" slack="0"/>
</pin_list>
<bind>
<opcode="read(1150) " fcode="read"/>
<opset="p_read_7/1 "/>
</bind>
</comp>

<comp id="84" class="1004" name="p_read_8_read_fu_84">
<pin_list>
<pin id="85" dir="0" index="0" bw="8" slack="0"/>
<pin id="86" dir="0" index="1" bw="8" slack="0"/>
<pin id="87" dir="1" index="2" bw="8" slack="0"/>
</pin_list>
<bind>
<opcode="read(1150) " fcode="read"/>
<opset="p_read_8/1 "/>
</bind>
</comp>

<comp id="90" class="1004" name="p_read17_read_fu_90">
<pin_list>
<pin id="91" dir="0" index="0" bw="8" slack="0"/>
<pin id="92" dir="0" index="1" bw="8" slack="0"/>
<pin id="93" dir="1" index="2" bw="8" slack="0"/>
</pin_list>
<bind>
<opcode="read(1150) " fcode="read"/>
<opset="p_read17/1 "/>
</bind>
</comp>

<comp id="96" class="1004" name="p_read_9_read_fu_96">
<pin_list>
<pin id="97" dir="0" index="0" bw="8" slack="0"/>
<pin id="98" dir="0" index="1" bw="8" slack="0"/>
<pin id="99" dir="1" index="2" bw="8" slack="0"/>
</pin_list>
<bind>
<opcode="read(1150) " fcode="read"/>
<opset="p_read_9/1 "/>
</bind>
</comp>

<comp id="102" class="1004" name="shl_ln1273_3_fu_102">
<pin_list>
<pin id="103" dir="0" index="0" bw="11" slack="0"/>
<pin id="104" dir="0" index="1" bw="8" slack="0"/>
<pin id="105" dir="0" index="2" bw="1" slack="0"/>
<pin id="106" dir="1" index="3" bw="11" slack="0"/>
</pin_list>
<bind>
<opcode="bitconcatenate(1004) " fcode="bitconcatenate"/>
<opset="shl_ln1273_3/1 "/>
</bind>
</comp>

<comp id="110" class="1004" name="shl_ln1273_4_fu_110">
<pin_list>
<pin id="111" dir="0" index="0" bw="9" slack="0"/>
<pin id="112" dir="0" index="1" bw="8" slack="0"/>
<pin id="113" dir="0" index="2" bw="1" slack="0"/>
<pin id="114" dir="1" index="3" bw="9" slack="0"/>
</pin_list>
<bind>
<opcode="bitconcatenate(1004) " fcode="bitconcatenate"/>
<opset="shl_ln1273_4/1 "/>
</bind>
</comp>

<comp id="118" class="1004" name="sext_ln1273_4_fu_118">
<pin_list>
<pin id="119" dir="0" index="0" bw="9" slack="0"/>
<pin id="120" dir="1" index="1" bw="11" slack="0"/>
</pin_list>
<bind>
<opcode="sext(35) " fcode="sext"/>
<opset="sext_ln1273_4/1 "/>
</bind>
</comp>

<comp id="122" class="1004" name="r_V_4_fu_122">
<pin_list>
<pin id="123" dir="0" index="0" bw="9" slack="0"/>
<pin id="124" dir="0" index="1" bw="11" slack="0"/>
<pin id="125" dir="1" index="2" bw="11" slack="0"/>
</pin_list>
<bind>
<opcode="sub(10) " fcode="sub"/>
<opset="r_V_4/1 "/>
</bind>
</comp>

<comp id="128" class="1004" name="trunc_ln818_8_fu_128">
<pin_list>
<pin id="129" dir="0" index="0" bw="8" slack="0"/>
<pin id="130" dir="0" index="1" bw="11" slack="0"/>
<pin id="131" dir="0" index="2" bw="3" slack="0"/>
<pin id="132" dir="0" index="3" bw="5" slack="0"/>
<pin id="133" dir="1" index="4" bw="8" slack="0"/>
</pin_list>
<bind>
<opcode="partselect(1002) " fcode="partselect"/>
<opset="trunc_ln818_8/1 "/>
</bind>
</comp>

<comp id="138" class="1004" name="trunc_ln818_9_fu_138">
<pin_list>
<pin id="139" dir="0" index="0" bw="5" slack="0"/>
<pin id="140" dir="0" index="1" bw="8" slack="0"/>
<pin id="141" dir="0" index="2" bw="3" slack="0"/>
<pin id="142" dir="0" index="3" bw="4" slack="0"/>
<pin id="143" dir="1" index="4" bw="5" slack="0"/>
</pin_list>
<bind>
<opcode="partselect(1002) " fcode="partselect"/>
<opset="trunc_ln818_9/1 "/>
</bind>
</comp>

<comp id="148" class="1004" name="sext_ln70_2_fu_148">
<pin_list>
<pin id="149" dir="0" index="0" bw="5" slack="0"/>
<pin id="150" dir="1" index="1" bw="7" slack="0"/>
</pin_list>
<bind>
<opcode="sext(35) " fcode="sext"/>
<opset="sext_ln70_2/1 "/>
</bind>
</comp>

<comp id="152" class="1004" name="sext_ln1273_5_fu_152">
<pin_list>
<pin id="153" dir="0" index="0" bw="8" slack="0"/>
<pin id="154" dir="1" index="1" bw="11" slack="0"/>
</pin_list>
<bind>
<opcode="sext(35) " fcode="sext"/>
<opset="sext_ln1273_5/1 "/>
</bind>
</comp>

<comp id="156" class="1004" name="shl_ln1273_5_fu_156">
<pin_list>
<pin id="157" dir="0" index="0" bw="10" slack="0"/>
<pin id="158" dir="0" index="1" bw="8" slack="0"/>
<pin id="159" dir="0" index="2" bw="1" slack="0"/>
<pin id="160" dir="1" index="3" bw="10" slack="0"/>
</pin_list>
<bind>
<opcode="bitconcatenate(1004) " fcode="bitconcatenate"/>
<opset="shl_ln1273_5/1 "/>
</bind>
</comp>

<comp id="164" class="1004" name="sext_ln1273_6_fu_164">
<pin_list>
<pin id="165" dir="0" index="0" bw="10" slack="0"/>
<pin id="166" dir="1" index="1" bw="11" slack="0"/>
</pin_list>
<bind>
<opcode="sext(35) " fcode="sext"/>
<opset="sext_ln1273_6/1 "/>
</bind>
</comp>

<comp id="168" class="1004" name="sub_ln1273_fu_168">
<pin_list>
<pin id="169" dir="0" index="0" bw="1" slack="0"/>
<pin id="170" dir="0" index="1" bw="10" slack="0"/>
<pin id="171" dir="1" index="2" bw="11" slack="0"/>
</pin_list>
<bind>
<opcode="sub(10) " fcode="sub"/>
<opset="sub_ln1273/1 "/>
</bind>
</comp>

<comp id="174" class="1004" name="r_V_5_fu_174">
<pin_list>
<pin id="175" dir="0" index="0" bw="11" slack="0"/>
<pin id="176" dir="0" index="1" bw="8" slack="0"/>
<pin id="177" dir="1" index="2" bw="11" slack="0"/>
</pin_list>
<bind>
<opcode="sub(10) " fcode="sub"/>
<opset="r_V_5/1 "/>
</bind>
</comp>

<comp id="180" class="1004" name="trunc_ln818_s_fu_180">
<pin_list>
<pin id="181" dir="0" index="0" bw="8" slack="0"/>
<pin id="182" dir="0" index="1" bw="11" slack="0"/>
<pin id="183" dir="0" index="2" bw="3" slack="0"/>
<pin id="184" dir="0" index="3" bw="5" slack="0"/>
<pin id="185" dir="1" index="4" bw="8" slack="1"/>
</pin_list>
<bind>
<opcode="partselect(1002) " fcode="partselect"/>
<opset="trunc_ln818_s/1 "/>
</bind>
</comp>

<comp id="190" class="1004" name="trunc_ln818_1_fu_190">
<pin_list>
<pin id="191" dir="0" index="0" bw="7" slack="0"/>
<pin id="192" dir="0" index="1" bw="8" slack="0"/>
<pin id="193" dir="0" index="2" bw="1" slack="0"/>
<pin id="194" dir="0" index="3" bw="4" slack="0"/>
<pin id="195" dir="1" index="4" bw="7" slack="0"/>
</pin_list>
<bind>
<opcode="partselect(1002) " fcode="partselect"/>
<opset="trunc_ln818_1/1 "/>
</bind>
</comp>

<comp id="200" class="1004" name="sext_ln818_1_fu_200">
<pin_list>
<pin id="201" dir="0" index="0" bw="7" slack="0"/>
<pin id="202" dir="1" index="1" bw="8" slack="0"/>
</pin_list>
<bind>
<opcode="sext(35) " fcode="sext"/>
<opset="sext_ln818_1/1 "/>
</bind>
</comp>

<comp id="204" class="1004" name="r_V_6_fu_204">
<pin_list>
<pin id="205" dir="0" index="0" bw="10" slack="0"/>
<pin id="206" dir="0" index="1" bw="8" slack="0"/>
<pin id="207" dir="1" index="2" bw="11" slack="0"/>
</pin_list>
<bind>
<opcode="sub(10) " fcode="sub"/>
<opset="r_V_6/1 "/>
</bind>
</comp>

<comp id="210" class="1004" name="trunc_ln818_2_fu_210">
<pin_list>
<pin id="211" dir="0" index="0" bw="8" slack="0"/>
<pin id="212" dir="0" index="1" bw="11" slack="0"/>
<pin id="213" dir="0" index="2" bw="3" slack="0"/>
<pin id="214" dir="0" index="3" bw="5" slack="0"/>
<pin id="215" dir="1" index="4" bw="8" slack="0"/>
</pin_list>
<bind>
<opcode="partselect(1002) " fcode="partselect"/>
<opset="trunc_ln818_2/1 "/>
</bind>
</comp>

<comp id="220" class="1004" name="shl_ln1273_6_fu_220">
<pin_list>
<pin id="221" dir="0" index="0" bw="11" slack="0"/>
<pin id="222" dir="0" index="1" bw="8" slack="0"/>
<pin id="223" dir="0" index="2" bw="1" slack="0"/>
<pin id="224" dir="1" index="3" bw="11" slack="0"/>
</pin_list>
<bind>
<opcode="bitconcatenate(1004) " fcode="bitconcatenate"/>
<opset="shl_ln1273_6/1 "/>
</bind>
</comp>

<comp id="228" class="1004" name="shl_ln1273_7_fu_228">
<pin_list>
<pin id="229" dir="0" index="0" bw="9" slack="0"/>
<pin id="230" dir="0" index="1" bw="8" slack="0"/>
<pin id="231" dir="0" index="2" bw="1" slack="0"/>
<pin id="232" dir="1" index="3" bw="9" slack="0"/>
</pin_list>
<bind>
<opcode="bitconcatenate(1004) " fcode="bitconcatenate"/>
<opset="shl_ln1273_7/1 "/>
</bind>
</comp>

<comp id="236" class="1004" name="sext_ln1273_7_fu_236">
<pin_list>
<pin id="237" dir="0" index="0" bw="9" slack="0"/>
<pin id="238" dir="1" index="1" bw="11" slack="0"/>
</pin_list>
<bind>
<opcode="sext(35) " fcode="sext"/>
<opset="sext_ln1273_7/1 "/>
</bind>
</comp>

<comp id="240" class="1004" name="r_V_7_fu_240">
<pin_list>
<pin id="241" dir="0" index="0" bw="11" slack="0"/>
<pin id="242" dir="0" index="1" bw="9" slack="0"/>
<pin id="243" dir="1" index="2" bw="11" slack="0"/>
</pin_list>
<bind>
<opcode="sub(10) " fcode="sub"/>
<opset="r_V_7/1 "/>
</bind>
</comp>

<comp id="246" class="1004" name="trunc_ln818_3_fu_246">
<pin_list>
<pin id="247" dir="0" index="0" bw="8" slack="0"/>
<pin id="248" dir="0" index="1" bw="11" slack="0"/>
<pin id="249" dir="0" index="2" bw="3" slack="0"/>
<pin id="250" dir="0" index="3" bw="5" slack="0"/>
<pin id="251" dir="1" index="4" bw="8" slack="0"/>
</pin_list>
<bind>
<opcode="partselect(1002) " fcode="partselect"/>
<opset="trunc_ln818_3/1 "/>
</bind>
</comp>

<comp id="256" class="1004" name="trunc_ln818_6_fu_256">
<pin_list>
<pin id="257" dir="0" index="0" bw="5" slack="0"/>
<pin id="258" dir="0" index="1" bw="8" slack="0"/>
<pin id="259" dir="0" index="2" bw="3" slack="0"/>
<pin id="260" dir="0" index="3" bw="4" slack="0"/>
<pin id="261" dir="1" index="4" bw="5" slack="0"/>
</pin_list>
<bind>
<opcode="partselect(1002) " fcode="partselect"/>
<opset="trunc_ln818_6/1 "/>
</bind>
</comp>

<comp id="266" class="1004" name="sext_ln818_2_fu_266">
<pin_list>
<pin id="267" dir="0" index="0" bw="5" slack="0"/>
<pin id="268" dir="1" index="1" bw="7" slack="0"/>
</pin_list>
<bind>
<opcode="sext(35) " fcode="sext"/>
<opset="sext_ln818_2/1 "/>
</bind>
</comp>

<comp id="270" class="1004" name="trunc_ln818_10_fu_270">
<pin_list>
<pin id="271" dir="0" index="0" bw="6" slack="0"/>
<pin id="272" dir="0" index="1" bw="8" slack="0"/>
<pin id="273" dir="0" index="2" bw="3" slack="0"/>
<pin id="274" dir="0" index="3" bw="4" slack="0"/>
<pin id="275" dir="1" index="4" bw="6" slack="0"/>
</pin_list>
<bind>
<opcode="partselect(1002) " fcode="partselect"/>
<opset="trunc_ln818_10/1 "/>
</bind>
</comp>

<comp id="280" class="1004" name="sext_ln70_4_fu_280">
<pin_list>
<pin id="281" dir="0" index="0" bw="6" slack="0"/>
<pin id="282" dir="1" index="1" bw="7" slack="0"/>
</pin_list>
<bind>
<opcode="sext(35) " fcode="sext"/>
<opset="sext_ln70_4/1 "/>
</bind>
</comp>

<comp id="284" class="1004" name="sext_ln1273_9_fu_284">
<pin_list>
<pin id="285" dir="0" index="0" bw="8" slack="0"/>
<pin id="286" dir="1" index="1" bw="11" slack="0"/>
</pin_list>
<bind>
<opcode="sext(35) " fcode="sext"/>
<opset="sext_ln1273_9/1 "/>
</bind>
</comp>

<comp id="288" class="1004" name="sext_ln1273_10_fu_288">
<pin_list>
<pin id="289" dir="0" index="0" bw="8" slack="0"/>
<pin id="290" dir="1" index="1" bw="9" slack="0"/>
</pin_list>
<bind>
<opcode="sext(35) " fcode="sext"/>
<opset="sext_ln1273_10/1 "/>
</bind>
</comp>

<comp id="292" class="1004" name="r_V_10_fu_292">
<pin_list>
<pin id="293" dir="0" index="0" bw="1" slack="0"/>
<pin id="294" dir="0" index="1" bw="8" slack="0"/>
<pin id="295" dir="1" index="2" bw="9" slack="0"/>
</pin_list>
<bind>
<opcode="sub(10) " fcode="sub"/>
<opset="r_V_10/1 "/>
</bind>
</comp>

<comp id="298" class="1004" name="trunc_ln818_11_fu_298">
<pin_list>
<pin id="299" dir="0" index="0" bw="6" slack="0"/>
<pin id="300" dir="0" index="1" bw="9" slack="0"/>
<pin id="301" dir="0" index="2" bw="3" slack="0"/>
<pin id="302" dir="0" index="3" bw="5" slack="0"/>
<pin id="303" dir="1" index="4" bw="6" slack="0"/>
</pin_list>
<bind>
<opcode="partselect(1002) " fcode="partselect"/>
<opset="trunc_ln818_11/1 "/>
</bind>
</comp>

<comp id="308" class="1004" name="sext_ln818_3_fu_308">
<pin_list>
<pin id="309" dir="0" index="0" bw="6" slack="0"/>
<pin id="310" dir="1" index="1" bw="8" slack="0"/>
</pin_list>
<bind>
<opcode="sext(35) " fcode="sext"/>
<opset="sext_ln818_3/1 "/>
</bind>
</comp>

<comp id="312" class="1004" name="shl_ln1273_9_fu_312">
<pin_list>
<pin id="313" dir="0" index="0" bw="10" slack="0"/>
<pin id="314" dir="0" index="1" bw="8" slack="0"/>
<pin id="315" dir="0" index="2" bw="1" slack="0"/>
<pin id="316" dir="1" index="3" bw="10" slack="0"/>
</pin_list>
<bind>
<opcode="bitconcatenate(1004) " fcode="bitconcatenate"/>
<opset="shl_ln1273_9/1 "/>
</bind>
</comp>

<comp id="320" class="1004" name="sext_ln1273_11_fu_320">
<pin_list>
<pin id="321" dir="0" index="0" bw="10" slack="0"/>
<pin id="322" dir="1" index="1" bw="11" slack="0"/>
</pin_list>
<bind>
<opcode="sext(35) " fcode="sext"/>
<opset="sext_ln1273_11/1 "/>
</bind>
</comp>

<comp id="324" class="1004" name="r_V_11_fu_324">
<pin_list>
<pin id="325" dir="0" index="0" bw="10" slack="0"/>
<pin id="326" dir="0" index="1" bw="8" slack="0"/>
<pin id="327" dir="1" index="2" bw="11" slack="0"/>
</pin_list>
<bind>
<opcode="add(8) " fcode="add"/>
<opset="r_V_11/1 "/>
</bind>
</comp>

<comp id="330" class="1004" name="trunc_ln818_12_fu_330">
<pin_list>
<pin id="331" dir="0" index="0" bw="8" slack="0"/>
<pin id="332" dir="0" index="1" bw="11" slack="0"/>
<pin id="333" dir="0" index="2" bw="3" slack="0"/>
<pin id="334" dir="0" index="3" bw="5" slack="0"/>
<pin id="335" dir="1" index="4" bw="8" slack="1"/>
</pin_list>
<bind>
<opcode="partselect(1002) " fcode="partselect"/>
<opset="trunc_ln818_12/1 "/>
</bind>
</comp>

<comp id="340" class="1004" name="trunc_ln818_13_fu_340">
<pin_list>
<pin id="341" dir="0" index="0" bw="6" slack="0"/>
<pin id="342" dir="0" index="1" bw="8" slack="0"/>
<pin id="343" dir="0" index="2" bw="3" slack="0"/>
<pin id="344" dir="0" index="3" bw="4" slack="0"/>
<pin id="345" dir="1" index="4" bw="6" slack="0"/>
</pin_list>
<bind>
<opcode="partselect(1002) " fcode="partselect"/>
<opset="trunc_ln818_13/1 "/>
</bind>
</comp>

<comp id="350" class="1004" name="sext_ln1273_12_fu_350">
<pin_list>
<pin id="351" dir="0" index="0" bw="6" slack="0"/>
<pin id="352" dir="1" index="1" bw="7" slack="0"/>
</pin_list>
<bind>
<opcode="sext(35) " fcode="sext"/>
<opset="sext_ln1273_12/1 "/>
</bind>
</comp>

<comp id="354" class="1004" name="sub_ln1273_6_fu_354">
<pin_list>
<pin id="355" dir="0" index="0" bw="1" slack="0"/>
<pin id="356" dir="0" index="1" bw="10" slack="0"/>
<pin id="357" dir="1" index="2" bw="11" slack="0"/>
</pin_list>
<bind>
<opcode="sub(10) " fcode="sub"/>
<opset="sub_ln1273_6/1 "/>
</bind>
</comp>

<comp id="360" class="1004" name="r_V_12_fu_360">
<pin_list>
<pin id="361" dir="0" index="0" bw="11" slack="0"/>
<pin id="362" dir="0" index="1" bw="8" slack="0"/>
<pin id="363" dir="1" index="2" bw="11" slack="0"/>
</pin_list>
<bind>
<opcode="sub(10) " fcode="sub"/>
<opset="r_V_12/1 "/>
</bind>
</comp>

<comp id="366" class="1004" name="trunc_ln818_14_fu_366">
<pin_list>
<pin id="367" dir="0" index="0" bw="8" slack="0"/>
<pin id="368" dir="0" index="1" bw="11" slack="0"/>
<pin id="369" dir="0" index="2" bw="3" slack="0"/>
<pin id="370" dir="0" index="3" bw="5" slack="0"/>
<pin id="371" dir="1" index="4" bw="8" slack="0"/>
</pin_list>
<bind>
<opcode="partselect(1002) " fcode="partselect"/>
<opset="trunc_ln818_14/1 "/>
</bind>
</comp>

<comp id="376" class="1004" name="sext_ln1273_13_fu_376">
<pin_list>
<pin id="377" dir="0" index="0" bw="8" slack="0"/>
<pin id="378" dir="1" index="1" bw="11" slack="0"/>
</pin_list>
<bind>
<opcode="sext(35) " fcode="sext"/>
<opset="sext_ln1273_13/1 "/>
</bind>
</comp>

<comp id="380" class="1004" name="shl_ln1273_s_fu_380">
<pin_list>
<pin id="381" dir="0" index="0" bw="11" slack="0"/>
<pin id="382" dir="0" index="1" bw="8" slack="0"/>
<pin id="383" dir="0" index="2" bw="1" slack="0"/>
<pin id="384" dir="1" index="3" bw="11" slack="0"/>
</pin_list>
<bind>
<opcode="bitconcatenate(1004) " fcode="bitconcatenate"/>
<opset="shl_ln1273_s/1 "/>
</bind>
</comp>

<comp id="388" class="1004" name="r_V_13_fu_388">
<pin_list>
<pin id="389" dir="0" index="0" bw="11" slack="0"/>
<pin id="390" dir="0" index="1" bw="8" slack="0"/>
<pin id="391" dir="1" index="2" bw="11" slack="0"/>
</pin_list>
<bind>
<opcode="sub(10) " fcode="sub"/>
<opset="r_V_13/1 "/>
</bind>
</comp>

<comp id="394" class="1004" name="trunc_ln818_15_fu_394">
<pin_list>
<pin id="395" dir="0" index="0" bw="8" slack="0"/>
<pin id="396" dir="0" index="1" bw="11" slack="0"/>
<pin id="397" dir="0" index="2" bw="3" slack="0"/>
<pin id="398" dir="0" index="3" bw="5" slack="0"/>
<pin id="399" dir="1" index="4" bw="8" slack="0"/>
</pin_list>
<bind>
<opcode="partselect(1002) " fcode="partselect"/>
<opset="trunc_ln818_15/1 "/>
</bind>
</comp>

<comp id="404" class="1004" name="shl_ln1273_1_fu_404">
<pin_list>
<pin id="405" dir="0" index="0" bw="10" slack="0"/>
<pin id="406" dir="0" index="1" bw="8" slack="0"/>
<pin id="407" dir="0" index="2" bw="1" slack="0"/>
<pin id="408" dir="1" index="3" bw="10" slack="0"/>
</pin_list>
<bind>
<opcode="bitconcatenate(1004) " fcode="bitconcatenate"/>
<opset="shl_ln1273_1/1 "/>
</bind>
</comp>

<comp id="412" class="1004" name="sext_ln1273_14_fu_412">
<pin_list>
<pin id="413" dir="0" index="0" bw="10" slack="0"/>
<pin id="414" dir="1" index="1" bw="11" slack="0"/>
</pin_list>
<bind>
<opcode="sext(35) " fcode="sext"/>
<opset="sext_ln1273_14/1 "/>
</bind>
</comp>

<comp id="416" class="1004" name="r_V_14_fu_416">
<pin_list>
<pin id="417" dir="0" index="0" bw="1" slack="0"/>
<pin id="418" dir="0" index="1" bw="10" slack="0"/>
<pin id="419" dir="1" index="2" bw="11" slack="0"/>
</pin_list>
<bind>
<opcode="sub(10) " fcode="sub"/>
<opset="r_V_14/1 "/>
</bind>
</comp>

<comp id="422" class="1004" name="trunc_ln818_16_fu_422">
<pin_list>
<pin id="423" dir="0" index="0" bw="8" slack="0"/>
<pin id="424" dir="0" index="1" bw="11" slack="0"/>
<pin id="425" dir="0" index="2" bw="3" slack="0"/>
<pin id="426" dir="0" index="3" bw="5" slack="0"/>
<pin id="427" dir="1" index="4" bw="8" slack="0"/>
</pin_list>
<bind>
<opcode="partselect(1002) " fcode="partselect"/>
<opset="trunc_ln818_16/1 "/>
</bind>
</comp>

<comp id="432" class="1004" name="r_V_15_fu_432">
<pin_list>
<pin id="433" dir="0" index="0" bw="10" slack="0"/>
<pin id="434" dir="0" index="1" bw="8" slack="0"/>
<pin id="435" dir="1" index="2" bw="11" slack="0"/>
</pin_list>
<bind>
<opcode="add(8) " fcode="add"/>
<opset="r_V_15/1 "/>
</bind>
</comp>

<comp id="438" class="1004" name="trunc_ln818_17_fu_438">
<pin_list>
<pin id="439" dir="0" index="0" bw="8" slack="0"/>
<pin id="440" dir="0" index="1" bw="11" slack="0"/>
<pin id="441" dir="0" index="2" bw="3" slack="0"/>
<pin id="442" dir="0" index="3" bw="5" slack="0"/>
<pin id="443" dir="1" index="4" bw="8" slack="0"/>
</pin_list>
<bind>
<opcode="partselect(1002) " fcode="partselect"/>
<opset="trunc_ln818_17/1 "/>
</bind>
</comp>

<comp id="448" class="1004" name="sext_ln1273_15_fu_448">
<pin_list>
<pin id="449" dir="0" index="0" bw="8" slack="0"/>
<pin id="450" dir="1" index="1" bw="11" slack="0"/>
</pin_list>
<bind>
<opcode="sext(35) " fcode="sext"/>
<opset="sext_ln1273_15/1 "/>
</bind>
</comp>

<comp id="452" class="1004" name="shl_ln1273_2_fu_452">
<pin_list>
<pin id="453" dir="0" index="0" bw="10" slack="0"/>
<pin id="454" dir="0" index="1" bw="8" slack="0"/>
<pin id="455" dir="0" index="2" bw="1" slack="0"/>
<pin id="456" dir="1" index="3" bw="10" slack="0"/>
</pin_list>
<bind>
<opcode="bitconcatenate(1004) " fcode="bitconcatenate"/>
<opset="shl_ln1273_2/1 "/>
</bind>
</comp>

<comp id="460" class="1004" name="sext_ln1273_16_fu_460">
<pin_list>
<pin id="461" dir="0" index="0" bw="10" slack="0"/>
<pin id="462" dir="1" index="1" bw="11" slack="0"/>
</pin_list>
<bind>
<opcode="sext(35) " fcode="sext"/>
<opset="sext_ln1273_16/1 "/>
</bind>
</comp>

<comp id="464" class="1004" name="r_V_16_fu_464">
<pin_list>
<pin id="465" dir="0" index="0" bw="1" slack="0"/>
<pin id="466" dir="0" index="1" bw="10" slack="0"/>
<pin id="467" dir="1" index="2" bw="11" slack="0"/>
</pin_list>
<bind>
<opcode="sub(10) " fcode="sub"/>
<opset="r_V_16/1 "/>
</bind>
</comp>

<comp id="470" class="1004" name="trunc_ln818_18_fu_470">
<pin_list>
<pin id="471" dir="0" index="0" bw="8" slack="0"/>
<pin id="472" dir="0" index="1" bw="11" slack="0"/>
<pin id="473" dir="0" index="2" bw="3" slack="0"/>
<pin id="474" dir="0" index="3" bw="5" slack="0"/>
<pin id="475" dir="1" index="4" bw="8" slack="0"/>
</pin_list>
<bind>
<opcode="partselect(1002) " fcode="partselect"/>
<opset="trunc_ln818_18/1 "/>
</bind>
</comp>

<comp id="480" class="1004" name="r_V_17_fu_480">
<pin_list>
<pin id="481" dir="0" index="0" bw="8" slack="0"/>
<pin id="482" dir="0" index="1" bw="10" slack="0"/>
<pin id="483" dir="1" index="2" bw="11" slack="0"/>
</pin_list>
<bind>
<opcode="sub(10) " fcode="sub"/>
<opset="r_V_17/1 "/>
</bind>
</comp>

<comp id="486" class="1004" name="trunc_ln818_19_fu_486">
<pin_list>
<pin id="487" dir="0" index="0" bw="8" slack="0"/>
<pin id="488" dir="0" index="1" bw="11" slack="0"/>
<pin id="489" dir="0" index="2" bw="3" slack="0"/>
<pin id="490" dir="0" index="3" bw="5" slack="0"/>
<pin id="491" dir="1" index="4" bw="8" slack="0"/>
</pin_list>
<bind>
<opcode="partselect(1002) " fcode="partselect"/>
<opset="trunc_ln818_19/1 "/>
</bind>
</comp>

<comp id="496" class="1004" name="r_V_18_fu_496">
<pin_list>
<pin id="497" dir="0" index="0" bw="10" slack="0"/>
<pin id="498" dir="0" index="1" bw="8" slack="0"/>
<pin id="499" dir="1" index="2" bw="11" slack="0"/>
</pin_list>
<bind>
<opcode="sub(10) " fcode="sub"/>
<opset="r_V_18/1 "/>
</bind>
</comp>

<comp id="502" class="1004" name="trunc_ln818_20_fu_502">
<pin_list>
<pin id="503" dir="0" index="0" bw="8" slack="0"/>
<pin id="504" dir="0" index="1" bw="11" slack="0"/>
<pin id="505" dir="0" index="2" bw="3" slack="0"/>
<pin id="506" dir="0" index="3" bw="5" slack="0"/>
<pin id="507" dir="1" index="4" bw="8" slack="0"/>
</pin_list>
<bind>
<opcode="partselect(1002) " fcode="partselect"/>
<opset="trunc_ln818_20/1 "/>
</bind>
</comp>

<comp id="512" class="1004" name="trunc_ln818_21_fu_512">
<pin_list>
<pin id="513" dir="0" index="0" bw="7" slack="0"/>
<pin id="514" dir="0" index="1" bw="8" slack="0"/>
<pin id="515" dir="0" index="2" bw="1" slack="0"/>
<pin id="516" dir="0" index="3" bw="4" slack="0"/>
<pin id="517" dir="1" index="4" bw="7" slack="0"/>
</pin_list>
<bind>
<opcode="partselect(1002) " fcode="partselect"/>
<opset="trunc_ln818_21/1 "/>
</bind>
</comp>

<comp id="522" class="1004" name="sext_ln818_4_fu_522">
<pin_list>
<pin id="523" dir="0" index="0" bw="7" slack="0"/>
<pin id="524" dir="1" index="1" bw="8" slack="0"/>
</pin_list>
<bind>
<opcode="sext(35) " fcode="sext"/>
<opset="sext_ln818_4/1 "/>
</bind>
</comp>

<comp id="526" class="1004" name="add_ln813_6_fu_526">
<pin_list>
<pin id="527" dir="0" index="0" bw="8" slack="0"/>
<pin id="528" dir="0" index="1" bw="8" slack="0"/>
<pin id="529" dir="1" index="2" bw="8" slack="0"/>
</pin_list>
<bind>
<opcode="add(8) " fcode="add"/>
<opset="add_ln813_6/1 "/>
</bind>
</comp>

<comp id="532" class="1004" name="add_ln813_7_fu_532">
<pin_list>
<pin id="533" dir="0" index="0" bw="8" slack="0"/>
<pin id="534" dir="0" index="1" bw="6" slack="0"/>
<pin id="535" dir="1" index="2" bw="8" slack="1"/>
</pin_list>
<bind>
<opcode="add(8) " fcode="add"/>
<opset="add_ln813_7/1 "/>
</bind>
</comp>

<comp id="538" class="1004" name="add_ln813_11_fu_538">
<pin_list>
<pin id="539" dir="0" index="0" bw="8" slack="0"/>
<pin id="540" dir="0" index="1" bw="7" slack="0"/>
<pin id="541" dir="1" index="2" bw="8" slack="0"/>
</pin_list>
<bind>
<opcode="add(8) " fcode="add"/>
<opset="add_ln813_11/1 "/>
</bind>
</comp>

<comp id="544" class="1004" name="add_ln813_12_fu_544">
<pin_list>
<pin id="545" dir="0" index="0" bw="8" slack="0"/>
<pin id="546" dir="0" index="1" bw="8" slack="0"/>
<pin id="547" dir="1" index="2" bw="8" slack="1"/>
</pin_list>
<bind>
<opcode="add(8) " fcode="add"/>
<opset="add_ln813_12/1 "/>
</bind>
</comp>

<comp id="550" class="1004" name="add_ln813_14_fu_550">
<pin_list>
<pin id="551" dir="0" index="0" bw="8" slack="0"/>
<pin id="552" dir="0" index="1" bw="8" slack="0"/>
<pin id="553" dir="1" index="2" bw="8" slack="0"/>
</pin_list>
<bind>
<opcode="add(8) " fcode="add"/>
<opset="add_ln813_14/1 "/>
</bind>
</comp>

<comp id="556" class="1004" name="add_ln813_15_fu_556">
<pin_list>
<pin id="557" dir="0" index="0" bw="8" slack="0"/>
<pin id="558" dir="0" index="1" bw="8" slack="0"/>
<pin id="559" dir="1" index="2" bw="8" slack="0"/>
</pin_list>
<bind>
<opcode="add(8) " fcode="add"/>
<opset="add_ln813_15/1 "/>
</bind>
</comp>

<comp id="562" class="1004" name="add_ln813_16_fu_562">
<pin_list>
<pin id="563" dir="0" index="0" bw="6" slack="0"/>
<pin id="564" dir="0" index="1" bw="5" slack="0"/>
<pin id="565" dir="1" index="2" bw="7" slack="0"/>
</pin_list>
<bind>
<opcode="add(8) " fcode="add"/>
<opset="add_ln813_16/1 "/>
</bind>
</comp>

<comp id="568" class="1004" name="sext_ln813_fu_568">
<pin_list>
<pin id="569" dir="0" index="0" bw="7" slack="0"/>
<pin id="570" dir="1" index="1" bw="8" slack="0"/>
</pin_list>
<bind>
<opcode="sext(35) " fcode="sext"/>
<opset="sext_ln813/1 "/>
</bind>
</comp>

<comp id="572" class="1004" name="add_ln813_17_fu_572">
<pin_list>
<pin id="573" dir="0" index="0" bw="7" slack="0"/>
<pin id="574" dir="0" index="1" bw="8" slack="0"/>
<pin id="575" dir="1" index="2" bw="8" slack="0"/>
</pin_list>
<bind>
<opcode="add(8) " fcode="add"/>
<opset="add_ln813_17/1 "/>
</bind>
</comp>

<comp id="578" class="1004" name="add_ln813_18_fu_578">
<pin_list>
<pin id="579" dir="0" index="0" bw="8" slack="0"/>
<pin id="580" dir="0" index="1" bw="8" slack="0"/>
<pin id="581" dir="1" index="2" bw="8" slack="1"/>
</pin_list>
<bind>
<opcode="add(8) " fcode="add"/>
<opset="add_ln813_18/1 "/>
</bind>
</comp>

<comp id="584" class="1004" name="add_ln813_19_fu_584">
<pin_list>
<pin id="585" dir="0" index="0" bw="8" slack="0"/>
<pin id="586" dir="0" index="1" bw="8" slack="0"/>
<pin id="587" dir="1" index="2" bw="8" slack="0"/>
</pin_list>
<bind>
<opcode="add(8) " fcode="add"/>
<opset="add_ln813_19/1 "/>
</bind>
</comp>

<comp id="590" class="1004" name="add_ln813_20_fu_590">
<pin_list>
<pin id="591" dir="0" index="0" bw="6" slack="0"/>
<pin id="592" dir="0" index="1" bw="5" slack="0"/>
<pin id="593" dir="1" index="2" bw="7" slack="0"/>
</pin_list>
<bind>
<opcode="add(8) " fcode="add"/>
<opset="add_ln813_20/1 "/>
</bind>
</comp>

<comp id="596" class="1004" name="sext_ln813_1_fu_596">
<pin_list>
<pin id="597" dir="0" index="0" bw="7" slack="0"/>
<pin id="598" dir="1" index="1" bw="8" slack="0"/>
</pin_list>
<bind>
<opcode="sext(35) " fcode="sext"/>
<opset="sext_ln813_1/1 "/>
</bind>
</comp>

<comp id="600" class="1004" name="add_ln813_21_fu_600">
<pin_list>
<pin id="601" dir="0" index="0" bw="7" slack="0"/>
<pin id="602" dir="0" index="1" bw="7" slack="0"/>
<pin id="603" dir="1" index="2" bw="8" slack="0"/>
</pin_list>
<bind>
<opcode="add(8) " fcode="add"/>
<opset="add_ln813_21/1 "/>
</bind>
</comp>

<comp id="606" class="1004" name="add_ln813_22_fu_606">
<pin_list>
<pin id="607" dir="0" index="0" bw="8" slack="0"/>
<pin id="608" dir="0" index="1" bw="8" slack="0"/>
<pin id="609" dir="1" index="2" bw="8" slack="1"/>
</pin_list>
<bind>
<opcode="add(8) " fcode="add"/>
<opset="add_ln813_22/1 "/>
</bind>
</comp>

<comp id="612" class="1004" name="sext_ln70_fu_612">
<pin_list>
<pin id="613" dir="0" index="0" bw="8" slack="1"/>
<pin id="614" dir="1" index="1" bw="11" slack="0"/>
</pin_list>
<bind>
<opcode="sext(35) " fcode="sext"/>
<opset="sext_ln70/2 "/>
</bind>
</comp>

<comp id="615" class="1004" name="sext_ln70_1_fu_615">
<pin_list>
<pin id="616" dir="0" index="0" bw="8" slack="1"/>
<pin id="617" dir="1" index="1" bw="9" slack="0"/>
</pin_list>
<bind>
<opcode="sext(35) " fcode="sext"/>
<opset="sext_ln70_1/2 "/>
</bind>
</comp>

<comp id="618" class="1004" name="r_V_fu_618">
<pin_list>
<pin id="619" dir="0" index="0" bw="1" slack="0"/>
<pin id="620" dir="0" index="1" bw="8" slack="0"/>
<pin id="621" dir="1" index="2" bw="9" slack="0"/>
</pin_list>
<bind>
<opcode="sub(10) " fcode="sub"/>
<opset="r_V/2 "/>
</bind>
</comp>

<comp id="624" class="1004" name="trunc_ln_fu_624">
<pin_list>
<pin id="625" dir="0" index="0" bw="6" slack="0"/>
<pin id="626" dir="0" index="1" bw="9" slack="0"/>
<pin id="627" dir="0" index="2" bw="3" slack="0"/>
<pin id="628" dir="0" index="3" bw="5" slack="0"/>
<pin id="629" dir="1" index="4" bw="6" slack="0"/>
</pin_list>
<bind>
<opcode="partselect(1002) " fcode="partselect"/>
<opset="trunc_ln/2 "/>
</bind>
</comp>

<comp id="634" class="1004" name="sext_ln818_fu_634">
<pin_list>
<pin id="635" dir="0" index="0" bw="6" slack="0"/>
<pin id="636" dir="1" index="1" bw="8" slack="0"/>
</pin_list>
<bind>
<opcode="sext(35) " fcode="sext"/>
<opset="sext_ln818/2 "/>
</bind>
</comp>

<comp id="638" class="1004" name="shl_ln_fu_638">
<pin_list>
<pin id="639" dir="0" index="0" bw="10" slack="0"/>
<pin id="640" dir="0" index="1" bw="8" slack="1"/>
<pin id="641" dir="0" index="2" bw="1" slack="0"/>
<pin id="642" dir="1" index="3" bw="10" slack="0"/>
</pin_list>
<bind>
<opcode="bitconcatenate(1004) " fcode="bitconcatenate"/>
<opset="shl_ln/2 "/>
</bind>
</comp>

<comp id="645" class="1004" name="sext_ln1273_fu_645">
<pin_list>
<pin id="646" dir="0" index="0" bw="10" slack="0"/>
<pin id="647" dir="1" index="1" bw="11" slack="0"/>
</pin_list>
<bind>
<opcode="sext(35) " fcode="sext"/>
<opset="sext_ln1273/2 "/>
</bind>
</comp>

<comp id="649" class="1004" name="r_V_3_fu_649">
<pin_list>
<pin id="650" dir="0" index="0" bw="10" slack="0"/>
<pin id="651" dir="0" index="1" bw="8" slack="0"/>
<pin id="652" dir="1" index="2" bw="11" slack="0"/>
</pin_list>
<bind>
<opcode="add(8) " fcode="add"/>
<opset="r_V_3/2 "/>
</bind>
</comp>

<comp id="655" class="1004" name="trunc_ln818_7_fu_655">
<pin_list>
<pin id="656" dir="0" index="0" bw="8" slack="0"/>
<pin id="657" dir="0" index="1" bw="11" slack="0"/>
<pin id="658" dir="0" index="2" bw="3" slack="0"/>
<pin id="659" dir="0" index="3" bw="5" slack="0"/>
<pin id="660" dir="1" index="4" bw="8" slack="0"/>
</pin_list>
<bind>
<opcode="partselect(1002) " fcode="partselect"/>
<opset="trunc_ln818_7/2 "/>
</bind>
</comp>

<comp id="665" class="1004" name="sext_ln70_3_fu_665">
<pin_list>
<pin id="666" dir="0" index="0" bw="8" slack="1"/>
<pin id="667" dir="1" index="1" bw="11" slack="0"/>
</pin_list>
<bind>
<opcode="sext(35) " fcode="sext"/>
<opset="sext_ln70_3/2 "/>
</bind>
</comp>

<comp id="668" class="1004" name="shl_ln1273_8_fu_668">
<pin_list>
<pin id="669" dir="0" index="0" bw="10" slack="0"/>
<pin id="670" dir="0" index="1" bw="8" slack="1"/>
<pin id="671" dir="0" index="2" bw="1" slack="0"/>
<pin id="672" dir="1" index="3" bw="10" slack="0"/>
</pin_list>
<bind>
<opcode="bitconcatenate(1004) " fcode="bitconcatenate"/>
<opset="shl_ln1273_8/2 "/>
</bind>
</comp>

<comp id="675" class="1004" name="sext_ln1273_8_fu_675">
<pin_list>
<pin id="676" dir="0" index="0" bw="10" slack="0"/>
<pin id="677" dir="1" index="1" bw="11" slack="0"/>
</pin_list>
<bind>
<opcode="sext(35) " fcode="sext"/>
<opset="sext_ln1273_8/2 "/>
</bind>
</comp>

<comp id="679" class="1004" name="r_V_8_fu_679">
<pin_list>
<pin id="680" dir="0" index="0" bw="10" slack="0"/>
<pin id="681" dir="0" index="1" bw="8" slack="0"/>
<pin id="682" dir="1" index="2" bw="11" slack="0"/>
</pin_list>
<bind>
<opcode="add(8) " fcode="add"/>
<opset="r_V_8/2 "/>
</bind>
</comp>

<comp id="685" class="1004" name="trunc_ln818_4_fu_685">
<pin_list>
<pin id="686" dir="0" index="0" bw="8" slack="0"/>
<pin id="687" dir="0" index="1" bw="11" slack="0"/>
<pin id="688" dir="0" index="2" bw="3" slack="0"/>
<pin id="689" dir="0" index="3" bw="5" slack="0"/>
<pin id="690" dir="1" index="4" bw="8" slack="0"/>
</pin_list>
<bind>
<opcode="partselect(1002) " fcode="partselect"/>
<opset="trunc_ln818_4/2 "/>
</bind>
</comp>

<comp id="695" class="1004" name="r_V_9_fu_695">
<pin_list>
<pin id="696" dir="0" index="0" bw="1" slack="0"/>
<pin id="697" dir="0" index="1" bw="10" slack="0"/>
<pin id="698" dir="1" index="2" bw="11" slack="0"/>
</pin_list>
<bind>
<opcode="sub(10) " fcode="sub"/>
<opset="r_V_9/2 "/>
</bind>
</comp>

<comp id="701" class="1004" name="trunc_ln818_5_fu_701">
<pin_list>
<pin id="702" dir="0" index="0" bw="8" slack="0"/>
<pin id="703" dir="0" index="1" bw="11" slack="0"/>
<pin id="704" dir="0" index="2" bw="3" slack="0"/>
<pin id="705" dir="0" index="3" bw="5" slack="0"/>
<pin id="706" dir="1" index="4" bw="8" slack="0"/>
</pin_list>
<bind>
<opcode="partselect(1002) " fcode="partselect"/>
<opset="trunc_ln818_5/2 "/>
</bind>
</comp>

<comp id="711" class="1004" name="add_ln813_fu_711">
<pin_list>
<pin id="712" dir="0" index="0" bw="6" slack="0"/>
<pin id="713" dir="0" index="1" bw="8" slack="0"/>
<pin id="714" dir="1" index="2" bw="8" slack="0"/>
</pin_list>
<bind>
<opcode="add(8) " fcode="add"/>
<opset="add_ln813/2 "/>
</bind>
</comp>

<comp id="717" class="1004" name="add_ln813_5_fu_717">
<pin_list>
<pin id="718" dir="0" index="0" bw="8" slack="0"/>
<pin id="719" dir="0" index="1" bw="8" slack="1"/>
<pin id="720" dir="1" index="2" bw="8" slack="0"/>
</pin_list>
<bind>
<opcode="add(8) " fcode="add"/>
<opset="add_ln813_5/2 "/>
</bind>
</comp>

<comp id="722" class="1004" name="add_ln813_8_fu_722">
<pin_list>
<pin id="723" dir="0" index="0" bw="8" slack="1"/>
<pin id="724" dir="0" index="1" bw="8" slack="0"/>
<pin id="725" dir="1" index="2" bw="8" slack="0"/>
</pin_list>
<bind>
<opcode="add(8) " fcode="add"/>
<opset="add_ln813_8/2 "/>
</bind>
</comp>

<comp id="727" class="1004" name="add_ln813_9_fu_727">
<pin_list>
<pin id="728" dir="0" index="0" bw="8" slack="0"/>
<pin id="729" dir="0" index="1" bw="8" slack="1"/>
<pin id="730" dir="1" index="2" bw="8" slack="0"/>
</pin_list>
<bind>
<opcode="add(8) " fcode="add"/>
<opset="add_ln813_9/2 "/>
</bind>
</comp>

<comp id="732" class="1004" name="add_ln813_10_fu_732">
<pin_list>
<pin id="733" dir="0" index="0" bw="8" slack="0"/>
<pin id="734" dir="0" index="1" bw="8" slack="0"/>
<pin id="735" dir="1" index="2" bw="8" slack="0"/>
</pin_list>
<bind>
<opcode="add(8) " fcode="add"/>
<opset="add_ln813_10/2 "/>
</bind>
</comp>

<comp id="738" class="1004" name="add_ln813_13_fu_738">
<pin_list>
<pin id="739" dir="0" index="0" bw="8" slack="1"/>
<pin id="740" dir="0" index="1" bw="8" slack="0"/>
<pin id="741" dir="1" index="2" bw="8" slack="0"/>
</pin_list>
<bind>
<opcode="add(8) " fcode="add"/>
<opset="add_ln813_13/2 "/>
</bind>
</comp>

<comp id="743" class="1004" name="mrv_fu_743">
<pin_list>
<pin id="744" dir="0" index="0" bw="32" slack="0"/>
<pin id="745" dir="0" index="1" bw="8" slack="0"/>
<pin id="746" dir="1" index="2" bw="32" slack="0"/>
</pin_list>
<bind>
<opcode="insertvalue(57) " fcode="insertvalue"/>
<opset="mrv/2 "/>
</bind>
</comp>

<comp id="749" class="1004" name="mrv_1_fu_749">
<pin_list>
<pin id="750" dir="0" index="0" bw="32" slack="0"/>
<pin id="751" dir="0" index="1" bw="8" slack="0"/>
<pin id="752" dir="1" index="2" bw="32" slack="0"/>
</pin_list>
<bind>
<opcode="insertvalue(57) " fcode="insertvalue"/>
<opset="mrv_1/2 "/>
</bind>
</comp>

<comp id="755" class="1004" name="mrv_2_fu_755">
<pin_list>
<pin id="756" dir="0" index="0" bw="32" slack="0"/>
<pin id="757" dir="0" index="1" bw="8" slack="1"/>
<pin id="758" dir="1" index="2" bw="32" slack="0"/>
</pin_list>
<bind>
<opcode="insertvalue(57) " fcode="insertvalue"/>
<opset="mrv_2/2 "/>
</bind>
</comp>

<comp id="760" class="1004" name="mrv_3_fu_760">
<pin_list>
<pin id="761" dir="0" index="0" bw="32" slack="0"/>
<pin id="762" dir="0" index="1" bw="8" slack="1"/>
<pin id="763" dir="1" index="2" bw="32" slack="2147483647"/>
</pin_list>
<bind>
<opcode="insertvalue(57) " fcode="insertvalue"/>
<opset="mrv_3/2 "/>
</bind>
</comp>

<comp id="765" class="1005" name="p_read_8_reg_765">
<pin_list>
<pin id="766" dir="0" index="0" bw="8" slack="1"/>
<pin id="767" dir="1" index="1" bw="8" slack="1"/>
</pin_list>
<bind>
<opset="p_read_8 "/>
</bind>
</comp>

<comp id="771" class="1005" name="p_read_9_reg_771">
<pin_list>
<pin id="772" dir="0" index="0" bw="8" slack="1"/>
<pin id="773" dir="1" index="1" bw="8" slack="1"/>
</pin_list>
<bind>
<opset="p_read_9 "/>
</bind>
</comp>

<comp id="778" class="1005" name="trunc_ln818_s_reg_778">
<pin_list>
<pin id="779" dir="0" index="0" bw="8" slack="1"/>
<pin id="780" dir="1" index="1" bw="8" slack="1"/>
</pin_list>
<bind>
<opset="trunc_ln818_s "/>
</bind>
</comp>

<comp id="783" class="1005" name="trunc_ln818_12_reg_783">
<pin_list>
<pin id="784" dir="0" index="0" bw="8" slack="1"/>
<pin id="785" dir="1" index="1" bw="8" slack="1"/>
</pin_list>
<bind>
<opset="trunc_ln818_12 "/>
</bind>
</comp>

<comp id="788" class="1005" name="add_ln813_7_reg_788">
<pin_list>
<pin id="789" dir="0" index="0" bw="8" slack="1"/>
<pin id="790" dir="1" index="1" bw="8" slack="1"/>
</pin_list>
<bind>
<opset="add_ln813_7 "/>
</bind>
</comp>

<comp id="793" class="1005" name="add_ln813_12_reg_793">
<pin_list>
<pin id="794" dir="0" index="0" bw="8" slack="1"/>
<pin id="795" dir="1" index="1" bw="8" slack="1"/>
</pin_list>
<bind>
<opset="add_ln813_12 "/>
</bind>
</comp>

<comp id="798" class="1005" name="add_ln813_18_reg_798">
<pin_list>
<pin id="799" dir="0" index="0" bw="8" slack="1"/>
<pin id="800" dir="1" index="1" bw="8" slack="1"/>
</pin_list>
<bind>
<opset="add_ln813_18 "/>
</bind>
</comp>

<comp id="803" class="1005" name="add_ln813_22_reg_803">
<pin_list>
<pin id="804" dir="0" index="0" bw="8" slack="1"/>
<pin id="805" dir="1" index="1" bw="8" slack="1"/>
</pin_list>
<bind>
<opset="add_ln813_22 "/>
</bind>
</comp>

</comp_list>

<net_list>
<net id="70"><net_src comp="12" pin="0"/><net_sink comp="66" pin=0"/></net>

<net id="71"><net_src comp="10" pin="0"/><net_sink comp="66" pin=1"/></net>

<net id="76"><net_src comp="12" pin="0"/><net_sink comp="72" pin=0"/></net>

<net id="77"><net_src comp="8" pin="0"/><net_sink comp="72" pin=1"/></net>

<net id="82"><net_src comp="12" pin="0"/><net_sink comp="78" pin=0"/></net>

<net id="83"><net_src comp="6" pin="0"/><net_sink comp="78" pin=1"/></net>

<net id="88"><net_src comp="12" pin="0"/><net_sink comp="84" pin=0"/></net>

<net id="89"><net_src comp="4" pin="0"/><net_sink comp="84" pin=1"/></net>

<net id="94"><net_src comp="12" pin="0"/><net_sink comp="90" pin=0"/></net>

<net id="95"><net_src comp="2" pin="0"/><net_sink comp="90" pin=1"/></net>

<net id="100"><net_src comp="12" pin="0"/><net_sink comp="96" pin=0"/></net>

<net id="101"><net_src comp="0" pin="0"/><net_sink comp="96" pin=1"/></net>

<net id="107"><net_src comp="14" pin="0"/><net_sink comp="102" pin=0"/></net>

<net id="108"><net_src comp="96" pin="2"/><net_sink comp="102" pin=1"/></net>

<net id="109"><net_src comp="16" pin="0"/><net_sink comp="102" pin=2"/></net>

<net id="115"><net_src comp="18" pin="0"/><net_sink comp="110" pin=0"/></net>

<net id="116"><net_src comp="96" pin="2"/><net_sink comp="110" pin=1"/></net>

<net id="117"><net_src comp="20" pin="0"/><net_sink comp="110" pin=2"/></net>

<net id="121"><net_src comp="110" pin="3"/><net_sink comp="118" pin=0"/></net>

<net id="126"><net_src comp="118" pin="1"/><net_sink comp="122" pin=0"/></net>

<net id="127"><net_src comp="102" pin="3"/><net_sink comp="122" pin=1"/></net>

<net id="134"><net_src comp="22" pin="0"/><net_sink comp="128" pin=0"/></net>

<net id="135"><net_src comp="122" pin="2"/><net_sink comp="128" pin=1"/></net>

<net id="136"><net_src comp="24" pin="0"/><net_sink comp="128" pin=2"/></net>

<net id="137"><net_src comp="26" pin="0"/><net_sink comp="128" pin=3"/></net>

<net id="144"><net_src comp="28" pin="0"/><net_sink comp="138" pin=0"/></net>

<net id="145"><net_src comp="96" pin="2"/><net_sink comp="138" pin=1"/></net>

<net id="146"><net_src comp="24" pin="0"/><net_sink comp="138" pin=2"/></net>

<net id="147"><net_src comp="30" pin="0"/><net_sink comp="138" pin=3"/></net>

<net id="151"><net_src comp="138" pin="4"/><net_sink comp="148" pin=0"/></net>

<net id="155"><net_src comp="90" pin="2"/><net_sink comp="152" pin=0"/></net>

<net id="161"><net_src comp="32" pin="0"/><net_sink comp="156" pin=0"/></net>

<net id="162"><net_src comp="90" pin="2"/><net_sink comp="156" pin=1"/></net>

<net id="163"><net_src comp="34" pin="0"/><net_sink comp="156" pin=2"/></net>

<net id="167"><net_src comp="156" pin="3"/><net_sink comp="164" pin=0"/></net>

<net id="172"><net_src comp="36" pin="0"/><net_sink comp="168" pin=0"/></net>

<net id="173"><net_src comp="164" pin="1"/><net_sink comp="168" pin=1"/></net>

<net id="178"><net_src comp="168" pin="2"/><net_sink comp="174" pin=0"/></net>

<net id="179"><net_src comp="152" pin="1"/><net_sink comp="174" pin=1"/></net>

<net id="186"><net_src comp="22" pin="0"/><net_sink comp="180" pin=0"/></net>

<net id="187"><net_src comp="174" pin="2"/><net_sink comp="180" pin=1"/></net>

<net id="188"><net_src comp="24" pin="0"/><net_sink comp="180" pin=2"/></net>

<net id="189"><net_src comp="26" pin="0"/><net_sink comp="180" pin=3"/></net>

<net id="196"><net_src comp="38" pin="0"/><net_sink comp="190" pin=0"/></net>

<net id="197"><net_src comp="90" pin="2"/><net_sink comp="190" pin=1"/></net>

<net id="198"><net_src comp="40" pin="0"/><net_sink comp="190" pin=2"/></net>

<net id="199"><net_src comp="30" pin="0"/><net_sink comp="190" pin=3"/></net>

<net id="203"><net_src comp="190" pin="4"/><net_sink comp="200" pin=0"/></net>

<net id="208"><net_src comp="164" pin="1"/><net_sink comp="204" pin=0"/></net>

<net id="209"><net_src comp="152" pin="1"/><net_sink comp="204" pin=1"/></net>

<net id="216"><net_src comp="22" pin="0"/><net_sink comp="210" pin=0"/></net>

<net id="217"><net_src comp="204" pin="2"/><net_sink comp="210" pin=1"/></net>

<net id="218"><net_src comp="24" pin="0"/><net_sink comp="210" pin=2"/></net>

<net id="219"><net_src comp="26" pin="0"/><net_sink comp="210" pin=3"/></net>

<net id="225"><net_src comp="14" pin="0"/><net_sink comp="220" pin=0"/></net>

<net id="226"><net_src comp="90" pin="2"/><net_sink comp="220" pin=1"/></net>

<net id="227"><net_src comp="16" pin="0"/><net_sink comp="220" pin=2"/></net>

<net id="233"><net_src comp="18" pin="0"/><net_sink comp="228" pin=0"/></net>

<net id="234"><net_src comp="90" pin="2"/><net_sink comp="228" pin=1"/></net>

<net id="235"><net_src comp="20" pin="0"/><net_sink comp="228" pin=2"/></net>

<net id="239"><net_src comp="228" pin="3"/><net_sink comp="236" pin=0"/></net>

<net id="244"><net_src comp="220" pin="3"/><net_sink comp="240" pin=0"/></net>

<net id="245"><net_src comp="236" pin="1"/><net_sink comp="240" pin=1"/></net>

<net id="252"><net_src comp="22" pin="0"/><net_sink comp="246" pin=0"/></net>

<net id="253"><net_src comp="240" pin="2"/><net_sink comp="246" pin=1"/></net>

<net id="254"><net_src comp="24" pin="0"/><net_sink comp="246" pin=2"/></net>

<net id="255"><net_src comp="26" pin="0"/><net_sink comp="246" pin=3"/></net>

<net id="262"><net_src comp="28" pin="0"/><net_sink comp="256" pin=0"/></net>

<net id="263"><net_src comp="84" pin="2"/><net_sink comp="256" pin=1"/></net>

<net id="264"><net_src comp="24" pin="0"/><net_sink comp="256" pin=2"/></net>

<net id="265"><net_src comp="30" pin="0"/><net_sink comp="256" pin=3"/></net>

<net id="269"><net_src comp="256" pin="4"/><net_sink comp="266" pin=0"/></net>

<net id="276"><net_src comp="42" pin="0"/><net_sink comp="270" pin=0"/></net>

<net id="277"><net_src comp="84" pin="2"/><net_sink comp="270" pin=1"/></net>

<net id="278"><net_src comp="44" pin="0"/><net_sink comp="270" pin=2"/></net>

<net id="279"><net_src comp="30" pin="0"/><net_sink comp="270" pin=3"/></net>

<net id="283"><net_src comp="270" pin="4"/><net_sink comp="280" pin=0"/></net>

<net id="287"><net_src comp="78" pin="2"/><net_sink comp="284" pin=0"/></net>

<net id="291"><net_src comp="78" pin="2"/><net_sink comp="288" pin=0"/></net>

<net id="296"><net_src comp="46" pin="0"/><net_sink comp="292" pin=0"/></net>

<net id="297"><net_src comp="288" pin="1"/><net_sink comp="292" pin=1"/></net>

<net id="304"><net_src comp="48" pin="0"/><net_sink comp="298" pin=0"/></net>

<net id="305"><net_src comp="292" pin="2"/><net_sink comp="298" pin=1"/></net>

<net id="306"><net_src comp="24" pin="0"/><net_sink comp="298" pin=2"/></net>

<net id="307"><net_src comp="50" pin="0"/><net_sink comp="298" pin=3"/></net>

<net id="311"><net_src comp="298" pin="4"/><net_sink comp="308" pin=0"/></net>

<net id="317"><net_src comp="32" pin="0"/><net_sink comp="312" pin=0"/></net>

<net id="318"><net_src comp="78" pin="2"/><net_sink comp="312" pin=1"/></net>

<net id="319"><net_src comp="34" pin="0"/><net_sink comp="312" pin=2"/></net>

<net id="323"><net_src comp="312" pin="3"/><net_sink comp="320" pin=0"/></net>

<net id="328"><net_src comp="320" pin="1"/><net_sink comp="324" pin=0"/></net>

<net id="329"><net_src comp="284" pin="1"/><net_sink comp="324" pin=1"/></net>

<net id="336"><net_src comp="22" pin="0"/><net_sink comp="330" pin=0"/></net>

<net id="337"><net_src comp="324" pin="2"/><net_sink comp="330" pin=1"/></net>

<net id="338"><net_src comp="24" pin="0"/><net_sink comp="330" pin=2"/></net>

<net id="339"><net_src comp="26" pin="0"/><net_sink comp="330" pin=3"/></net>

<net id="346"><net_src comp="42" pin="0"/><net_sink comp="340" pin=0"/></net>

<net id="347"><net_src comp="78" pin="2"/><net_sink comp="340" pin=1"/></net>

<net id="348"><net_src comp="44" pin="0"/><net_sink comp="340" pin=2"/></net>

<net id="349"><net_src comp="30" pin="0"/><net_sink comp="340" pin=3"/></net>

<net id="353"><net_src comp="340" pin="4"/><net_sink comp="350" pin=0"/></net>

<net id="358"><net_src comp="36" pin="0"/><net_sink comp="354" pin=0"/></net>

<net id="359"><net_src comp="320" pin="1"/><net_sink comp="354" pin=1"/></net>

<net id="364"><net_src comp="354" pin="2"/><net_sink comp="360" pin=0"/></net>

<net id="365"><net_src comp="284" pin="1"/><net_sink comp="360" pin=1"/></net>

<net id="372"><net_src comp="22" pin="0"/><net_sink comp="366" pin=0"/></net>

<net id="373"><net_src comp="360" pin="2"/><net_sink comp="366" pin=1"/></net>

<net id="374"><net_src comp="24" pin="0"/><net_sink comp="366" pin=2"/></net>

<net id="375"><net_src comp="26" pin="0"/><net_sink comp="366" pin=3"/></net>

<net id="379"><net_src comp="72" pin="2"/><net_sink comp="376" pin=0"/></net>

<net id="385"><net_src comp="14" pin="0"/><net_sink comp="380" pin=0"/></net>

<net id="386"><net_src comp="72" pin="2"/><net_sink comp="380" pin=1"/></net>

<net id="387"><net_src comp="16" pin="0"/><net_sink comp="380" pin=2"/></net>

<net id="392"><net_src comp="380" pin="3"/><net_sink comp="388" pin=0"/></net>

<net id="393"><net_src comp="376" pin="1"/><net_sink comp="388" pin=1"/></net>

<net id="400"><net_src comp="22" pin="0"/><net_sink comp="394" pin=0"/></net>

<net id="401"><net_src comp="388" pin="2"/><net_sink comp="394" pin=1"/></net>

<net id="402"><net_src comp="24" pin="0"/><net_sink comp="394" pin=2"/></net>

<net id="403"><net_src comp="26" pin="0"/><net_sink comp="394" pin=3"/></net>

<net id="409"><net_src comp="32" pin="0"/><net_sink comp="404" pin=0"/></net>

<net id="410"><net_src comp="72" pin="2"/><net_sink comp="404" pin=1"/></net>

<net id="411"><net_src comp="34" pin="0"/><net_sink comp="404" pin=2"/></net>

<net id="415"><net_src comp="404" pin="3"/><net_sink comp="412" pin=0"/></net>

<net id="420"><net_src comp="36" pin="0"/><net_sink comp="416" pin=0"/></net>

<net id="421"><net_src comp="412" pin="1"/><net_sink comp="416" pin=1"/></net>

<net id="428"><net_src comp="22" pin="0"/><net_sink comp="422" pin=0"/></net>

<net id="429"><net_src comp="416" pin="2"/><net_sink comp="422" pin=1"/></net>

<net id="430"><net_src comp="24" pin="0"/><net_sink comp="422" pin=2"/></net>

<net id="431"><net_src comp="26" pin="0"/><net_sink comp="422" pin=3"/></net>

<net id="436"><net_src comp="412" pin="1"/><net_sink comp="432" pin=0"/></net>

<net id="437"><net_src comp="376" pin="1"/><net_sink comp="432" pin=1"/></net>

<net id="444"><net_src comp="22" pin="0"/><net_sink comp="438" pin=0"/></net>

<net id="445"><net_src comp="432" pin="2"/><net_sink comp="438" pin=1"/></net>

<net id="446"><net_src comp="24" pin="0"/><net_sink comp="438" pin=2"/></net>

<net id="447"><net_src comp="26" pin="0"/><net_sink comp="438" pin=3"/></net>

<net id="451"><net_src comp="66" pin="2"/><net_sink comp="448" pin=0"/></net>

<net id="457"><net_src comp="32" pin="0"/><net_sink comp="452" pin=0"/></net>

<net id="458"><net_src comp="66" pin="2"/><net_sink comp="452" pin=1"/></net>

<net id="459"><net_src comp="34" pin="0"/><net_sink comp="452" pin=2"/></net>

<net id="463"><net_src comp="452" pin="3"/><net_sink comp="460" pin=0"/></net>

<net id="468"><net_src comp="36" pin="0"/><net_sink comp="464" pin=0"/></net>

<net id="469"><net_src comp="460" pin="1"/><net_sink comp="464" pin=1"/></net>

<net id="476"><net_src comp="22" pin="0"/><net_sink comp="470" pin=0"/></net>

<net id="477"><net_src comp="464" pin="2"/><net_sink comp="470" pin=1"/></net>

<net id="478"><net_src comp="24" pin="0"/><net_sink comp="470" pin=2"/></net>

<net id="479"><net_src comp="26" pin="0"/><net_sink comp="470" pin=3"/></net>

<net id="484"><net_src comp="448" pin="1"/><net_sink comp="480" pin=0"/></net>

<net id="485"><net_src comp="460" pin="1"/><net_sink comp="480" pin=1"/></net>

<net id="492"><net_src comp="22" pin="0"/><net_sink comp="486" pin=0"/></net>

<net id="493"><net_src comp="480" pin="2"/><net_sink comp="486" pin=1"/></net>

<net id="494"><net_src comp="24" pin="0"/><net_sink comp="486" pin=2"/></net>

<net id="495"><net_src comp="26" pin="0"/><net_sink comp="486" pin=3"/></net>

<net id="500"><net_src comp="460" pin="1"/><net_sink comp="496" pin=0"/></net>

<net id="501"><net_src comp="448" pin="1"/><net_sink comp="496" pin=1"/></net>

<net id="508"><net_src comp="22" pin="0"/><net_sink comp="502" pin=0"/></net>

<net id="509"><net_src comp="496" pin="2"/><net_sink comp="502" pin=1"/></net>

<net id="510"><net_src comp="24" pin="0"/><net_sink comp="502" pin=2"/></net>

<net id="511"><net_src comp="26" pin="0"/><net_sink comp="502" pin=3"/></net>

<net id="518"><net_src comp="38" pin="0"/><net_sink comp="512" pin=0"/></net>

<net id="519"><net_src comp="66" pin="2"/><net_sink comp="512" pin=1"/></net>

<net id="520"><net_src comp="40" pin="0"/><net_sink comp="512" pin=2"/></net>

<net id="521"><net_src comp="30" pin="0"/><net_sink comp="512" pin=3"/></net>

<net id="525"><net_src comp="512" pin="4"/><net_sink comp="522" pin=0"/></net>

<net id="530"><net_src comp="394" pin="4"/><net_sink comp="526" pin=0"/></net>

<net id="531"><net_src comp="470" pin="4"/><net_sink comp="526" pin=1"/></net>

<net id="536"><net_src comp="526" pin="2"/><net_sink comp="532" pin=0"/></net>

<net id="537"><net_src comp="308" pin="1"/><net_sink comp="532" pin=1"/></net>

<net id="542"><net_src comp="486" pin="4"/><net_sink comp="538" pin=0"/></net>

<net id="543"><net_src comp="200" pin="1"/><net_sink comp="538" pin=1"/></net>

<net id="548"><net_src comp="538" pin="2"/><net_sink comp="544" pin=0"/></net>

<net id="549"><net_src comp="422" pin="4"/><net_sink comp="544" pin=1"/></net>

<net id="554"><net_src comp="128" pin="4"/><net_sink comp="550" pin=0"/></net>

<net id="555"><net_src comp="438" pin="4"/><net_sink comp="550" pin=1"/></net>

<net id="560"><net_src comp="550" pin="2"/><net_sink comp="556" pin=0"/></net>

<net id="561"><net_src comp="210" pin="4"/><net_sink comp="556" pin=1"/></net>

<net id="566"><net_src comp="350" pin="1"/><net_sink comp="562" pin=0"/></net>

<net id="567"><net_src comp="266" pin="1"/><net_sink comp="562" pin=1"/></net>

<net id="571"><net_src comp="562" pin="2"/><net_sink comp="568" pin=0"/></net>

<net id="576"><net_src comp="568" pin="1"/><net_sink comp="572" pin=0"/></net>

<net id="577"><net_src comp="502" pin="4"/><net_sink comp="572" pin=1"/></net>

<net id="582"><net_src comp="572" pin="2"/><net_sink comp="578" pin=0"/></net>

<net id="583"><net_src comp="556" pin="2"/><net_sink comp="578" pin=1"/></net>

<net id="588"><net_src comp="246" pin="4"/><net_sink comp="584" pin=0"/></net>

<net id="589"><net_src comp="366" pin="4"/><net_sink comp="584" pin=1"/></net>

<net id="594"><net_src comp="280" pin="1"/><net_sink comp="590" pin=0"/></net>

<net id="595"><net_src comp="148" pin="1"/><net_sink comp="590" pin=1"/></net>

<net id="599"><net_src comp="590" pin="2"/><net_sink comp="596" pin=0"/></net>

<net id="604"><net_src comp="596" pin="1"/><net_sink comp="600" pin=0"/></net>

<net id="605"><net_src comp="522" pin="1"/><net_sink comp="600" pin=1"/></net>

<net id="610"><net_src comp="600" pin="2"/><net_sink comp="606" pin=0"/></net>

<net id="611"><net_src comp="584" pin="2"/><net_sink comp="606" pin=1"/></net>

<net id="622"><net_src comp="46" pin="0"/><net_sink comp="618" pin=0"/></net>

<net id="623"><net_src comp="615" pin="1"/><net_sink comp="618" pin=1"/></net>

<net id="630"><net_src comp="48" pin="0"/><net_sink comp="624" pin=0"/></net>

<net id="631"><net_src comp="618" pin="2"/><net_sink comp="624" pin=1"/></net>

<net id="632"><net_src comp="24" pin="0"/><net_sink comp="624" pin=2"/></net>

<net id="633"><net_src comp="50" pin="0"/><net_sink comp="624" pin=3"/></net>

<net id="637"><net_src comp="624" pin="4"/><net_sink comp="634" pin=0"/></net>

<net id="643"><net_src comp="32" pin="0"/><net_sink comp="638" pin=0"/></net>

<net id="644"><net_src comp="34" pin="0"/><net_sink comp="638" pin=2"/></net>

<net id="648"><net_src comp="638" pin="3"/><net_sink comp="645" pin=0"/></net>

<net id="653"><net_src comp="645" pin="1"/><net_sink comp="649" pin=0"/></net>

<net id="654"><net_src comp="612" pin="1"/><net_sink comp="649" pin=1"/></net>

<net id="661"><net_src comp="22" pin="0"/><net_sink comp="655" pin=0"/></net>

<net id="662"><net_src comp="649" pin="2"/><net_sink comp="655" pin=1"/></net>

<net id="663"><net_src comp="24" pin="0"/><net_sink comp="655" pin=2"/></net>

<net id="664"><net_src comp="26" pin="0"/><net_sink comp="655" pin=3"/></net>

<net id="673"><net_src comp="32" pin="0"/><net_sink comp="668" pin=0"/></net>

<net id="674"><net_src comp="34" pin="0"/><net_sink comp="668" pin=2"/></net>

<net id="678"><net_src comp="668" pin="3"/><net_sink comp="675" pin=0"/></net>

<net id="683"><net_src comp="675" pin="1"/><net_sink comp="679" pin=0"/></net>

<net id="684"><net_src comp="665" pin="1"/><net_sink comp="679" pin=1"/></net>

<net id="691"><net_src comp="22" pin="0"/><net_sink comp="685" pin=0"/></net>

<net id="692"><net_src comp="679" pin="2"/><net_sink comp="685" pin=1"/></net>

<net id="693"><net_src comp="24" pin="0"/><net_sink comp="685" pin=2"/></net>

<net id="694"><net_src comp="26" pin="0"/><net_sink comp="685" pin=3"/></net>

<net id="699"><net_src comp="36" pin="0"/><net_sink comp="695" pin=0"/></net>

<net id="700"><net_src comp="675" pin="1"/><net_sink comp="695" pin=1"/></net>

<net id="707"><net_src comp="22" pin="0"/><net_sink comp="701" pin=0"/></net>

<net id="708"><net_src comp="695" pin="2"/><net_sink comp="701" pin=1"/></net>

<net id="709"><net_src comp="24" pin="0"/><net_sink comp="701" pin=2"/></net>

<net id="710"><net_src comp="26" pin="0"/><net_sink comp="701" pin=3"/></net>

<net id="715"><net_src comp="634" pin="1"/><net_sink comp="711" pin=0"/></net>

<net id="716"><net_src comp="685" pin="4"/><net_sink comp="711" pin=1"/></net>

<net id="721"><net_src comp="711" pin="2"/><net_sink comp="717" pin=0"/></net>

<net id="726"><net_src comp="717" pin="2"/><net_sink comp="722" pin=1"/></net>

<net id="731"><net_src comp="701" pin="4"/><net_sink comp="727" pin=0"/></net>

<net id="736"><net_src comp="727" pin="2"/><net_sink comp="732" pin=0"/></net>

<net id="737"><net_src comp="655" pin="4"/><net_sink comp="732" pin=1"/></net>

<net id="742"><net_src comp="732" pin="2"/><net_sink comp="738" pin=1"/></net>

<net id="747"><net_src comp="64" pin="0"/><net_sink comp="743" pin=0"/></net>

<net id="748"><net_src comp="722" pin="2"/><net_sink comp="743" pin=1"/></net>

<net id="753"><net_src comp="743" pin="2"/><net_sink comp="749" pin=0"/></net>

<net id="754"><net_src comp="738" pin="2"/><net_sink comp="749" pin=1"/></net>

<net id="759"><net_src comp="749" pin="2"/><net_sink comp="755" pin=0"/></net>

<net id="764"><net_src comp="755" pin="2"/><net_sink comp="760" pin=0"/></net>

<net id="768"><net_src comp="84" pin="2"/><net_sink comp="765" pin=0"/></net>

<net id="769"><net_src comp="765" pin="1"/><net_sink comp="665" pin=0"/></net>

<net id="770"><net_src comp="765" pin="1"/><net_sink comp="668" pin=1"/></net>

<net id="774"><net_src comp="96" pin="2"/><net_sink comp="771" pin=0"/></net>

<net id="775"><net_src comp="771" pin="1"/><net_sink comp="612" pin=0"/></net>

<net id="776"><net_src comp="771" pin="1"/><net_sink comp="615" pin=0"/></net>

<net id="777"><net_src comp="771" pin="1"/><net_sink comp="638" pin=1"/></net>

<net id="781"><net_src comp="180" pin="4"/><net_sink comp="778" pin=0"/></net>

<net id="782"><net_src comp="778" pin="1"/><net_sink comp="717" pin=1"/></net>

<net id="786"><net_src comp="330" pin="4"/><net_sink comp="783" pin=0"/></net>

<net id="787"><net_src comp="783" pin="1"/><net_sink comp="727" pin=1"/></net>

<net id="791"><net_src comp="532" pin="2"/><net_sink comp="788" pin=0"/></net>

<net id="792"><net_src comp="788" pin="1"/><net_sink comp="722" pin=0"/></net>

<net id="796"><net_src comp="544" pin="2"/><net_sink comp="793" pin=0"/></net>

<net id="797"><net_src comp="793" pin="1"/><net_sink comp="738" pin=0"/></net>

<net id="801"><net_src comp="578" pin="2"/><net_sink comp="798" pin=0"/></net>

<net id="802"><net_src comp="798" pin="1"/><net_sink comp="755" pin=1"/></net>

<net id="806"><net_src comp="606" pin="2"/><net_sink comp="803" pin=0"/></net>

<net id="807"><net_src comp="803" pin="1"/><net_sink comp="760" pin=1"/></net>

</net_list>

</model> 
---------------- Datapath Model END ------------------

* FSMD analyzer results:
  - Output states:
	Port: p_read | {}
	Port: p_read1 | {}
	Port: p_read2 | {}
	Port: p_read3 | {}
	Port: p_read4 | {}
	Port: p_read5 | {}
 - Input state : 
	Port: dense_latency<ap_fixed<8, 4, 5, 3, 0>, ap_fixed<8, 4, 5, 3, 0>, config5> : p_read | {1 }
	Port: dense_latency<ap_fixed<8, 4, 5, 3, 0>, ap_fixed<8, 4, 5, 3, 0>, config5> : p_read1 | {1 }
	Port: dense_latency<ap_fixed<8, 4, 5, 3, 0>, ap_fixed<8, 4, 5, 3, 0>, config5> : p_read2 | {1 }
	Port: dense_latency<ap_fixed<8, 4, 5, 3, 0>, ap_fixed<8, 4, 5, 3, 0>, config5> : p_read3 | {1 }
	Port: dense_latency<ap_fixed<8, 4, 5, 3, 0>, ap_fixed<8, 4, 5, 3, 0>, config5> : p_read4 | {1 }
	Port: dense_latency<ap_fixed<8, 4, 5, 3, 0>, ap_fixed<8, 4, 5, 3, 0>, config5> : p_read5 | {1 }
  - Chain level:
	State 1
		sext_ln1273_4 : 1
		r_V_4 : 2
		trunc_ln818_8 : 3
		sext_ln70_2 : 1
		sext_ln1273_6 : 1
		sub_ln1273 : 2
		r_V_5 : 3
		trunc_ln818_s : 4
		sext_ln818_1 : 1
		r_V_6 : 2
		trunc_ln818_2 : 3
		sext_ln1273_7 : 1
		r_V_7 : 2
		trunc_ln818_3 : 3
		sext_ln818_2 : 1
		sext_ln70_4 : 1
		r_V_10 : 1
		trunc_ln818_11 : 2
		sext_ln818_3 : 3
		sext_ln1273_11 : 1
		r_V_11 : 2
		trunc_ln818_12 : 3
		sext_ln1273_12 : 1
		sub_ln1273_6 : 2
		r_V_12 : 3
		trunc_ln818_14 : 4
		r_V_13 : 1
		trunc_ln818_15 : 2
		sext_ln1273_14 : 1
		r_V_14 : 2
		trunc_ln818_16 : 3
		r_V_15 : 2
		trunc_ln818_17 : 3
		sext_ln1273_16 : 1
		r_V_16 : 2
		trunc_ln818_18 : 3
		r_V_17 : 2
		trunc_ln818_19 : 3
		r_V_18 : 2
		trunc_ln818_20 : 3
		sext_ln818_4 : 1
		add_ln813_6 : 4
		add_ln813_7 : 5
		add_ln813_11 : 4
		add_ln813_12 : 5
		add_ln813_14 : 4
		add_ln813_15 : 5
		add_ln813_16 : 2
		sext_ln813 : 3
		add_ln813_17 : 4
		add_ln813_18 : 6
		add_ln813_19 : 5
		add_ln813_20 : 2
		sext_ln813_1 : 3
		add_ln813_21 : 4
		add_ln813_22 : 6
	State 2
		r_V : 1
		trunc_ln : 2
		sext_ln818 : 3
		sext_ln1273 : 1
		r_V_3 : 2
		trunc_ln818_7 : 3
		sext_ln1273_8 : 1
		r_V_8 : 2
		trunc_ln818_4 : 3
		r_V_9 : 2
		trunc_ln818_5 : 3
		add_ln813 : 4
		add_ln813_5 : 5
		add_ln813_8 : 6
		add_ln813_9 : 4
		add_ln813_10 : 5
		add_ln813_13 : 6
		mrv : 7
		mrv_1 : 8
		mrv_2 : 9
		mrv_3 : 10
		ret_ln68 : 11


============================================================
+ Verbose Summary: Datapath Resource usage 
============================================================

* Functional unit list:
|----------|-----------------------|---------|---------|
| Operation|    Functional Unit    |    FF   |   LUT   |
|----------|-----------------------|---------|---------|
|          |     r_V_11_fu_324     |    0    |    13   |
|          |     r_V_15_fu_432     |    0    |    13   |
|          |   add_ln813_6_fu_526  |    0    |    8    |
|          |   add_ln813_7_fu_532  |    0    |    8    |
|          |  add_ln813_11_fu_538  |    0    |    8    |
|          |  add_ln813_12_fu_544  |    0    |    8    |
|          |  add_ln813_14_fu_550  |    0    |    15   |
|          |  add_ln813_15_fu_556  |    0    |    8    |
|          |  add_ln813_16_fu_562  |    0    |    14   |
|          |  add_ln813_17_fu_572  |    0    |    15   |
|          |  add_ln813_18_fu_578  |    0    |    8    |
|    add   |  add_ln813_19_fu_584  |    0    |    8    |
|          |  add_ln813_20_fu_590  |    0    |    14   |
|          |  add_ln813_21_fu_600  |    0    |    14   |
|          |  add_ln813_22_fu_606  |    0    |    8    |
|          |      r_V_3_fu_649     |    0    |    13   |
|          |      r_V_8_fu_679     |    0    |    13   |
|          |    add_ln813_fu_711   |    0    |    15   |
|          |   add_ln813_5_fu_717  |    0    |    8    |
|          |   add_ln813_8_fu_722  |    0    |    8    |
|          |   add_ln813_9_fu_727  |    0    |    15   |
|          |  add_ln813_10_fu_732  |    0    |    8    |
|          |  add_ln813_13_fu_738  |    0    |    8    |
|----------|-----------------------|---------|---------|
|          |      r_V_4_fu_122     |    0    |    12   |
|          |   sub_ln1273_fu_168   |    0    |    10   |
|          |      r_V_5_fu_174     |    0    |    11   |
|          |      r_V_6_fu_204     |    0    |    13   |
|          |      r_V_7_fu_240     |    0    |    12   |
|          |     r_V_10_fu_292     |    0    |    15   |
|          |  sub_ln1273_6_fu_354  |    0    |    10   |
|    sub   |     r_V_12_fu_360     |    0    |    11   |
|          |     r_V_13_fu_388     |    0    |    12   |
|          |     r_V_14_fu_416     |    0    |    13   |
|          |     r_V_16_fu_464     |    0    |    13   |
|          |     r_V_17_fu_480     |    0    |    13   |
|          |     r_V_18_fu_496     |    0    |    13   |
|          |       r_V_fu_618      |    0    |    15   |
|          |      r_V_9_fu_695     |    0    |    13   |
|----------|-----------------------|---------|---------|
|          |  p_read_5_read_fu_66  |    0    |    0    |
|          |  p_read_6_read_fu_72  |    0    |    0    |
|   read   |  p_read_7_read_fu_78  |    0    |    0    |
|          |  p_read_8_read_fu_84  |    0    |    0    |
|          |  p_read17_read_fu_90  |    0    |    0    |
|          |  p_read_9_read_fu_96  |    0    |    0    |
|----------|-----------------------|---------|---------|
|          |  shl_ln1273_3_fu_102  |    0    |    0    |
|          |  shl_ln1273_4_fu_110  |    0    |    0    |
|          |  shl_ln1273_5_fu_156  |    0    |    0    |
|          |  shl_ln1273_6_fu_220  |    0    |    0    |
|          |  shl_ln1273_7_fu_228  |    0    |    0    |
|bitconcatenate|  shl_ln1273_9_fu_312  |    0    |    0    |
|          |  shl_ln1273_s_fu_380  |    0    |    0    |
|          |  shl_ln1273_1_fu_404  |    0    |    0    |
|          |  shl_ln1273_2_fu_452  |    0    |    0    |
|          |     shl_ln_fu_638     |    0    |    0    |
|          |  shl_ln1273_8_fu_668  |    0    |    0    |
|----------|-----------------------|---------|---------|
|          |  sext_ln1273_4_fu_118 |    0    |    0    |
|          |   sext_ln70_2_fu_148  |    0    |    0    |
|          |  sext_ln1273_5_fu_152 |    0    |    0    |
|          |  sext_ln1273_6_fu_164 |    0    |    0    |
|          |  sext_ln818_1_fu_200  |    0    |    0    |
|          |  sext_ln1273_7_fu_236 |    0    |    0    |
|          |  sext_ln818_2_fu_266  |    0    |    0    |
|          |   sext_ln70_4_fu_280  |    0    |    0    |
|          |  sext_ln1273_9_fu_284 |    0    |    0    |
|          | sext_ln1273_10_fu_288 |    0    |    0    |
|          |  sext_ln818_3_fu_308  |    0    |    0    |
|          | sext_ln1273_11_fu_320 |    0    |    0    |
|   sext   | sext_ln1273_12_fu_350 |    0    |    0    |
|          | sext_ln1273_13_fu_376 |    0    |    0    |
|          | sext_ln1273_14_fu_412 |    0    |    0    |
|          | sext_ln1273_15_fu_448 |    0    |    0    |
|          | sext_ln1273_16_fu_460 |    0    |    0    |
|          |  sext_ln818_4_fu_522  |    0    |    0    |
|          |   sext_ln813_fu_568   |    0    |    0    |
|          |  sext_ln813_1_fu_596  |    0    |    0    |
|          |    sext_ln70_fu_612   |    0    |    0    |
|          |   sext_ln70_1_fu_615  |    0    |    0    |
|          |   sext_ln818_fu_634   |    0    |    0    |
|          |   sext_ln1273_fu_645  |    0    |    0    |
|          |   sext_ln70_3_fu_665  |    0    |    0    |
|          |  sext_ln1273_8_fu_675 |    0    |    0    |
|----------|-----------------------|---------|---------|
|          |  trunc_ln818_8_fu_128 |    0    |    0    |
|          |  trunc_ln818_9_fu_138 |    0    |    0    |
|          |  trunc_ln818_s_fu_180 |    0    |    0    |
|          |  trunc_ln818_1_fu_190 |    0    |    0    |
|          |  trunc_ln818_2_fu_210 |    0    |    0    |
|          |  trunc_ln818_3_fu_246 |    0    |    0    |
|          |  trunc_ln818_6_fu_256 |    0    |    0    |
|          | trunc_ln818_10_fu_270 |    0    |    0    |
|          | trunc_ln818_11_fu_298 |    0    |    0    |
|          | trunc_ln818_12_fu_330 |    0    |    0    |
|          | trunc_ln818_13_fu_340 |    0    |    0    |
|partselect| trunc_ln818_14_fu_366 |    0    |    0    |
|          | trunc_ln818_15_fu_394 |    0    |    0    |
|          | trunc_ln818_16_fu_422 |    0    |    0    |
|          | trunc_ln818_17_fu_438 |    0    |    0    |
|          | trunc_ln818_18_fu_470 |    0    |    0    |
|          | trunc_ln818_19_fu_486 |    0    |    0    |
|          | trunc_ln818_20_fu_502 |    0    |    0    |
|          | trunc_ln818_21_fu_512 |    0    |    0    |
|          |    trunc_ln_fu_624    |    0    |    0    |
|          |  trunc_ln818_7_fu_655 |    0    |    0    |
|          |  trunc_ln818_4_fu_685 |    0    |    0    |
|          |  trunc_ln818_5_fu_701 |    0    |    0    |
|----------|-----------------------|---------|---------|
|          |       mrv_fu_743      |    0    |    0    |
|insertvalue|      mrv_1_fu_749     |    0    |    0    |
|          |      mrv_2_fu_755     |    0    |    0    |
|          |      mrv_3_fu_760     |    0    |    0    |
|----------|-----------------------|---------|---------|
|   Total  |                       |    0    |   436   |
|----------|-----------------------|---------|---------|

Memories:
N/A

* Register list:
+----------------------+--------+
|                      |   FF   |
+----------------------+--------+
| add_ln813_12_reg_793 |    8   |
| add_ln813_18_reg_798 |    8   |
| add_ln813_22_reg_803 |    8   |
|  add_ln813_7_reg_788 |    8   |
|   p_read_8_reg_765   |    8   |
|   p_read_9_reg_771   |    8   |
|trunc_ln818_12_reg_783|    8   |
| trunc_ln818_s_reg_778|    8   |
+----------------------+--------+
|         Total        |   64   |
+----------------------+--------+

* Multiplexer (MUX) list: 
|--------|------|------|------|--------|
|  Comp  |  Pin | Size |  BW  | S x BW |
|--------|------|------|------|--------|
|  Total |      |      |      |    0   |
|--------|------|------|------|--------|



* Summary:
+-----------+--------+--------+
|           |   FF   |   LUT  |
+-----------+--------+--------+
|  Function |    0   |   436  |
|   Memory  |    -   |    -   |
|Multiplexer|    -   |    -   |
|  Register |   64   |    -   |
+-----------+--------+--------+
|   Total   |   64   |   436  |
+-----------+--------+--------+
