

================================================================
== Vitis HLS Report for 'GN_inference'
================================================================
* Date:           Mon Mar  9 15:24:50 2026

* Version:        2022.2 (Build 3670227 on Oct 13 2022)
* Project:        myproject_prj
* Solution:       solution1 (Vivado IP Flow Target)
* Product family: zynq
* Target device:  xc7z020-clg484-1


================================================================
== Performance Estimates
================================================================
+ Timing: 
    * Summary: 
    +--------+----------+----------+------------+
    |  Clock |  Target  | Estimated| Uncertainty|
    +--------+----------+----------+------------+
    |ap_clk  |  10.00 ns|  8.358 ns|     1.25 ns|
    +--------+----------+----------+------------+

+ Latency: 
    * Summary: 
    +---------+---------+----------+----------+-----+-----+---------+
    |  Latency (cycles) |  Latency (absolute) |  Interval | Pipeline|
    |   min   |   max   |    min   |    max   | min | max |   Type  |
    +---------+---------+----------+----------+-----+-----+---------+
    |      177|      177|  1.770 us|  1.770 us|  161|  161|      yes|
    +---------+---------+----------+----------+-----+-----+---------+

    + Detail: 
        * Instance: 
        +-------------------------------------------------------------------------------------+------------------------------------------------------------------+---------+---------+-----------+-----------+-----+-----+---------+
        |                                                                                     |                                                                  |  Latency (cycles) |   Latency (absolute)  |  Interval | Pipeline|
        |                                       Instance                                      |                              Module                              |   min   |   max   |    min    |    max    | min | max |   Type  |
        +-------------------------------------------------------------------------------------+------------------------------------------------------------------+---------+---------+-----------+-----------+-----+-----+---------+
        |grp_dense_latency_ap_fixed_16_6_5_3_0_ap_fixed_8_4_5_3_0_config2_s_fu_167            |dense_latency_ap_fixed_16_6_5_3_0_ap_fixed_8_4_5_3_0_config2_s    |        3|        3|  30.000 ns|  30.000 ns|    1|    1|      yes|
        |grp_dense_latency_ap_fixed_8_4_5_3_0_ap_fixed_8_4_5_3_0_config5_s_fu_172             |dense_latency_ap_fixed_8_4_5_3_0_ap_fixed_8_4_5_3_0_config5_s     |        1|        1|  10.000 ns|  10.000 ns|    1|    1|      yes|
        |grp_dense_latency_ap_fixed_8_4_5_3_0_ap_fixed_8_4_5_3_0_config8_s_fu_182             |dense_latency_ap_fixed_8_4_5_3_0_ap_fixed_8_4_5_3_0_config8_s     |        1|        1|  10.000 ns|  10.000 ns|    1|    1|      yes|
        |call_ret4_dense_latency_ap_fixed_8_4_5_3_0_ap_fixed_8_4_5_3_0_config11_s_fu_189      |dense_latency_ap_fixed_8_4_5_3_0_ap_fixed_8_4_5_3_0_config11_s    |        0|        0|       0 ns|       0 ns|    1|    1|      yes|
        |call_ret5_dense_latency_ap_fixed_8_4_5_3_0_ap_fixed_8_4_5_3_0_config14_s_fu_195      |dense_latency_ap_fixed_8_4_5_3_0_ap_fixed_8_4_5_3_0_config14_s    |        0|        0|       0 ns|       0 ns|    1|    1|      yes|
        |layer17_out_V_dense_latency_ap_fixed_8_4_5_3_0_ap_fixed_8_4_5_3_0_config17_s_fu_201  |dense_latency_ap_fixed_8_4_5_3_0_ap_fixed_8_4_5_3_0_config17_s    |        0|        0|       0 ns|       0 ns|    1|    1|      yes|
        |grp_sigmoid_ap_fixed_8_4_5_3_0_ap_fixed_8_4_5_3_0_sigmoid_config19_s_fu_207          |sigmoid_ap_fixed_8_4_5_3_0_ap_fixed_8_4_5_3_0_sigmoid_config19_s  |        1|        1|  10.000 ns|  10.000 ns|    1|    1|      yes|
        +-------------------------------------------------------------------------------------+------------------------------------------------------------------+---------+---------+-----------+-----------+-----+-----+---------+

        * Loop: 
        N/A

============================================================
+ Verbose Summary: Synthesis Manager
============================================================
InlineROM: 1
ExposeGlobal: 0
============================================================
+ Verbose Summary: CDFG Model
============================================================
IsTopModel: 1
ResetActiveHigh: 1
IsCombinational: 0
IsDatapathOnly: 0
HasWiredReturn: 1
HasMFsm: 2
HasVarLatency: 0
IsPipeline: 1
IsRtlPipelined: 1
IsInstanceOverlapped: 0
IsDontTouch: 0
HasImplIP: 0
IsGatedGlobalClock: 0

+ Individual pipeline summary: 
  * Pipeline-0: initiation interval (II) = 161, depth = 178


============================================================
+ Verbose Summary: Schedule
============================================================
* Number of FSM states : 178
* Pipeline : 1
  Pipeline-0 : II = 161, D = 178, States = { 1 2 3 4 5 6 7 8 9 10 11 12 13 14 15 16 17 18 19 20 21 22 23 24 25 26 27 28 29 30 31 32 33 34 35 36 37 38 39 40 41 42 43 44 45 46 47 48 49 50 51 52 53 54 55 56 57 58 59 60 61 62 63 64 65 66 67 68 69 70 71 72 73 74 75 76 77 78 79 80 81 82 83 84 85 86 87 88 89 90 91 92 93 94 95 96 97 98 99 100 101 102 103 104 105 106 107 108 109 110 111 112 113 114 115 116 117 118 119 120 121 122 123 124 125 126 127 128 129 130 131 132 133 134 135 136 137 138 139 140 141 142 143 144 145 146 147 148 149 150 151 152 153 154 155 156 157 158 159 160 161 162 163 164 165 166 167 168 169 170 171 172 173 174 175 176 177 178 }
* Dataflow Pipeline: 0

* FSM state transitions: 
1 --> 2 
2 --> 3 
3 --> 4 
4 --> 5 
5 --> 6 
6 --> 7 
7 --> 8 
8 --> 9 
9 --> 10 
10 --> 11 
11 --> 12 
12 --> 13 
13 --> 14 
14 --> 15 
15 --> 16 
16 --> 17 
17 --> 18 
18 --> 19 
19 --> 20 
20 --> 21 
21 --> 22 
22 --> 23 
23 --> 24 
24 --> 25 
25 --> 26 
26 --> 27 
27 --> 28 
28 --> 29 
29 --> 30 
30 --> 31 
31 --> 32 
32 --> 33 
33 --> 34 
34 --> 35 
35 --> 36 
36 --> 37 
37 --> 38 
38 --> 39 
39 --> 40 
40 --> 41 
41 --> 42 
42 --> 43 
43 --> 44 
44 --> 45 
45 --> 46 
46 --> 47 
47 --> 48 
48 --> 49 
49 --> 50 
50 --> 51 
51 --> 52 
52 --> 53 
53 --> 54 
54 --> 55 
55 --> 56 
56 --> 57 
57 --> 58 
58 --> 59 
59 --> 60 
60 --> 61 
61 --> 62 
62 --> 63 
63 --> 64 
64 --> 65 
65 --> 66 
66 --> 67 
67 --> 68 
68 --> 69 
69 --> 70 
70 --> 71 
71 --> 72 
72 --> 73 
73 --> 74 
74 --> 75 
75 --> 76 
76 --> 77 
77 --> 78 
78 --> 79 
79 --> 80 
80 --> 81 
81 --> 82 
82 --> 83 
83 --> 84 
84 --> 85 
85 --> 86 
86 --> 87 
87 --> 88 
88 --> 89 
89 --> 90 
90 --> 91 
91 --> 92 
92 --> 93 
93 --> 94 
94 --> 95 
95 --> 96 
96 --> 97 
97 --> 98 
98 --> 99 
99 --> 100 
100 --> 101 
101 --> 102 
102 --> 103 
103 --> 104 
104 --> 105 
105 --> 106 
106 --> 107 
107 --> 108 
108 --> 109 
109 --> 110 
110 --> 111 
111 --> 112 
112 --> 113 
113 --> 114 
114 --> 115 
115 --> 116 
116 --> 117 
117 --> 118 
118 --> 119 
119 --> 120 
120 --> 121 
121 --> 122 
122 --> 123 
123 --> 124 
124 --> 125 
125 --> 126 
126 --> 127 
127 --> 128 
128 --> 129 
129 --> 130 
130 --> 131 
131 --> 132 
132 --> 133 
133 --> 134 
134 --> 135 
135 --> 136 
136 --> 137 
137 --> 138 
138 --> 139 
139 --> 140 
140 --> 141 
141 --> 142 
142 --> 143 
143 --> 144 
144 --> 145 
145 --> 146 
146 --> 147 
147 --> 148 
148 --> 149 
149 --> 150 
150 --> 151 
151 --> 152 
152 --> 153 
153 --> 154 
154 --> 155 
155 --> 156 
156 --> 157 
157 --> 158 
158 --> 159 
159 --> 160 
160 --> 161 
161 --> 162 
162 --> 163 
163 --> 164 
164 --> 165 
165 --> 166 
166 --> 167 
167 --> 168 
168 --> 169 
169 --> 170 
170 --> 171 
171 --> 172 
172 --> 173 
173 --> 174 
174 --> 175 
175 --> 176 
176 --> 177 
177 --> 178 
178 --> 

* FSM state operations: 

State 1 <SV = 0> <Delay = 0.00>
ST_1 : Operation 179 [1/1] (0.00ns)   --->   "%empty = read i54 @_ssdm_op_Read.axis.volatile.i32P0A.i4P0A.i4P0A.i2P0A.i1P0A.i5P0A.i6P0A, i32 %input_r_V_data_V, i4 %input_r_V_keep_V, i4 %input_r_V_strb_V, i2 %input_r_V_user_V, i1 %input_r_V_last_V, i5 %input_r_V_id_V, i6 %input_r_V_dest_V"   --->   Operation 179 'read' 'empty' <Predicate = true> <Delay = 0.00> <CoreInst = "axis">   --->   Core 115 'axis' <Latency = 0> <II = 1> <Delay = 1.00> <Adapter> <Opcode : >
ST_1 : Operation 180 [1/1] (0.00ns)   --->   "%tmp_data_V = extractvalue i54 %empty"   --->   Operation 180 'extractvalue' 'tmp_data_V' <Predicate = true> <Delay = 0.00>
ST_1 : Operation 181 [1/1] (0.00ns)   --->   "%trunc_ln841 = trunc i32 %tmp_data_V"   --->   Operation 181 'trunc' 'trunc_ln841' <Predicate = true> <Delay = 0.00>

State 2 <SV = 1> <Delay = 0.00>
ST_2 : Operation 182 [1/1] (0.00ns)   --->   "%empty_1377 = read i54 @_ssdm_op_Read.axis.volatile.i32P0A.i4P0A.i4P0A.i2P0A.i1P0A.i5P0A.i6P0A, i32 %input_r_V_data_V, i4 %input_r_V_keep_V, i4 %input_r_V_strb_V, i2 %input_r_V_user_V, i1 %input_r_V_last_V, i5 %input_r_V_id_V, i6 %input_r_V_dest_V"   --->   Operation 182 'read' 'empty_1377' <Predicate = true> <Delay = 0.00> <CoreInst = "axis">   --->   Core 115 'axis' <Latency = 0> <II = 1> <Delay = 1.00> <Adapter> <Opcode : >
ST_2 : Operation 183 [1/1] (0.00ns)   --->   "%tmp_data_V_1 = extractvalue i54 %empty_1377"   --->   Operation 183 'extractvalue' 'tmp_data_V_1' <Predicate = true> <Delay = 0.00>
ST_2 : Operation 184 [1/1] (0.00ns)   --->   "%trunc_ln841_1 = trunc i32 %tmp_data_V_1"   --->   Operation 184 'trunc' 'trunc_ln841_1' <Predicate = true> <Delay = 0.00>

State 3 <SV = 2> <Delay = 0.00>
ST_3 : Operation 185 [1/1] (0.00ns)   --->   "%empty_1378 = read i54 @_ssdm_op_Read.axis.volatile.i32P0A.i4P0A.i4P0A.i2P0A.i1P0A.i5P0A.i6P0A, i32 %input_r_V_data_V, i4 %input_r_V_keep_V, i4 %input_r_V_strb_V, i2 %input_r_V_user_V, i1 %input_r_V_last_V, i5 %input_r_V_id_V, i6 %input_r_V_dest_V"   --->   Operation 185 'read' 'empty_1378' <Predicate = true> <Delay = 0.00> <CoreInst = "axis">   --->   Core 115 'axis' <Latency = 0> <II = 1> <Delay = 1.00> <Adapter> <Opcode : >
ST_3 : Operation 186 [1/1] (0.00ns)   --->   "%tmp_data_V_2 = extractvalue i54 %empty_1378"   --->   Operation 186 'extractvalue' 'tmp_data_V_2' <Predicate = true> <Delay = 0.00>
ST_3 : Operation 187 [1/1] (0.00ns)   --->   "%trunc_ln841_2 = trunc i32 %tmp_data_V_2"   --->   Operation 187 'trunc' 'trunc_ln841_2' <Predicate = true> <Delay = 0.00>

State 4 <SV = 3> <Delay = 0.00>
ST_4 : Operation 188 [1/1] (0.00ns)   --->   "%empty_1379 = read i54 @_ssdm_op_Read.axis.volatile.i32P0A.i4P0A.i4P0A.i2P0A.i1P0A.i5P0A.i6P0A, i32 %input_r_V_data_V, i4 %input_r_V_keep_V, i4 %input_r_V_strb_V, i2 %input_r_V_user_V, i1 %input_r_V_last_V, i5 %input_r_V_id_V, i6 %input_r_V_dest_V"   --->   Operation 188 'read' 'empty_1379' <Predicate = true> <Delay = 0.00> <CoreInst = "axis">   --->   Core 115 'axis' <Latency = 0> <II = 1> <Delay = 1.00> <Adapter> <Opcode : >
ST_4 : Operation 189 [1/1] (0.00ns)   --->   "%tmp_data_V_3 = extractvalue i54 %empty_1379"   --->   Operation 189 'extractvalue' 'tmp_data_V_3' <Predicate = true> <Delay = 0.00>
ST_4 : Operation 190 [1/1] (0.00ns)   --->   "%trunc_ln841_3 = trunc i32 %tmp_data_V_3"   --->   Operation 190 'trunc' 'trunc_ln841_3' <Predicate = true> <Delay = 0.00>

State 5 <SV = 4> <Delay = 0.00>
ST_5 : Operation 191 [1/1] (0.00ns)   --->   "%empty_1380 = read i54 @_ssdm_op_Read.axis.volatile.i32P0A.i4P0A.i4P0A.i2P0A.i1P0A.i5P0A.i6P0A, i32 %input_r_V_data_V, i4 %input_r_V_keep_V, i4 %input_r_V_strb_V, i2 %input_r_V_user_V, i1 %input_r_V_last_V, i5 %input_r_V_id_V, i6 %input_r_V_dest_V"   --->   Operation 191 'read' 'empty_1380' <Predicate = true> <Delay = 0.00> <CoreInst = "axis">   --->   Core 115 'axis' <Latency = 0> <II = 1> <Delay = 1.00> <Adapter> <Opcode : >
ST_5 : Operation 192 [1/1] (0.00ns)   --->   "%tmp_data_V_4 = extractvalue i54 %empty_1380"   --->   Operation 192 'extractvalue' 'tmp_data_V_4' <Predicate = true> <Delay = 0.00>
ST_5 : Operation 193 [1/1] (0.00ns)   --->   "%trunc_ln841_4 = trunc i32 %tmp_data_V_4"   --->   Operation 193 'trunc' 'trunc_ln841_4' <Predicate = true> <Delay = 0.00>

State 6 <SV = 5> <Delay = 0.00>
ST_6 : Operation 194 [1/1] (0.00ns)   --->   "%empty_1381 = read i54 @_ssdm_op_Read.axis.volatile.i32P0A.i4P0A.i4P0A.i2P0A.i1P0A.i5P0A.i6P0A, i32 %input_r_V_data_V, i4 %input_r_V_keep_V, i4 %input_r_V_strb_V, i2 %input_r_V_user_V, i1 %input_r_V_last_V, i5 %input_r_V_id_V, i6 %input_r_V_dest_V"   --->   Operation 194 'read' 'empty_1381' <Predicate = true> <Delay = 0.00> <CoreInst = "axis">   --->   Core 115 'axis' <Latency = 0> <II = 1> <Delay = 1.00> <Adapter> <Opcode : >
ST_6 : Operation 195 [1/1] (0.00ns)   --->   "%tmp_data_V_5 = extractvalue i54 %empty_1381"   --->   Operation 195 'extractvalue' 'tmp_data_V_5' <Predicate = true> <Delay = 0.00>
ST_6 : Operation 196 [1/1] (0.00ns)   --->   "%trunc_ln841_5 = trunc i32 %tmp_data_V_5"   --->   Operation 196 'trunc' 'trunc_ln841_5' <Predicate = true> <Delay = 0.00>

State 7 <SV = 6> <Delay = 0.00>
ST_7 : Operation 197 [1/1] (0.00ns)   --->   "%empty_1382 = read i54 @_ssdm_op_Read.axis.volatile.i32P0A.i4P0A.i4P0A.i2P0A.i1P0A.i5P0A.i6P0A, i32 %input_r_V_data_V, i4 %input_r_V_keep_V, i4 %input_r_V_strb_V, i2 %input_r_V_user_V, i1 %input_r_V_last_V, i5 %input_r_V_id_V, i6 %input_r_V_dest_V"   --->   Operation 197 'read' 'empty_1382' <Predicate = true> <Delay = 0.00> <CoreInst = "axis">   --->   Core 115 'axis' <Latency = 0> <II = 1> <Delay = 1.00> <Adapter> <Opcode : >
ST_7 : Operation 198 [1/1] (0.00ns)   --->   "%tmp_data_V_6 = extractvalue i54 %empty_1382"   --->   Operation 198 'extractvalue' 'tmp_data_V_6' <Predicate = true> <Delay = 0.00>
ST_7 : Operation 199 [1/1] (0.00ns)   --->   "%trunc_ln841_6 = trunc i32 %tmp_data_V_6"   --->   Operation 199 'trunc' 'trunc_ln841_6' <Predicate = true> <Delay = 0.00>

State 8 <SV = 7> <Delay = 0.00>
ST_8 : Operation 200 [1/1] (0.00ns)   --->   "%empty_1383 = read i54 @_ssdm_op_Read.axis.volatile.i32P0A.i4P0A.i4P0A.i2P0A.i1P0A.i5P0A.i6P0A, i32 %input_r_V_data_V, i4 %input_r_V_keep_V, i4 %input_r_V_strb_V, i2 %input_r_V_user_V, i1 %input_r_V_last_V, i5 %input_r_V_id_V, i6 %input_r_V_dest_V"   --->   Operation 200 'read' 'empty_1383' <Predicate = true> <Delay = 0.00> <CoreInst = "axis">   --->   Core 115 'axis' <Latency = 0> <II = 1> <Delay = 1.00> <Adapter> <Opcode : >
ST_8 : Operation 201 [1/1] (0.00ns)   --->   "%tmp_data_V_7 = extractvalue i54 %empty_1383"   --->   Operation 201 'extractvalue' 'tmp_data_V_7' <Predicate = true> <Delay = 0.00>
ST_8 : Operation 202 [1/1] (0.00ns)   --->   "%trunc_ln841_7 = trunc i32 %tmp_data_V_7"   --->   Operation 202 'trunc' 'trunc_ln841_7' <Predicate = true> <Delay = 0.00>

State 9 <SV = 8> <Delay = 0.00>
ST_9 : Operation 203 [1/1] (0.00ns)   --->   "%empty_1384 = read i54 @_ssdm_op_Read.axis.volatile.i32P0A.i4P0A.i4P0A.i2P0A.i1P0A.i5P0A.i6P0A, i32 %input_r_V_data_V, i4 %input_r_V_keep_V, i4 %input_r_V_strb_V, i2 %input_r_V_user_V, i1 %input_r_V_last_V, i5 %input_r_V_id_V, i6 %input_r_V_dest_V"   --->   Operation 203 'read' 'empty_1384' <Predicate = true> <Delay = 0.00> <CoreInst = "axis">   --->   Core 115 'axis' <Latency = 0> <II = 1> <Delay = 1.00> <Adapter> <Opcode : >
ST_9 : Operation 204 [1/1] (0.00ns)   --->   "%tmp_data_V_8 = extractvalue i54 %empty_1384"   --->   Operation 204 'extractvalue' 'tmp_data_V_8' <Predicate = true> <Delay = 0.00>
ST_9 : Operation 205 [1/1] (0.00ns)   --->   "%trunc_ln841_8 = trunc i32 %tmp_data_V_8"   --->   Operation 205 'trunc' 'trunc_ln841_8' <Predicate = true> <Delay = 0.00>

State 10 <SV = 9> <Delay = 0.00>
ST_10 : Operation 206 [1/1] (0.00ns)   --->   "%empty_1385 = read i54 @_ssdm_op_Read.axis.volatile.i32P0A.i4P0A.i4P0A.i2P0A.i1P0A.i5P0A.i6P0A, i32 %input_r_V_data_V, i4 %input_r_V_keep_V, i4 %input_r_V_strb_V, i2 %input_r_V_user_V, i1 %input_r_V_last_V, i5 %input_r_V_id_V, i6 %input_r_V_dest_V"   --->   Operation 206 'read' 'empty_1385' <Predicate = true> <Delay = 0.00> <CoreInst = "axis">   --->   Core 115 'axis' <Latency = 0> <II = 1> <Delay = 1.00> <Adapter> <Opcode : >
ST_10 : Operation 207 [1/1] (0.00ns)   --->   "%tmp_data_V_9 = extractvalue i54 %empty_1385"   --->   Operation 207 'extractvalue' 'tmp_data_V_9' <Predicate = true> <Delay = 0.00>
ST_10 : Operation 208 [1/1] (0.00ns)   --->   "%trunc_ln841_9 = trunc i32 %tmp_data_V_9"   --->   Operation 208 'trunc' 'trunc_ln841_9' <Predicate = true> <Delay = 0.00>

State 11 <SV = 10> <Delay = 0.00>
ST_11 : Operation 209 [1/1] (0.00ns)   --->   "%empty_1386 = read i54 @_ssdm_op_Read.axis.volatile.i32P0A.i4P0A.i4P0A.i2P0A.i1P0A.i5P0A.i6P0A, i32 %input_r_V_data_V, i4 %input_r_V_keep_V, i4 %input_r_V_strb_V, i2 %input_r_V_user_V, i1 %input_r_V_last_V, i5 %input_r_V_id_V, i6 %input_r_V_dest_V"   --->   Operation 209 'read' 'empty_1386' <Predicate = true> <Delay = 0.00> <CoreInst = "axis">   --->   Core 115 'axis' <Latency = 0> <II = 1> <Delay = 1.00> <Adapter> <Opcode : >
ST_11 : Operation 210 [1/1] (0.00ns)   --->   "%tmp_data_V_10 = extractvalue i54 %empty_1386"   --->   Operation 210 'extractvalue' 'tmp_data_V_10' <Predicate = true> <Delay = 0.00>
ST_11 : Operation 211 [1/1] (0.00ns)   --->   "%trunc_ln841_10 = trunc i32 %tmp_data_V_10"   --->   Operation 211 'trunc' 'trunc_ln841_10' <Predicate = true> <Delay = 0.00>

State 12 <SV = 11> <Delay = 0.00>
ST_12 : Operation 212 [1/1] (0.00ns)   --->   "%empty_1387 = read i54 @_ssdm_op_Read.axis.volatile.i32P0A.i4P0A.i4P0A.i2P0A.i1P0A.i5P0A.i6P0A, i32 %input_r_V_data_V, i4 %input_r_V_keep_V, i4 %input_r_V_strb_V, i2 %input_r_V_user_V, i1 %input_r_V_last_V, i5 %input_r_V_id_V, i6 %input_r_V_dest_V"   --->   Operation 212 'read' 'empty_1387' <Predicate = true> <Delay = 0.00> <CoreInst = "axis">   --->   Core 115 'axis' <Latency = 0> <II = 1> <Delay = 1.00> <Adapter> <Opcode : >
ST_12 : Operation 213 [1/1] (0.00ns)   --->   "%tmp_data_V_11 = extractvalue i54 %empty_1387"   --->   Operation 213 'extractvalue' 'tmp_data_V_11' <Predicate = true> <Delay = 0.00>
ST_12 : Operation 214 [1/1] (0.00ns)   --->   "%trunc_ln841_11 = trunc i32 %tmp_data_V_11"   --->   Operation 214 'trunc' 'trunc_ln841_11' <Predicate = true> <Delay = 0.00>

State 13 <SV = 12> <Delay = 0.00>
ST_13 : Operation 215 [1/1] (0.00ns)   --->   "%empty_1388 = read i54 @_ssdm_op_Read.axis.volatile.i32P0A.i4P0A.i4P0A.i2P0A.i1P0A.i5P0A.i6P0A, i32 %input_r_V_data_V, i4 %input_r_V_keep_V, i4 %input_r_V_strb_V, i2 %input_r_V_user_V, i1 %input_r_V_last_V, i5 %input_r_V_id_V, i6 %input_r_V_dest_V"   --->   Operation 215 'read' 'empty_1388' <Predicate = true> <Delay = 0.00> <CoreInst = "axis">   --->   Core 115 'axis' <Latency = 0> <II = 1> <Delay = 1.00> <Adapter> <Opcode : >
ST_13 : Operation 216 [1/1] (0.00ns)   --->   "%tmp_data_V_12 = extractvalue i54 %empty_1388"   --->   Operation 216 'extractvalue' 'tmp_data_V_12' <Predicate = true> <Delay = 0.00>
ST_13 : Operation 217 [1/1] (0.00ns)   --->   "%trunc_ln841_12 = trunc i32 %tmp_data_V_12"   --->   Operation 217 'trunc' 'trunc_ln841_12' <Predicate = true> <Delay = 0.00>

State 14 <SV = 13> <Delay = 0.00>
ST_14 : Operation 218 [1/1] (0.00ns)   --->   "%empty_1389 = read i54 @_ssdm_op_Read.axis.volatile.i32P0A.i4P0A.i4P0A.i2P0A.i1P0A.i5P0A.i6P0A, i32 %input_r_V_data_V, i4 %input_r_V_keep_V, i4 %input_r_V_strb_V, i2 %input_r_V_user_V, i1 %input_r_V_last_V, i5 %input_r_V_id_V, i6 %input_r_V_dest_V"   --->   Operation 218 'read' 'empty_1389' <Predicate = true> <Delay = 0.00> <CoreInst = "axis">   --->   Core 115 'axis' <Latency = 0> <II = 1> <Delay = 1.00> <Adapter> <Opcode : >
ST_14 : Operation 219 [1/1] (0.00ns)   --->   "%tmp_data_V_13 = extractvalue i54 %empty_1389"   --->   Operation 219 'extractvalue' 'tmp_data_V_13' <Predicate = true> <Delay = 0.00>
ST_14 : Operation 220 [1/1] (0.00ns)   --->   "%trunc_ln841_13 = trunc i32 %tmp_data_V_13"   --->   Operation 220 'trunc' 'trunc_ln841_13' <Predicate = true> <Delay = 0.00>

State 15 <SV = 14> <Delay = 0.00>
ST_15 : Operation 221 [1/1] (0.00ns)   --->   "%empty_1390 = read i54 @_ssdm_op_Read.axis.volatile.i32P0A.i4P0A.i4P0A.i2P0A.i1P0A.i5P0A.i6P0A, i32 %input_r_V_data_V, i4 %input_r_V_keep_V, i4 %input_r_V_strb_V, i2 %input_r_V_user_V, i1 %input_r_V_last_V, i5 %input_r_V_id_V, i6 %input_r_V_dest_V"   --->   Operation 221 'read' 'empty_1390' <Predicate = true> <Delay = 0.00> <CoreInst = "axis">   --->   Core 115 'axis' <Latency = 0> <II = 1> <Delay = 1.00> <Adapter> <Opcode : >
ST_15 : Operation 222 [1/1] (0.00ns)   --->   "%tmp_data_V_14 = extractvalue i54 %empty_1390"   --->   Operation 222 'extractvalue' 'tmp_data_V_14' <Predicate = true> <Delay = 0.00>
ST_15 : Operation 223 [1/1] (0.00ns)   --->   "%trunc_ln841_14 = trunc i32 %tmp_data_V_14"   --->   Operation 223 'trunc' 'trunc_ln841_14' <Predicate = true> <Delay = 0.00>

State 16 <SV = 15> <Delay = 0.00>
ST_16 : Operation 224 [1/1] (0.00ns)   --->   "%empty_1391 = read i54 @_ssdm_op_Read.axis.volatile.i32P0A.i4P0A.i4P0A.i2P0A.i1P0A.i5P0A.i6P0A, i32 %input_r_V_data_V, i4 %input_r_V_keep_V, i4 %input_r_V_strb_V, i2 %input_r_V_user_V, i1 %input_r_V_last_V, i5 %input_r_V_id_V, i6 %input_r_V_dest_V"   --->   Operation 224 'read' 'empty_1391' <Predicate = true> <Delay = 0.00> <CoreInst = "axis">   --->   Core 115 'axis' <Latency = 0> <II = 1> <Delay = 1.00> <Adapter> <Opcode : >
ST_16 : Operation 225 [1/1] (0.00ns)   --->   "%tmp_data_V_15 = extractvalue i54 %empty_1391"   --->   Operation 225 'extractvalue' 'tmp_data_V_15' <Predicate = true> <Delay = 0.00>
ST_16 : Operation 226 [1/1] (0.00ns)   --->   "%trunc_ln841_15 = trunc i32 %tmp_data_V_15"   --->   Operation 226 'trunc' 'trunc_ln841_15' <Predicate = true> <Delay = 0.00>

State 17 <SV = 16> <Delay = 0.00>
ST_17 : Operation 227 [1/1] (0.00ns)   --->   "%empty_1392 = read i54 @_ssdm_op_Read.axis.volatile.i32P0A.i4P0A.i4P0A.i2P0A.i1P0A.i5P0A.i6P0A, i32 %input_r_V_data_V, i4 %input_r_V_keep_V, i4 %input_r_V_strb_V, i2 %input_r_V_user_V, i1 %input_r_V_last_V, i5 %input_r_V_id_V, i6 %input_r_V_dest_V"   --->   Operation 227 'read' 'empty_1392' <Predicate = true> <Delay = 0.00> <CoreInst = "axis">   --->   Core 115 'axis' <Latency = 0> <II = 1> <Delay = 1.00> <Adapter> <Opcode : >
ST_17 : Operation 228 [1/1] (0.00ns)   --->   "%tmp_data_V_16 = extractvalue i54 %empty_1392"   --->   Operation 228 'extractvalue' 'tmp_data_V_16' <Predicate = true> <Delay = 0.00>
ST_17 : Operation 229 [1/1] (0.00ns)   --->   "%trunc_ln841_16 = trunc i32 %tmp_data_V_16"   --->   Operation 229 'trunc' 'trunc_ln841_16' <Predicate = true> <Delay = 0.00>

State 18 <SV = 17> <Delay = 0.00>
ST_18 : Operation 230 [1/1] (0.00ns)   --->   "%empty_1393 = read i54 @_ssdm_op_Read.axis.volatile.i32P0A.i4P0A.i4P0A.i2P0A.i1P0A.i5P0A.i6P0A, i32 %input_r_V_data_V, i4 %input_r_V_keep_V, i4 %input_r_V_strb_V, i2 %input_r_V_user_V, i1 %input_r_V_last_V, i5 %input_r_V_id_V, i6 %input_r_V_dest_V"   --->   Operation 230 'read' 'empty_1393' <Predicate = true> <Delay = 0.00> <CoreInst = "axis">   --->   Core 115 'axis' <Latency = 0> <II = 1> <Delay = 1.00> <Adapter> <Opcode : >
ST_18 : Operation 231 [1/1] (0.00ns)   --->   "%tmp_data_V_17 = extractvalue i54 %empty_1393"   --->   Operation 231 'extractvalue' 'tmp_data_V_17' <Predicate = true> <Delay = 0.00>
ST_18 : Operation 232 [1/1] (0.00ns)   --->   "%trunc_ln841_17 = trunc i32 %tmp_data_V_17"   --->   Operation 232 'trunc' 'trunc_ln841_17' <Predicate = true> <Delay = 0.00>

State 19 <SV = 18> <Delay = 0.00>
ST_19 : Operation 233 [1/1] (0.00ns)   --->   "%empty_1394 = read i54 @_ssdm_op_Read.axis.volatile.i32P0A.i4P0A.i4P0A.i2P0A.i1P0A.i5P0A.i6P0A, i32 %input_r_V_data_V, i4 %input_r_V_keep_V, i4 %input_r_V_strb_V, i2 %input_r_V_user_V, i1 %input_r_V_last_V, i5 %input_r_V_id_V, i6 %input_r_V_dest_V"   --->   Operation 233 'read' 'empty_1394' <Predicate = true> <Delay = 0.00> <CoreInst = "axis">   --->   Core 115 'axis' <Latency = 0> <II = 1> <Delay = 1.00> <Adapter> <Opcode : >
ST_19 : Operation 234 [1/1] (0.00ns)   --->   "%tmp_data_V_18 = extractvalue i54 %empty_1394"   --->   Operation 234 'extractvalue' 'tmp_data_V_18' <Predicate = true> <Delay = 0.00>
ST_19 : Operation 235 [1/1] (0.00ns)   --->   "%trunc_ln841_18 = trunc i32 %tmp_data_V_18"   --->   Operation 235 'trunc' 'trunc_ln841_18' <Predicate = true> <Delay = 0.00>

State 20 <SV = 19> <Delay = 0.00>
ST_20 : Operation 236 [1/1] (0.00ns)   --->   "%empty_1395 = read i54 @_ssdm_op_Read.axis.volatile.i32P0A.i4P0A.i4P0A.i2P0A.i1P0A.i5P0A.i6P0A, i32 %input_r_V_data_V, i4 %input_r_V_keep_V, i4 %input_r_V_strb_V, i2 %input_r_V_user_V, i1 %input_r_V_last_V, i5 %input_r_V_id_V, i6 %input_r_V_dest_V"   --->   Operation 236 'read' 'empty_1395' <Predicate = true> <Delay = 0.00> <CoreInst = "axis">   --->   Core 115 'axis' <Latency = 0> <II = 1> <Delay = 1.00> <Adapter> <Opcode : >
ST_20 : Operation 237 [1/1] (0.00ns)   --->   "%tmp_data_V_19 = extractvalue i54 %empty_1395"   --->   Operation 237 'extractvalue' 'tmp_data_V_19' <Predicate = true> <Delay = 0.00>
ST_20 : Operation 238 [1/1] (0.00ns)   --->   "%trunc_ln841_19 = trunc i32 %tmp_data_V_19"   --->   Operation 238 'trunc' 'trunc_ln841_19' <Predicate = true> <Delay = 0.00>

State 21 <SV = 20> <Delay = 0.00>
ST_21 : Operation 239 [1/1] (0.00ns)   --->   "%empty_1396 = read i54 @_ssdm_op_Read.axis.volatile.i32P0A.i4P0A.i4P0A.i2P0A.i1P0A.i5P0A.i6P0A, i32 %input_r_V_data_V, i4 %input_r_V_keep_V, i4 %input_r_V_strb_V, i2 %input_r_V_user_V, i1 %input_r_V_last_V, i5 %input_r_V_id_V, i6 %input_r_V_dest_V"   --->   Operation 239 'read' 'empty_1396' <Predicate = true> <Delay = 0.00> <CoreInst = "axis">   --->   Core 115 'axis' <Latency = 0> <II = 1> <Delay = 1.00> <Adapter> <Opcode : >
ST_21 : Operation 240 [1/1] (0.00ns)   --->   "%tmp_data_V_20 = extractvalue i54 %empty_1396"   --->   Operation 240 'extractvalue' 'tmp_data_V_20' <Predicate = true> <Delay = 0.00>
ST_21 : Operation 241 [1/1] (0.00ns)   --->   "%trunc_ln841_20 = trunc i32 %tmp_data_V_20"   --->   Operation 241 'trunc' 'trunc_ln841_20' <Predicate = true> <Delay = 0.00>

State 22 <SV = 21> <Delay = 0.00>
ST_22 : Operation 242 [1/1] (0.00ns)   --->   "%empty_1397 = read i54 @_ssdm_op_Read.axis.volatile.i32P0A.i4P0A.i4P0A.i2P0A.i1P0A.i5P0A.i6P0A, i32 %input_r_V_data_V, i4 %input_r_V_keep_V, i4 %input_r_V_strb_V, i2 %input_r_V_user_V, i1 %input_r_V_last_V, i5 %input_r_V_id_V, i6 %input_r_V_dest_V"   --->   Operation 242 'read' 'empty_1397' <Predicate = true> <Delay = 0.00> <CoreInst = "axis">   --->   Core 115 'axis' <Latency = 0> <II = 1> <Delay = 1.00> <Adapter> <Opcode : >
ST_22 : Operation 243 [1/1] (0.00ns)   --->   "%tmp_data_V_21 = extractvalue i54 %empty_1397"   --->   Operation 243 'extractvalue' 'tmp_data_V_21' <Predicate = true> <Delay = 0.00>
ST_22 : Operation 244 [1/1] (0.00ns)   --->   "%trunc_ln841_21 = trunc i32 %tmp_data_V_21"   --->   Operation 244 'trunc' 'trunc_ln841_21' <Predicate = true> <Delay = 0.00>

State 23 <SV = 22> <Delay = 0.00>
ST_23 : Operation 245 [1/1] (0.00ns)   --->   "%empty_1398 = read i54 @_ssdm_op_Read.axis.volatile.i32P0A.i4P0A.i4P0A.i2P0A.i1P0A.i5P0A.i6P0A, i32 %input_r_V_data_V, i4 %input_r_V_keep_V, i4 %input_r_V_strb_V, i2 %input_r_V_user_V, i1 %input_r_V_last_V, i5 %input_r_V_id_V, i6 %input_r_V_dest_V"   --->   Operation 245 'read' 'empty_1398' <Predicate = true> <Delay = 0.00> <CoreInst = "axis">   --->   Core 115 'axis' <Latency = 0> <II = 1> <Delay = 1.00> <Adapter> <Opcode : >
ST_23 : Operation 246 [1/1] (0.00ns)   --->   "%tmp_data_V_22 = extractvalue i54 %empty_1398"   --->   Operation 246 'extractvalue' 'tmp_data_V_22' <Predicate = true> <Delay = 0.00>
ST_23 : Operation 247 [1/1] (0.00ns)   --->   "%trunc_ln841_22 = trunc i32 %tmp_data_V_22"   --->   Operation 247 'trunc' 'trunc_ln841_22' <Predicate = true> <Delay = 0.00>

State 24 <SV = 23> <Delay = 0.00>
ST_24 : Operation 248 [1/1] (0.00ns)   --->   "%empty_1399 = read i54 @_ssdm_op_Read.axis.volatile.i32P0A.i4P0A.i4P0A.i2P0A.i1P0A.i5P0A.i6P0A, i32 %input_r_V_data_V, i4 %input_r_V_keep_V, i4 %input_r_V_strb_V, i2 %input_r_V_user_V, i1 %input_r_V_last_V, i5 %input_r_V_id_V, i6 %input_r_V_dest_V"   --->   Operation 248 'read' 'empty_1399' <Predicate = true> <Delay = 0.00> <CoreInst = "axis">   --->   Core 115 'axis' <Latency = 0> <II = 1> <Delay = 1.00> <Adapter> <Opcode : >
ST_24 : Operation 249 [1/1] (0.00ns)   --->   "%tmp_data_V_23 = extractvalue i54 %empty_1399"   --->   Operation 249 'extractvalue' 'tmp_data_V_23' <Predicate = true> <Delay = 0.00>
ST_24 : Operation 250 [1/1] (0.00ns)   --->   "%trunc_ln841_23 = trunc i32 %tmp_data_V_23"   --->   Operation 250 'trunc' 'trunc_ln841_23' <Predicate = true> <Delay = 0.00>

State 25 <SV = 24> <Delay = 0.00>
ST_25 : Operation 251 [1/1] (0.00ns)   --->   "%empty_1400 = read i54 @_ssdm_op_Read.axis.volatile.i32P0A.i4P0A.i4P0A.i2P0A.i1P0A.i5P0A.i6P0A, i32 %input_r_V_data_V, i4 %input_r_V_keep_V, i4 %input_r_V_strb_V, i2 %input_r_V_user_V, i1 %input_r_V_last_V, i5 %input_r_V_id_V, i6 %input_r_V_dest_V"   --->   Operation 251 'read' 'empty_1400' <Predicate = true> <Delay = 0.00> <CoreInst = "axis">   --->   Core 115 'axis' <Latency = 0> <II = 1> <Delay = 1.00> <Adapter> <Opcode : >
ST_25 : Operation 252 [1/1] (0.00ns)   --->   "%tmp_data_V_24 = extractvalue i54 %empty_1400"   --->   Operation 252 'extractvalue' 'tmp_data_V_24' <Predicate = true> <Delay = 0.00>
ST_25 : Operation 253 [1/1] (0.00ns)   --->   "%trunc_ln841_24 = trunc i32 %tmp_data_V_24"   --->   Operation 253 'trunc' 'trunc_ln841_24' <Predicate = true> <Delay = 0.00>

State 26 <SV = 25> <Delay = 0.00>
ST_26 : Operation 254 [1/1] (0.00ns)   --->   "%empty_1401 = read i54 @_ssdm_op_Read.axis.volatile.i32P0A.i4P0A.i4P0A.i2P0A.i1P0A.i5P0A.i6P0A, i32 %input_r_V_data_V, i4 %input_r_V_keep_V, i4 %input_r_V_strb_V, i2 %input_r_V_user_V, i1 %input_r_V_last_V, i5 %input_r_V_id_V, i6 %input_r_V_dest_V"   --->   Operation 254 'read' 'empty_1401' <Predicate = true> <Delay = 0.00> <CoreInst = "axis">   --->   Core 115 'axis' <Latency = 0> <II = 1> <Delay = 1.00> <Adapter> <Opcode : >
ST_26 : Operation 255 [1/1] (0.00ns)   --->   "%tmp_data_V_25 = extractvalue i54 %empty_1401"   --->   Operation 255 'extractvalue' 'tmp_data_V_25' <Predicate = true> <Delay = 0.00>
ST_26 : Operation 256 [1/1] (0.00ns)   --->   "%trunc_ln841_25 = trunc i32 %tmp_data_V_25"   --->   Operation 256 'trunc' 'trunc_ln841_25' <Predicate = true> <Delay = 0.00>

State 27 <SV = 26> <Delay = 0.00>
ST_27 : Operation 257 [1/1] (0.00ns)   --->   "%empty_1402 = read i54 @_ssdm_op_Read.axis.volatile.i32P0A.i4P0A.i4P0A.i2P0A.i1P0A.i5P0A.i6P0A, i32 %input_r_V_data_V, i4 %input_r_V_keep_V, i4 %input_r_V_strb_V, i2 %input_r_V_user_V, i1 %input_r_V_last_V, i5 %input_r_V_id_V, i6 %input_r_V_dest_V"   --->   Operation 257 'read' 'empty_1402' <Predicate = true> <Delay = 0.00> <CoreInst = "axis">   --->   Core 115 'axis' <Latency = 0> <II = 1> <Delay = 1.00> <Adapter> <Opcode : >
ST_27 : Operation 258 [1/1] (0.00ns)   --->   "%tmp_data_V_26 = extractvalue i54 %empty_1402"   --->   Operation 258 'extractvalue' 'tmp_data_V_26' <Predicate = true> <Delay = 0.00>
ST_27 : Operation 259 [1/1] (0.00ns)   --->   "%trunc_ln841_26 = trunc i32 %tmp_data_V_26"   --->   Operation 259 'trunc' 'trunc_ln841_26' <Predicate = true> <Delay = 0.00>

State 28 <SV = 27> <Delay = 0.00>
ST_28 : Operation 260 [1/1] (0.00ns)   --->   "%empty_1403 = read i54 @_ssdm_op_Read.axis.volatile.i32P0A.i4P0A.i4P0A.i2P0A.i1P0A.i5P0A.i6P0A, i32 %input_r_V_data_V, i4 %input_r_V_keep_V, i4 %input_r_V_strb_V, i2 %input_r_V_user_V, i1 %input_r_V_last_V, i5 %input_r_V_id_V, i6 %input_r_V_dest_V"   --->   Operation 260 'read' 'empty_1403' <Predicate = true> <Delay = 0.00> <CoreInst = "axis">   --->   Core 115 'axis' <Latency = 0> <II = 1> <Delay = 1.00> <Adapter> <Opcode : >
ST_28 : Operation 261 [1/1] (0.00ns)   --->   "%tmp_data_V_27 = extractvalue i54 %empty_1403"   --->   Operation 261 'extractvalue' 'tmp_data_V_27' <Predicate = true> <Delay = 0.00>
ST_28 : Operation 262 [1/1] (0.00ns)   --->   "%trunc_ln841_27 = trunc i32 %tmp_data_V_27"   --->   Operation 262 'trunc' 'trunc_ln841_27' <Predicate = true> <Delay = 0.00>

State 29 <SV = 28> <Delay = 0.00>
ST_29 : Operation 263 [1/1] (0.00ns)   --->   "%empty_1404 = read i54 @_ssdm_op_Read.axis.volatile.i32P0A.i4P0A.i4P0A.i2P0A.i1P0A.i5P0A.i6P0A, i32 %input_r_V_data_V, i4 %input_r_V_keep_V, i4 %input_r_V_strb_V, i2 %input_r_V_user_V, i1 %input_r_V_last_V, i5 %input_r_V_id_V, i6 %input_r_V_dest_V"   --->   Operation 263 'read' 'empty_1404' <Predicate = true> <Delay = 0.00> <CoreInst = "axis">   --->   Core 115 'axis' <Latency = 0> <II = 1> <Delay = 1.00> <Adapter> <Opcode : >
ST_29 : Operation 264 [1/1] (0.00ns)   --->   "%tmp_data_V_28 = extractvalue i54 %empty_1404"   --->   Operation 264 'extractvalue' 'tmp_data_V_28' <Predicate = true> <Delay = 0.00>
ST_29 : Operation 265 [1/1] (0.00ns)   --->   "%trunc_ln841_28 = trunc i32 %tmp_data_V_28"   --->   Operation 265 'trunc' 'trunc_ln841_28' <Predicate = true> <Delay = 0.00>

State 30 <SV = 29> <Delay = 0.00>
ST_30 : Operation 266 [1/1] (0.00ns)   --->   "%empty_1405 = read i54 @_ssdm_op_Read.axis.volatile.i32P0A.i4P0A.i4P0A.i2P0A.i1P0A.i5P0A.i6P0A, i32 %input_r_V_data_V, i4 %input_r_V_keep_V, i4 %input_r_V_strb_V, i2 %input_r_V_user_V, i1 %input_r_V_last_V, i5 %input_r_V_id_V, i6 %input_r_V_dest_V"   --->   Operation 266 'read' 'empty_1405' <Predicate = true> <Delay = 0.00> <CoreInst = "axis">   --->   Core 115 'axis' <Latency = 0> <II = 1> <Delay = 1.00> <Adapter> <Opcode : >
ST_30 : Operation 267 [1/1] (0.00ns)   --->   "%tmp_data_V_29 = extractvalue i54 %empty_1405"   --->   Operation 267 'extractvalue' 'tmp_data_V_29' <Predicate = true> <Delay = 0.00>
ST_30 : Operation 268 [1/1] (0.00ns)   --->   "%trunc_ln841_29 = trunc i32 %tmp_data_V_29"   --->   Operation 268 'trunc' 'trunc_ln841_29' <Predicate = true> <Delay = 0.00>

State 31 <SV = 30> <Delay = 0.00>
ST_31 : Operation 269 [1/1] (0.00ns)   --->   "%empty_1406 = read i54 @_ssdm_op_Read.axis.volatile.i32P0A.i4P0A.i4P0A.i2P0A.i1P0A.i5P0A.i6P0A, i32 %input_r_V_data_V, i4 %input_r_V_keep_V, i4 %input_r_V_strb_V, i2 %input_r_V_user_V, i1 %input_r_V_last_V, i5 %input_r_V_id_V, i6 %input_r_V_dest_V"   --->   Operation 269 'read' 'empty_1406' <Predicate = true> <Delay = 0.00> <CoreInst = "axis">   --->   Core 115 'axis' <Latency = 0> <II = 1> <Delay = 1.00> <Adapter> <Opcode : >
ST_31 : Operation 270 [1/1] (0.00ns)   --->   "%tmp_data_V_30 = extractvalue i54 %empty_1406"   --->   Operation 270 'extractvalue' 'tmp_data_V_30' <Predicate = true> <Delay = 0.00>
ST_31 : Operation 271 [1/1] (0.00ns)   --->   "%trunc_ln841_30 = trunc i32 %tmp_data_V_30"   --->   Operation 271 'trunc' 'trunc_ln841_30' <Predicate = true> <Delay = 0.00>

State 32 <SV = 31> <Delay = 0.00>
ST_32 : Operation 272 [1/1] (0.00ns)   --->   "%empty_1407 = read i54 @_ssdm_op_Read.axis.volatile.i32P0A.i4P0A.i4P0A.i2P0A.i1P0A.i5P0A.i6P0A, i32 %input_r_V_data_V, i4 %input_r_V_keep_V, i4 %input_r_V_strb_V, i2 %input_r_V_user_V, i1 %input_r_V_last_V, i5 %input_r_V_id_V, i6 %input_r_V_dest_V"   --->   Operation 272 'read' 'empty_1407' <Predicate = true> <Delay = 0.00> <CoreInst = "axis">   --->   Core 115 'axis' <Latency = 0> <II = 1> <Delay = 1.00> <Adapter> <Opcode : >
ST_32 : Operation 273 [1/1] (0.00ns)   --->   "%tmp_data_V_31 = extractvalue i54 %empty_1407"   --->   Operation 273 'extractvalue' 'tmp_data_V_31' <Predicate = true> <Delay = 0.00>
ST_32 : Operation 274 [1/1] (0.00ns)   --->   "%trunc_ln841_31 = trunc i32 %tmp_data_V_31"   --->   Operation 274 'trunc' 'trunc_ln841_31' <Predicate = true> <Delay = 0.00>

State 33 <SV = 32> <Delay = 0.00>
ST_33 : Operation 275 [1/1] (0.00ns)   --->   "%empty_1408 = read i54 @_ssdm_op_Read.axis.volatile.i32P0A.i4P0A.i4P0A.i2P0A.i1P0A.i5P0A.i6P0A, i32 %input_r_V_data_V, i4 %input_r_V_keep_V, i4 %input_r_V_strb_V, i2 %input_r_V_user_V, i1 %input_r_V_last_V, i5 %input_r_V_id_V, i6 %input_r_V_dest_V"   --->   Operation 275 'read' 'empty_1408' <Predicate = true> <Delay = 0.00> <CoreInst = "axis">   --->   Core 115 'axis' <Latency = 0> <II = 1> <Delay = 1.00> <Adapter> <Opcode : >
ST_33 : Operation 276 [1/1] (0.00ns)   --->   "%tmp_data_V_32 = extractvalue i54 %empty_1408"   --->   Operation 276 'extractvalue' 'tmp_data_V_32' <Predicate = true> <Delay = 0.00>
ST_33 : Operation 277 [1/1] (0.00ns)   --->   "%trunc_ln841_32 = trunc i32 %tmp_data_V_32"   --->   Operation 277 'trunc' 'trunc_ln841_32' <Predicate = true> <Delay = 0.00>

State 34 <SV = 33> <Delay = 0.00>
ST_34 : Operation 278 [1/1] (0.00ns)   --->   "%empty_1409 = read i54 @_ssdm_op_Read.axis.volatile.i32P0A.i4P0A.i4P0A.i2P0A.i1P0A.i5P0A.i6P0A, i32 %input_r_V_data_V, i4 %input_r_V_keep_V, i4 %input_r_V_strb_V, i2 %input_r_V_user_V, i1 %input_r_V_last_V, i5 %input_r_V_id_V, i6 %input_r_V_dest_V"   --->   Operation 278 'read' 'empty_1409' <Predicate = true> <Delay = 0.00> <CoreInst = "axis">   --->   Core 115 'axis' <Latency = 0> <II = 1> <Delay = 1.00> <Adapter> <Opcode : >
ST_34 : Operation 279 [1/1] (0.00ns)   --->   "%tmp_data_V_33 = extractvalue i54 %empty_1409"   --->   Operation 279 'extractvalue' 'tmp_data_V_33' <Predicate = true> <Delay = 0.00>
ST_34 : Operation 280 [1/1] (0.00ns)   --->   "%trunc_ln841_33 = trunc i32 %tmp_data_V_33"   --->   Operation 280 'trunc' 'trunc_ln841_33' <Predicate = true> <Delay = 0.00>

State 35 <SV = 34> <Delay = 0.00>
ST_35 : Operation 281 [1/1] (0.00ns)   --->   "%empty_1410 = read i54 @_ssdm_op_Read.axis.volatile.i32P0A.i4P0A.i4P0A.i2P0A.i1P0A.i5P0A.i6P0A, i32 %input_r_V_data_V, i4 %input_r_V_keep_V, i4 %input_r_V_strb_V, i2 %input_r_V_user_V, i1 %input_r_V_last_V, i5 %input_r_V_id_V, i6 %input_r_V_dest_V"   --->   Operation 281 'read' 'empty_1410' <Predicate = true> <Delay = 0.00> <CoreInst = "axis">   --->   Core 115 'axis' <Latency = 0> <II = 1> <Delay = 1.00> <Adapter> <Opcode : >
ST_35 : Operation 282 [1/1] (0.00ns)   --->   "%tmp_data_V_34 = extractvalue i54 %empty_1410"   --->   Operation 282 'extractvalue' 'tmp_data_V_34' <Predicate = true> <Delay = 0.00>
ST_35 : Operation 283 [1/1] (0.00ns)   --->   "%trunc_ln841_34 = trunc i32 %tmp_data_V_34"   --->   Operation 283 'trunc' 'trunc_ln841_34' <Predicate = true> <Delay = 0.00>

State 36 <SV = 35> <Delay = 0.00>
ST_36 : Operation 284 [1/1] (0.00ns)   --->   "%empty_1411 = read i54 @_ssdm_op_Read.axis.volatile.i32P0A.i4P0A.i4P0A.i2P0A.i1P0A.i5P0A.i6P0A, i32 %input_r_V_data_V, i4 %input_r_V_keep_V, i4 %input_r_V_strb_V, i2 %input_r_V_user_V, i1 %input_r_V_last_V, i5 %input_r_V_id_V, i6 %input_r_V_dest_V"   --->   Operation 284 'read' 'empty_1411' <Predicate = true> <Delay = 0.00> <CoreInst = "axis">   --->   Core 115 'axis' <Latency = 0> <II = 1> <Delay = 1.00> <Adapter> <Opcode : >
ST_36 : Operation 285 [1/1] (0.00ns)   --->   "%tmp_data_V_35 = extractvalue i54 %empty_1411"   --->   Operation 285 'extractvalue' 'tmp_data_V_35' <Predicate = true> <Delay = 0.00>
ST_36 : Operation 286 [1/1] (0.00ns)   --->   "%trunc_ln841_35 = trunc i32 %tmp_data_V_35"   --->   Operation 286 'trunc' 'trunc_ln841_35' <Predicate = true> <Delay = 0.00>

State 37 <SV = 36> <Delay = 0.00>
ST_37 : Operation 287 [1/1] (0.00ns)   --->   "%empty_1412 = read i54 @_ssdm_op_Read.axis.volatile.i32P0A.i4P0A.i4P0A.i2P0A.i1P0A.i5P0A.i6P0A, i32 %input_r_V_data_V, i4 %input_r_V_keep_V, i4 %input_r_V_strb_V, i2 %input_r_V_user_V, i1 %input_r_V_last_V, i5 %input_r_V_id_V, i6 %input_r_V_dest_V"   --->   Operation 287 'read' 'empty_1412' <Predicate = true> <Delay = 0.00> <CoreInst = "axis">   --->   Core 115 'axis' <Latency = 0> <II = 1> <Delay = 1.00> <Adapter> <Opcode : >
ST_37 : Operation 288 [1/1] (0.00ns)   --->   "%tmp_data_V_36 = extractvalue i54 %empty_1412"   --->   Operation 288 'extractvalue' 'tmp_data_V_36' <Predicate = true> <Delay = 0.00>
ST_37 : Operation 289 [1/1] (0.00ns)   --->   "%trunc_ln841_36 = trunc i32 %tmp_data_V_36"   --->   Operation 289 'trunc' 'trunc_ln841_36' <Predicate = true> <Delay = 0.00>

State 38 <SV = 37> <Delay = 0.00>
ST_38 : Operation 290 [1/1] (0.00ns)   --->   "%empty_1413 = read i54 @_ssdm_op_Read.axis.volatile.i32P0A.i4P0A.i4P0A.i2P0A.i1P0A.i5P0A.i6P0A, i32 %input_r_V_data_V, i4 %input_r_V_keep_V, i4 %input_r_V_strb_V, i2 %input_r_V_user_V, i1 %input_r_V_last_V, i5 %input_r_V_id_V, i6 %input_r_V_dest_V"   --->   Operation 290 'read' 'empty_1413' <Predicate = true> <Delay = 0.00> <CoreInst = "axis">   --->   Core 115 'axis' <Latency = 0> <II = 1> <Delay = 1.00> <Adapter> <Opcode : >
ST_38 : Operation 291 [1/1] (0.00ns)   --->   "%tmp_data_V_37 = extractvalue i54 %empty_1413"   --->   Operation 291 'extractvalue' 'tmp_data_V_37' <Predicate = true> <Delay = 0.00>
ST_38 : Operation 292 [1/1] (0.00ns)   --->   "%trunc_ln841_37 = trunc i32 %tmp_data_V_37"   --->   Operation 292 'trunc' 'trunc_ln841_37' <Predicate = true> <Delay = 0.00>

State 39 <SV = 38> <Delay = 0.00>
ST_39 : Operation 293 [1/1] (0.00ns)   --->   "%empty_1414 = read i54 @_ssdm_op_Read.axis.volatile.i32P0A.i4P0A.i4P0A.i2P0A.i1P0A.i5P0A.i6P0A, i32 %input_r_V_data_V, i4 %input_r_V_keep_V, i4 %input_r_V_strb_V, i2 %input_r_V_user_V, i1 %input_r_V_last_V, i5 %input_r_V_id_V, i6 %input_r_V_dest_V"   --->   Operation 293 'read' 'empty_1414' <Predicate = true> <Delay = 0.00> <CoreInst = "axis">   --->   Core 115 'axis' <Latency = 0> <II = 1> <Delay = 1.00> <Adapter> <Opcode : >
ST_39 : Operation 294 [1/1] (0.00ns)   --->   "%tmp_data_V_38 = extractvalue i54 %empty_1414"   --->   Operation 294 'extractvalue' 'tmp_data_V_38' <Predicate = true> <Delay = 0.00>
ST_39 : Operation 295 [1/1] (0.00ns)   --->   "%trunc_ln841_38 = trunc i32 %tmp_data_V_38"   --->   Operation 295 'trunc' 'trunc_ln841_38' <Predicate = true> <Delay = 0.00>

State 40 <SV = 39> <Delay = 0.00>
ST_40 : Operation 296 [1/1] (0.00ns)   --->   "%empty_1415 = read i54 @_ssdm_op_Read.axis.volatile.i32P0A.i4P0A.i4P0A.i2P0A.i1P0A.i5P0A.i6P0A, i32 %input_r_V_data_V, i4 %input_r_V_keep_V, i4 %input_r_V_strb_V, i2 %input_r_V_user_V, i1 %input_r_V_last_V, i5 %input_r_V_id_V, i6 %input_r_V_dest_V"   --->   Operation 296 'read' 'empty_1415' <Predicate = true> <Delay = 0.00> <CoreInst = "axis">   --->   Core 115 'axis' <Latency = 0> <II = 1> <Delay = 1.00> <Adapter> <Opcode : >
ST_40 : Operation 297 [1/1] (0.00ns)   --->   "%tmp_data_V_39 = extractvalue i54 %empty_1415"   --->   Operation 297 'extractvalue' 'tmp_data_V_39' <Predicate = true> <Delay = 0.00>
ST_40 : Operation 298 [1/1] (0.00ns)   --->   "%trunc_ln841_39 = trunc i32 %tmp_data_V_39"   --->   Operation 298 'trunc' 'trunc_ln841_39' <Predicate = true> <Delay = 0.00>

State 41 <SV = 40> <Delay = 0.00>
ST_41 : Operation 299 [1/1] (0.00ns)   --->   "%empty_1416 = read i54 @_ssdm_op_Read.axis.volatile.i32P0A.i4P0A.i4P0A.i2P0A.i1P0A.i5P0A.i6P0A, i32 %input_r_V_data_V, i4 %input_r_V_keep_V, i4 %input_r_V_strb_V, i2 %input_r_V_user_V, i1 %input_r_V_last_V, i5 %input_r_V_id_V, i6 %input_r_V_dest_V"   --->   Operation 299 'read' 'empty_1416' <Predicate = true> <Delay = 0.00> <CoreInst = "axis">   --->   Core 115 'axis' <Latency = 0> <II = 1> <Delay = 1.00> <Adapter> <Opcode : >
ST_41 : Operation 300 [1/1] (0.00ns)   --->   "%tmp_data_V_40 = extractvalue i54 %empty_1416"   --->   Operation 300 'extractvalue' 'tmp_data_V_40' <Predicate = true> <Delay = 0.00>
ST_41 : Operation 301 [1/1] (0.00ns)   --->   "%trunc_ln841_40 = trunc i32 %tmp_data_V_40"   --->   Operation 301 'trunc' 'trunc_ln841_40' <Predicate = true> <Delay = 0.00>

State 42 <SV = 41> <Delay = 0.00>
ST_42 : Operation 302 [1/1] (0.00ns)   --->   "%empty_1417 = read i54 @_ssdm_op_Read.axis.volatile.i32P0A.i4P0A.i4P0A.i2P0A.i1P0A.i5P0A.i6P0A, i32 %input_r_V_data_V, i4 %input_r_V_keep_V, i4 %input_r_V_strb_V, i2 %input_r_V_user_V, i1 %input_r_V_last_V, i5 %input_r_V_id_V, i6 %input_r_V_dest_V"   --->   Operation 302 'read' 'empty_1417' <Predicate = true> <Delay = 0.00> <CoreInst = "axis">   --->   Core 115 'axis' <Latency = 0> <II = 1> <Delay = 1.00> <Adapter> <Opcode : >
ST_42 : Operation 303 [1/1] (0.00ns)   --->   "%tmp_data_V_41 = extractvalue i54 %empty_1417"   --->   Operation 303 'extractvalue' 'tmp_data_V_41' <Predicate = true> <Delay = 0.00>
ST_42 : Operation 304 [1/1] (0.00ns)   --->   "%trunc_ln841_41 = trunc i32 %tmp_data_V_41"   --->   Operation 304 'trunc' 'trunc_ln841_41' <Predicate = true> <Delay = 0.00>

State 43 <SV = 42> <Delay = 0.00>
ST_43 : Operation 305 [1/1] (0.00ns)   --->   "%empty_1418 = read i54 @_ssdm_op_Read.axis.volatile.i32P0A.i4P0A.i4P0A.i2P0A.i1P0A.i5P0A.i6P0A, i32 %input_r_V_data_V, i4 %input_r_V_keep_V, i4 %input_r_V_strb_V, i2 %input_r_V_user_V, i1 %input_r_V_last_V, i5 %input_r_V_id_V, i6 %input_r_V_dest_V"   --->   Operation 305 'read' 'empty_1418' <Predicate = true> <Delay = 0.00> <CoreInst = "axis">   --->   Core 115 'axis' <Latency = 0> <II = 1> <Delay = 1.00> <Adapter> <Opcode : >
ST_43 : Operation 306 [1/1] (0.00ns)   --->   "%tmp_data_V_42 = extractvalue i54 %empty_1418"   --->   Operation 306 'extractvalue' 'tmp_data_V_42' <Predicate = true> <Delay = 0.00>
ST_43 : Operation 307 [1/1] (0.00ns)   --->   "%trunc_ln841_42 = trunc i32 %tmp_data_V_42"   --->   Operation 307 'trunc' 'trunc_ln841_42' <Predicate = true> <Delay = 0.00>

State 44 <SV = 43> <Delay = 0.00>
ST_44 : Operation 308 [1/1] (0.00ns)   --->   "%empty_1419 = read i54 @_ssdm_op_Read.axis.volatile.i32P0A.i4P0A.i4P0A.i2P0A.i1P0A.i5P0A.i6P0A, i32 %input_r_V_data_V, i4 %input_r_V_keep_V, i4 %input_r_V_strb_V, i2 %input_r_V_user_V, i1 %input_r_V_last_V, i5 %input_r_V_id_V, i6 %input_r_V_dest_V"   --->   Operation 308 'read' 'empty_1419' <Predicate = true> <Delay = 0.00> <CoreInst = "axis">   --->   Core 115 'axis' <Latency = 0> <II = 1> <Delay = 1.00> <Adapter> <Opcode : >
ST_44 : Operation 309 [1/1] (0.00ns)   --->   "%tmp_data_V_43 = extractvalue i54 %empty_1419"   --->   Operation 309 'extractvalue' 'tmp_data_V_43' <Predicate = true> <Delay = 0.00>
ST_44 : Operation 310 [1/1] (0.00ns)   --->   "%trunc_ln841_43 = trunc i32 %tmp_data_V_43"   --->   Operation 310 'trunc' 'trunc_ln841_43' <Predicate = true> <Delay = 0.00>

State 45 <SV = 44> <Delay = 0.00>
ST_45 : Operation 311 [1/1] (0.00ns)   --->   "%empty_1420 = read i54 @_ssdm_op_Read.axis.volatile.i32P0A.i4P0A.i4P0A.i2P0A.i1P0A.i5P0A.i6P0A, i32 %input_r_V_data_V, i4 %input_r_V_keep_V, i4 %input_r_V_strb_V, i2 %input_r_V_user_V, i1 %input_r_V_last_V, i5 %input_r_V_id_V, i6 %input_r_V_dest_V"   --->   Operation 311 'read' 'empty_1420' <Predicate = true> <Delay = 0.00> <CoreInst = "axis">   --->   Core 115 'axis' <Latency = 0> <II = 1> <Delay = 1.00> <Adapter> <Opcode : >
ST_45 : Operation 312 [1/1] (0.00ns)   --->   "%tmp_data_V_44 = extractvalue i54 %empty_1420"   --->   Operation 312 'extractvalue' 'tmp_data_V_44' <Predicate = true> <Delay = 0.00>
ST_45 : Operation 313 [1/1] (0.00ns)   --->   "%trunc_ln841_44 = trunc i32 %tmp_data_V_44"   --->   Operation 313 'trunc' 'trunc_ln841_44' <Predicate = true> <Delay = 0.00>

State 46 <SV = 45> <Delay = 0.00>
ST_46 : Operation 314 [1/1] (0.00ns)   --->   "%empty_1421 = read i54 @_ssdm_op_Read.axis.volatile.i32P0A.i4P0A.i4P0A.i2P0A.i1P0A.i5P0A.i6P0A, i32 %input_r_V_data_V, i4 %input_r_V_keep_V, i4 %input_r_V_strb_V, i2 %input_r_V_user_V, i1 %input_r_V_last_V, i5 %input_r_V_id_V, i6 %input_r_V_dest_V"   --->   Operation 314 'read' 'empty_1421' <Predicate = true> <Delay = 0.00> <CoreInst = "axis">   --->   Core 115 'axis' <Latency = 0> <II = 1> <Delay = 1.00> <Adapter> <Opcode : >
ST_46 : Operation 315 [1/1] (0.00ns)   --->   "%tmp_data_V_45 = extractvalue i54 %empty_1421"   --->   Operation 315 'extractvalue' 'tmp_data_V_45' <Predicate = true> <Delay = 0.00>
ST_46 : Operation 316 [1/1] (0.00ns)   --->   "%trunc_ln841_45 = trunc i32 %tmp_data_V_45"   --->   Operation 316 'trunc' 'trunc_ln841_45' <Predicate = true> <Delay = 0.00>

State 47 <SV = 46> <Delay = 0.00>
ST_47 : Operation 317 [1/1] (0.00ns)   --->   "%empty_1422 = read i54 @_ssdm_op_Read.axis.volatile.i32P0A.i4P0A.i4P0A.i2P0A.i1P0A.i5P0A.i6P0A, i32 %input_r_V_data_V, i4 %input_r_V_keep_V, i4 %input_r_V_strb_V, i2 %input_r_V_user_V, i1 %input_r_V_last_V, i5 %input_r_V_id_V, i6 %input_r_V_dest_V"   --->   Operation 317 'read' 'empty_1422' <Predicate = true> <Delay = 0.00> <CoreInst = "axis">   --->   Core 115 'axis' <Latency = 0> <II = 1> <Delay = 1.00> <Adapter> <Opcode : >
ST_47 : Operation 318 [1/1] (0.00ns)   --->   "%tmp_data_V_46 = extractvalue i54 %empty_1422"   --->   Operation 318 'extractvalue' 'tmp_data_V_46' <Predicate = true> <Delay = 0.00>
ST_47 : Operation 319 [1/1] (0.00ns)   --->   "%trunc_ln841_46 = trunc i32 %tmp_data_V_46"   --->   Operation 319 'trunc' 'trunc_ln841_46' <Predicate = true> <Delay = 0.00>

State 48 <SV = 47> <Delay = 0.00>
ST_48 : Operation 320 [1/1] (0.00ns)   --->   "%empty_1423 = read i54 @_ssdm_op_Read.axis.volatile.i32P0A.i4P0A.i4P0A.i2P0A.i1P0A.i5P0A.i6P0A, i32 %input_r_V_data_V, i4 %input_r_V_keep_V, i4 %input_r_V_strb_V, i2 %input_r_V_user_V, i1 %input_r_V_last_V, i5 %input_r_V_id_V, i6 %input_r_V_dest_V"   --->   Operation 320 'read' 'empty_1423' <Predicate = true> <Delay = 0.00> <CoreInst = "axis">   --->   Core 115 'axis' <Latency = 0> <II = 1> <Delay = 1.00> <Adapter> <Opcode : >
ST_48 : Operation 321 [1/1] (0.00ns)   --->   "%tmp_data_V_47 = extractvalue i54 %empty_1423"   --->   Operation 321 'extractvalue' 'tmp_data_V_47' <Predicate = true> <Delay = 0.00>
ST_48 : Operation 322 [1/1] (0.00ns)   --->   "%trunc_ln841_47 = trunc i32 %tmp_data_V_47"   --->   Operation 322 'trunc' 'trunc_ln841_47' <Predicate = true> <Delay = 0.00>

State 49 <SV = 48> <Delay = 0.00>
ST_49 : Operation 323 [1/1] (0.00ns)   --->   "%empty_1424 = read i54 @_ssdm_op_Read.axis.volatile.i32P0A.i4P0A.i4P0A.i2P0A.i1P0A.i5P0A.i6P0A, i32 %input_r_V_data_V, i4 %input_r_V_keep_V, i4 %input_r_V_strb_V, i2 %input_r_V_user_V, i1 %input_r_V_last_V, i5 %input_r_V_id_V, i6 %input_r_V_dest_V"   --->   Operation 323 'read' 'empty_1424' <Predicate = true> <Delay = 0.00> <CoreInst = "axis">   --->   Core 115 'axis' <Latency = 0> <II = 1> <Delay = 1.00> <Adapter> <Opcode : >
ST_49 : Operation 324 [1/1] (0.00ns)   --->   "%tmp_data_V_48 = extractvalue i54 %empty_1424"   --->   Operation 324 'extractvalue' 'tmp_data_V_48' <Predicate = true> <Delay = 0.00>
ST_49 : Operation 325 [1/1] (0.00ns)   --->   "%trunc_ln841_48 = trunc i32 %tmp_data_V_48"   --->   Operation 325 'trunc' 'trunc_ln841_48' <Predicate = true> <Delay = 0.00>

State 50 <SV = 49> <Delay = 0.00>
ST_50 : Operation 326 [1/1] (0.00ns)   --->   "%empty_1425 = read i54 @_ssdm_op_Read.axis.volatile.i32P0A.i4P0A.i4P0A.i2P0A.i1P0A.i5P0A.i6P0A, i32 %input_r_V_data_V, i4 %input_r_V_keep_V, i4 %input_r_V_strb_V, i2 %input_r_V_user_V, i1 %input_r_V_last_V, i5 %input_r_V_id_V, i6 %input_r_V_dest_V"   --->   Operation 326 'read' 'empty_1425' <Predicate = true> <Delay = 0.00> <CoreInst = "axis">   --->   Core 115 'axis' <Latency = 0> <II = 1> <Delay = 1.00> <Adapter> <Opcode : >
ST_50 : Operation 327 [1/1] (0.00ns)   --->   "%tmp_data_V_49 = extractvalue i54 %empty_1425"   --->   Operation 327 'extractvalue' 'tmp_data_V_49' <Predicate = true> <Delay = 0.00>
ST_50 : Operation 328 [1/1] (0.00ns)   --->   "%trunc_ln841_49 = trunc i32 %tmp_data_V_49"   --->   Operation 328 'trunc' 'trunc_ln841_49' <Predicate = true> <Delay = 0.00>

State 51 <SV = 50> <Delay = 0.00>
ST_51 : Operation 329 [1/1] (0.00ns)   --->   "%empty_1426 = read i54 @_ssdm_op_Read.axis.volatile.i32P0A.i4P0A.i4P0A.i2P0A.i1P0A.i5P0A.i6P0A, i32 %input_r_V_data_V, i4 %input_r_V_keep_V, i4 %input_r_V_strb_V, i2 %input_r_V_user_V, i1 %input_r_V_last_V, i5 %input_r_V_id_V, i6 %input_r_V_dest_V"   --->   Operation 329 'read' 'empty_1426' <Predicate = true> <Delay = 0.00> <CoreInst = "axis">   --->   Core 115 'axis' <Latency = 0> <II = 1> <Delay = 1.00> <Adapter> <Opcode : >
ST_51 : Operation 330 [1/1] (0.00ns)   --->   "%tmp_data_V_50 = extractvalue i54 %empty_1426"   --->   Operation 330 'extractvalue' 'tmp_data_V_50' <Predicate = true> <Delay = 0.00>
ST_51 : Operation 331 [1/1] (0.00ns)   --->   "%trunc_ln841_50 = trunc i32 %tmp_data_V_50"   --->   Operation 331 'trunc' 'trunc_ln841_50' <Predicate = true> <Delay = 0.00>

State 52 <SV = 51> <Delay = 0.00>
ST_52 : Operation 332 [1/1] (0.00ns)   --->   "%empty_1427 = read i54 @_ssdm_op_Read.axis.volatile.i32P0A.i4P0A.i4P0A.i2P0A.i1P0A.i5P0A.i6P0A, i32 %input_r_V_data_V, i4 %input_r_V_keep_V, i4 %input_r_V_strb_V, i2 %input_r_V_user_V, i1 %input_r_V_last_V, i5 %input_r_V_id_V, i6 %input_r_V_dest_V"   --->   Operation 332 'read' 'empty_1427' <Predicate = true> <Delay = 0.00> <CoreInst = "axis">   --->   Core 115 'axis' <Latency = 0> <II = 1> <Delay = 1.00> <Adapter> <Opcode : >
ST_52 : Operation 333 [1/1] (0.00ns)   --->   "%tmp_data_V_51 = extractvalue i54 %empty_1427"   --->   Operation 333 'extractvalue' 'tmp_data_V_51' <Predicate = true> <Delay = 0.00>
ST_52 : Operation 334 [1/1] (0.00ns)   --->   "%trunc_ln841_51 = trunc i32 %tmp_data_V_51"   --->   Operation 334 'trunc' 'trunc_ln841_51' <Predicate = true> <Delay = 0.00>

State 53 <SV = 52> <Delay = 0.00>
ST_53 : Operation 335 [1/1] (0.00ns)   --->   "%empty_1428 = read i54 @_ssdm_op_Read.axis.volatile.i32P0A.i4P0A.i4P0A.i2P0A.i1P0A.i5P0A.i6P0A, i32 %input_r_V_data_V, i4 %input_r_V_keep_V, i4 %input_r_V_strb_V, i2 %input_r_V_user_V, i1 %input_r_V_last_V, i5 %input_r_V_id_V, i6 %input_r_V_dest_V"   --->   Operation 335 'read' 'empty_1428' <Predicate = true> <Delay = 0.00> <CoreInst = "axis">   --->   Core 115 'axis' <Latency = 0> <II = 1> <Delay = 1.00> <Adapter> <Opcode : >
ST_53 : Operation 336 [1/1] (0.00ns)   --->   "%tmp_data_V_52 = extractvalue i54 %empty_1428"   --->   Operation 336 'extractvalue' 'tmp_data_V_52' <Predicate = true> <Delay = 0.00>
ST_53 : Operation 337 [1/1] (0.00ns)   --->   "%trunc_ln841_52 = trunc i32 %tmp_data_V_52"   --->   Operation 337 'trunc' 'trunc_ln841_52' <Predicate = true> <Delay = 0.00>

State 54 <SV = 53> <Delay = 0.00>
ST_54 : Operation 338 [1/1] (0.00ns)   --->   "%empty_1429 = read i54 @_ssdm_op_Read.axis.volatile.i32P0A.i4P0A.i4P0A.i2P0A.i1P0A.i5P0A.i6P0A, i32 %input_r_V_data_V, i4 %input_r_V_keep_V, i4 %input_r_V_strb_V, i2 %input_r_V_user_V, i1 %input_r_V_last_V, i5 %input_r_V_id_V, i6 %input_r_V_dest_V"   --->   Operation 338 'read' 'empty_1429' <Predicate = true> <Delay = 0.00> <CoreInst = "axis">   --->   Core 115 'axis' <Latency = 0> <II = 1> <Delay = 1.00> <Adapter> <Opcode : >
ST_54 : Operation 339 [1/1] (0.00ns)   --->   "%tmp_data_V_53 = extractvalue i54 %empty_1429"   --->   Operation 339 'extractvalue' 'tmp_data_V_53' <Predicate = true> <Delay = 0.00>
ST_54 : Operation 340 [1/1] (0.00ns)   --->   "%trunc_ln841_53 = trunc i32 %tmp_data_V_53"   --->   Operation 340 'trunc' 'trunc_ln841_53' <Predicate = true> <Delay = 0.00>

State 55 <SV = 54> <Delay = 0.00>
ST_55 : Operation 341 [1/1] (0.00ns)   --->   "%empty_1430 = read i54 @_ssdm_op_Read.axis.volatile.i32P0A.i4P0A.i4P0A.i2P0A.i1P0A.i5P0A.i6P0A, i32 %input_r_V_data_V, i4 %input_r_V_keep_V, i4 %input_r_V_strb_V, i2 %input_r_V_user_V, i1 %input_r_V_last_V, i5 %input_r_V_id_V, i6 %input_r_V_dest_V"   --->   Operation 341 'read' 'empty_1430' <Predicate = true> <Delay = 0.00> <CoreInst = "axis">   --->   Core 115 'axis' <Latency = 0> <II = 1> <Delay = 1.00> <Adapter> <Opcode : >
ST_55 : Operation 342 [1/1] (0.00ns)   --->   "%tmp_data_V_54 = extractvalue i54 %empty_1430"   --->   Operation 342 'extractvalue' 'tmp_data_V_54' <Predicate = true> <Delay = 0.00>
ST_55 : Operation 343 [1/1] (0.00ns)   --->   "%trunc_ln841_54 = trunc i32 %tmp_data_V_54"   --->   Operation 343 'trunc' 'trunc_ln841_54' <Predicate = true> <Delay = 0.00>

State 56 <SV = 55> <Delay = 0.00>
ST_56 : Operation 344 [1/1] (0.00ns)   --->   "%empty_1431 = read i54 @_ssdm_op_Read.axis.volatile.i32P0A.i4P0A.i4P0A.i2P0A.i1P0A.i5P0A.i6P0A, i32 %input_r_V_data_V, i4 %input_r_V_keep_V, i4 %input_r_V_strb_V, i2 %input_r_V_user_V, i1 %input_r_V_last_V, i5 %input_r_V_id_V, i6 %input_r_V_dest_V"   --->   Operation 344 'read' 'empty_1431' <Predicate = true> <Delay = 0.00> <CoreInst = "axis">   --->   Core 115 'axis' <Latency = 0> <II = 1> <Delay = 1.00> <Adapter> <Opcode : >
ST_56 : Operation 345 [1/1] (0.00ns)   --->   "%tmp_data_V_55 = extractvalue i54 %empty_1431"   --->   Operation 345 'extractvalue' 'tmp_data_V_55' <Predicate = true> <Delay = 0.00>
ST_56 : Operation 346 [1/1] (0.00ns)   --->   "%trunc_ln841_55 = trunc i32 %tmp_data_V_55"   --->   Operation 346 'trunc' 'trunc_ln841_55' <Predicate = true> <Delay = 0.00>

State 57 <SV = 56> <Delay = 0.00>
ST_57 : Operation 347 [1/1] (0.00ns)   --->   "%empty_1432 = read i54 @_ssdm_op_Read.axis.volatile.i32P0A.i4P0A.i4P0A.i2P0A.i1P0A.i5P0A.i6P0A, i32 %input_r_V_data_V, i4 %input_r_V_keep_V, i4 %input_r_V_strb_V, i2 %input_r_V_user_V, i1 %input_r_V_last_V, i5 %input_r_V_id_V, i6 %input_r_V_dest_V"   --->   Operation 347 'read' 'empty_1432' <Predicate = true> <Delay = 0.00> <CoreInst = "axis">   --->   Core 115 'axis' <Latency = 0> <II = 1> <Delay = 1.00> <Adapter> <Opcode : >
ST_57 : Operation 348 [1/1] (0.00ns)   --->   "%tmp_data_V_56 = extractvalue i54 %empty_1432"   --->   Operation 348 'extractvalue' 'tmp_data_V_56' <Predicate = true> <Delay = 0.00>
ST_57 : Operation 349 [1/1] (0.00ns)   --->   "%trunc_ln841_56 = trunc i32 %tmp_data_V_56"   --->   Operation 349 'trunc' 'trunc_ln841_56' <Predicate = true> <Delay = 0.00>

State 58 <SV = 57> <Delay = 0.00>
ST_58 : Operation 350 [1/1] (0.00ns)   --->   "%empty_1433 = read i54 @_ssdm_op_Read.axis.volatile.i32P0A.i4P0A.i4P0A.i2P0A.i1P0A.i5P0A.i6P0A, i32 %input_r_V_data_V, i4 %input_r_V_keep_V, i4 %input_r_V_strb_V, i2 %input_r_V_user_V, i1 %input_r_V_last_V, i5 %input_r_V_id_V, i6 %input_r_V_dest_V"   --->   Operation 350 'read' 'empty_1433' <Predicate = true> <Delay = 0.00> <CoreInst = "axis">   --->   Core 115 'axis' <Latency = 0> <II = 1> <Delay = 1.00> <Adapter> <Opcode : >
ST_58 : Operation 351 [1/1] (0.00ns)   --->   "%tmp_data_V_57 = extractvalue i54 %empty_1433"   --->   Operation 351 'extractvalue' 'tmp_data_V_57' <Predicate = true> <Delay = 0.00>
ST_58 : Operation 352 [1/1] (0.00ns)   --->   "%trunc_ln841_57 = trunc i32 %tmp_data_V_57"   --->   Operation 352 'trunc' 'trunc_ln841_57' <Predicate = true> <Delay = 0.00>

State 59 <SV = 58> <Delay = 0.00>
ST_59 : Operation 353 [1/1] (0.00ns)   --->   "%empty_1434 = read i54 @_ssdm_op_Read.axis.volatile.i32P0A.i4P0A.i4P0A.i2P0A.i1P0A.i5P0A.i6P0A, i32 %input_r_V_data_V, i4 %input_r_V_keep_V, i4 %input_r_V_strb_V, i2 %input_r_V_user_V, i1 %input_r_V_last_V, i5 %input_r_V_id_V, i6 %input_r_V_dest_V"   --->   Operation 353 'read' 'empty_1434' <Predicate = true> <Delay = 0.00> <CoreInst = "axis">   --->   Core 115 'axis' <Latency = 0> <II = 1> <Delay = 1.00> <Adapter> <Opcode : >
ST_59 : Operation 354 [1/1] (0.00ns)   --->   "%tmp_data_V_58 = extractvalue i54 %empty_1434"   --->   Operation 354 'extractvalue' 'tmp_data_V_58' <Predicate = true> <Delay = 0.00>
ST_59 : Operation 355 [1/1] (0.00ns)   --->   "%trunc_ln841_58 = trunc i32 %tmp_data_V_58"   --->   Operation 355 'trunc' 'trunc_ln841_58' <Predicate = true> <Delay = 0.00>

State 60 <SV = 59> <Delay = 0.00>
ST_60 : Operation 356 [1/1] (0.00ns)   --->   "%empty_1435 = read i54 @_ssdm_op_Read.axis.volatile.i32P0A.i4P0A.i4P0A.i2P0A.i1P0A.i5P0A.i6P0A, i32 %input_r_V_data_V, i4 %input_r_V_keep_V, i4 %input_r_V_strb_V, i2 %input_r_V_user_V, i1 %input_r_V_last_V, i5 %input_r_V_id_V, i6 %input_r_V_dest_V"   --->   Operation 356 'read' 'empty_1435' <Predicate = true> <Delay = 0.00> <CoreInst = "axis">   --->   Core 115 'axis' <Latency = 0> <II = 1> <Delay = 1.00> <Adapter> <Opcode : >
ST_60 : Operation 357 [1/1] (0.00ns)   --->   "%tmp_data_V_59 = extractvalue i54 %empty_1435"   --->   Operation 357 'extractvalue' 'tmp_data_V_59' <Predicate = true> <Delay = 0.00>
ST_60 : Operation 358 [1/1] (0.00ns)   --->   "%trunc_ln841_59 = trunc i32 %tmp_data_V_59"   --->   Operation 358 'trunc' 'trunc_ln841_59' <Predicate = true> <Delay = 0.00>

State 61 <SV = 60> <Delay = 0.00>
ST_61 : Operation 359 [1/1] (0.00ns)   --->   "%empty_1436 = read i54 @_ssdm_op_Read.axis.volatile.i32P0A.i4P0A.i4P0A.i2P0A.i1P0A.i5P0A.i6P0A, i32 %input_r_V_data_V, i4 %input_r_V_keep_V, i4 %input_r_V_strb_V, i2 %input_r_V_user_V, i1 %input_r_V_last_V, i5 %input_r_V_id_V, i6 %input_r_V_dest_V"   --->   Operation 359 'read' 'empty_1436' <Predicate = true> <Delay = 0.00> <CoreInst = "axis">   --->   Core 115 'axis' <Latency = 0> <II = 1> <Delay = 1.00> <Adapter> <Opcode : >
ST_61 : Operation 360 [1/1] (0.00ns)   --->   "%tmp_data_V_60 = extractvalue i54 %empty_1436"   --->   Operation 360 'extractvalue' 'tmp_data_V_60' <Predicate = true> <Delay = 0.00>
ST_61 : Operation 361 [1/1] (0.00ns)   --->   "%trunc_ln841_60 = trunc i32 %tmp_data_V_60"   --->   Operation 361 'trunc' 'trunc_ln841_60' <Predicate = true> <Delay = 0.00>

State 62 <SV = 61> <Delay = 0.00>
ST_62 : Operation 362 [1/1] (0.00ns)   --->   "%empty_1437 = read i54 @_ssdm_op_Read.axis.volatile.i32P0A.i4P0A.i4P0A.i2P0A.i1P0A.i5P0A.i6P0A, i32 %input_r_V_data_V, i4 %input_r_V_keep_V, i4 %input_r_V_strb_V, i2 %input_r_V_user_V, i1 %input_r_V_last_V, i5 %input_r_V_id_V, i6 %input_r_V_dest_V"   --->   Operation 362 'read' 'empty_1437' <Predicate = true> <Delay = 0.00> <CoreInst = "axis">   --->   Core 115 'axis' <Latency = 0> <II = 1> <Delay = 1.00> <Adapter> <Opcode : >
ST_62 : Operation 363 [1/1] (0.00ns)   --->   "%tmp_data_V_61 = extractvalue i54 %empty_1437"   --->   Operation 363 'extractvalue' 'tmp_data_V_61' <Predicate = true> <Delay = 0.00>
ST_62 : Operation 364 [1/1] (0.00ns)   --->   "%trunc_ln841_61 = trunc i32 %tmp_data_V_61"   --->   Operation 364 'trunc' 'trunc_ln841_61' <Predicate = true> <Delay = 0.00>

State 63 <SV = 62> <Delay = 0.00>
ST_63 : Operation 365 [1/1] (0.00ns)   --->   "%empty_1438 = read i54 @_ssdm_op_Read.axis.volatile.i32P0A.i4P0A.i4P0A.i2P0A.i1P0A.i5P0A.i6P0A, i32 %input_r_V_data_V, i4 %input_r_V_keep_V, i4 %input_r_V_strb_V, i2 %input_r_V_user_V, i1 %input_r_V_last_V, i5 %input_r_V_id_V, i6 %input_r_V_dest_V"   --->   Operation 365 'read' 'empty_1438' <Predicate = true> <Delay = 0.00> <CoreInst = "axis">   --->   Core 115 'axis' <Latency = 0> <II = 1> <Delay = 1.00> <Adapter> <Opcode : >
ST_63 : Operation 366 [1/1] (0.00ns)   --->   "%tmp_data_V_62 = extractvalue i54 %empty_1438"   --->   Operation 366 'extractvalue' 'tmp_data_V_62' <Predicate = true> <Delay = 0.00>
ST_63 : Operation 367 [1/1] (0.00ns)   --->   "%trunc_ln841_62 = trunc i32 %tmp_data_V_62"   --->   Operation 367 'trunc' 'trunc_ln841_62' <Predicate = true> <Delay = 0.00>

State 64 <SV = 63> <Delay = 0.00>
ST_64 : Operation 368 [1/1] (0.00ns)   --->   "%empty_1439 = read i54 @_ssdm_op_Read.axis.volatile.i32P0A.i4P0A.i4P0A.i2P0A.i1P0A.i5P0A.i6P0A, i32 %input_r_V_data_V, i4 %input_r_V_keep_V, i4 %input_r_V_strb_V, i2 %input_r_V_user_V, i1 %input_r_V_last_V, i5 %input_r_V_id_V, i6 %input_r_V_dest_V"   --->   Operation 368 'read' 'empty_1439' <Predicate = true> <Delay = 0.00> <CoreInst = "axis">   --->   Core 115 'axis' <Latency = 0> <II = 1> <Delay = 1.00> <Adapter> <Opcode : >
ST_64 : Operation 369 [1/1] (0.00ns)   --->   "%tmp_data_V_63 = extractvalue i54 %empty_1439"   --->   Operation 369 'extractvalue' 'tmp_data_V_63' <Predicate = true> <Delay = 0.00>
ST_64 : Operation 370 [1/1] (0.00ns)   --->   "%trunc_ln841_63 = trunc i32 %tmp_data_V_63"   --->   Operation 370 'trunc' 'trunc_ln841_63' <Predicate = true> <Delay = 0.00>

State 65 <SV = 64> <Delay = 0.00>
ST_65 : Operation 371 [1/1] (0.00ns)   --->   "%empty_1440 = read i54 @_ssdm_op_Read.axis.volatile.i32P0A.i4P0A.i4P0A.i2P0A.i1P0A.i5P0A.i6P0A, i32 %input_r_V_data_V, i4 %input_r_V_keep_V, i4 %input_r_V_strb_V, i2 %input_r_V_user_V, i1 %input_r_V_last_V, i5 %input_r_V_id_V, i6 %input_r_V_dest_V"   --->   Operation 371 'read' 'empty_1440' <Predicate = true> <Delay = 0.00> <CoreInst = "axis">   --->   Core 115 'axis' <Latency = 0> <II = 1> <Delay = 1.00> <Adapter> <Opcode : >
ST_65 : Operation 372 [1/1] (0.00ns)   --->   "%tmp_data_V_64 = extractvalue i54 %empty_1440"   --->   Operation 372 'extractvalue' 'tmp_data_V_64' <Predicate = true> <Delay = 0.00>
ST_65 : Operation 373 [1/1] (0.00ns)   --->   "%trunc_ln841_64 = trunc i32 %tmp_data_V_64"   --->   Operation 373 'trunc' 'trunc_ln841_64' <Predicate = true> <Delay = 0.00>

State 66 <SV = 65> <Delay = 0.00>
ST_66 : Operation 374 [1/1] (0.00ns)   --->   "%empty_1441 = read i54 @_ssdm_op_Read.axis.volatile.i32P0A.i4P0A.i4P0A.i2P0A.i1P0A.i5P0A.i6P0A, i32 %input_r_V_data_V, i4 %input_r_V_keep_V, i4 %input_r_V_strb_V, i2 %input_r_V_user_V, i1 %input_r_V_last_V, i5 %input_r_V_id_V, i6 %input_r_V_dest_V"   --->   Operation 374 'read' 'empty_1441' <Predicate = true> <Delay = 0.00> <CoreInst = "axis">   --->   Core 115 'axis' <Latency = 0> <II = 1> <Delay = 1.00> <Adapter> <Opcode : >
ST_66 : Operation 375 [1/1] (0.00ns)   --->   "%tmp_data_V_65 = extractvalue i54 %empty_1441"   --->   Operation 375 'extractvalue' 'tmp_data_V_65' <Predicate = true> <Delay = 0.00>
ST_66 : Operation 376 [1/1] (0.00ns)   --->   "%trunc_ln841_65 = trunc i32 %tmp_data_V_65"   --->   Operation 376 'trunc' 'trunc_ln841_65' <Predicate = true> <Delay = 0.00>

State 67 <SV = 66> <Delay = 0.00>
ST_67 : Operation 377 [1/1] (0.00ns)   --->   "%empty_1442 = read i54 @_ssdm_op_Read.axis.volatile.i32P0A.i4P0A.i4P0A.i2P0A.i1P0A.i5P0A.i6P0A, i32 %input_r_V_data_V, i4 %input_r_V_keep_V, i4 %input_r_V_strb_V, i2 %input_r_V_user_V, i1 %input_r_V_last_V, i5 %input_r_V_id_V, i6 %input_r_V_dest_V"   --->   Operation 377 'read' 'empty_1442' <Predicate = true> <Delay = 0.00> <CoreInst = "axis">   --->   Core 115 'axis' <Latency = 0> <II = 1> <Delay = 1.00> <Adapter> <Opcode : >
ST_67 : Operation 378 [1/1] (0.00ns)   --->   "%tmp_data_V_66 = extractvalue i54 %empty_1442"   --->   Operation 378 'extractvalue' 'tmp_data_V_66' <Predicate = true> <Delay = 0.00>
ST_67 : Operation 379 [1/1] (0.00ns)   --->   "%trunc_ln841_66 = trunc i32 %tmp_data_V_66"   --->   Operation 379 'trunc' 'trunc_ln841_66' <Predicate = true> <Delay = 0.00>

State 68 <SV = 67> <Delay = 0.00>
ST_68 : Operation 380 [1/1] (0.00ns)   --->   "%empty_1443 = read i54 @_ssdm_op_Read.axis.volatile.i32P0A.i4P0A.i4P0A.i2P0A.i1P0A.i5P0A.i6P0A, i32 %input_r_V_data_V, i4 %input_r_V_keep_V, i4 %input_r_V_strb_V, i2 %input_r_V_user_V, i1 %input_r_V_last_V, i5 %input_r_V_id_V, i6 %input_r_V_dest_V"   --->   Operation 380 'read' 'empty_1443' <Predicate = true> <Delay = 0.00> <CoreInst = "axis">   --->   Core 115 'axis' <Latency = 0> <II = 1> <Delay = 1.00> <Adapter> <Opcode : >
ST_68 : Operation 381 [1/1] (0.00ns)   --->   "%tmp_data_V_67 = extractvalue i54 %empty_1443"   --->   Operation 381 'extractvalue' 'tmp_data_V_67' <Predicate = true> <Delay = 0.00>
ST_68 : Operation 382 [1/1] (0.00ns)   --->   "%trunc_ln841_67 = trunc i32 %tmp_data_V_67"   --->   Operation 382 'trunc' 'trunc_ln841_67' <Predicate = true> <Delay = 0.00>

State 69 <SV = 68> <Delay = 0.00>
ST_69 : Operation 383 [1/1] (0.00ns)   --->   "%empty_1444 = read i54 @_ssdm_op_Read.axis.volatile.i32P0A.i4P0A.i4P0A.i2P0A.i1P0A.i5P0A.i6P0A, i32 %input_r_V_data_V, i4 %input_r_V_keep_V, i4 %input_r_V_strb_V, i2 %input_r_V_user_V, i1 %input_r_V_last_V, i5 %input_r_V_id_V, i6 %input_r_V_dest_V"   --->   Operation 383 'read' 'empty_1444' <Predicate = true> <Delay = 0.00> <CoreInst = "axis">   --->   Core 115 'axis' <Latency = 0> <II = 1> <Delay = 1.00> <Adapter> <Opcode : >
ST_69 : Operation 384 [1/1] (0.00ns)   --->   "%tmp_data_V_68 = extractvalue i54 %empty_1444"   --->   Operation 384 'extractvalue' 'tmp_data_V_68' <Predicate = true> <Delay = 0.00>
ST_69 : Operation 385 [1/1] (0.00ns)   --->   "%trunc_ln841_68 = trunc i32 %tmp_data_V_68"   --->   Operation 385 'trunc' 'trunc_ln841_68' <Predicate = true> <Delay = 0.00>

State 70 <SV = 69> <Delay = 0.00>
ST_70 : Operation 386 [1/1] (0.00ns)   --->   "%empty_1445 = read i54 @_ssdm_op_Read.axis.volatile.i32P0A.i4P0A.i4P0A.i2P0A.i1P0A.i5P0A.i6P0A, i32 %input_r_V_data_V, i4 %input_r_V_keep_V, i4 %input_r_V_strb_V, i2 %input_r_V_user_V, i1 %input_r_V_last_V, i5 %input_r_V_id_V, i6 %input_r_V_dest_V"   --->   Operation 386 'read' 'empty_1445' <Predicate = true> <Delay = 0.00> <CoreInst = "axis">   --->   Core 115 'axis' <Latency = 0> <II = 1> <Delay = 1.00> <Adapter> <Opcode : >
ST_70 : Operation 387 [1/1] (0.00ns)   --->   "%tmp_data_V_69 = extractvalue i54 %empty_1445"   --->   Operation 387 'extractvalue' 'tmp_data_V_69' <Predicate = true> <Delay = 0.00>
ST_70 : Operation 388 [1/1] (0.00ns)   --->   "%trunc_ln841_69 = trunc i32 %tmp_data_V_69"   --->   Operation 388 'trunc' 'trunc_ln841_69' <Predicate = true> <Delay = 0.00>

State 71 <SV = 70> <Delay = 0.00>
ST_71 : Operation 389 [1/1] (0.00ns)   --->   "%empty_1446 = read i54 @_ssdm_op_Read.axis.volatile.i32P0A.i4P0A.i4P0A.i2P0A.i1P0A.i5P0A.i6P0A, i32 %input_r_V_data_V, i4 %input_r_V_keep_V, i4 %input_r_V_strb_V, i2 %input_r_V_user_V, i1 %input_r_V_last_V, i5 %input_r_V_id_V, i6 %input_r_V_dest_V"   --->   Operation 389 'read' 'empty_1446' <Predicate = true> <Delay = 0.00> <CoreInst = "axis">   --->   Core 115 'axis' <Latency = 0> <II = 1> <Delay = 1.00> <Adapter> <Opcode : >
ST_71 : Operation 390 [1/1] (0.00ns)   --->   "%tmp_data_V_70 = extractvalue i54 %empty_1446"   --->   Operation 390 'extractvalue' 'tmp_data_V_70' <Predicate = true> <Delay = 0.00>
ST_71 : Operation 391 [1/1] (0.00ns)   --->   "%trunc_ln841_70 = trunc i32 %tmp_data_V_70"   --->   Operation 391 'trunc' 'trunc_ln841_70' <Predicate = true> <Delay = 0.00>

State 72 <SV = 71> <Delay = 0.00>
ST_72 : Operation 392 [1/1] (0.00ns)   --->   "%empty_1447 = read i54 @_ssdm_op_Read.axis.volatile.i32P0A.i4P0A.i4P0A.i2P0A.i1P0A.i5P0A.i6P0A, i32 %input_r_V_data_V, i4 %input_r_V_keep_V, i4 %input_r_V_strb_V, i2 %input_r_V_user_V, i1 %input_r_V_last_V, i5 %input_r_V_id_V, i6 %input_r_V_dest_V"   --->   Operation 392 'read' 'empty_1447' <Predicate = true> <Delay = 0.00> <CoreInst = "axis">   --->   Core 115 'axis' <Latency = 0> <II = 1> <Delay = 1.00> <Adapter> <Opcode : >
ST_72 : Operation 393 [1/1] (0.00ns)   --->   "%tmp_data_V_71 = extractvalue i54 %empty_1447"   --->   Operation 393 'extractvalue' 'tmp_data_V_71' <Predicate = true> <Delay = 0.00>
ST_72 : Operation 394 [1/1] (0.00ns)   --->   "%trunc_ln841_71 = trunc i32 %tmp_data_V_71"   --->   Operation 394 'trunc' 'trunc_ln841_71' <Predicate = true> <Delay = 0.00>

State 73 <SV = 72> <Delay = 0.00>
ST_73 : Operation 395 [1/1] (0.00ns)   --->   "%empty_1448 = read i54 @_ssdm_op_Read.axis.volatile.i32P0A.i4P0A.i4P0A.i2P0A.i1P0A.i5P0A.i6P0A, i32 %input_r_V_data_V, i4 %input_r_V_keep_V, i4 %input_r_V_strb_V, i2 %input_r_V_user_V, i1 %input_r_V_last_V, i5 %input_r_V_id_V, i6 %input_r_V_dest_V"   --->   Operation 395 'read' 'empty_1448' <Predicate = true> <Delay = 0.00> <CoreInst = "axis">   --->   Core 115 'axis' <Latency = 0> <II = 1> <Delay = 1.00> <Adapter> <Opcode : >
ST_73 : Operation 396 [1/1] (0.00ns)   --->   "%tmp_data_V_72 = extractvalue i54 %empty_1448"   --->   Operation 396 'extractvalue' 'tmp_data_V_72' <Predicate = true> <Delay = 0.00>
ST_73 : Operation 397 [1/1] (0.00ns)   --->   "%trunc_ln841_72 = trunc i32 %tmp_data_V_72"   --->   Operation 397 'trunc' 'trunc_ln841_72' <Predicate = true> <Delay = 0.00>

State 74 <SV = 73> <Delay = 0.00>
ST_74 : Operation 398 [1/1] (0.00ns)   --->   "%empty_1449 = read i54 @_ssdm_op_Read.axis.volatile.i32P0A.i4P0A.i4P0A.i2P0A.i1P0A.i5P0A.i6P0A, i32 %input_r_V_data_V, i4 %input_r_V_keep_V, i4 %input_r_V_strb_V, i2 %input_r_V_user_V, i1 %input_r_V_last_V, i5 %input_r_V_id_V, i6 %input_r_V_dest_V"   --->   Operation 398 'read' 'empty_1449' <Predicate = true> <Delay = 0.00> <CoreInst = "axis">   --->   Core 115 'axis' <Latency = 0> <II = 1> <Delay = 1.00> <Adapter> <Opcode : >
ST_74 : Operation 399 [1/1] (0.00ns)   --->   "%tmp_data_V_73 = extractvalue i54 %empty_1449"   --->   Operation 399 'extractvalue' 'tmp_data_V_73' <Predicate = true> <Delay = 0.00>
ST_74 : Operation 400 [1/1] (0.00ns)   --->   "%trunc_ln841_73 = trunc i32 %tmp_data_V_73"   --->   Operation 400 'trunc' 'trunc_ln841_73' <Predicate = true> <Delay = 0.00>

State 75 <SV = 74> <Delay = 0.00>
ST_75 : Operation 401 [1/1] (0.00ns)   --->   "%empty_1450 = read i54 @_ssdm_op_Read.axis.volatile.i32P0A.i4P0A.i4P0A.i2P0A.i1P0A.i5P0A.i6P0A, i32 %input_r_V_data_V, i4 %input_r_V_keep_V, i4 %input_r_V_strb_V, i2 %input_r_V_user_V, i1 %input_r_V_last_V, i5 %input_r_V_id_V, i6 %input_r_V_dest_V"   --->   Operation 401 'read' 'empty_1450' <Predicate = true> <Delay = 0.00> <CoreInst = "axis">   --->   Core 115 'axis' <Latency = 0> <II = 1> <Delay = 1.00> <Adapter> <Opcode : >
ST_75 : Operation 402 [1/1] (0.00ns)   --->   "%tmp_data_V_74 = extractvalue i54 %empty_1450"   --->   Operation 402 'extractvalue' 'tmp_data_V_74' <Predicate = true> <Delay = 0.00>
ST_75 : Operation 403 [1/1] (0.00ns)   --->   "%trunc_ln841_74 = trunc i32 %tmp_data_V_74"   --->   Operation 403 'trunc' 'trunc_ln841_74' <Predicate = true> <Delay = 0.00>

State 76 <SV = 75> <Delay = 0.00>
ST_76 : Operation 404 [1/1] (0.00ns)   --->   "%empty_1451 = read i54 @_ssdm_op_Read.axis.volatile.i32P0A.i4P0A.i4P0A.i2P0A.i1P0A.i5P0A.i6P0A, i32 %input_r_V_data_V, i4 %input_r_V_keep_V, i4 %input_r_V_strb_V, i2 %input_r_V_user_V, i1 %input_r_V_last_V, i5 %input_r_V_id_V, i6 %input_r_V_dest_V"   --->   Operation 404 'read' 'empty_1451' <Predicate = true> <Delay = 0.00> <CoreInst = "axis">   --->   Core 115 'axis' <Latency = 0> <II = 1> <Delay = 1.00> <Adapter> <Opcode : >
ST_76 : Operation 405 [1/1] (0.00ns)   --->   "%tmp_data_V_75 = extractvalue i54 %empty_1451"   --->   Operation 405 'extractvalue' 'tmp_data_V_75' <Predicate = true> <Delay = 0.00>
ST_76 : Operation 406 [1/1] (0.00ns)   --->   "%trunc_ln841_75 = trunc i32 %tmp_data_V_75"   --->   Operation 406 'trunc' 'trunc_ln841_75' <Predicate = true> <Delay = 0.00>

State 77 <SV = 76> <Delay = 0.00>
ST_77 : Operation 407 [1/1] (0.00ns)   --->   "%empty_1452 = read i54 @_ssdm_op_Read.axis.volatile.i32P0A.i4P0A.i4P0A.i2P0A.i1P0A.i5P0A.i6P0A, i32 %input_r_V_data_V, i4 %input_r_V_keep_V, i4 %input_r_V_strb_V, i2 %input_r_V_user_V, i1 %input_r_V_last_V, i5 %input_r_V_id_V, i6 %input_r_V_dest_V"   --->   Operation 407 'read' 'empty_1452' <Predicate = true> <Delay = 0.00> <CoreInst = "axis">   --->   Core 115 'axis' <Latency = 0> <II = 1> <Delay = 1.00> <Adapter> <Opcode : >
ST_77 : Operation 408 [1/1] (0.00ns)   --->   "%tmp_data_V_76 = extractvalue i54 %empty_1452"   --->   Operation 408 'extractvalue' 'tmp_data_V_76' <Predicate = true> <Delay = 0.00>
ST_77 : Operation 409 [1/1] (0.00ns)   --->   "%trunc_ln841_76 = trunc i32 %tmp_data_V_76"   --->   Operation 409 'trunc' 'trunc_ln841_76' <Predicate = true> <Delay = 0.00>

State 78 <SV = 77> <Delay = 0.00>
ST_78 : Operation 410 [1/1] (0.00ns)   --->   "%empty_1453 = read i54 @_ssdm_op_Read.axis.volatile.i32P0A.i4P0A.i4P0A.i2P0A.i1P0A.i5P0A.i6P0A, i32 %input_r_V_data_V, i4 %input_r_V_keep_V, i4 %input_r_V_strb_V, i2 %input_r_V_user_V, i1 %input_r_V_last_V, i5 %input_r_V_id_V, i6 %input_r_V_dest_V"   --->   Operation 410 'read' 'empty_1453' <Predicate = true> <Delay = 0.00> <CoreInst = "axis">   --->   Core 115 'axis' <Latency = 0> <II = 1> <Delay = 1.00> <Adapter> <Opcode : >
ST_78 : Operation 411 [1/1] (0.00ns)   --->   "%tmp_data_V_77 = extractvalue i54 %empty_1453"   --->   Operation 411 'extractvalue' 'tmp_data_V_77' <Predicate = true> <Delay = 0.00>
ST_78 : Operation 412 [1/1] (0.00ns)   --->   "%trunc_ln841_77 = trunc i32 %tmp_data_V_77"   --->   Operation 412 'trunc' 'trunc_ln841_77' <Predicate = true> <Delay = 0.00>

State 79 <SV = 78> <Delay = 0.00>
ST_79 : Operation 413 [1/1] (0.00ns)   --->   "%empty_1454 = read i54 @_ssdm_op_Read.axis.volatile.i32P0A.i4P0A.i4P0A.i2P0A.i1P0A.i5P0A.i6P0A, i32 %input_r_V_data_V, i4 %input_r_V_keep_V, i4 %input_r_V_strb_V, i2 %input_r_V_user_V, i1 %input_r_V_last_V, i5 %input_r_V_id_V, i6 %input_r_V_dest_V"   --->   Operation 413 'read' 'empty_1454' <Predicate = true> <Delay = 0.00> <CoreInst = "axis">   --->   Core 115 'axis' <Latency = 0> <II = 1> <Delay = 1.00> <Adapter> <Opcode : >
ST_79 : Operation 414 [1/1] (0.00ns)   --->   "%tmp_data_V_78 = extractvalue i54 %empty_1454"   --->   Operation 414 'extractvalue' 'tmp_data_V_78' <Predicate = true> <Delay = 0.00>
ST_79 : Operation 415 [1/1] (0.00ns)   --->   "%trunc_ln841_78 = trunc i32 %tmp_data_V_78"   --->   Operation 415 'trunc' 'trunc_ln841_78' <Predicate = true> <Delay = 0.00>

State 80 <SV = 79> <Delay = 0.00>
ST_80 : Operation 416 [1/1] (0.00ns)   --->   "%empty_1455 = read i54 @_ssdm_op_Read.axis.volatile.i32P0A.i4P0A.i4P0A.i2P0A.i1P0A.i5P0A.i6P0A, i32 %input_r_V_data_V, i4 %input_r_V_keep_V, i4 %input_r_V_strb_V, i2 %input_r_V_user_V, i1 %input_r_V_last_V, i5 %input_r_V_id_V, i6 %input_r_V_dest_V"   --->   Operation 416 'read' 'empty_1455' <Predicate = true> <Delay = 0.00> <CoreInst = "axis">   --->   Core 115 'axis' <Latency = 0> <II = 1> <Delay = 1.00> <Adapter> <Opcode : >
ST_80 : Operation 417 [1/1] (0.00ns)   --->   "%tmp_data_V_79 = extractvalue i54 %empty_1455"   --->   Operation 417 'extractvalue' 'tmp_data_V_79' <Predicate = true> <Delay = 0.00>
ST_80 : Operation 418 [1/1] (0.00ns)   --->   "%trunc_ln841_79 = trunc i32 %tmp_data_V_79"   --->   Operation 418 'trunc' 'trunc_ln841_79' <Predicate = true> <Delay = 0.00>

State 81 <SV = 80> <Delay = 0.00>
ST_81 : Operation 419 [1/1] (0.00ns)   --->   "%empty_1456 = read i54 @_ssdm_op_Read.axis.volatile.i32P0A.i4P0A.i4P0A.i2P0A.i1P0A.i5P0A.i6P0A, i32 %input_r_V_data_V, i4 %input_r_V_keep_V, i4 %input_r_V_strb_V, i2 %input_r_V_user_V, i1 %input_r_V_last_V, i5 %input_r_V_id_V, i6 %input_r_V_dest_V"   --->   Operation 419 'read' 'empty_1456' <Predicate = true> <Delay = 0.00> <CoreInst = "axis">   --->   Core 115 'axis' <Latency = 0> <II = 1> <Delay = 1.00> <Adapter> <Opcode : >
ST_81 : Operation 420 [1/1] (0.00ns)   --->   "%tmp_data_V_80 = extractvalue i54 %empty_1456"   --->   Operation 420 'extractvalue' 'tmp_data_V_80' <Predicate = true> <Delay = 0.00>
ST_81 : Operation 421 [1/1] (0.00ns)   --->   "%trunc_ln841_80 = trunc i32 %tmp_data_V_80"   --->   Operation 421 'trunc' 'trunc_ln841_80' <Predicate = true> <Delay = 0.00>

State 82 <SV = 81> <Delay = 0.00>
ST_82 : Operation 422 [1/1] (0.00ns)   --->   "%empty_1457 = read i54 @_ssdm_op_Read.axis.volatile.i32P0A.i4P0A.i4P0A.i2P0A.i1P0A.i5P0A.i6P0A, i32 %input_r_V_data_V, i4 %input_r_V_keep_V, i4 %input_r_V_strb_V, i2 %input_r_V_user_V, i1 %input_r_V_last_V, i5 %input_r_V_id_V, i6 %input_r_V_dest_V"   --->   Operation 422 'read' 'empty_1457' <Predicate = true> <Delay = 0.00> <CoreInst = "axis">   --->   Core 115 'axis' <Latency = 0> <II = 1> <Delay = 1.00> <Adapter> <Opcode : >
ST_82 : Operation 423 [1/1] (0.00ns)   --->   "%tmp_data_V_81 = extractvalue i54 %empty_1457"   --->   Operation 423 'extractvalue' 'tmp_data_V_81' <Predicate = true> <Delay = 0.00>
ST_82 : Operation 424 [1/1] (0.00ns)   --->   "%trunc_ln841_81 = trunc i32 %tmp_data_V_81"   --->   Operation 424 'trunc' 'trunc_ln841_81' <Predicate = true> <Delay = 0.00>

State 83 <SV = 82> <Delay = 0.00>
ST_83 : Operation 425 [1/1] (0.00ns)   --->   "%empty_1458 = read i54 @_ssdm_op_Read.axis.volatile.i32P0A.i4P0A.i4P0A.i2P0A.i1P0A.i5P0A.i6P0A, i32 %input_r_V_data_V, i4 %input_r_V_keep_V, i4 %input_r_V_strb_V, i2 %input_r_V_user_V, i1 %input_r_V_last_V, i5 %input_r_V_id_V, i6 %input_r_V_dest_V"   --->   Operation 425 'read' 'empty_1458' <Predicate = true> <Delay = 0.00> <CoreInst = "axis">   --->   Core 115 'axis' <Latency = 0> <II = 1> <Delay = 1.00> <Adapter> <Opcode : >
ST_83 : Operation 426 [1/1] (0.00ns)   --->   "%tmp_data_V_82 = extractvalue i54 %empty_1458"   --->   Operation 426 'extractvalue' 'tmp_data_V_82' <Predicate = true> <Delay = 0.00>
ST_83 : Operation 427 [1/1] (0.00ns)   --->   "%trunc_ln841_82 = trunc i32 %tmp_data_V_82"   --->   Operation 427 'trunc' 'trunc_ln841_82' <Predicate = true> <Delay = 0.00>

State 84 <SV = 83> <Delay = 0.00>
ST_84 : Operation 428 [1/1] (0.00ns)   --->   "%empty_1459 = read i54 @_ssdm_op_Read.axis.volatile.i32P0A.i4P0A.i4P0A.i2P0A.i1P0A.i5P0A.i6P0A, i32 %input_r_V_data_V, i4 %input_r_V_keep_V, i4 %input_r_V_strb_V, i2 %input_r_V_user_V, i1 %input_r_V_last_V, i5 %input_r_V_id_V, i6 %input_r_V_dest_V"   --->   Operation 428 'read' 'empty_1459' <Predicate = true> <Delay = 0.00> <CoreInst = "axis">   --->   Core 115 'axis' <Latency = 0> <II = 1> <Delay = 1.00> <Adapter> <Opcode : >
ST_84 : Operation 429 [1/1] (0.00ns)   --->   "%tmp_data_V_83 = extractvalue i54 %empty_1459"   --->   Operation 429 'extractvalue' 'tmp_data_V_83' <Predicate = true> <Delay = 0.00>
ST_84 : Operation 430 [1/1] (0.00ns)   --->   "%trunc_ln841_83 = trunc i32 %tmp_data_V_83"   --->   Operation 430 'trunc' 'trunc_ln841_83' <Predicate = true> <Delay = 0.00>

State 85 <SV = 84> <Delay = 0.00>
ST_85 : Operation 431 [1/1] (0.00ns)   --->   "%empty_1460 = read i54 @_ssdm_op_Read.axis.volatile.i32P0A.i4P0A.i4P0A.i2P0A.i1P0A.i5P0A.i6P0A, i32 %input_r_V_data_V, i4 %input_r_V_keep_V, i4 %input_r_V_strb_V, i2 %input_r_V_user_V, i1 %input_r_V_last_V, i5 %input_r_V_id_V, i6 %input_r_V_dest_V"   --->   Operation 431 'read' 'empty_1460' <Predicate = true> <Delay = 0.00> <CoreInst = "axis">   --->   Core 115 'axis' <Latency = 0> <II = 1> <Delay = 1.00> <Adapter> <Opcode : >
ST_85 : Operation 432 [1/1] (0.00ns)   --->   "%tmp_data_V_84 = extractvalue i54 %empty_1460"   --->   Operation 432 'extractvalue' 'tmp_data_V_84' <Predicate = true> <Delay = 0.00>
ST_85 : Operation 433 [1/1] (0.00ns)   --->   "%trunc_ln841_84 = trunc i32 %tmp_data_V_84"   --->   Operation 433 'trunc' 'trunc_ln841_84' <Predicate = true> <Delay = 0.00>

State 86 <SV = 85> <Delay = 0.00>
ST_86 : Operation 434 [1/1] (0.00ns)   --->   "%empty_1461 = read i54 @_ssdm_op_Read.axis.volatile.i32P0A.i4P0A.i4P0A.i2P0A.i1P0A.i5P0A.i6P0A, i32 %input_r_V_data_V, i4 %input_r_V_keep_V, i4 %input_r_V_strb_V, i2 %input_r_V_user_V, i1 %input_r_V_last_V, i5 %input_r_V_id_V, i6 %input_r_V_dest_V"   --->   Operation 434 'read' 'empty_1461' <Predicate = true> <Delay = 0.00> <CoreInst = "axis">   --->   Core 115 'axis' <Latency = 0> <II = 1> <Delay = 1.00> <Adapter> <Opcode : >
ST_86 : Operation 435 [1/1] (0.00ns)   --->   "%tmp_data_V_85 = extractvalue i54 %empty_1461"   --->   Operation 435 'extractvalue' 'tmp_data_V_85' <Predicate = true> <Delay = 0.00>
ST_86 : Operation 436 [1/1] (0.00ns)   --->   "%trunc_ln841_85 = trunc i32 %tmp_data_V_85"   --->   Operation 436 'trunc' 'trunc_ln841_85' <Predicate = true> <Delay = 0.00>

State 87 <SV = 86> <Delay = 0.00>
ST_87 : Operation 437 [1/1] (0.00ns)   --->   "%empty_1462 = read i54 @_ssdm_op_Read.axis.volatile.i32P0A.i4P0A.i4P0A.i2P0A.i1P0A.i5P0A.i6P0A, i32 %input_r_V_data_V, i4 %input_r_V_keep_V, i4 %input_r_V_strb_V, i2 %input_r_V_user_V, i1 %input_r_V_last_V, i5 %input_r_V_id_V, i6 %input_r_V_dest_V"   --->   Operation 437 'read' 'empty_1462' <Predicate = true> <Delay = 0.00> <CoreInst = "axis">   --->   Core 115 'axis' <Latency = 0> <II = 1> <Delay = 1.00> <Adapter> <Opcode : >
ST_87 : Operation 438 [1/1] (0.00ns)   --->   "%tmp_data_V_86 = extractvalue i54 %empty_1462"   --->   Operation 438 'extractvalue' 'tmp_data_V_86' <Predicate = true> <Delay = 0.00>
ST_87 : Operation 439 [1/1] (0.00ns)   --->   "%trunc_ln841_86 = trunc i32 %tmp_data_V_86"   --->   Operation 439 'trunc' 'trunc_ln841_86' <Predicate = true> <Delay = 0.00>

State 88 <SV = 87> <Delay = 0.00>
ST_88 : Operation 440 [1/1] (0.00ns)   --->   "%empty_1463 = read i54 @_ssdm_op_Read.axis.volatile.i32P0A.i4P0A.i4P0A.i2P0A.i1P0A.i5P0A.i6P0A, i32 %input_r_V_data_V, i4 %input_r_V_keep_V, i4 %input_r_V_strb_V, i2 %input_r_V_user_V, i1 %input_r_V_last_V, i5 %input_r_V_id_V, i6 %input_r_V_dest_V"   --->   Operation 440 'read' 'empty_1463' <Predicate = true> <Delay = 0.00> <CoreInst = "axis">   --->   Core 115 'axis' <Latency = 0> <II = 1> <Delay = 1.00> <Adapter> <Opcode : >
ST_88 : Operation 441 [1/1] (0.00ns)   --->   "%tmp_data_V_87 = extractvalue i54 %empty_1463"   --->   Operation 441 'extractvalue' 'tmp_data_V_87' <Predicate = true> <Delay = 0.00>
ST_88 : Operation 442 [1/1] (0.00ns)   --->   "%trunc_ln841_87 = trunc i32 %tmp_data_V_87"   --->   Operation 442 'trunc' 'trunc_ln841_87' <Predicate = true> <Delay = 0.00>

State 89 <SV = 88> <Delay = 0.00>
ST_89 : Operation 443 [1/1] (0.00ns)   --->   "%empty_1464 = read i54 @_ssdm_op_Read.axis.volatile.i32P0A.i4P0A.i4P0A.i2P0A.i1P0A.i5P0A.i6P0A, i32 %input_r_V_data_V, i4 %input_r_V_keep_V, i4 %input_r_V_strb_V, i2 %input_r_V_user_V, i1 %input_r_V_last_V, i5 %input_r_V_id_V, i6 %input_r_V_dest_V"   --->   Operation 443 'read' 'empty_1464' <Predicate = true> <Delay = 0.00> <CoreInst = "axis">   --->   Core 115 'axis' <Latency = 0> <II = 1> <Delay = 1.00> <Adapter> <Opcode : >
ST_89 : Operation 444 [1/1] (0.00ns)   --->   "%tmp_data_V_88 = extractvalue i54 %empty_1464"   --->   Operation 444 'extractvalue' 'tmp_data_V_88' <Predicate = true> <Delay = 0.00>
ST_89 : Operation 445 [1/1] (0.00ns)   --->   "%trunc_ln841_88 = trunc i32 %tmp_data_V_88"   --->   Operation 445 'trunc' 'trunc_ln841_88' <Predicate = true> <Delay = 0.00>

State 90 <SV = 89> <Delay = 0.00>
ST_90 : Operation 446 [1/1] (0.00ns)   --->   "%empty_1465 = read i54 @_ssdm_op_Read.axis.volatile.i32P0A.i4P0A.i4P0A.i2P0A.i1P0A.i5P0A.i6P0A, i32 %input_r_V_data_V, i4 %input_r_V_keep_V, i4 %input_r_V_strb_V, i2 %input_r_V_user_V, i1 %input_r_V_last_V, i5 %input_r_V_id_V, i6 %input_r_V_dest_V"   --->   Operation 446 'read' 'empty_1465' <Predicate = true> <Delay = 0.00> <CoreInst = "axis">   --->   Core 115 'axis' <Latency = 0> <II = 1> <Delay = 1.00> <Adapter> <Opcode : >
ST_90 : Operation 447 [1/1] (0.00ns)   --->   "%tmp_data_V_89 = extractvalue i54 %empty_1465"   --->   Operation 447 'extractvalue' 'tmp_data_V_89' <Predicate = true> <Delay = 0.00>
ST_90 : Operation 448 [1/1] (0.00ns)   --->   "%trunc_ln841_89 = trunc i32 %tmp_data_V_89"   --->   Operation 448 'trunc' 'trunc_ln841_89' <Predicate = true> <Delay = 0.00>

State 91 <SV = 90> <Delay = 0.00>
ST_91 : Operation 449 [1/1] (0.00ns)   --->   "%empty_1466 = read i54 @_ssdm_op_Read.axis.volatile.i32P0A.i4P0A.i4P0A.i2P0A.i1P0A.i5P0A.i6P0A, i32 %input_r_V_data_V, i4 %input_r_V_keep_V, i4 %input_r_V_strb_V, i2 %input_r_V_user_V, i1 %input_r_V_last_V, i5 %input_r_V_id_V, i6 %input_r_V_dest_V"   --->   Operation 449 'read' 'empty_1466' <Predicate = true> <Delay = 0.00> <CoreInst = "axis">   --->   Core 115 'axis' <Latency = 0> <II = 1> <Delay = 1.00> <Adapter> <Opcode : >
ST_91 : Operation 450 [1/1] (0.00ns)   --->   "%tmp_data_V_90 = extractvalue i54 %empty_1466"   --->   Operation 450 'extractvalue' 'tmp_data_V_90' <Predicate = true> <Delay = 0.00>
ST_91 : Operation 451 [1/1] (0.00ns)   --->   "%trunc_ln841_90 = trunc i32 %tmp_data_V_90"   --->   Operation 451 'trunc' 'trunc_ln841_90' <Predicate = true> <Delay = 0.00>

State 92 <SV = 91> <Delay = 0.00>
ST_92 : Operation 452 [1/1] (0.00ns)   --->   "%empty_1467 = read i54 @_ssdm_op_Read.axis.volatile.i32P0A.i4P0A.i4P0A.i2P0A.i1P0A.i5P0A.i6P0A, i32 %input_r_V_data_V, i4 %input_r_V_keep_V, i4 %input_r_V_strb_V, i2 %input_r_V_user_V, i1 %input_r_V_last_V, i5 %input_r_V_id_V, i6 %input_r_V_dest_V"   --->   Operation 452 'read' 'empty_1467' <Predicate = true> <Delay = 0.00> <CoreInst = "axis">   --->   Core 115 'axis' <Latency = 0> <II = 1> <Delay = 1.00> <Adapter> <Opcode : >
ST_92 : Operation 453 [1/1] (0.00ns)   --->   "%tmp_data_V_91 = extractvalue i54 %empty_1467"   --->   Operation 453 'extractvalue' 'tmp_data_V_91' <Predicate = true> <Delay = 0.00>
ST_92 : Operation 454 [1/1] (0.00ns)   --->   "%trunc_ln841_91 = trunc i32 %tmp_data_V_91"   --->   Operation 454 'trunc' 'trunc_ln841_91' <Predicate = true> <Delay = 0.00>

State 93 <SV = 92> <Delay = 0.00>
ST_93 : Operation 455 [1/1] (0.00ns)   --->   "%empty_1468 = read i54 @_ssdm_op_Read.axis.volatile.i32P0A.i4P0A.i4P0A.i2P0A.i1P0A.i5P0A.i6P0A, i32 %input_r_V_data_V, i4 %input_r_V_keep_V, i4 %input_r_V_strb_V, i2 %input_r_V_user_V, i1 %input_r_V_last_V, i5 %input_r_V_id_V, i6 %input_r_V_dest_V"   --->   Operation 455 'read' 'empty_1468' <Predicate = true> <Delay = 0.00> <CoreInst = "axis">   --->   Core 115 'axis' <Latency = 0> <II = 1> <Delay = 1.00> <Adapter> <Opcode : >
ST_93 : Operation 456 [1/1] (0.00ns)   --->   "%tmp_data_V_92 = extractvalue i54 %empty_1468"   --->   Operation 456 'extractvalue' 'tmp_data_V_92' <Predicate = true> <Delay = 0.00>
ST_93 : Operation 457 [1/1] (0.00ns)   --->   "%trunc_ln841_92 = trunc i32 %tmp_data_V_92"   --->   Operation 457 'trunc' 'trunc_ln841_92' <Predicate = true> <Delay = 0.00>

State 94 <SV = 93> <Delay = 0.00>
ST_94 : Operation 458 [1/1] (0.00ns)   --->   "%empty_1469 = read i54 @_ssdm_op_Read.axis.volatile.i32P0A.i4P0A.i4P0A.i2P0A.i1P0A.i5P0A.i6P0A, i32 %input_r_V_data_V, i4 %input_r_V_keep_V, i4 %input_r_V_strb_V, i2 %input_r_V_user_V, i1 %input_r_V_last_V, i5 %input_r_V_id_V, i6 %input_r_V_dest_V"   --->   Operation 458 'read' 'empty_1469' <Predicate = true> <Delay = 0.00> <CoreInst = "axis">   --->   Core 115 'axis' <Latency = 0> <II = 1> <Delay = 1.00> <Adapter> <Opcode : >
ST_94 : Operation 459 [1/1] (0.00ns)   --->   "%tmp_data_V_93 = extractvalue i54 %empty_1469"   --->   Operation 459 'extractvalue' 'tmp_data_V_93' <Predicate = true> <Delay = 0.00>
ST_94 : Operation 460 [1/1] (0.00ns)   --->   "%trunc_ln841_93 = trunc i32 %tmp_data_V_93"   --->   Operation 460 'trunc' 'trunc_ln841_93' <Predicate = true> <Delay = 0.00>

State 95 <SV = 94> <Delay = 0.00>
ST_95 : Operation 461 [1/1] (0.00ns)   --->   "%empty_1470 = read i54 @_ssdm_op_Read.axis.volatile.i32P0A.i4P0A.i4P0A.i2P0A.i1P0A.i5P0A.i6P0A, i32 %input_r_V_data_V, i4 %input_r_V_keep_V, i4 %input_r_V_strb_V, i2 %input_r_V_user_V, i1 %input_r_V_last_V, i5 %input_r_V_id_V, i6 %input_r_V_dest_V"   --->   Operation 461 'read' 'empty_1470' <Predicate = true> <Delay = 0.00> <CoreInst = "axis">   --->   Core 115 'axis' <Latency = 0> <II = 1> <Delay = 1.00> <Adapter> <Opcode : >
ST_95 : Operation 462 [1/1] (0.00ns)   --->   "%tmp_data_V_94 = extractvalue i54 %empty_1470"   --->   Operation 462 'extractvalue' 'tmp_data_V_94' <Predicate = true> <Delay = 0.00>
ST_95 : Operation 463 [1/1] (0.00ns)   --->   "%trunc_ln841_94 = trunc i32 %tmp_data_V_94"   --->   Operation 463 'trunc' 'trunc_ln841_94' <Predicate = true> <Delay = 0.00>

State 96 <SV = 95> <Delay = 0.00>
ST_96 : Operation 464 [1/1] (0.00ns)   --->   "%empty_1471 = read i54 @_ssdm_op_Read.axis.volatile.i32P0A.i4P0A.i4P0A.i2P0A.i1P0A.i5P0A.i6P0A, i32 %input_r_V_data_V, i4 %input_r_V_keep_V, i4 %input_r_V_strb_V, i2 %input_r_V_user_V, i1 %input_r_V_last_V, i5 %input_r_V_id_V, i6 %input_r_V_dest_V"   --->   Operation 464 'read' 'empty_1471' <Predicate = true> <Delay = 0.00> <CoreInst = "axis">   --->   Core 115 'axis' <Latency = 0> <II = 1> <Delay = 1.00> <Adapter> <Opcode : >
ST_96 : Operation 465 [1/1] (0.00ns)   --->   "%tmp_data_V_95 = extractvalue i54 %empty_1471"   --->   Operation 465 'extractvalue' 'tmp_data_V_95' <Predicate = true> <Delay = 0.00>
ST_96 : Operation 466 [1/1] (0.00ns)   --->   "%trunc_ln841_95 = trunc i32 %tmp_data_V_95"   --->   Operation 466 'trunc' 'trunc_ln841_95' <Predicate = true> <Delay = 0.00>

State 97 <SV = 96> <Delay = 0.00>
ST_97 : Operation 467 [1/1] (0.00ns)   --->   "%empty_1472 = read i54 @_ssdm_op_Read.axis.volatile.i32P0A.i4P0A.i4P0A.i2P0A.i1P0A.i5P0A.i6P0A, i32 %input_r_V_data_V, i4 %input_r_V_keep_V, i4 %input_r_V_strb_V, i2 %input_r_V_user_V, i1 %input_r_V_last_V, i5 %input_r_V_id_V, i6 %input_r_V_dest_V"   --->   Operation 467 'read' 'empty_1472' <Predicate = true> <Delay = 0.00> <CoreInst = "axis">   --->   Core 115 'axis' <Latency = 0> <II = 1> <Delay = 1.00> <Adapter> <Opcode : >
ST_97 : Operation 468 [1/1] (0.00ns)   --->   "%tmp_data_V_96 = extractvalue i54 %empty_1472"   --->   Operation 468 'extractvalue' 'tmp_data_V_96' <Predicate = true> <Delay = 0.00>
ST_97 : Operation 469 [1/1] (0.00ns)   --->   "%trunc_ln841_96 = trunc i32 %tmp_data_V_96"   --->   Operation 469 'trunc' 'trunc_ln841_96' <Predicate = true> <Delay = 0.00>

State 98 <SV = 97> <Delay = 0.00>
ST_98 : Operation 470 [1/1] (0.00ns)   --->   "%empty_1473 = read i54 @_ssdm_op_Read.axis.volatile.i32P0A.i4P0A.i4P0A.i2P0A.i1P0A.i5P0A.i6P0A, i32 %input_r_V_data_V, i4 %input_r_V_keep_V, i4 %input_r_V_strb_V, i2 %input_r_V_user_V, i1 %input_r_V_last_V, i5 %input_r_V_id_V, i6 %input_r_V_dest_V"   --->   Operation 470 'read' 'empty_1473' <Predicate = true> <Delay = 0.00> <CoreInst = "axis">   --->   Core 115 'axis' <Latency = 0> <II = 1> <Delay = 1.00> <Adapter> <Opcode : >
ST_98 : Operation 471 [1/1] (0.00ns)   --->   "%tmp_data_V_97 = extractvalue i54 %empty_1473"   --->   Operation 471 'extractvalue' 'tmp_data_V_97' <Predicate = true> <Delay = 0.00>
ST_98 : Operation 472 [1/1] (0.00ns)   --->   "%trunc_ln841_97 = trunc i32 %tmp_data_V_97"   --->   Operation 472 'trunc' 'trunc_ln841_97' <Predicate = true> <Delay = 0.00>

State 99 <SV = 98> <Delay = 0.00>
ST_99 : Operation 473 [1/1] (0.00ns)   --->   "%empty_1474 = read i54 @_ssdm_op_Read.axis.volatile.i32P0A.i4P0A.i4P0A.i2P0A.i1P0A.i5P0A.i6P0A, i32 %input_r_V_data_V, i4 %input_r_V_keep_V, i4 %input_r_V_strb_V, i2 %input_r_V_user_V, i1 %input_r_V_last_V, i5 %input_r_V_id_V, i6 %input_r_V_dest_V"   --->   Operation 473 'read' 'empty_1474' <Predicate = true> <Delay = 0.00> <CoreInst = "axis">   --->   Core 115 'axis' <Latency = 0> <II = 1> <Delay = 1.00> <Adapter> <Opcode : >
ST_99 : Operation 474 [1/1] (0.00ns)   --->   "%tmp_data_V_98 = extractvalue i54 %empty_1474"   --->   Operation 474 'extractvalue' 'tmp_data_V_98' <Predicate = true> <Delay = 0.00>
ST_99 : Operation 475 [1/1] (0.00ns)   --->   "%trunc_ln841_98 = trunc i32 %tmp_data_V_98"   --->   Operation 475 'trunc' 'trunc_ln841_98' <Predicate = true> <Delay = 0.00>

State 100 <SV = 99> <Delay = 0.00>
ST_100 : Operation 476 [1/1] (0.00ns)   --->   "%empty_1475 = read i54 @_ssdm_op_Read.axis.volatile.i32P0A.i4P0A.i4P0A.i2P0A.i1P0A.i5P0A.i6P0A, i32 %input_r_V_data_V, i4 %input_r_V_keep_V, i4 %input_r_V_strb_V, i2 %input_r_V_user_V, i1 %input_r_V_last_V, i5 %input_r_V_id_V, i6 %input_r_V_dest_V"   --->   Operation 476 'read' 'empty_1475' <Predicate = true> <Delay = 0.00> <CoreInst = "axis">   --->   Core 115 'axis' <Latency = 0> <II = 1> <Delay = 1.00> <Adapter> <Opcode : >
ST_100 : Operation 477 [1/1] (0.00ns)   --->   "%tmp_data_V_99 = extractvalue i54 %empty_1475"   --->   Operation 477 'extractvalue' 'tmp_data_V_99' <Predicate = true> <Delay = 0.00>
ST_100 : Operation 478 [1/1] (0.00ns)   --->   "%trunc_ln841_99 = trunc i32 %tmp_data_V_99"   --->   Operation 478 'trunc' 'trunc_ln841_99' <Predicate = true> <Delay = 0.00>

State 101 <SV = 100> <Delay = 0.00>
ST_101 : Operation 479 [1/1] (0.00ns)   --->   "%empty_1476 = read i54 @_ssdm_op_Read.axis.volatile.i32P0A.i4P0A.i4P0A.i2P0A.i1P0A.i5P0A.i6P0A, i32 %input_r_V_data_V, i4 %input_r_V_keep_V, i4 %input_r_V_strb_V, i2 %input_r_V_user_V, i1 %input_r_V_last_V, i5 %input_r_V_id_V, i6 %input_r_V_dest_V"   --->   Operation 479 'read' 'empty_1476' <Predicate = true> <Delay = 0.00> <CoreInst = "axis">   --->   Core 115 'axis' <Latency = 0> <II = 1> <Delay = 1.00> <Adapter> <Opcode : >
ST_101 : Operation 480 [1/1] (0.00ns)   --->   "%tmp_data_V_100 = extractvalue i54 %empty_1476"   --->   Operation 480 'extractvalue' 'tmp_data_V_100' <Predicate = true> <Delay = 0.00>
ST_101 : Operation 481 [1/1] (0.00ns)   --->   "%trunc_ln841_100 = trunc i32 %tmp_data_V_100"   --->   Operation 481 'trunc' 'trunc_ln841_100' <Predicate = true> <Delay = 0.00>

State 102 <SV = 101> <Delay = 0.00>
ST_102 : Operation 482 [1/1] (0.00ns)   --->   "%empty_1477 = read i54 @_ssdm_op_Read.axis.volatile.i32P0A.i4P0A.i4P0A.i2P0A.i1P0A.i5P0A.i6P0A, i32 %input_r_V_data_V, i4 %input_r_V_keep_V, i4 %input_r_V_strb_V, i2 %input_r_V_user_V, i1 %input_r_V_last_V, i5 %input_r_V_id_V, i6 %input_r_V_dest_V"   --->   Operation 482 'read' 'empty_1477' <Predicate = true> <Delay = 0.00> <CoreInst = "axis">   --->   Core 115 'axis' <Latency = 0> <II = 1> <Delay = 1.00> <Adapter> <Opcode : >
ST_102 : Operation 483 [1/1] (0.00ns)   --->   "%tmp_data_V_101 = extractvalue i54 %empty_1477"   --->   Operation 483 'extractvalue' 'tmp_data_V_101' <Predicate = true> <Delay = 0.00>
ST_102 : Operation 484 [1/1] (0.00ns)   --->   "%trunc_ln841_101 = trunc i32 %tmp_data_V_101"   --->   Operation 484 'trunc' 'trunc_ln841_101' <Predicate = true> <Delay = 0.00>

State 103 <SV = 102> <Delay = 0.00>
ST_103 : Operation 485 [1/1] (0.00ns)   --->   "%empty_1478 = read i54 @_ssdm_op_Read.axis.volatile.i32P0A.i4P0A.i4P0A.i2P0A.i1P0A.i5P0A.i6P0A, i32 %input_r_V_data_V, i4 %input_r_V_keep_V, i4 %input_r_V_strb_V, i2 %input_r_V_user_V, i1 %input_r_V_last_V, i5 %input_r_V_id_V, i6 %input_r_V_dest_V"   --->   Operation 485 'read' 'empty_1478' <Predicate = true> <Delay = 0.00> <CoreInst = "axis">   --->   Core 115 'axis' <Latency = 0> <II = 1> <Delay = 1.00> <Adapter> <Opcode : >
ST_103 : Operation 486 [1/1] (0.00ns)   --->   "%tmp_data_V_102 = extractvalue i54 %empty_1478"   --->   Operation 486 'extractvalue' 'tmp_data_V_102' <Predicate = true> <Delay = 0.00>
ST_103 : Operation 487 [1/1] (0.00ns)   --->   "%trunc_ln841_102 = trunc i32 %tmp_data_V_102"   --->   Operation 487 'trunc' 'trunc_ln841_102' <Predicate = true> <Delay = 0.00>

State 104 <SV = 103> <Delay = 0.00>
ST_104 : Operation 488 [1/1] (0.00ns)   --->   "%empty_1479 = read i54 @_ssdm_op_Read.axis.volatile.i32P0A.i4P0A.i4P0A.i2P0A.i1P0A.i5P0A.i6P0A, i32 %input_r_V_data_V, i4 %input_r_V_keep_V, i4 %input_r_V_strb_V, i2 %input_r_V_user_V, i1 %input_r_V_last_V, i5 %input_r_V_id_V, i6 %input_r_V_dest_V"   --->   Operation 488 'read' 'empty_1479' <Predicate = true> <Delay = 0.00> <CoreInst = "axis">   --->   Core 115 'axis' <Latency = 0> <II = 1> <Delay = 1.00> <Adapter> <Opcode : >
ST_104 : Operation 489 [1/1] (0.00ns)   --->   "%tmp_data_V_103 = extractvalue i54 %empty_1479"   --->   Operation 489 'extractvalue' 'tmp_data_V_103' <Predicate = true> <Delay = 0.00>
ST_104 : Operation 490 [1/1] (0.00ns)   --->   "%trunc_ln841_103 = trunc i32 %tmp_data_V_103"   --->   Operation 490 'trunc' 'trunc_ln841_103' <Predicate = true> <Delay = 0.00>

State 105 <SV = 104> <Delay = 0.00>
ST_105 : Operation 491 [1/1] (0.00ns)   --->   "%empty_1480 = read i54 @_ssdm_op_Read.axis.volatile.i32P0A.i4P0A.i4P0A.i2P0A.i1P0A.i5P0A.i6P0A, i32 %input_r_V_data_V, i4 %input_r_V_keep_V, i4 %input_r_V_strb_V, i2 %input_r_V_user_V, i1 %input_r_V_last_V, i5 %input_r_V_id_V, i6 %input_r_V_dest_V"   --->   Operation 491 'read' 'empty_1480' <Predicate = true> <Delay = 0.00> <CoreInst = "axis">   --->   Core 115 'axis' <Latency = 0> <II = 1> <Delay = 1.00> <Adapter> <Opcode : >
ST_105 : Operation 492 [1/1] (0.00ns)   --->   "%tmp_data_V_104 = extractvalue i54 %empty_1480"   --->   Operation 492 'extractvalue' 'tmp_data_V_104' <Predicate = true> <Delay = 0.00>
ST_105 : Operation 493 [1/1] (0.00ns)   --->   "%trunc_ln841_104 = trunc i32 %tmp_data_V_104"   --->   Operation 493 'trunc' 'trunc_ln841_104' <Predicate = true> <Delay = 0.00>

State 106 <SV = 105> <Delay = 0.00>
ST_106 : Operation 494 [1/1] (0.00ns)   --->   "%empty_1481 = read i54 @_ssdm_op_Read.axis.volatile.i32P0A.i4P0A.i4P0A.i2P0A.i1P0A.i5P0A.i6P0A, i32 %input_r_V_data_V, i4 %input_r_V_keep_V, i4 %input_r_V_strb_V, i2 %input_r_V_user_V, i1 %input_r_V_last_V, i5 %input_r_V_id_V, i6 %input_r_V_dest_V"   --->   Operation 494 'read' 'empty_1481' <Predicate = true> <Delay = 0.00> <CoreInst = "axis">   --->   Core 115 'axis' <Latency = 0> <II = 1> <Delay = 1.00> <Adapter> <Opcode : >
ST_106 : Operation 495 [1/1] (0.00ns)   --->   "%tmp_data_V_105 = extractvalue i54 %empty_1481"   --->   Operation 495 'extractvalue' 'tmp_data_V_105' <Predicate = true> <Delay = 0.00>
ST_106 : Operation 496 [1/1] (0.00ns)   --->   "%trunc_ln841_105 = trunc i32 %tmp_data_V_105"   --->   Operation 496 'trunc' 'trunc_ln841_105' <Predicate = true> <Delay = 0.00>

State 107 <SV = 106> <Delay = 0.00>
ST_107 : Operation 497 [1/1] (0.00ns)   --->   "%empty_1482 = read i54 @_ssdm_op_Read.axis.volatile.i32P0A.i4P0A.i4P0A.i2P0A.i1P0A.i5P0A.i6P0A, i32 %input_r_V_data_V, i4 %input_r_V_keep_V, i4 %input_r_V_strb_V, i2 %input_r_V_user_V, i1 %input_r_V_last_V, i5 %input_r_V_id_V, i6 %input_r_V_dest_V"   --->   Operation 497 'read' 'empty_1482' <Predicate = true> <Delay = 0.00> <CoreInst = "axis">   --->   Core 115 'axis' <Latency = 0> <II = 1> <Delay = 1.00> <Adapter> <Opcode : >
ST_107 : Operation 498 [1/1] (0.00ns)   --->   "%tmp_data_V_106 = extractvalue i54 %empty_1482"   --->   Operation 498 'extractvalue' 'tmp_data_V_106' <Predicate = true> <Delay = 0.00>
ST_107 : Operation 499 [1/1] (0.00ns)   --->   "%trunc_ln841_106 = trunc i32 %tmp_data_V_106"   --->   Operation 499 'trunc' 'trunc_ln841_106' <Predicate = true> <Delay = 0.00>

State 108 <SV = 107> <Delay = 0.00>
ST_108 : Operation 500 [1/1] (0.00ns)   --->   "%empty_1483 = read i54 @_ssdm_op_Read.axis.volatile.i32P0A.i4P0A.i4P0A.i2P0A.i1P0A.i5P0A.i6P0A, i32 %input_r_V_data_V, i4 %input_r_V_keep_V, i4 %input_r_V_strb_V, i2 %input_r_V_user_V, i1 %input_r_V_last_V, i5 %input_r_V_id_V, i6 %input_r_V_dest_V"   --->   Operation 500 'read' 'empty_1483' <Predicate = true> <Delay = 0.00> <CoreInst = "axis">   --->   Core 115 'axis' <Latency = 0> <II = 1> <Delay = 1.00> <Adapter> <Opcode : >
ST_108 : Operation 501 [1/1] (0.00ns)   --->   "%tmp_data_V_107 = extractvalue i54 %empty_1483"   --->   Operation 501 'extractvalue' 'tmp_data_V_107' <Predicate = true> <Delay = 0.00>
ST_108 : Operation 502 [1/1] (0.00ns)   --->   "%trunc_ln841_107 = trunc i32 %tmp_data_V_107"   --->   Operation 502 'trunc' 'trunc_ln841_107' <Predicate = true> <Delay = 0.00>

State 109 <SV = 108> <Delay = 0.00>
ST_109 : Operation 503 [1/1] (0.00ns)   --->   "%empty_1484 = read i54 @_ssdm_op_Read.axis.volatile.i32P0A.i4P0A.i4P0A.i2P0A.i1P0A.i5P0A.i6P0A, i32 %input_r_V_data_V, i4 %input_r_V_keep_V, i4 %input_r_V_strb_V, i2 %input_r_V_user_V, i1 %input_r_V_last_V, i5 %input_r_V_id_V, i6 %input_r_V_dest_V"   --->   Operation 503 'read' 'empty_1484' <Predicate = true> <Delay = 0.00> <CoreInst = "axis">   --->   Core 115 'axis' <Latency = 0> <II = 1> <Delay = 1.00> <Adapter> <Opcode : >
ST_109 : Operation 504 [1/1] (0.00ns)   --->   "%tmp_data_V_108 = extractvalue i54 %empty_1484"   --->   Operation 504 'extractvalue' 'tmp_data_V_108' <Predicate = true> <Delay = 0.00>
ST_109 : Operation 505 [1/1] (0.00ns)   --->   "%trunc_ln841_108 = trunc i32 %tmp_data_V_108"   --->   Operation 505 'trunc' 'trunc_ln841_108' <Predicate = true> <Delay = 0.00>

State 110 <SV = 109> <Delay = 0.00>
ST_110 : Operation 506 [1/1] (0.00ns)   --->   "%empty_1485 = read i54 @_ssdm_op_Read.axis.volatile.i32P0A.i4P0A.i4P0A.i2P0A.i1P0A.i5P0A.i6P0A, i32 %input_r_V_data_V, i4 %input_r_V_keep_V, i4 %input_r_V_strb_V, i2 %input_r_V_user_V, i1 %input_r_V_last_V, i5 %input_r_V_id_V, i6 %input_r_V_dest_V"   --->   Operation 506 'read' 'empty_1485' <Predicate = true> <Delay = 0.00> <CoreInst = "axis">   --->   Core 115 'axis' <Latency = 0> <II = 1> <Delay = 1.00> <Adapter> <Opcode : >
ST_110 : Operation 507 [1/1] (0.00ns)   --->   "%tmp_data_V_109 = extractvalue i54 %empty_1485"   --->   Operation 507 'extractvalue' 'tmp_data_V_109' <Predicate = true> <Delay = 0.00>
ST_110 : Operation 508 [1/1] (0.00ns)   --->   "%trunc_ln841_109 = trunc i32 %tmp_data_V_109"   --->   Operation 508 'trunc' 'trunc_ln841_109' <Predicate = true> <Delay = 0.00>

State 111 <SV = 110> <Delay = 0.00>
ST_111 : Operation 509 [1/1] (0.00ns)   --->   "%empty_1486 = read i54 @_ssdm_op_Read.axis.volatile.i32P0A.i4P0A.i4P0A.i2P0A.i1P0A.i5P0A.i6P0A, i32 %input_r_V_data_V, i4 %input_r_V_keep_V, i4 %input_r_V_strb_V, i2 %input_r_V_user_V, i1 %input_r_V_last_V, i5 %input_r_V_id_V, i6 %input_r_V_dest_V"   --->   Operation 509 'read' 'empty_1486' <Predicate = true> <Delay = 0.00> <CoreInst = "axis">   --->   Core 115 'axis' <Latency = 0> <II = 1> <Delay = 1.00> <Adapter> <Opcode : >
ST_111 : Operation 510 [1/1] (0.00ns)   --->   "%tmp_data_V_110 = extractvalue i54 %empty_1486"   --->   Operation 510 'extractvalue' 'tmp_data_V_110' <Predicate = true> <Delay = 0.00>
ST_111 : Operation 511 [1/1] (0.00ns)   --->   "%trunc_ln841_110 = trunc i32 %tmp_data_V_110"   --->   Operation 511 'trunc' 'trunc_ln841_110' <Predicate = true> <Delay = 0.00>

State 112 <SV = 111> <Delay = 0.00>
ST_112 : Operation 512 [1/1] (0.00ns)   --->   "%empty_1487 = read i54 @_ssdm_op_Read.axis.volatile.i32P0A.i4P0A.i4P0A.i2P0A.i1P0A.i5P0A.i6P0A, i32 %input_r_V_data_V, i4 %input_r_V_keep_V, i4 %input_r_V_strb_V, i2 %input_r_V_user_V, i1 %input_r_V_last_V, i5 %input_r_V_id_V, i6 %input_r_V_dest_V"   --->   Operation 512 'read' 'empty_1487' <Predicate = true> <Delay = 0.00> <CoreInst = "axis">   --->   Core 115 'axis' <Latency = 0> <II = 1> <Delay = 1.00> <Adapter> <Opcode : >
ST_112 : Operation 513 [1/1] (0.00ns)   --->   "%tmp_data_V_111 = extractvalue i54 %empty_1487"   --->   Operation 513 'extractvalue' 'tmp_data_V_111' <Predicate = true> <Delay = 0.00>
ST_112 : Operation 514 [1/1] (0.00ns)   --->   "%trunc_ln841_111 = trunc i32 %tmp_data_V_111"   --->   Operation 514 'trunc' 'trunc_ln841_111' <Predicate = true> <Delay = 0.00>

State 113 <SV = 112> <Delay = 0.00>
ST_113 : Operation 515 [1/1] (0.00ns)   --->   "%empty_1488 = read i54 @_ssdm_op_Read.axis.volatile.i32P0A.i4P0A.i4P0A.i2P0A.i1P0A.i5P0A.i6P0A, i32 %input_r_V_data_V, i4 %input_r_V_keep_V, i4 %input_r_V_strb_V, i2 %input_r_V_user_V, i1 %input_r_V_last_V, i5 %input_r_V_id_V, i6 %input_r_V_dest_V"   --->   Operation 515 'read' 'empty_1488' <Predicate = true> <Delay = 0.00> <CoreInst = "axis">   --->   Core 115 'axis' <Latency = 0> <II = 1> <Delay = 1.00> <Adapter> <Opcode : >
ST_113 : Operation 516 [1/1] (0.00ns)   --->   "%tmp_data_V_112 = extractvalue i54 %empty_1488"   --->   Operation 516 'extractvalue' 'tmp_data_V_112' <Predicate = true> <Delay = 0.00>
ST_113 : Operation 517 [1/1] (0.00ns)   --->   "%trunc_ln841_112 = trunc i32 %tmp_data_V_112"   --->   Operation 517 'trunc' 'trunc_ln841_112' <Predicate = true> <Delay = 0.00>

State 114 <SV = 113> <Delay = 0.00>
ST_114 : Operation 518 [1/1] (0.00ns)   --->   "%empty_1489 = read i54 @_ssdm_op_Read.axis.volatile.i32P0A.i4P0A.i4P0A.i2P0A.i1P0A.i5P0A.i6P0A, i32 %input_r_V_data_V, i4 %input_r_V_keep_V, i4 %input_r_V_strb_V, i2 %input_r_V_user_V, i1 %input_r_V_last_V, i5 %input_r_V_id_V, i6 %input_r_V_dest_V"   --->   Operation 518 'read' 'empty_1489' <Predicate = true> <Delay = 0.00> <CoreInst = "axis">   --->   Core 115 'axis' <Latency = 0> <II = 1> <Delay = 1.00> <Adapter> <Opcode : >
ST_114 : Operation 519 [1/1] (0.00ns)   --->   "%tmp_data_V_113 = extractvalue i54 %empty_1489"   --->   Operation 519 'extractvalue' 'tmp_data_V_113' <Predicate = true> <Delay = 0.00>
ST_114 : Operation 520 [1/1] (0.00ns)   --->   "%trunc_ln841_113 = trunc i32 %tmp_data_V_113"   --->   Operation 520 'trunc' 'trunc_ln841_113' <Predicate = true> <Delay = 0.00>

State 115 <SV = 114> <Delay = 0.00>
ST_115 : Operation 521 [1/1] (0.00ns)   --->   "%empty_1490 = read i54 @_ssdm_op_Read.axis.volatile.i32P0A.i4P0A.i4P0A.i2P0A.i1P0A.i5P0A.i6P0A, i32 %input_r_V_data_V, i4 %input_r_V_keep_V, i4 %input_r_V_strb_V, i2 %input_r_V_user_V, i1 %input_r_V_last_V, i5 %input_r_V_id_V, i6 %input_r_V_dest_V"   --->   Operation 521 'read' 'empty_1490' <Predicate = true> <Delay = 0.00> <CoreInst = "axis">   --->   Core 115 'axis' <Latency = 0> <II = 1> <Delay = 1.00> <Adapter> <Opcode : >
ST_115 : Operation 522 [1/1] (0.00ns)   --->   "%tmp_data_V_114 = extractvalue i54 %empty_1490"   --->   Operation 522 'extractvalue' 'tmp_data_V_114' <Predicate = true> <Delay = 0.00>
ST_115 : Operation 523 [1/1] (0.00ns)   --->   "%trunc_ln841_114 = trunc i32 %tmp_data_V_114"   --->   Operation 523 'trunc' 'trunc_ln841_114' <Predicate = true> <Delay = 0.00>

State 116 <SV = 115> <Delay = 0.00>
ST_116 : Operation 524 [1/1] (0.00ns)   --->   "%empty_1491 = read i54 @_ssdm_op_Read.axis.volatile.i32P0A.i4P0A.i4P0A.i2P0A.i1P0A.i5P0A.i6P0A, i32 %input_r_V_data_V, i4 %input_r_V_keep_V, i4 %input_r_V_strb_V, i2 %input_r_V_user_V, i1 %input_r_V_last_V, i5 %input_r_V_id_V, i6 %input_r_V_dest_V"   --->   Operation 524 'read' 'empty_1491' <Predicate = true> <Delay = 0.00> <CoreInst = "axis">   --->   Core 115 'axis' <Latency = 0> <II = 1> <Delay = 1.00> <Adapter> <Opcode : >
ST_116 : Operation 525 [1/1] (0.00ns)   --->   "%tmp_data_V_115 = extractvalue i54 %empty_1491"   --->   Operation 525 'extractvalue' 'tmp_data_V_115' <Predicate = true> <Delay = 0.00>
ST_116 : Operation 526 [1/1] (0.00ns)   --->   "%trunc_ln841_115 = trunc i32 %tmp_data_V_115"   --->   Operation 526 'trunc' 'trunc_ln841_115' <Predicate = true> <Delay = 0.00>

State 117 <SV = 116> <Delay = 0.00>
ST_117 : Operation 527 [1/1] (0.00ns)   --->   "%empty_1492 = read i54 @_ssdm_op_Read.axis.volatile.i32P0A.i4P0A.i4P0A.i2P0A.i1P0A.i5P0A.i6P0A, i32 %input_r_V_data_V, i4 %input_r_V_keep_V, i4 %input_r_V_strb_V, i2 %input_r_V_user_V, i1 %input_r_V_last_V, i5 %input_r_V_id_V, i6 %input_r_V_dest_V"   --->   Operation 527 'read' 'empty_1492' <Predicate = true> <Delay = 0.00> <CoreInst = "axis">   --->   Core 115 'axis' <Latency = 0> <II = 1> <Delay = 1.00> <Adapter> <Opcode : >
ST_117 : Operation 528 [1/1] (0.00ns)   --->   "%tmp_data_V_116 = extractvalue i54 %empty_1492"   --->   Operation 528 'extractvalue' 'tmp_data_V_116' <Predicate = true> <Delay = 0.00>
ST_117 : Operation 529 [1/1] (0.00ns)   --->   "%trunc_ln841_116 = trunc i32 %tmp_data_V_116"   --->   Operation 529 'trunc' 'trunc_ln841_116' <Predicate = true> <Delay = 0.00>

State 118 <SV = 117> <Delay = 0.00>
ST_118 : Operation 530 [1/1] (0.00ns)   --->   "%empty_1493 = read i54 @_ssdm_op_Read.axis.volatile.i32P0A.i4P0A.i4P0A.i2P0A.i1P0A.i5P0A.i6P0A, i32 %input_r_V_data_V, i4 %input_r_V_keep_V, i4 %input_r_V_strb_V, i2 %input_r_V_user_V, i1 %input_r_V_last_V, i5 %input_r_V_id_V, i6 %input_r_V_dest_V"   --->   Operation 530 'read' 'empty_1493' <Predicate = true> <Delay = 0.00> <CoreInst = "axis">   --->   Core 115 'axis' <Latency = 0> <II = 1> <Delay = 1.00> <Adapter> <Opcode : >
ST_118 : Operation 531 [1/1] (0.00ns)   --->   "%tmp_data_V_117 = extractvalue i54 %empty_1493"   --->   Operation 531 'extractvalue' 'tmp_data_V_117' <Predicate = true> <Delay = 0.00>
ST_118 : Operation 532 [1/1] (0.00ns)   --->   "%trunc_ln841_117 = trunc i32 %tmp_data_V_117"   --->   Operation 532 'trunc' 'trunc_ln841_117' <Predicate = true> <Delay = 0.00>

State 119 <SV = 118> <Delay = 0.00>
ST_119 : Operation 533 [1/1] (0.00ns)   --->   "%empty_1494 = read i54 @_ssdm_op_Read.axis.volatile.i32P0A.i4P0A.i4P0A.i2P0A.i1P0A.i5P0A.i6P0A, i32 %input_r_V_data_V, i4 %input_r_V_keep_V, i4 %input_r_V_strb_V, i2 %input_r_V_user_V, i1 %input_r_V_last_V, i5 %input_r_V_id_V, i6 %input_r_V_dest_V"   --->   Operation 533 'read' 'empty_1494' <Predicate = true> <Delay = 0.00> <CoreInst = "axis">   --->   Core 115 'axis' <Latency = 0> <II = 1> <Delay = 1.00> <Adapter> <Opcode : >
ST_119 : Operation 534 [1/1] (0.00ns)   --->   "%tmp_data_V_118 = extractvalue i54 %empty_1494"   --->   Operation 534 'extractvalue' 'tmp_data_V_118' <Predicate = true> <Delay = 0.00>
ST_119 : Operation 535 [1/1] (0.00ns)   --->   "%trunc_ln841_118 = trunc i32 %tmp_data_V_118"   --->   Operation 535 'trunc' 'trunc_ln841_118' <Predicate = true> <Delay = 0.00>

State 120 <SV = 119> <Delay = 0.00>
ST_120 : Operation 536 [1/1] (0.00ns)   --->   "%empty_1495 = read i54 @_ssdm_op_Read.axis.volatile.i32P0A.i4P0A.i4P0A.i2P0A.i1P0A.i5P0A.i6P0A, i32 %input_r_V_data_V, i4 %input_r_V_keep_V, i4 %input_r_V_strb_V, i2 %input_r_V_user_V, i1 %input_r_V_last_V, i5 %input_r_V_id_V, i6 %input_r_V_dest_V"   --->   Operation 536 'read' 'empty_1495' <Predicate = true> <Delay = 0.00> <CoreInst = "axis">   --->   Core 115 'axis' <Latency = 0> <II = 1> <Delay = 1.00> <Adapter> <Opcode : >
ST_120 : Operation 537 [1/1] (0.00ns)   --->   "%tmp_data_V_119 = extractvalue i54 %empty_1495"   --->   Operation 537 'extractvalue' 'tmp_data_V_119' <Predicate = true> <Delay = 0.00>
ST_120 : Operation 538 [1/1] (0.00ns)   --->   "%trunc_ln841_119 = trunc i32 %tmp_data_V_119"   --->   Operation 538 'trunc' 'trunc_ln841_119' <Predicate = true> <Delay = 0.00>

State 121 <SV = 120> <Delay = 0.00>
ST_121 : Operation 539 [1/1] (0.00ns)   --->   "%empty_1496 = read i54 @_ssdm_op_Read.axis.volatile.i32P0A.i4P0A.i4P0A.i2P0A.i1P0A.i5P0A.i6P0A, i32 %input_r_V_data_V, i4 %input_r_V_keep_V, i4 %input_r_V_strb_V, i2 %input_r_V_user_V, i1 %input_r_V_last_V, i5 %input_r_V_id_V, i6 %input_r_V_dest_V"   --->   Operation 539 'read' 'empty_1496' <Predicate = true> <Delay = 0.00> <CoreInst = "axis">   --->   Core 115 'axis' <Latency = 0> <II = 1> <Delay = 1.00> <Adapter> <Opcode : >
ST_121 : Operation 540 [1/1] (0.00ns)   --->   "%tmp_data_V_120 = extractvalue i54 %empty_1496"   --->   Operation 540 'extractvalue' 'tmp_data_V_120' <Predicate = true> <Delay = 0.00>
ST_121 : Operation 541 [1/1] (0.00ns)   --->   "%trunc_ln841_120 = trunc i32 %tmp_data_V_120"   --->   Operation 541 'trunc' 'trunc_ln841_120' <Predicate = true> <Delay = 0.00>

State 122 <SV = 121> <Delay = 0.00>
ST_122 : Operation 542 [1/1] (0.00ns)   --->   "%empty_1497 = read i54 @_ssdm_op_Read.axis.volatile.i32P0A.i4P0A.i4P0A.i2P0A.i1P0A.i5P0A.i6P0A, i32 %input_r_V_data_V, i4 %input_r_V_keep_V, i4 %input_r_V_strb_V, i2 %input_r_V_user_V, i1 %input_r_V_last_V, i5 %input_r_V_id_V, i6 %input_r_V_dest_V"   --->   Operation 542 'read' 'empty_1497' <Predicate = true> <Delay = 0.00> <CoreInst = "axis">   --->   Core 115 'axis' <Latency = 0> <II = 1> <Delay = 1.00> <Adapter> <Opcode : >
ST_122 : Operation 543 [1/1] (0.00ns)   --->   "%tmp_data_V_121 = extractvalue i54 %empty_1497"   --->   Operation 543 'extractvalue' 'tmp_data_V_121' <Predicate = true> <Delay = 0.00>
ST_122 : Operation 544 [1/1] (0.00ns)   --->   "%trunc_ln841_121 = trunc i32 %tmp_data_V_121"   --->   Operation 544 'trunc' 'trunc_ln841_121' <Predicate = true> <Delay = 0.00>

State 123 <SV = 122> <Delay = 0.00>
ST_123 : Operation 545 [1/1] (0.00ns)   --->   "%empty_1498 = read i54 @_ssdm_op_Read.axis.volatile.i32P0A.i4P0A.i4P0A.i2P0A.i1P0A.i5P0A.i6P0A, i32 %input_r_V_data_V, i4 %input_r_V_keep_V, i4 %input_r_V_strb_V, i2 %input_r_V_user_V, i1 %input_r_V_last_V, i5 %input_r_V_id_V, i6 %input_r_V_dest_V"   --->   Operation 545 'read' 'empty_1498' <Predicate = true> <Delay = 0.00> <CoreInst = "axis">   --->   Core 115 'axis' <Latency = 0> <II = 1> <Delay = 1.00> <Adapter> <Opcode : >
ST_123 : Operation 546 [1/1] (0.00ns)   --->   "%tmp_data_V_122 = extractvalue i54 %empty_1498"   --->   Operation 546 'extractvalue' 'tmp_data_V_122' <Predicate = true> <Delay = 0.00>
ST_123 : Operation 547 [1/1] (0.00ns)   --->   "%trunc_ln841_122 = trunc i32 %tmp_data_V_122"   --->   Operation 547 'trunc' 'trunc_ln841_122' <Predicate = true> <Delay = 0.00>

State 124 <SV = 123> <Delay = 0.00>
ST_124 : Operation 548 [1/1] (0.00ns)   --->   "%empty_1499 = read i54 @_ssdm_op_Read.axis.volatile.i32P0A.i4P0A.i4P0A.i2P0A.i1P0A.i5P0A.i6P0A, i32 %input_r_V_data_V, i4 %input_r_V_keep_V, i4 %input_r_V_strb_V, i2 %input_r_V_user_V, i1 %input_r_V_last_V, i5 %input_r_V_id_V, i6 %input_r_V_dest_V"   --->   Operation 548 'read' 'empty_1499' <Predicate = true> <Delay = 0.00> <CoreInst = "axis">   --->   Core 115 'axis' <Latency = 0> <II = 1> <Delay = 1.00> <Adapter> <Opcode : >
ST_124 : Operation 549 [1/1] (0.00ns)   --->   "%tmp_data_V_123 = extractvalue i54 %empty_1499"   --->   Operation 549 'extractvalue' 'tmp_data_V_123' <Predicate = true> <Delay = 0.00>
ST_124 : Operation 550 [1/1] (0.00ns)   --->   "%trunc_ln841_123 = trunc i32 %tmp_data_V_123"   --->   Operation 550 'trunc' 'trunc_ln841_123' <Predicate = true> <Delay = 0.00>

State 125 <SV = 124> <Delay = 0.00>
ST_125 : Operation 551 [1/1] (0.00ns)   --->   "%empty_1500 = read i54 @_ssdm_op_Read.axis.volatile.i32P0A.i4P0A.i4P0A.i2P0A.i1P0A.i5P0A.i6P0A, i32 %input_r_V_data_V, i4 %input_r_V_keep_V, i4 %input_r_V_strb_V, i2 %input_r_V_user_V, i1 %input_r_V_last_V, i5 %input_r_V_id_V, i6 %input_r_V_dest_V"   --->   Operation 551 'read' 'empty_1500' <Predicate = true> <Delay = 0.00> <CoreInst = "axis">   --->   Core 115 'axis' <Latency = 0> <II = 1> <Delay = 1.00> <Adapter> <Opcode : >
ST_125 : Operation 552 [1/1] (0.00ns)   --->   "%tmp_data_V_124 = extractvalue i54 %empty_1500"   --->   Operation 552 'extractvalue' 'tmp_data_V_124' <Predicate = true> <Delay = 0.00>
ST_125 : Operation 553 [1/1] (0.00ns)   --->   "%trunc_ln841_124 = trunc i32 %tmp_data_V_124"   --->   Operation 553 'trunc' 'trunc_ln841_124' <Predicate = true> <Delay = 0.00>

State 126 <SV = 125> <Delay = 0.00>
ST_126 : Operation 554 [1/1] (0.00ns)   --->   "%empty_1501 = read i54 @_ssdm_op_Read.axis.volatile.i32P0A.i4P0A.i4P0A.i2P0A.i1P0A.i5P0A.i6P0A, i32 %input_r_V_data_V, i4 %input_r_V_keep_V, i4 %input_r_V_strb_V, i2 %input_r_V_user_V, i1 %input_r_V_last_V, i5 %input_r_V_id_V, i6 %input_r_V_dest_V"   --->   Operation 554 'read' 'empty_1501' <Predicate = true> <Delay = 0.00> <CoreInst = "axis">   --->   Core 115 'axis' <Latency = 0> <II = 1> <Delay = 1.00> <Adapter> <Opcode : >
ST_126 : Operation 555 [1/1] (0.00ns)   --->   "%tmp_data_V_125 = extractvalue i54 %empty_1501"   --->   Operation 555 'extractvalue' 'tmp_data_V_125' <Predicate = true> <Delay = 0.00>
ST_126 : Operation 556 [1/1] (0.00ns)   --->   "%trunc_ln841_125 = trunc i32 %tmp_data_V_125"   --->   Operation 556 'trunc' 'trunc_ln841_125' <Predicate = true> <Delay = 0.00>

State 127 <SV = 126> <Delay = 0.00>
ST_127 : Operation 557 [1/1] (0.00ns)   --->   "%empty_1502 = read i54 @_ssdm_op_Read.axis.volatile.i32P0A.i4P0A.i4P0A.i2P0A.i1P0A.i5P0A.i6P0A, i32 %input_r_V_data_V, i4 %input_r_V_keep_V, i4 %input_r_V_strb_V, i2 %input_r_V_user_V, i1 %input_r_V_last_V, i5 %input_r_V_id_V, i6 %input_r_V_dest_V"   --->   Operation 557 'read' 'empty_1502' <Predicate = true> <Delay = 0.00> <CoreInst = "axis">   --->   Core 115 'axis' <Latency = 0> <II = 1> <Delay = 1.00> <Adapter> <Opcode : >
ST_127 : Operation 558 [1/1] (0.00ns)   --->   "%tmp_data_V_126 = extractvalue i54 %empty_1502"   --->   Operation 558 'extractvalue' 'tmp_data_V_126' <Predicate = true> <Delay = 0.00>
ST_127 : Operation 559 [1/1] (0.00ns)   --->   "%trunc_ln841_126 = trunc i32 %tmp_data_V_126"   --->   Operation 559 'trunc' 'trunc_ln841_126' <Predicate = true> <Delay = 0.00>

State 128 <SV = 127> <Delay = 0.00>
ST_128 : Operation 560 [1/1] (0.00ns)   --->   "%empty_1503 = read i54 @_ssdm_op_Read.axis.volatile.i32P0A.i4P0A.i4P0A.i2P0A.i1P0A.i5P0A.i6P0A, i32 %input_r_V_data_V, i4 %input_r_V_keep_V, i4 %input_r_V_strb_V, i2 %input_r_V_user_V, i1 %input_r_V_last_V, i5 %input_r_V_id_V, i6 %input_r_V_dest_V"   --->   Operation 560 'read' 'empty_1503' <Predicate = true> <Delay = 0.00> <CoreInst = "axis">   --->   Core 115 'axis' <Latency = 0> <II = 1> <Delay = 1.00> <Adapter> <Opcode : >
ST_128 : Operation 561 [1/1] (0.00ns)   --->   "%tmp_data_V_127 = extractvalue i54 %empty_1503"   --->   Operation 561 'extractvalue' 'tmp_data_V_127' <Predicate = true> <Delay = 0.00>
ST_128 : Operation 562 [1/1] (0.00ns)   --->   "%trunc_ln841_127 = trunc i32 %tmp_data_V_127"   --->   Operation 562 'trunc' 'trunc_ln841_127' <Predicate = true> <Delay = 0.00>

State 129 <SV = 128> <Delay = 0.00>
ST_129 : Operation 563 [1/1] (0.00ns)   --->   "%empty_1504 = read i54 @_ssdm_op_Read.axis.volatile.i32P0A.i4P0A.i4P0A.i2P0A.i1P0A.i5P0A.i6P0A, i32 %input_r_V_data_V, i4 %input_r_V_keep_V, i4 %input_r_V_strb_V, i2 %input_r_V_user_V, i1 %input_r_V_last_V, i5 %input_r_V_id_V, i6 %input_r_V_dest_V"   --->   Operation 563 'read' 'empty_1504' <Predicate = true> <Delay = 0.00> <CoreInst = "axis">   --->   Core 115 'axis' <Latency = 0> <II = 1> <Delay = 1.00> <Adapter> <Opcode : >
ST_129 : Operation 564 [1/1] (0.00ns)   --->   "%tmp_data_V_128 = extractvalue i54 %empty_1504"   --->   Operation 564 'extractvalue' 'tmp_data_V_128' <Predicate = true> <Delay = 0.00>
ST_129 : Operation 565 [1/1] (0.00ns)   --->   "%trunc_ln841_128 = trunc i32 %tmp_data_V_128"   --->   Operation 565 'trunc' 'trunc_ln841_128' <Predicate = true> <Delay = 0.00>

State 130 <SV = 129> <Delay = 0.00>
ST_130 : Operation 566 [1/1] (0.00ns)   --->   "%empty_1505 = read i54 @_ssdm_op_Read.axis.volatile.i32P0A.i4P0A.i4P0A.i2P0A.i1P0A.i5P0A.i6P0A, i32 %input_r_V_data_V, i4 %input_r_V_keep_V, i4 %input_r_V_strb_V, i2 %input_r_V_user_V, i1 %input_r_V_last_V, i5 %input_r_V_id_V, i6 %input_r_V_dest_V"   --->   Operation 566 'read' 'empty_1505' <Predicate = true> <Delay = 0.00> <CoreInst = "axis">   --->   Core 115 'axis' <Latency = 0> <II = 1> <Delay = 1.00> <Adapter> <Opcode : >
ST_130 : Operation 567 [1/1] (0.00ns)   --->   "%tmp_data_V_129 = extractvalue i54 %empty_1505"   --->   Operation 567 'extractvalue' 'tmp_data_V_129' <Predicate = true> <Delay = 0.00>
ST_130 : Operation 568 [1/1] (0.00ns)   --->   "%trunc_ln841_129 = trunc i32 %tmp_data_V_129"   --->   Operation 568 'trunc' 'trunc_ln841_129' <Predicate = true> <Delay = 0.00>

State 131 <SV = 130> <Delay = 0.00>
ST_131 : Operation 569 [1/1] (0.00ns)   --->   "%empty_1506 = read i54 @_ssdm_op_Read.axis.volatile.i32P0A.i4P0A.i4P0A.i2P0A.i1P0A.i5P0A.i6P0A, i32 %input_r_V_data_V, i4 %input_r_V_keep_V, i4 %input_r_V_strb_V, i2 %input_r_V_user_V, i1 %input_r_V_last_V, i5 %input_r_V_id_V, i6 %input_r_V_dest_V"   --->   Operation 569 'read' 'empty_1506' <Predicate = true> <Delay = 0.00> <CoreInst = "axis">   --->   Core 115 'axis' <Latency = 0> <II = 1> <Delay = 1.00> <Adapter> <Opcode : >
ST_131 : Operation 570 [1/1] (0.00ns)   --->   "%tmp_data_V_130 = extractvalue i54 %empty_1506"   --->   Operation 570 'extractvalue' 'tmp_data_V_130' <Predicate = true> <Delay = 0.00>
ST_131 : Operation 571 [1/1] (0.00ns)   --->   "%trunc_ln841_130 = trunc i32 %tmp_data_V_130"   --->   Operation 571 'trunc' 'trunc_ln841_130' <Predicate = true> <Delay = 0.00>

State 132 <SV = 131> <Delay = 0.00>
ST_132 : Operation 572 [1/1] (0.00ns)   --->   "%empty_1507 = read i54 @_ssdm_op_Read.axis.volatile.i32P0A.i4P0A.i4P0A.i2P0A.i1P0A.i5P0A.i6P0A, i32 %input_r_V_data_V, i4 %input_r_V_keep_V, i4 %input_r_V_strb_V, i2 %input_r_V_user_V, i1 %input_r_V_last_V, i5 %input_r_V_id_V, i6 %input_r_V_dest_V"   --->   Operation 572 'read' 'empty_1507' <Predicate = true> <Delay = 0.00> <CoreInst = "axis">   --->   Core 115 'axis' <Latency = 0> <II = 1> <Delay = 1.00> <Adapter> <Opcode : >
ST_132 : Operation 573 [1/1] (0.00ns)   --->   "%tmp_data_V_131 = extractvalue i54 %empty_1507"   --->   Operation 573 'extractvalue' 'tmp_data_V_131' <Predicate = true> <Delay = 0.00>
ST_132 : Operation 574 [1/1] (0.00ns)   --->   "%trunc_ln841_131 = trunc i32 %tmp_data_V_131"   --->   Operation 574 'trunc' 'trunc_ln841_131' <Predicate = true> <Delay = 0.00>

State 133 <SV = 132> <Delay = 0.00>
ST_133 : Operation 575 [1/1] (0.00ns)   --->   "%empty_1508 = read i54 @_ssdm_op_Read.axis.volatile.i32P0A.i4P0A.i4P0A.i2P0A.i1P0A.i5P0A.i6P0A, i32 %input_r_V_data_V, i4 %input_r_V_keep_V, i4 %input_r_V_strb_V, i2 %input_r_V_user_V, i1 %input_r_V_last_V, i5 %input_r_V_id_V, i6 %input_r_V_dest_V"   --->   Operation 575 'read' 'empty_1508' <Predicate = true> <Delay = 0.00> <CoreInst = "axis">   --->   Core 115 'axis' <Latency = 0> <II = 1> <Delay = 1.00> <Adapter> <Opcode : >
ST_133 : Operation 576 [1/1] (0.00ns)   --->   "%tmp_data_V_132 = extractvalue i54 %empty_1508"   --->   Operation 576 'extractvalue' 'tmp_data_V_132' <Predicate = true> <Delay = 0.00>
ST_133 : Operation 577 [1/1] (0.00ns)   --->   "%trunc_ln841_132 = trunc i32 %tmp_data_V_132"   --->   Operation 577 'trunc' 'trunc_ln841_132' <Predicate = true> <Delay = 0.00>

State 134 <SV = 133> <Delay = 0.00>
ST_134 : Operation 578 [1/1] (0.00ns)   --->   "%empty_1509 = read i54 @_ssdm_op_Read.axis.volatile.i32P0A.i4P0A.i4P0A.i2P0A.i1P0A.i5P0A.i6P0A, i32 %input_r_V_data_V, i4 %input_r_V_keep_V, i4 %input_r_V_strb_V, i2 %input_r_V_user_V, i1 %input_r_V_last_V, i5 %input_r_V_id_V, i6 %input_r_V_dest_V"   --->   Operation 578 'read' 'empty_1509' <Predicate = true> <Delay = 0.00> <CoreInst = "axis">   --->   Core 115 'axis' <Latency = 0> <II = 1> <Delay = 1.00> <Adapter> <Opcode : >
ST_134 : Operation 579 [1/1] (0.00ns)   --->   "%tmp_data_V_133 = extractvalue i54 %empty_1509"   --->   Operation 579 'extractvalue' 'tmp_data_V_133' <Predicate = true> <Delay = 0.00>
ST_134 : Operation 580 [1/1] (0.00ns)   --->   "%trunc_ln841_133 = trunc i32 %tmp_data_V_133"   --->   Operation 580 'trunc' 'trunc_ln841_133' <Predicate = true> <Delay = 0.00>

State 135 <SV = 134> <Delay = 0.00>
ST_135 : Operation 581 [1/1] (0.00ns)   --->   "%empty_1510 = read i54 @_ssdm_op_Read.axis.volatile.i32P0A.i4P0A.i4P0A.i2P0A.i1P0A.i5P0A.i6P0A, i32 %input_r_V_data_V, i4 %input_r_V_keep_V, i4 %input_r_V_strb_V, i2 %input_r_V_user_V, i1 %input_r_V_last_V, i5 %input_r_V_id_V, i6 %input_r_V_dest_V"   --->   Operation 581 'read' 'empty_1510' <Predicate = true> <Delay = 0.00> <CoreInst = "axis">   --->   Core 115 'axis' <Latency = 0> <II = 1> <Delay = 1.00> <Adapter> <Opcode : >
ST_135 : Operation 582 [1/1] (0.00ns)   --->   "%tmp_data_V_134 = extractvalue i54 %empty_1510"   --->   Operation 582 'extractvalue' 'tmp_data_V_134' <Predicate = true> <Delay = 0.00>
ST_135 : Operation 583 [1/1] (0.00ns)   --->   "%trunc_ln841_134 = trunc i32 %tmp_data_V_134"   --->   Operation 583 'trunc' 'trunc_ln841_134' <Predicate = true> <Delay = 0.00>

State 136 <SV = 135> <Delay = 0.00>
ST_136 : Operation 584 [1/1] (0.00ns)   --->   "%empty_1511 = read i54 @_ssdm_op_Read.axis.volatile.i32P0A.i4P0A.i4P0A.i2P0A.i1P0A.i5P0A.i6P0A, i32 %input_r_V_data_V, i4 %input_r_V_keep_V, i4 %input_r_V_strb_V, i2 %input_r_V_user_V, i1 %input_r_V_last_V, i5 %input_r_V_id_V, i6 %input_r_V_dest_V"   --->   Operation 584 'read' 'empty_1511' <Predicate = true> <Delay = 0.00> <CoreInst = "axis">   --->   Core 115 'axis' <Latency = 0> <II = 1> <Delay = 1.00> <Adapter> <Opcode : >
ST_136 : Operation 585 [1/1] (0.00ns)   --->   "%tmp_data_V_135 = extractvalue i54 %empty_1511"   --->   Operation 585 'extractvalue' 'tmp_data_V_135' <Predicate = true> <Delay = 0.00>
ST_136 : Operation 586 [1/1] (0.00ns)   --->   "%trunc_ln841_135 = trunc i32 %tmp_data_V_135"   --->   Operation 586 'trunc' 'trunc_ln841_135' <Predicate = true> <Delay = 0.00>

State 137 <SV = 136> <Delay = 0.00>
ST_137 : Operation 587 [1/1] (0.00ns)   --->   "%empty_1512 = read i54 @_ssdm_op_Read.axis.volatile.i32P0A.i4P0A.i4P0A.i2P0A.i1P0A.i5P0A.i6P0A, i32 %input_r_V_data_V, i4 %input_r_V_keep_V, i4 %input_r_V_strb_V, i2 %input_r_V_user_V, i1 %input_r_V_last_V, i5 %input_r_V_id_V, i6 %input_r_V_dest_V"   --->   Operation 587 'read' 'empty_1512' <Predicate = true> <Delay = 0.00> <CoreInst = "axis">   --->   Core 115 'axis' <Latency = 0> <II = 1> <Delay = 1.00> <Adapter> <Opcode : >
ST_137 : Operation 588 [1/1] (0.00ns)   --->   "%tmp_data_V_136 = extractvalue i54 %empty_1512"   --->   Operation 588 'extractvalue' 'tmp_data_V_136' <Predicate = true> <Delay = 0.00>
ST_137 : Operation 589 [1/1] (0.00ns)   --->   "%trunc_ln841_136 = trunc i32 %tmp_data_V_136"   --->   Operation 589 'trunc' 'trunc_ln841_136' <Predicate = true> <Delay = 0.00>

State 138 <SV = 137> <Delay = 0.00>
ST_138 : Operation 590 [1/1] (0.00ns)   --->   "%empty_1513 = read i54 @_ssdm_op_Read.axis.volatile.i32P0A.i4P0A.i4P0A.i2P0A.i1P0A.i5P0A.i6P0A, i32 %input_r_V_data_V, i4 %input_r_V_keep_V, i4 %input_r_V_strb_V, i2 %input_r_V_user_V, i1 %input_r_V_last_V, i5 %input_r_V_id_V, i6 %input_r_V_dest_V"   --->   Operation 590 'read' 'empty_1513' <Predicate = true> <Delay = 0.00> <CoreInst = "axis">   --->   Core 115 'axis' <Latency = 0> <II = 1> <Delay = 1.00> <Adapter> <Opcode : >
ST_138 : Operation 591 [1/1] (0.00ns)   --->   "%tmp_data_V_137 = extractvalue i54 %empty_1513"   --->   Operation 591 'extractvalue' 'tmp_data_V_137' <Predicate = true> <Delay = 0.00>
ST_138 : Operation 592 [1/1] (0.00ns)   --->   "%trunc_ln841_137 = trunc i32 %tmp_data_V_137"   --->   Operation 592 'trunc' 'trunc_ln841_137' <Predicate = true> <Delay = 0.00>

State 139 <SV = 138> <Delay = 0.00>
ST_139 : Operation 593 [1/1] (0.00ns)   --->   "%empty_1514 = read i54 @_ssdm_op_Read.axis.volatile.i32P0A.i4P0A.i4P0A.i2P0A.i1P0A.i5P0A.i6P0A, i32 %input_r_V_data_V, i4 %input_r_V_keep_V, i4 %input_r_V_strb_V, i2 %input_r_V_user_V, i1 %input_r_V_last_V, i5 %input_r_V_id_V, i6 %input_r_V_dest_V"   --->   Operation 593 'read' 'empty_1514' <Predicate = true> <Delay = 0.00> <CoreInst = "axis">   --->   Core 115 'axis' <Latency = 0> <II = 1> <Delay = 1.00> <Adapter> <Opcode : >
ST_139 : Operation 594 [1/1] (0.00ns)   --->   "%tmp_data_V_138 = extractvalue i54 %empty_1514"   --->   Operation 594 'extractvalue' 'tmp_data_V_138' <Predicate = true> <Delay = 0.00>
ST_139 : Operation 595 [1/1] (0.00ns)   --->   "%trunc_ln841_138 = trunc i32 %tmp_data_V_138"   --->   Operation 595 'trunc' 'trunc_ln841_138' <Predicate = true> <Delay = 0.00>

State 140 <SV = 139> <Delay = 0.00>
ST_140 : Operation 596 [1/1] (0.00ns)   --->   "%empty_1515 = read i54 @_ssdm_op_Read.axis.volatile.i32P0A.i4P0A.i4P0A.i2P0A.i1P0A.i5P0A.i6P0A, i32 %input_r_V_data_V, i4 %input_r_V_keep_V, i4 %input_r_V_strb_V, i2 %input_r_V_user_V, i1 %input_r_V_last_V, i5 %input_r_V_id_V, i6 %input_r_V_dest_V"   --->   Operation 596 'read' 'empty_1515' <Predicate = true> <Delay = 0.00> <CoreInst = "axis">   --->   Core 115 'axis' <Latency = 0> <II = 1> <Delay = 1.00> <Adapter> <Opcode : >
ST_140 : Operation 597 [1/1] (0.00ns)   --->   "%tmp_data_V_139 = extractvalue i54 %empty_1515"   --->   Operation 597 'extractvalue' 'tmp_data_V_139' <Predicate = true> <Delay = 0.00>
ST_140 : Operation 598 [1/1] (0.00ns)   --->   "%trunc_ln841_139 = trunc i32 %tmp_data_V_139"   --->   Operation 598 'trunc' 'trunc_ln841_139' <Predicate = true> <Delay = 0.00>

State 141 <SV = 140> <Delay = 0.00>
ST_141 : Operation 599 [1/1] (0.00ns)   --->   "%empty_1516 = read i54 @_ssdm_op_Read.axis.volatile.i32P0A.i4P0A.i4P0A.i2P0A.i1P0A.i5P0A.i6P0A, i32 %input_r_V_data_V, i4 %input_r_V_keep_V, i4 %input_r_V_strb_V, i2 %input_r_V_user_V, i1 %input_r_V_last_V, i5 %input_r_V_id_V, i6 %input_r_V_dest_V"   --->   Operation 599 'read' 'empty_1516' <Predicate = true> <Delay = 0.00> <CoreInst = "axis">   --->   Core 115 'axis' <Latency = 0> <II = 1> <Delay = 1.00> <Adapter> <Opcode : >
ST_141 : Operation 600 [1/1] (0.00ns)   --->   "%tmp_data_V_140 = extractvalue i54 %empty_1516"   --->   Operation 600 'extractvalue' 'tmp_data_V_140' <Predicate = true> <Delay = 0.00>
ST_141 : Operation 601 [1/1] (0.00ns)   --->   "%trunc_ln841_140 = trunc i32 %tmp_data_V_140"   --->   Operation 601 'trunc' 'trunc_ln841_140' <Predicate = true> <Delay = 0.00>

State 142 <SV = 141> <Delay = 0.00>
ST_142 : Operation 602 [1/1] (0.00ns)   --->   "%empty_1517 = read i54 @_ssdm_op_Read.axis.volatile.i32P0A.i4P0A.i4P0A.i2P0A.i1P0A.i5P0A.i6P0A, i32 %input_r_V_data_V, i4 %input_r_V_keep_V, i4 %input_r_V_strb_V, i2 %input_r_V_user_V, i1 %input_r_V_last_V, i5 %input_r_V_id_V, i6 %input_r_V_dest_V"   --->   Operation 602 'read' 'empty_1517' <Predicate = true> <Delay = 0.00> <CoreInst = "axis">   --->   Core 115 'axis' <Latency = 0> <II = 1> <Delay = 1.00> <Adapter> <Opcode : >
ST_142 : Operation 603 [1/1] (0.00ns)   --->   "%tmp_data_V_141 = extractvalue i54 %empty_1517"   --->   Operation 603 'extractvalue' 'tmp_data_V_141' <Predicate = true> <Delay = 0.00>
ST_142 : Operation 604 [1/1] (0.00ns)   --->   "%trunc_ln841_141 = trunc i32 %tmp_data_V_141"   --->   Operation 604 'trunc' 'trunc_ln841_141' <Predicate = true> <Delay = 0.00>

State 143 <SV = 142> <Delay = 0.00>
ST_143 : Operation 605 [1/1] (0.00ns)   --->   "%empty_1518 = read i54 @_ssdm_op_Read.axis.volatile.i32P0A.i4P0A.i4P0A.i2P0A.i1P0A.i5P0A.i6P0A, i32 %input_r_V_data_V, i4 %input_r_V_keep_V, i4 %input_r_V_strb_V, i2 %input_r_V_user_V, i1 %input_r_V_last_V, i5 %input_r_V_id_V, i6 %input_r_V_dest_V"   --->   Operation 605 'read' 'empty_1518' <Predicate = true> <Delay = 0.00> <CoreInst = "axis">   --->   Core 115 'axis' <Latency = 0> <II = 1> <Delay = 1.00> <Adapter> <Opcode : >
ST_143 : Operation 606 [1/1] (0.00ns)   --->   "%tmp_data_V_142 = extractvalue i54 %empty_1518"   --->   Operation 606 'extractvalue' 'tmp_data_V_142' <Predicate = true> <Delay = 0.00>
ST_143 : Operation 607 [1/1] (0.00ns)   --->   "%trunc_ln841_142 = trunc i32 %tmp_data_V_142"   --->   Operation 607 'trunc' 'trunc_ln841_142' <Predicate = true> <Delay = 0.00>

State 144 <SV = 143> <Delay = 0.00>
ST_144 : Operation 608 [1/1] (0.00ns)   --->   "%empty_1519 = read i54 @_ssdm_op_Read.axis.volatile.i32P0A.i4P0A.i4P0A.i2P0A.i1P0A.i5P0A.i6P0A, i32 %input_r_V_data_V, i4 %input_r_V_keep_V, i4 %input_r_V_strb_V, i2 %input_r_V_user_V, i1 %input_r_V_last_V, i5 %input_r_V_id_V, i6 %input_r_V_dest_V"   --->   Operation 608 'read' 'empty_1519' <Predicate = true> <Delay = 0.00> <CoreInst = "axis">   --->   Core 115 'axis' <Latency = 0> <II = 1> <Delay = 1.00> <Adapter> <Opcode : >
ST_144 : Operation 609 [1/1] (0.00ns)   --->   "%tmp_data_V_143 = extractvalue i54 %empty_1519"   --->   Operation 609 'extractvalue' 'tmp_data_V_143' <Predicate = true> <Delay = 0.00>
ST_144 : Operation 610 [1/1] (0.00ns)   --->   "%trunc_ln841_143 = trunc i32 %tmp_data_V_143"   --->   Operation 610 'trunc' 'trunc_ln841_143' <Predicate = true> <Delay = 0.00>

State 145 <SV = 144> <Delay = 0.00>
ST_145 : Operation 611 [1/1] (0.00ns)   --->   "%empty_1520 = read i54 @_ssdm_op_Read.axis.volatile.i32P0A.i4P0A.i4P0A.i2P0A.i1P0A.i5P0A.i6P0A, i32 %input_r_V_data_V, i4 %input_r_V_keep_V, i4 %input_r_V_strb_V, i2 %input_r_V_user_V, i1 %input_r_V_last_V, i5 %input_r_V_id_V, i6 %input_r_V_dest_V"   --->   Operation 611 'read' 'empty_1520' <Predicate = true> <Delay = 0.00> <CoreInst = "axis">   --->   Core 115 'axis' <Latency = 0> <II = 1> <Delay = 1.00> <Adapter> <Opcode : >
ST_145 : Operation 612 [1/1] (0.00ns)   --->   "%tmp_data_V_144 = extractvalue i54 %empty_1520"   --->   Operation 612 'extractvalue' 'tmp_data_V_144' <Predicate = true> <Delay = 0.00>
ST_145 : Operation 613 [1/1] (0.00ns)   --->   "%trunc_ln841_144 = trunc i32 %tmp_data_V_144"   --->   Operation 613 'trunc' 'trunc_ln841_144' <Predicate = true> <Delay = 0.00>

State 146 <SV = 145> <Delay = 0.00>
ST_146 : Operation 614 [1/1] (0.00ns)   --->   "%empty_1521 = read i54 @_ssdm_op_Read.axis.volatile.i32P0A.i4P0A.i4P0A.i2P0A.i1P0A.i5P0A.i6P0A, i32 %input_r_V_data_V, i4 %input_r_V_keep_V, i4 %input_r_V_strb_V, i2 %input_r_V_user_V, i1 %input_r_V_last_V, i5 %input_r_V_id_V, i6 %input_r_V_dest_V"   --->   Operation 614 'read' 'empty_1521' <Predicate = true> <Delay = 0.00> <CoreInst = "axis">   --->   Core 115 'axis' <Latency = 0> <II = 1> <Delay = 1.00> <Adapter> <Opcode : >
ST_146 : Operation 615 [1/1] (0.00ns)   --->   "%tmp_data_V_145 = extractvalue i54 %empty_1521"   --->   Operation 615 'extractvalue' 'tmp_data_V_145' <Predicate = true> <Delay = 0.00>
ST_146 : Operation 616 [1/1] (0.00ns)   --->   "%trunc_ln841_145 = trunc i32 %tmp_data_V_145"   --->   Operation 616 'trunc' 'trunc_ln841_145' <Predicate = true> <Delay = 0.00>

State 147 <SV = 146> <Delay = 0.00>
ST_147 : Operation 617 [1/1] (0.00ns)   --->   "%empty_1522 = read i54 @_ssdm_op_Read.axis.volatile.i32P0A.i4P0A.i4P0A.i2P0A.i1P0A.i5P0A.i6P0A, i32 %input_r_V_data_V, i4 %input_r_V_keep_V, i4 %input_r_V_strb_V, i2 %input_r_V_user_V, i1 %input_r_V_last_V, i5 %input_r_V_id_V, i6 %input_r_V_dest_V"   --->   Operation 617 'read' 'empty_1522' <Predicate = true> <Delay = 0.00> <CoreInst = "axis">   --->   Core 115 'axis' <Latency = 0> <II = 1> <Delay = 1.00> <Adapter> <Opcode : >
ST_147 : Operation 618 [1/1] (0.00ns)   --->   "%tmp_data_V_146 = extractvalue i54 %empty_1522"   --->   Operation 618 'extractvalue' 'tmp_data_V_146' <Predicate = true> <Delay = 0.00>
ST_147 : Operation 619 [1/1] (0.00ns)   --->   "%trunc_ln841_146 = trunc i32 %tmp_data_V_146"   --->   Operation 619 'trunc' 'trunc_ln841_146' <Predicate = true> <Delay = 0.00>

State 148 <SV = 147> <Delay = 0.00>
ST_148 : Operation 620 [1/1] (0.00ns)   --->   "%empty_1523 = read i54 @_ssdm_op_Read.axis.volatile.i32P0A.i4P0A.i4P0A.i2P0A.i1P0A.i5P0A.i6P0A, i32 %input_r_V_data_V, i4 %input_r_V_keep_V, i4 %input_r_V_strb_V, i2 %input_r_V_user_V, i1 %input_r_V_last_V, i5 %input_r_V_id_V, i6 %input_r_V_dest_V"   --->   Operation 620 'read' 'empty_1523' <Predicate = true> <Delay = 0.00> <CoreInst = "axis">   --->   Core 115 'axis' <Latency = 0> <II = 1> <Delay = 1.00> <Adapter> <Opcode : >
ST_148 : Operation 621 [1/1] (0.00ns)   --->   "%tmp_data_V_147 = extractvalue i54 %empty_1523"   --->   Operation 621 'extractvalue' 'tmp_data_V_147' <Predicate = true> <Delay = 0.00>
ST_148 : Operation 622 [1/1] (0.00ns)   --->   "%trunc_ln841_147 = trunc i32 %tmp_data_V_147"   --->   Operation 622 'trunc' 'trunc_ln841_147' <Predicate = true> <Delay = 0.00>

State 149 <SV = 148> <Delay = 0.00>
ST_149 : Operation 623 [1/1] (0.00ns)   --->   "%empty_1524 = read i54 @_ssdm_op_Read.axis.volatile.i32P0A.i4P0A.i4P0A.i2P0A.i1P0A.i5P0A.i6P0A, i32 %input_r_V_data_V, i4 %input_r_V_keep_V, i4 %input_r_V_strb_V, i2 %input_r_V_user_V, i1 %input_r_V_last_V, i5 %input_r_V_id_V, i6 %input_r_V_dest_V"   --->   Operation 623 'read' 'empty_1524' <Predicate = true> <Delay = 0.00> <CoreInst = "axis">   --->   Core 115 'axis' <Latency = 0> <II = 1> <Delay = 1.00> <Adapter> <Opcode : >
ST_149 : Operation 624 [1/1] (0.00ns)   --->   "%tmp_data_V_148 = extractvalue i54 %empty_1524"   --->   Operation 624 'extractvalue' 'tmp_data_V_148' <Predicate = true> <Delay = 0.00>
ST_149 : Operation 625 [1/1] (0.00ns)   --->   "%trunc_ln841_148 = trunc i32 %tmp_data_V_148"   --->   Operation 625 'trunc' 'trunc_ln841_148' <Predicate = true> <Delay = 0.00>

State 150 <SV = 149> <Delay = 0.00>
ST_150 : Operation 626 [1/1] (0.00ns)   --->   "%empty_1525 = read i54 @_ssdm_op_Read.axis.volatile.i32P0A.i4P0A.i4P0A.i2P0A.i1P0A.i5P0A.i6P0A, i32 %input_r_V_data_V, i4 %input_r_V_keep_V, i4 %input_r_V_strb_V, i2 %input_r_V_user_V, i1 %input_r_V_last_V, i5 %input_r_V_id_V, i6 %input_r_V_dest_V"   --->   Operation 626 'read' 'empty_1525' <Predicate = true> <Delay = 0.00> <CoreInst = "axis">   --->   Core 115 'axis' <Latency = 0> <II = 1> <Delay = 1.00> <Adapter> <Opcode : >
ST_150 : Operation 627 [1/1] (0.00ns)   --->   "%tmp_data_V_149 = extractvalue i54 %empty_1525"   --->   Operation 627 'extractvalue' 'tmp_data_V_149' <Predicate = true> <Delay = 0.00>
ST_150 : Operation 628 [1/1] (0.00ns)   --->   "%trunc_ln841_149 = trunc i32 %tmp_data_V_149"   --->   Operation 628 'trunc' 'trunc_ln841_149' <Predicate = true> <Delay = 0.00>

State 151 <SV = 150> <Delay = 0.00>
ST_151 : Operation 629 [1/1] (0.00ns)   --->   "%empty_1526 = read i54 @_ssdm_op_Read.axis.volatile.i32P0A.i4P0A.i4P0A.i2P0A.i1P0A.i5P0A.i6P0A, i32 %input_r_V_data_V, i4 %input_r_V_keep_V, i4 %input_r_V_strb_V, i2 %input_r_V_user_V, i1 %input_r_V_last_V, i5 %input_r_V_id_V, i6 %input_r_V_dest_V"   --->   Operation 629 'read' 'empty_1526' <Predicate = true> <Delay = 0.00> <CoreInst = "axis">   --->   Core 115 'axis' <Latency = 0> <II = 1> <Delay = 1.00> <Adapter> <Opcode : >
ST_151 : Operation 630 [1/1] (0.00ns)   --->   "%tmp_data_V_150 = extractvalue i54 %empty_1526"   --->   Operation 630 'extractvalue' 'tmp_data_V_150' <Predicate = true> <Delay = 0.00>
ST_151 : Operation 631 [1/1] (0.00ns)   --->   "%trunc_ln841_150 = trunc i32 %tmp_data_V_150"   --->   Operation 631 'trunc' 'trunc_ln841_150' <Predicate = true> <Delay = 0.00>

State 152 <SV = 151> <Delay = 0.00>
ST_152 : Operation 632 [1/1] (0.00ns)   --->   "%empty_1527 = read i54 @_ssdm_op_Read.axis.volatile.i32P0A.i4P0A.i4P0A.i2P0A.i1P0A.i5P0A.i6P0A, i32 %input_r_V_data_V, i4 %input_r_V_keep_V, i4 %input_r_V_strb_V, i2 %input_r_V_user_V, i1 %input_r_V_last_V, i5 %input_r_V_id_V, i6 %input_r_V_dest_V"   --->   Operation 632 'read' 'empty_1527' <Predicate = true> <Delay = 0.00> <CoreInst = "axis">   --->   Core 115 'axis' <Latency = 0> <II = 1> <Delay = 1.00> <Adapter> <Opcode : >
ST_152 : Operation 633 [1/1] (0.00ns)   --->   "%tmp_data_V_151 = extractvalue i54 %empty_1527"   --->   Operation 633 'extractvalue' 'tmp_data_V_151' <Predicate = true> <Delay = 0.00>
ST_152 : Operation 634 [1/1] (0.00ns)   --->   "%trunc_ln841_151 = trunc i32 %tmp_data_V_151"   --->   Operation 634 'trunc' 'trunc_ln841_151' <Predicate = true> <Delay = 0.00>

State 153 <SV = 152> <Delay = 0.00>
ST_153 : Operation 635 [1/1] (0.00ns)   --->   "%empty_1528 = read i54 @_ssdm_op_Read.axis.volatile.i32P0A.i4P0A.i4P0A.i2P0A.i1P0A.i5P0A.i6P0A, i32 %input_r_V_data_V, i4 %input_r_V_keep_V, i4 %input_r_V_strb_V, i2 %input_r_V_user_V, i1 %input_r_V_last_V, i5 %input_r_V_id_V, i6 %input_r_V_dest_V"   --->   Operation 635 'read' 'empty_1528' <Predicate = true> <Delay = 0.00> <CoreInst = "axis">   --->   Core 115 'axis' <Latency = 0> <II = 1> <Delay = 1.00> <Adapter> <Opcode : >
ST_153 : Operation 636 [1/1] (0.00ns)   --->   "%tmp_data_V_152 = extractvalue i54 %empty_1528"   --->   Operation 636 'extractvalue' 'tmp_data_V_152' <Predicate = true> <Delay = 0.00>
ST_153 : Operation 637 [1/1] (0.00ns)   --->   "%trunc_ln841_152 = trunc i32 %tmp_data_V_152"   --->   Operation 637 'trunc' 'trunc_ln841_152' <Predicate = true> <Delay = 0.00>

State 154 <SV = 153> <Delay = 0.00>
ST_154 : Operation 638 [1/1] (0.00ns)   --->   "%empty_1529 = read i54 @_ssdm_op_Read.axis.volatile.i32P0A.i4P0A.i4P0A.i2P0A.i1P0A.i5P0A.i6P0A, i32 %input_r_V_data_V, i4 %input_r_V_keep_V, i4 %input_r_V_strb_V, i2 %input_r_V_user_V, i1 %input_r_V_last_V, i5 %input_r_V_id_V, i6 %input_r_V_dest_V"   --->   Operation 638 'read' 'empty_1529' <Predicate = true> <Delay = 0.00> <CoreInst = "axis">   --->   Core 115 'axis' <Latency = 0> <II = 1> <Delay = 1.00> <Adapter> <Opcode : >
ST_154 : Operation 639 [1/1] (0.00ns)   --->   "%tmp_data_V_153 = extractvalue i54 %empty_1529"   --->   Operation 639 'extractvalue' 'tmp_data_V_153' <Predicate = true> <Delay = 0.00>
ST_154 : Operation 640 [1/1] (0.00ns)   --->   "%trunc_ln841_153 = trunc i32 %tmp_data_V_153"   --->   Operation 640 'trunc' 'trunc_ln841_153' <Predicate = true> <Delay = 0.00>

State 155 <SV = 154> <Delay = 0.00>
ST_155 : Operation 641 [1/1] (0.00ns)   --->   "%empty_1530 = read i54 @_ssdm_op_Read.axis.volatile.i32P0A.i4P0A.i4P0A.i2P0A.i1P0A.i5P0A.i6P0A, i32 %input_r_V_data_V, i4 %input_r_V_keep_V, i4 %input_r_V_strb_V, i2 %input_r_V_user_V, i1 %input_r_V_last_V, i5 %input_r_V_id_V, i6 %input_r_V_dest_V"   --->   Operation 641 'read' 'empty_1530' <Predicate = true> <Delay = 0.00> <CoreInst = "axis">   --->   Core 115 'axis' <Latency = 0> <II = 1> <Delay = 1.00> <Adapter> <Opcode : >
ST_155 : Operation 642 [1/1] (0.00ns)   --->   "%tmp_data_V_154 = extractvalue i54 %empty_1530"   --->   Operation 642 'extractvalue' 'tmp_data_V_154' <Predicate = true> <Delay = 0.00>
ST_155 : Operation 643 [1/1] (0.00ns)   --->   "%trunc_ln841_154 = trunc i32 %tmp_data_V_154"   --->   Operation 643 'trunc' 'trunc_ln841_154' <Predicate = true> <Delay = 0.00>

State 156 <SV = 155> <Delay = 0.00>
ST_156 : Operation 644 [1/1] (0.00ns)   --->   "%empty_1531 = read i54 @_ssdm_op_Read.axis.volatile.i32P0A.i4P0A.i4P0A.i2P0A.i1P0A.i5P0A.i6P0A, i32 %input_r_V_data_V, i4 %input_r_V_keep_V, i4 %input_r_V_strb_V, i2 %input_r_V_user_V, i1 %input_r_V_last_V, i5 %input_r_V_id_V, i6 %input_r_V_dest_V"   --->   Operation 644 'read' 'empty_1531' <Predicate = true> <Delay = 0.00> <CoreInst = "axis">   --->   Core 115 'axis' <Latency = 0> <II = 1> <Delay = 1.00> <Adapter> <Opcode : >
ST_156 : Operation 645 [1/1] (0.00ns)   --->   "%tmp_data_V_155 = extractvalue i54 %empty_1531"   --->   Operation 645 'extractvalue' 'tmp_data_V_155' <Predicate = true> <Delay = 0.00>
ST_156 : Operation 646 [1/1] (0.00ns)   --->   "%trunc_ln841_155 = trunc i32 %tmp_data_V_155"   --->   Operation 646 'trunc' 'trunc_ln841_155' <Predicate = true> <Delay = 0.00>

State 157 <SV = 156> <Delay = 0.00>
ST_157 : Operation 647 [1/1] (0.00ns)   --->   "%empty_1532 = read i54 @_ssdm_op_Read.axis.volatile.i32P0A.i4P0A.i4P0A.i2P0A.i1P0A.i5P0A.i6P0A, i32 %input_r_V_data_V, i4 %input_r_V_keep_V, i4 %input_r_V_strb_V, i2 %input_r_V_user_V, i1 %input_r_V_last_V, i5 %input_r_V_id_V, i6 %input_r_V_dest_V"   --->   Operation 647 'read' 'empty_1532' <Predicate = true> <Delay = 0.00> <CoreInst = "axis">   --->   Core 115 'axis' <Latency = 0> <II = 1> <Delay = 1.00> <Adapter> <Opcode : >
ST_157 : Operation 648 [1/1] (0.00ns)   --->   "%tmp_data_V_156 = extractvalue i54 %empty_1532"   --->   Operation 648 'extractvalue' 'tmp_data_V_156' <Predicate = true> <Delay = 0.00>
ST_157 : Operation 649 [1/1] (0.00ns)   --->   "%trunc_ln841_156 = trunc i32 %tmp_data_V_156"   --->   Operation 649 'trunc' 'trunc_ln841_156' <Predicate = true> <Delay = 0.00>

State 158 <SV = 157> <Delay = 0.00>
ST_158 : Operation 650 [1/1] (0.00ns)   --->   "%empty_1533 = read i54 @_ssdm_op_Read.axis.volatile.i32P0A.i4P0A.i4P0A.i2P0A.i1P0A.i5P0A.i6P0A, i32 %input_r_V_data_V, i4 %input_r_V_keep_V, i4 %input_r_V_strb_V, i2 %input_r_V_user_V, i1 %input_r_V_last_V, i5 %input_r_V_id_V, i6 %input_r_V_dest_V"   --->   Operation 650 'read' 'empty_1533' <Predicate = true> <Delay = 0.00> <CoreInst = "axis">   --->   Core 115 'axis' <Latency = 0> <II = 1> <Delay = 1.00> <Adapter> <Opcode : >
ST_158 : Operation 651 [1/1] (0.00ns)   --->   "%tmp_data_V_157 = extractvalue i54 %empty_1533"   --->   Operation 651 'extractvalue' 'tmp_data_V_157' <Predicate = true> <Delay = 0.00>
ST_158 : Operation 652 [1/1] (0.00ns)   --->   "%trunc_ln841_157 = trunc i32 %tmp_data_V_157"   --->   Operation 652 'trunc' 'trunc_ln841_157' <Predicate = true> <Delay = 0.00>

State 159 <SV = 158> <Delay = 0.00>
ST_159 : Operation 653 [1/1] (0.00ns)   --->   "%empty_1534 = read i54 @_ssdm_op_Read.axis.volatile.i32P0A.i4P0A.i4P0A.i2P0A.i1P0A.i5P0A.i6P0A, i32 %input_r_V_data_V, i4 %input_r_V_keep_V, i4 %input_r_V_strb_V, i2 %input_r_V_user_V, i1 %input_r_V_last_V, i5 %input_r_V_id_V, i6 %input_r_V_dest_V"   --->   Operation 653 'read' 'empty_1534' <Predicate = true> <Delay = 0.00> <CoreInst = "axis">   --->   Core 115 'axis' <Latency = 0> <II = 1> <Delay = 1.00> <Adapter> <Opcode : >
ST_159 : Operation 654 [1/1] (0.00ns)   --->   "%tmp_data_V_158 = extractvalue i54 %empty_1534"   --->   Operation 654 'extractvalue' 'tmp_data_V_158' <Predicate = true> <Delay = 0.00>
ST_159 : Operation 655 [1/1] (0.00ns)   --->   "%trunc_ln841_158 = trunc i32 %tmp_data_V_158"   --->   Operation 655 'trunc' 'trunc_ln841_158' <Predicate = true> <Delay = 0.00>

State 160 <SV = 159> <Delay = 0.00>
ST_160 : Operation 656 [1/1] (0.00ns)   --->   "%empty_1535 = read i54 @_ssdm_op_Read.axis.volatile.i32P0A.i4P0A.i4P0A.i2P0A.i1P0A.i5P0A.i6P0A, i32 %input_r_V_data_V, i4 %input_r_V_keep_V, i4 %input_r_V_strb_V, i2 %input_r_V_user_V, i1 %input_r_V_last_V, i5 %input_r_V_id_V, i6 %input_r_V_dest_V"   --->   Operation 656 'read' 'empty_1535' <Predicate = true> <Delay = 0.00> <CoreInst = "axis">   --->   Core 115 'axis' <Latency = 0> <II = 1> <Delay = 1.00> <Adapter> <Opcode : >
ST_160 : Operation 657 [1/1] (0.00ns)   --->   "%tmp_data_V_159 = extractvalue i54 %empty_1535"   --->   Operation 657 'extractvalue' 'tmp_data_V_159' <Predicate = true> <Delay = 0.00>
ST_160 : Operation 658 [1/1] (0.00ns)   --->   "%trunc_ln841_159 = trunc i32 %tmp_data_V_159"   --->   Operation 658 'trunc' 'trunc_ln841_159' <Predicate = true> <Delay = 0.00>

State 161 <SV = 160> <Delay = 7.88>
ST_161 : Operation 659 [1/1] (0.00ns)   --->   "%empty_1536 = read i54 @_ssdm_op_Read.axis.volatile.i32P0A.i4P0A.i4P0A.i2P0A.i1P0A.i5P0A.i6P0A, i32 %input_r_V_data_V, i4 %input_r_V_keep_V, i4 %input_r_V_strb_V, i2 %input_r_V_user_V, i1 %input_r_V_last_V, i5 %input_r_V_id_V, i6 %input_r_V_dest_V"   --->   Operation 659 'read' 'empty_1536' <Predicate = true> <Delay = 0.00> <CoreInst = "axis">   --->   Core 115 'axis' <Latency = 0> <II = 1> <Delay = 1.00> <Adapter> <Opcode : >
ST_161 : Operation 660 [1/1] (0.00ns)   --->   "%tmp_data_V_160 = extractvalue i54 %empty_1536"   --->   Operation 660 'extractvalue' 'tmp_data_V_160' <Predicate = true> <Delay = 0.00>
ST_161 : Operation 661 [1/1] (0.00ns)   --->   "%trunc_ln841_160 = trunc i32 %tmp_data_V_160"   --->   Operation 661 'trunc' 'trunc_ln841_160' <Predicate = true> <Delay = 0.00>
ST_161 : Operation 662 [1/1] (0.00ns)   --->   "%inputLayer_V = bitconcatenate i2576 @_ssdm_op_BitConcatenate.i2576.i6.i10.i6.i10.i6.i10.i6.i10.i6.i10.i6.i10.i6.i10.i6.i10.i6.i10.i6.i10.i6.i10.i6.i10.i6.i10.i6.i10.i6.i10.i6.i10.i6.i10.i6.i10.i6.i10.i6.i10.i6.i10.i6.i10.i6.i10.i6.i10.i6.i10.i6.i10.i6.i10.i6.i10.i6.i10.i6.i10.i6.i10.i6.i10.i6.i10.i6.i10.i6.i10.i6.i10.i6.i10.i6.i10.i6.i10.i6.i10.i6.i10.i6.i10.i6.i10.i6.i10.i6.i10.i6.i10.i6.i10.i6.i10.i6.i10.i6.i10.i6.i10.i6.i10.i6.i10.i6.i10.i6.i10.i6.i10.i6.i10.i6.i10.i6.i10.i6.i10.i6.i10.i6.i10.i6.i10.i6.i10.i6.i10.i6.i10.i6.i10.i6.i10.i6.i10.i6.i10.i6.i10.i6.i10.i6.i10.i6.i10.i6.i10.i6.i10.i6.i10.i6.i10.i6.i10.i6.i10.i6.i10.i6.i10.i6.i10.i6.i10.i6.i10.i6.i10.i6.i10.i6.i10.i6.i10.i6.i10.i6.i10.i6.i10.i6.i10.i6.i10.i6.i10.i6.i10.i6.i10.i6.i10.i6.i10.i6.i10.i6.i10.i6.i10.i6.i10.i6.i10.i6.i10.i6.i10.i6.i10.i6.i10.i6.i10.i6.i10.i6.i10.i6.i10.i6.i10.i6.i10.i6.i10.i6.i10.i6.i10.i6.i10.i6.i10.i6.i10.i6.i10.i6.i10.i6.i10.i6.i10.i6.i10.i6.i10.i6.i10.i6.i10.i6.i10.i6.i10.i6.i10.i6.i10.i6.i10.i6.i10.i6.i10.i6.i10.i6.i10.i6.i10.i6.i10.i6.i10.i6.i10.i6.i10.i6.i10.i6.i10.i6.i10.i6.i10.i6.i10.i6.i10.i6.i10.i6.i10.i6.i10.i6.i10.i6.i10.i6.i10.i6.i10.i6.i10.i6.i10.i6.i10.i6.i10.i6.i10.i6.i10, i6 %trunc_ln841_160, i10 0, i6 %trunc_ln841_159, i10 0, i6 %trunc_ln841_158, i10 0, i6 %trunc_ln841_157, i10 0, i6 %trunc_ln841_156, i10 0, i6 %trunc_ln841_155, i10 0, i6 %trunc_ln841_154, i10 0, i6 %trunc_ln841_153, i10 0, i6 %trunc_ln841_152, i10 0, i6 %trunc_ln841_151, i10 0, i6 %trunc_ln841_150, i10 0, i6 %trunc_ln841_149, i10 0, i6 %trunc_ln841_148, i10 0, i6 %trunc_ln841_147, i10 0, i6 %trunc_ln841_146, i10 0, i6 %trunc_ln841_145, i10 0, i6 %trunc_ln841_144, i10 0, i6 %trunc_ln841_143, i10 0, i6 %trunc_ln841_142, i10 0, i6 %trunc_ln841_141, i10 0, i6 %trunc_ln841_140, i10 0, i6 %trunc_ln841_139, i10 0, i6 %trunc_ln841_138, i10 0, i6 %trunc_ln841_137, i10 0, i6 %trunc_ln841_136, i10 0, i6 %trunc_ln841_135, i10 0, i6 %trunc_ln841_134, i10 0, i6 %trunc_ln841_133, i10 0, i6 %trunc_ln841_132, i10 0, i6 %trunc_ln841_131, i10 0, i6 %trunc_ln841_130, i10 0, i6 %trunc_ln841_129, i10 0, i6 %trunc_ln841_128, i10 0, i6 %trunc_ln841_127, i10 0, i6 %trunc_ln841_126, i10 0, i6 %trunc_ln841_125, i10 0, i6 %trunc_ln841_124, i10 0, i6 %trunc_ln841_123, i10 0, i6 %trunc_ln841_122, i10 0, i6 %trunc_ln841_121, i10 0, i6 %trunc_ln841_120, i10 0, i6 %trunc_ln841_119, i10 0, i6 %trunc_ln841_118, i10 0, i6 %trunc_ln841_117, i10 0, i6 %trunc_ln841_116, i10 0, i6 %trunc_ln841_115, i10 0, i6 %trunc_ln841_114, i10 0, i6 %trunc_ln841_113, i10 0, i6 %trunc_ln841_112, i10 0, i6 %trunc_ln841_111, i10 0, i6 %trunc_ln841_110, i10 0, i6 %trunc_ln841_109, i10 0, i6 %trunc_ln841_108, i10 0, i6 %trunc_ln841_107, i10 0, i6 %trunc_ln841_106, i10 0, i6 %trunc_ln841_105, i10 0, i6 %trunc_ln841_104, i10 0, i6 %trunc_ln841_103, i10 0, i6 %trunc_ln841_102, i10 0, i6 %trunc_ln841_101, i10 0, i6 %trunc_ln841_100, i10 0, i6 %trunc_ln841_99, i10 0, i6 %trunc_ln841_98, i10 0, i6 %trunc_ln841_97, i10 0, i6 %trunc_ln841_96, i10 0, i6 %trunc_ln841_95, i10 0, i6 %trunc_ln841_94, i10 0, i6 %trunc_ln841_93, i10 0, i6 %trunc_ln841_92, i10 0, i6 %trunc_ln841_91, i10 0, i6 %trunc_ln841_90, i10 0, i6 %trunc_ln841_89, i10 0, i6 %trunc_ln841_88, i10 0, i6 %trunc_ln841_87, i10 0, i6 %trunc_ln841_86, i10 0, i6 %trunc_ln841_85, i10 0, i6 %trunc_ln841_84, i10 0, i6 %trunc_ln841_83, i10 0, i6 %trunc_ln841_82, i10 0, i6 %trunc_ln841_81, i10 0, i6 %trunc_ln841_80, i10 0, i6 %trunc_ln841_79, i10 0, i6 %trunc_ln841_78, i10 0, i6 %trunc_ln841_77, i10 0, i6 %trunc_ln841_76, i10 0, i6 %trunc_ln841_75, i10 0, i6 %trunc_ln841_74, i10 0, i6 %trunc_ln841_73, i10 0, i6 %trunc_ln841_72, i10 0, i6 %trunc_ln841_71, i10 0, i6 %trunc_ln841_70, i10 0, i6 %trunc_ln841_69, i10 0, i6 %trunc_ln841_68, i10 0, i6 %trunc_ln841_67, i10 0, i6 %trunc_ln841_66, i10 0, i6 %trunc_ln841_65, i10 0, i6 %trunc_ln841_64, i10 0, i6 %trunc_ln841_63, i10 0, i6 %trunc_ln841_62, i10 0, i6 %trunc_ln841_61, i10 0, i6 %trunc_ln841_60, i10 0, i6 %trunc_ln841_59, i10 0, i6 %trunc_ln841_58, i10 0, i6 %trunc_ln841_57, i10 0, i6 %trunc_ln841_56, i10 0, i6 %trunc_ln841_55, i10 0, i6 %trunc_ln841_54, i10 0, i6 %trunc_ln841_53, i10 0, i6 %trunc_ln841_52, i10 0, i6 %trunc_ln841_51, i10 0, i6 %trunc_ln841_50, i10 0, i6 %trunc_ln841_49, i10 0, i6 %trunc_ln841_48, i10 0, i6 %trunc_ln841_47, i10 0, i6 %trunc_ln841_46, i10 0, i6 %trunc_ln841_45, i10 0, i6 %trunc_ln841_44, i10 0, i6 %trunc_ln841_43, i10 0, i6 %trunc_ln841_42, i10 0, i6 %trunc_ln841_41, i10 0, i6 %trunc_ln841_40, i10 0, i6 %trunc_ln841_39, i10 0, i6 %trunc_ln841_38, i10 0, i6 %trunc_ln841_37, i10 0, i6 %trunc_ln841_36, i10 0, i6 %trunc_ln841_35, i10 0, i6 %trunc_ln841_34, i10 0, i6 %trunc_ln841_33, i10 0, i6 %trunc_ln841_32, i10 0, i6 %trunc_ln841_31, i10 0, i6 %trunc_ln841_30, i10 0, i6 %trunc_ln841_29, i10 0, i6 %trunc_ln841_28, i10 0, i6 %trunc_ln841_27, i10 0, i6 %trunc_ln841_26, i10 0, i6 %trunc_ln841_25, i10 0, i6 %trunc_ln841_24, i10 0, i6 %trunc_ln841_23, i10 0, i6 %trunc_ln841_22, i10 0, i6 %trunc_ln841_21, i10 0, i6 %trunc_ln841_20, i10 0, i6 %trunc_ln841_19, i10 0, i6 %trunc_ln841_18, i10 0, i6 %trunc_ln841_17, i10 0, i6 %trunc_ln841_16, i10 0, i6 %trunc_ln841_15, i10 0, i6 %trunc_ln841_14, i10 0, i6 %trunc_ln841_13, i10 0, i6 %trunc_ln841_12, i10 0, i6 %trunc_ln841_11, i10 0, i6 %trunc_ln841_10, i10 0, i6 %trunc_ln841_9, i10 0, i6 %trunc_ln841_8, i10 0, i6 %trunc_ln841_7, i10 0, i6 %trunc_ln841_6, i10 0, i6 %trunc_ln841_5, i10 0, i6 %trunc_ln841_4, i10 0, i6 %trunc_ln841_3, i10 0, i6 %trunc_ln841_2, i10 0, i6 %trunc_ln841_1, i10 0, i6 %trunc_ln841, i10 0" [firmware/myproject.cpp:49]   --->   Operation 662 'bitconcatenate' 'inputLayer_V' <Predicate = true> <Delay = 0.00>
ST_161 : Operation 663 [5/5] (7.88ns)   --->   "%call_ret1 = call i48 @dense_latency<ap_fixed<16, 6, 5, 3, 0>, ap_fixed<8, 4, 5, 3, 0>, config2>, i2576 %inputLayer_V" [firmware/nnet_utils/nnet_dense.h:54]   --->   Operation 663 'call' 'call_ret1' <Predicate = true> <Delay = 7.88> <CoreType = "Generic">   --->   Core 0 '' <Latency = 0> <II = 1> <Delay = 1.00> <Generic> <Opcode : >

State 162 <SV = 161> <Delay = 7.88>
ST_162 : Operation 664 [4/5] (7.88ns)   --->   "%call_ret1 = call i48 @dense_latency<ap_fixed<16, 6, 5, 3, 0>, ap_fixed<8, 4, 5, 3, 0>, config2>, i2576 %inputLayer_V" [firmware/nnet_utils/nnet_dense.h:54]   --->   Operation 664 'call' 'call_ret1' <Predicate = true> <Delay = 7.88> <CoreType = "Generic">   --->   Core 0 '' <Latency = 0> <II = 1> <Delay = 1.00> <Generic> <Opcode : >

State 163 <SV = 162> <Delay = 7.88>
ST_163 : Operation 665 [3/5] (7.88ns)   --->   "%call_ret1 = call i48 @dense_latency<ap_fixed<16, 6, 5, 3, 0>, ap_fixed<8, 4, 5, 3, 0>, config2>, i2576 %inputLayer_V" [firmware/nnet_utils/nnet_dense.h:54]   --->   Operation 665 'call' 'call_ret1' <Predicate = true> <Delay = 7.88> <CoreType = "Generic">   --->   Core 0 '' <Latency = 0> <II = 1> <Delay = 1.00> <Generic> <Opcode : >

State 164 <SV = 163> <Delay = 7.88>
ST_164 : Operation 666 [2/5] (7.88ns)   --->   "%call_ret1 = call i48 @dense_latency<ap_fixed<16, 6, 5, 3, 0>, ap_fixed<8, 4, 5, 3, 0>, config2>, i2576 %inputLayer_V" [firmware/nnet_utils/nnet_dense.h:54]   --->   Operation 666 'call' 'call_ret1' <Predicate = true> <Delay = 7.88> <CoreType = "Generic">   --->   Core 0 '' <Latency = 0> <II = 1> <Delay = 1.00> <Generic> <Opcode : >

State 165 <SV = 164> <Delay = 3.66>
ST_165 : Operation 667 [1/5] (3.66ns)   --->   "%call_ret1 = call i48 @dense_latency<ap_fixed<16, 6, 5, 3, 0>, ap_fixed<8, 4, 5, 3, 0>, config2>, i2576 %inputLayer_V" [firmware/nnet_utils/nnet_dense.h:54]   --->   Operation 667 'call' 'call_ret1' <Predicate = true> <Delay = 3.66> <CoreType = "Generic">   --->   Core 0 '' <Latency = 0> <II = 1> <Delay = 1.00> <Generic> <Opcode : >
ST_165 : Operation 668 [1/1] (0.00ns)   --->   "%layer2_out_V = extractvalue i48 %call_ret1" [firmware/nnet_utils/nnet_dense.h:54]   --->   Operation 668 'extractvalue' 'layer2_out_V' <Predicate = true> <Delay = 0.00>
ST_165 : Operation 669 [1/1] (0.00ns)   --->   "%layer2_out_V_1 = extractvalue i48 %call_ret1" [firmware/nnet_utils/nnet_dense.h:54]   --->   Operation 669 'extractvalue' 'layer2_out_V_1' <Predicate = true> <Delay = 0.00>
ST_165 : Operation 670 [1/1] (0.00ns)   --->   "%layer2_out_V_2 = extractvalue i48 %call_ret1" [firmware/nnet_utils/nnet_dense.h:54]   --->   Operation 670 'extractvalue' 'layer2_out_V_2' <Predicate = true> <Delay = 0.00>
ST_165 : Operation 671 [1/1] (0.00ns)   --->   "%layer2_out_V_3 = extractvalue i48 %call_ret1" [firmware/nnet_utils/nnet_dense.h:54]   --->   Operation 671 'extractvalue' 'layer2_out_V_3' <Predicate = true> <Delay = 0.00>
ST_165 : Operation 672 [1/1] (0.00ns)   --->   "%layer2_out_V_4 = extractvalue i48 %call_ret1" [firmware/nnet_utils/nnet_dense.h:54]   --->   Operation 672 'extractvalue' 'layer2_out_V_4' <Predicate = true> <Delay = 0.00>
ST_165 : Operation 673 [1/1] (0.00ns)   --->   "%layer2_out_V_5 = extractvalue i48 %call_ret1" [firmware/nnet_utils/nnet_dense.h:54]   --->   Operation 673 'extractvalue' 'layer2_out_V_5' <Predicate = true> <Delay = 0.00>

State 166 <SV = 165> <Delay = 7.83>
ST_166 : Operation 674 [2/2] (7.83ns)   --->   "%call_ret2 = call i24 @dense_latency<ap_fixed<8, 4, 5, 3, 0>, ap_fixed<8, 4, 5, 3, 0>, config5>, i8 %layer2_out_V, i8 %layer2_out_V_1, i8 %layer2_out_V_2, i8 %layer2_out_V_3, i8 %layer2_out_V_4, i8 %layer2_out_V_5" [firmware/nnet_utils/nnet_dense.h:54]   --->   Operation 674 'call' 'call_ret2' <Predicate = true> <Delay = 7.83> <CoreType = "Generic">   --->   Core 0 '' <Latency = 0> <II = 1> <Delay = 1.00> <Generic> <Opcode : >

State 167 <SV = 166> <Delay = 5.30>
ST_167 : Operation 675 [1/2] (5.30ns)   --->   "%call_ret2 = call i24 @dense_latency<ap_fixed<8, 4, 5, 3, 0>, ap_fixed<8, 4, 5, 3, 0>, config5>, i8 %layer2_out_V, i8 %layer2_out_V_1, i8 %layer2_out_V_2, i8 %layer2_out_V_3, i8 %layer2_out_V_4, i8 %layer2_out_V_5" [firmware/nnet_utils/nnet_dense.h:54]   --->   Operation 675 'call' 'call_ret2' <Predicate = true> <Delay = 5.30> <CoreType = "Generic">   --->   Core 0 '' <Latency = 0> <II = 1> <Delay = 1.00> <Generic> <Opcode : >
ST_167 : Operation 676 [1/1] (0.00ns)   --->   "%layer5_out_V = extractvalue i24 %call_ret2" [firmware/nnet_utils/nnet_dense.h:54]   --->   Operation 676 'extractvalue' 'layer5_out_V' <Predicate = true> <Delay = 0.00>
ST_167 : Operation 677 [1/1] (0.00ns)   --->   "%layer5_out_V_1 = extractvalue i24 %call_ret2" [firmware/nnet_utils/nnet_dense.h:54]   --->   Operation 677 'extractvalue' 'layer5_out_V_1' <Predicate = true> <Delay = 0.00>
ST_167 : Operation 678 [1/1] (0.00ns)   --->   "%layer5_out_V_2 = extractvalue i24 %call_ret2" [firmware/nnet_utils/nnet_dense.h:54]   --->   Operation 678 'extractvalue' 'layer5_out_V_2' <Predicate = true> <Delay = 0.00>

State 168 <SV = 167> <Delay = 4.17>
ST_168 : Operation 679 [2/2] (4.17ns)   --->   "%call_ret3 = call i16 @dense_latency<ap_fixed<8, 4, 5, 3, 0>, ap_fixed<8, 4, 5, 3, 0>, config8>, i8 %layer5_out_V, i8 %layer5_out_V_1, i8 %layer5_out_V_2" [firmware/nnet_utils/nnet_dense.h:54]   --->   Operation 679 'call' 'call_ret3' <Predicate = true> <Delay = 4.17> <CoreType = "Generic">   --->   Core 0 '' <Latency = 0> <II = 1> <Delay = 1.00> <Generic> <Opcode : >

State 169 <SV = 168> <Delay = 5.58>
ST_169 : Operation 680 [1/2] (5.58ns)   --->   "%call_ret3 = call i16 @dense_latency<ap_fixed<8, 4, 5, 3, 0>, ap_fixed<8, 4, 5, 3, 0>, config8>, i8 %layer5_out_V, i8 %layer5_out_V_1, i8 %layer5_out_V_2" [firmware/nnet_utils/nnet_dense.h:54]   --->   Operation 680 'call' 'call_ret3' <Predicate = true> <Delay = 5.58> <CoreType = "Generic">   --->   Core 0 '' <Latency = 0> <II = 1> <Delay = 1.00> <Generic> <Opcode : >
ST_169 : Operation 681 [1/1] (0.00ns)   --->   "%layer8_out_V = extractvalue i16 %call_ret3" [firmware/nnet_utils/nnet_dense.h:54]   --->   Operation 681 'extractvalue' 'layer8_out_V' <Predicate = true> <Delay = 0.00>
ST_169 : Operation 682 [1/1] (0.00ns)   --->   "%layer8_out_V_1 = extractvalue i16 %call_ret3" [firmware/nnet_utils/nnet_dense.h:54]   --->   Operation 682 'extractvalue' 'layer8_out_V_1' <Predicate = true> <Delay = 0.00>

State 170 <SV = 169> <Delay = 6.08>
ST_170 : Operation 683 [1/1] (6.08ns)   --->   "%call_ret4 = call i16 @dense_latency<ap_fixed<8, 4, 5, 3, 0>, ap_fixed<8, 4, 5, 3, 0>, config11>, i8 %layer8_out_V, i8 %layer8_out_V_1" [firmware/nnet_utils/nnet_dense.h:54]   --->   Operation 683 'call' 'call_ret4' <Predicate = true> <Delay = 6.08> <CoreType = "Generic">   --->   Core 0 '' <Latency = 0> <II = 1> <Delay = 1.00> <Generic> <Opcode : >
ST_170 : Operation 684 [1/1] (0.00ns)   --->   "%layer11_out_V = extractvalue i16 %call_ret4" [firmware/nnet_utils/nnet_dense.h:54]   --->   Operation 684 'extractvalue' 'layer11_out_V' <Predicate = true> <Delay = 0.00>
ST_170 : Operation 685 [1/1] (0.00ns)   --->   "%layer11_out_V_1 = extractvalue i16 %call_ret4" [firmware/nnet_utils/nnet_dense.h:54]   --->   Operation 685 'extractvalue' 'layer11_out_V_1' <Predicate = true> <Delay = 0.00>

State 171 <SV = 170> <Delay = 3.55>
ST_171 : Operation 686 [1/1] (3.55ns)   --->   "%call_ret5 = call i16 @dense_latency<ap_fixed<8, 4, 5, 3, 0>, ap_fixed<8, 4, 5, 3, 0>, config14>, i8 %layer11_out_V, i8 %layer11_out_V_1" [firmware/nnet_utils/nnet_dense.h:54]   --->   Operation 686 'call' 'call_ret5' <Predicate = true> <Delay = 3.55> <CoreType = "Generic">   --->   Core 0 '' <Latency = 0> <II = 1> <Delay = 1.00> <Generic> <Opcode : >
ST_171 : Operation 687 [1/1] (0.00ns)   --->   "%layer14_out_V = extractvalue i16 %call_ret5" [firmware/nnet_utils/nnet_dense.h:54]   --->   Operation 687 'extractvalue' 'layer14_out_V' <Predicate = true> <Delay = 0.00>
ST_171 : Operation 688 [1/1] (0.00ns)   --->   "%layer14_out_V_1 = extractvalue i16 %call_ret5" [firmware/nnet_utils/nnet_dense.h:54]   --->   Operation 688 'extractvalue' 'layer14_out_V_1' <Predicate = true> <Delay = 0.00>

State 172 <SV = 171> <Delay = 7.54>
ST_172 : Operation 689 [1/1] (7.54ns)   --->   "%layer17_out_V = call i8 @dense_latency<ap_fixed<8, 4, 5, 3, 0>, ap_fixed<8, 4, 5, 3, 0>, config17>, i8 %layer14_out_V, i8 %layer14_out_V_1" [firmware/nnet_utils/nnet_dense.h:54]   --->   Operation 689 'call' 'layer17_out_V' <Predicate = true> <Delay = 7.54> <CoreType = "Generic">   --->   Core 0 '' <Latency = 0> <II = 1> <Delay = 1.00> <Generic> <Opcode : >

State 173 <SV = 172> <Delay = 4.24>
ST_173 : Operation 690 [2/2] (4.24ns)   --->   "%layer19_out_V = call i4 @sigmoid<ap_fixed<8, 4, 5, 3, 0>, ap_fixed<8, 4, 5, 3, 0>, sigmoid_config19>, i8 %layer17_out_V, i10 %sigmoid_table" [firmware/myproject.cpp:82]   --->   Operation 690 'call' 'layer19_out_V' <Predicate = true> <Delay = 4.24> <CoreType = "Generic">   --->   Core 0 '' <Latency = 0> <II = 1> <Delay = 1.00> <Generic> <Opcode : >

State 174 <SV = 173> <Delay = 8.35>
ST_174 : Operation 691 [1/2] (3.25ns)   --->   "%layer19_out_V = call i4 @sigmoid<ap_fixed<8, 4, 5, 3, 0>, ap_fixed<8, 4, 5, 3, 0>, sigmoid_config19>, i8 %layer17_out_V, i10 %sigmoid_table" [firmware/myproject.cpp:82]   --->   Operation 691 'call' 'layer19_out_V' <Predicate = true> <Delay = 3.25> <CoreType = "Generic">   --->   Core 0 '' <Latency = 0> <II = 1> <Delay = 1.00> <Generic> <Opcode : >
ST_174 : Operation 692 [1/1] (0.00ns)   --->   "%zext_ln1042 = zext i4 %layer19_out_V"   --->   Operation 692 'zext' 'zext_ln1042' <Predicate = true> <Delay = 0.00>
ST_174 : Operation 693 [1/1] (0.00ns)   --->   "%p_Result_s = partselect i8 @llvm.part.select.i8, i8 %zext_ln1042, i32 7, i32 0"   --->   Operation 693 'partselect' 'p_Result_s' <Predicate = true> <Delay = 0.00>
ST_174 : Operation 694 [1/1] (0.00ns)   --->   "%p_Result_6 = bitconcatenate i9 @_ssdm_op_BitConcatenate.i9.i1.i8, i1 1, i8 %p_Result_s"   --->   Operation 694 'bitconcatenate' 'p_Result_6' <Predicate = true> <Delay = 0.00>
ST_174 : Operation 695 [1/1] (0.00ns)   --->   "%sext_ln1198 = sext i9 %p_Result_6"   --->   Operation 695 'sext' 'sext_ln1198' <Predicate = true> <Delay = 0.00>
ST_174 : Operation 696 [1/1] (0.00ns)   --->   "%l = cttz i32 @llvm.cttz.i32, i32 %sext_ln1198, i1 1"   --->   Operation 696 'cttz' 'l' <Predicate = true> <Delay = 0.00>
ST_174 : Operation 697 [1/1] (2.55ns)   --->   "%sub_ln1049 = sub i32 8, i32 %l"   --->   Operation 697 'sub' 'sub_ln1049' <Predicate = true> <Delay = 2.55> <CoreInst = "Adder">   --->   Core 1 'Adder' <Latency = 0> <II = 1> <Delay = 2.55> <FuncUnit> <Opcode : 'add' 'sub'> <InPorts = 2> <OutPorts = 1>
ST_174 : Operation 698 [1/1] (0.00ns)   --->   "%trunc_ln1049 = trunc i32 %sub_ln1049"   --->   Operation 698 'trunc' 'trunc_ln1049' <Predicate = true> <Delay = 0.00>
ST_174 : Operation 699 [1/1] (2.55ns)   --->   "%lsb_index = add i32 %sub_ln1049, i32 4294967243"   --->   Operation 699 'add' 'lsb_index' <Predicate = true> <Delay = 2.55> <CoreInst = "Adder">   --->   Core 1 'Adder' <Latency = 0> <II = 1> <Delay = 2.55> <FuncUnit> <Opcode : 'add' 'sub'> <InPorts = 2> <OutPorts = 1>
ST_174 : Operation 700 [1/1] (0.00ns)   --->   "%tmp_162 = partselect i31 @_ssdm_op_PartSelect.i31.i32.i32.i32, i32 %lsb_index, i32 1, i32 31"   --->   Operation 700 'partselect' 'tmp_162' <Predicate = true> <Delay = 0.00>
ST_174 : Operation 701 [1/1] (0.00ns)   --->   "%trunc_ln1052 = trunc i32 %sub_ln1049"   --->   Operation 701 'trunc' 'trunc_ln1052' <Predicate = true> <Delay = 0.00>
ST_174 : Operation 702 [1/1] (1.65ns)   --->   "%sub_ln1052 = sub i3 6, i3 %trunc_ln1052"   --->   Operation 702 'sub' 'sub_ln1052' <Predicate = true> <Delay = 1.65> <CoreInst = "Adder">   --->   Core 1 'Adder' <Latency = 0> <II = 1> <Delay = 1.65> <FuncUnit> <Opcode : 'add' 'sub'> <InPorts = 2> <OutPorts = 1>
ST_174 : Operation 703 [1/1] (0.00ns)   --->   "%trunc_ln1048 = trunc i32 %l"   --->   Operation 703 'trunc' 'trunc_ln1048' <Predicate = true> <Delay = 0.00>

State 175 <SV = 174> <Delay = 7.86>
ST_175 : Operation 704 [1/1] (2.47ns)   --->   "%icmp_ln1051 = icmp_sgt  i31 %tmp_162, i31 0"   --->   Operation 704 'icmp' 'icmp_ln1051' <Predicate = true> <Delay = 2.47> <CoreInst = "Cmp">   --->   Core 9 'Cmp' <Latency = 0> <II = 1> <Delay = 2.47> <FuncUnit> <Opcode : 'icmp'> <InPorts = 2> <OutPorts = 1>
ST_175 : Operation 705 [1/1] (0.00ns) (grouped into LUT with out node icmp_ln1052)   --->   "%zext_ln1052 = zext i3 %sub_ln1052"   --->   Operation 705 'zext' 'zext_ln1052' <Predicate = true> <Delay = 0.00>
ST_175 : Operation 706 [1/1] (0.00ns) (grouped into LUT with out node icmp_ln1052)   --->   "%lshr_ln1052 = lshr i8 255, i8 %zext_ln1052"   --->   Operation 706 'lshr' 'lshr_ln1052' <Predicate = true> <Delay = 0.00> <CoreInst = "Shifter">   --->   Core 75 'Shifter' <Latency = 0> <II = 1> <Delay = 2.12> <FuncUnit> <Opcode : 'shl' 'lshr' 'ashr'> <InPorts = 2> <OutPorts = 1>
ST_175 : Operation 707 [1/1] (0.00ns) (grouped into LUT with out node icmp_ln1052)   --->   "%p_Result_2 = and i8 %zext_ln1042, i8 %lshr_ln1052"   --->   Operation 707 'and' 'p_Result_2' <Predicate = true> <Delay = 0.00> <CoreInst = "LogicGate">   --->   Core 74 'LogicGate' <Latency = 0> <II = 1> <Delay = 0.99> <FuncUnit> <Opcode : 'and' 'or' 'xor'> <InPorts = 2> <OutPorts = 1>
ST_175 : Operation 708 [1/1] (2.12ns) (out node of the LUT)   --->   "%icmp_ln1052 = icmp_ne  i8 %p_Result_2, i8 0"   --->   Operation 708 'icmp' 'icmp_ln1052' <Predicate = true> <Delay = 2.12> <CoreInst = "Cmp">   --->   Core 9 'Cmp' <Latency = 0> <II = 1> <Delay = 1.30> <FuncUnit> <Opcode : 'icmp'> <InPorts = 2> <OutPorts = 1>
ST_175 : Operation 709 [1/1] (0.00ns) (grouped into LUT with out node or_ln)   --->   "%a = and i1 %icmp_ln1051, i1 %icmp_ln1052"   --->   Operation 709 'and' 'a' <Predicate = true> <Delay = 0.00> <CoreInst = "LogicGate">   --->   Core 74 'LogicGate' <Latency = 0> <II = 1> <Delay = 0.97> <FuncUnit> <Opcode : 'and' 'or' 'xor'> <InPorts = 2> <OutPorts = 1>
ST_175 : Operation 710 [1/1] (0.00ns) (grouped into LUT with out node or_ln)   --->   "%tmp_163 = bitselect i1 @_ssdm_op_BitSelect.i1.i32.i32, i32 %lsb_index, i32 31"   --->   Operation 710 'bitselect' 'tmp_163' <Predicate = true> <Delay = 0.00>
ST_175 : Operation 711 [1/1] (0.00ns) (grouped into LUT with out node or_ln)   --->   "%xor_ln1054 = xor i1 %tmp_163, i1 1"   --->   Operation 711 'xor' 'xor_ln1054' <Predicate = true> <Delay = 0.00> <CoreInst = "LogicGate">   --->   Core 74 'LogicGate' <Latency = 0> <II = 1> <Delay = 0.97> <FuncUnit> <Opcode : 'and' 'or' 'xor'> <InPorts = 2> <OutPorts = 1>
ST_175 : Operation 712 [1/1] (1.91ns)   --->   "%add_ln1054 = add i8 %trunc_ln1049, i8 203"   --->   Operation 712 'add' 'add_ln1054' <Predicate = true> <Delay = 1.91> <CoreInst = "Adder">   --->   Core 1 'Adder' <Latency = 0> <II = 1> <Delay = 1.91> <FuncUnit> <Opcode : 'add' 'sub'> <InPorts = 2> <OutPorts = 1>
ST_175 : Operation 713 [1/1] (0.00ns) (grouped into LUT with out node or_ln)   --->   "%p_Result_3 = bitselect i1 @_ssdm_op_BitSelect.i1.i8.i8, i8 %zext_ln1042, i8 %add_ln1054"   --->   Operation 713 'bitselect' 'p_Result_3' <Predicate = true> <Delay = 0.00>
ST_175 : Operation 714 [1/1] (0.00ns) (grouped into LUT with out node or_ln)   --->   "%and_ln1054 = and i1 %p_Result_3, i1 %xor_ln1054"   --->   Operation 714 'and' 'and_ln1054' <Predicate = true> <Delay = 0.00> <CoreInst = "LogicGate">   --->   Core 74 'LogicGate' <Latency = 0> <II = 1> <Delay = 0.97> <FuncUnit> <Opcode : 'and' 'or' 'xor'> <InPorts = 2> <OutPorts = 1>
ST_175 : Operation 715 [1/1] (0.00ns) (grouped into LUT with out node or_ln)   --->   "%or_ln1054 = or i1 %and_ln1054, i1 %a"   --->   Operation 715 'or' 'or_ln1054' <Predicate = true> <Delay = 0.00> <CoreInst = "LogicGate">   --->   Core 74 'LogicGate' <Latency = 0> <II = 1> <Delay = 0.97> <FuncUnit> <Opcode : 'and' 'or' 'xor'> <InPorts = 2> <OutPorts = 1>
ST_175 : Operation 716 [1/1] (0.97ns) (out node of the LUT)   --->   "%or_ln = bitconcatenate i2 @_ssdm_op_BitConcatenate.i2.i1.i1, i1 0, i1 %or_ln1054"   --->   Operation 716 'bitconcatenate' 'or_ln' <Predicate = true> <Delay = 0.97>
ST_175 : Operation 717 [1/1] (0.00ns)   --->   "%zext_ln1062 = zext i4 %layer19_out_V"   --->   Operation 717 'zext' 'zext_ln1062' <Predicate = true> <Delay = 0.00>
ST_175 : Operation 718 [1/1] (2.47ns)   --->   "%icmp_ln1063 = icmp_sgt  i32 %lsb_index, i32 0"   --->   Operation 718 'icmp' 'icmp_ln1063' <Predicate = true> <Delay = 2.47> <CoreInst = "Cmp">   --->   Core 9 'Cmp' <Latency = 0> <II = 1> <Delay = 2.47> <FuncUnit> <Opcode : 'icmp'> <InPorts = 2> <OutPorts = 1>
ST_175 : Operation 719 [1/1] (2.55ns)   --->   "%add_ln1063 = add i32 %sub_ln1049, i32 4294967242"   --->   Operation 719 'add' 'add_ln1063' <Predicate = true> <Delay = 2.55> <CoreInst = "Adder">   --->   Core 1 'Adder' <Latency = 0> <II = 1> <Delay = 2.55> <FuncUnit> <Opcode : 'add' 'sub'> <InPorts = 2> <OutPorts = 1>
ST_175 : Operation 720 [1/1] (0.00ns) (grouped into LUT with out node m_3)   --->   "%zext_ln1063 = zext i32 %add_ln1063"   --->   Operation 720 'zext' 'zext_ln1063' <Predicate = true> <Delay = 0.00>
ST_175 : Operation 721 [1/1] (0.00ns) (grouped into LUT with out node m_3)   --->   "%lshr_ln1063 = lshr i64 %zext_ln1062, i64 %zext_ln1063"   --->   Operation 721 'lshr' 'lshr_ln1063' <Predicate = true> <Delay = 0.00> <CoreInst = "Shifter">   --->   Core 75 'Shifter' <Latency = 0> <II = 1> <Delay = 4.42> <FuncUnit> <Opcode : 'shl' 'lshr' 'ashr'> <InPorts = 2> <OutPorts = 1>
ST_175 : Operation 722 [1/1] (2.55ns)   --->   "%sub_ln1064 = sub i32 54, i32 %sub_ln1049"   --->   Operation 722 'sub' 'sub_ln1064' <Predicate = true> <Delay = 2.55> <CoreInst = "Adder">   --->   Core 1 'Adder' <Latency = 0> <II = 1> <Delay = 2.55> <FuncUnit> <Opcode : 'add' 'sub'> <InPorts = 2> <OutPorts = 1>
ST_175 : Operation 723 [1/1] (0.00ns) (grouped into LUT with out node m_3)   --->   "%zext_ln1064 = zext i32 %sub_ln1064"   --->   Operation 723 'zext' 'zext_ln1064' <Predicate = true> <Delay = 0.00>
ST_175 : Operation 724 [1/1] (0.00ns) (grouped into LUT with out node m_3)   --->   "%shl_ln1064 = shl i64 %zext_ln1062, i64 %zext_ln1064"   --->   Operation 724 'shl' 'shl_ln1064' <Predicate = true> <Delay = 0.00> <CoreInst = "Shifter">   --->   Core 75 'Shifter' <Latency = 0> <II = 1> <Delay = 4.42> <FuncUnit> <Opcode : 'shl' 'lshr' 'ashr'> <InPorts = 2> <OutPorts = 1>
ST_175 : Operation 725 [1/1] (0.00ns) (grouped into LUT with out node m_3)   --->   "%m_2 = select i1 %icmp_ln1063, i64 %lshr_ln1063, i64 %shl_ln1064"   --->   Operation 725 'select' 'm_2' <Predicate = true> <Delay = 0.00> <CoreInst = "Sel">   --->   Core 73 'Sel' <Latency = 0> <II = 1> <Delay = 1.48> <FuncUnit> <Opcode : 'select'> <InPorts = 3> <OutPorts = 1>
ST_175 : Operation 726 [1/1] (0.00ns) (grouped into LUT with out node m_3)   --->   "%zext_ln1066 = zext i2 %or_ln"   --->   Operation 726 'zext' 'zext_ln1066' <Predicate = true> <Delay = 0.00>
ST_175 : Operation 727 [1/1] (4.42ns) (out node of the LUT)   --->   "%m_3 = add i64 %m_2, i64 %zext_ln1066"   --->   Operation 727 'add' 'm_3' <Predicate = true> <Delay = 4.42> <CoreInst = "Adder">   --->   Core 1 'Adder' <Latency = 0> <II = 1> <Delay = 3.52> <FuncUnit> <Opcode : 'add' 'sub'> <InPorts = 2> <OutPorts = 1>
ST_175 : Operation 728 [1/1] (0.00ns)   --->   "%m = partselect i63 @_ssdm_op_PartSelect.i63.i64.i32.i32, i64 %m_3, i32 1, i32 63"   --->   Operation 728 'partselect' 'm' <Predicate = true> <Delay = 0.00>
ST_175 : Operation 729 [1/1] (0.00ns)   --->   "%p_Result_4 = bitselect i1 @_ssdm_op_BitSelect.i1.i64.i32, i64 %m_3, i32 54"   --->   Operation 729 'bitselect' 'p_Result_4' <Predicate = true> <Delay = 0.00>
ST_175 : Operation 730 [1/1] (0.00ns)   --->   "%tmp_224 = partselect i52 @_ssdm_op_PartSelect.i52.i64.i32.i32, i64 %m_3, i32 1, i32 52"   --->   Operation 730 'partselect' 'tmp_224' <Predicate = true> <Delay = 0.00>
ST_175 : Operation 731 [1/1] (1.30ns)   --->   "%icmp_ln1040 = icmp_ne  i4 %layer19_out_V, i4 0"   --->   Operation 731 'icmp' 'icmp_ln1040' <Predicate = true> <Delay = 1.30> <CoreInst = "Cmp">   --->   Core 9 'Cmp' <Latency = 0> <II = 1> <Delay = 1.30> <FuncUnit> <Opcode : 'icmp'> <InPorts = 2> <OutPorts = 1>

State 176 <SV = 175> <Delay = 6.32>
ST_176 : Operation 732 [1/1] (0.00ns)   --->   "%zext_ln1067 = zext i63 %m"   --->   Operation 732 'zext' 'zext_ln1067' <Predicate = true> <Delay = 0.00>
ST_176 : Operation 733 [1/1] (0.69ns)   --->   "%select_ln1048 = select i1 %p_Result_4, i11 1023, i11 1022"   --->   Operation 733 'select' 'select_ln1048' <Predicate = true> <Delay = 0.69> <CoreInst = "Sel">   --->   Core 73 'Sel' <Latency = 0> <II = 1> <Delay = 0.69> <FuncUnit> <Opcode : 'select'> <InPorts = 3> <OutPorts = 1>
ST_176 : Operation 734 [1/1] (0.00ns) (grouped into TernaryAdder)   --->   "%sub_ln1070 = sub i11 4, i11 %trunc_ln1048"   --->   Operation 734 'sub' 'sub_ln1070' <Predicate = true> <Delay = 0.00> <CoreInst = "TAddSub">   --->   Core 10 'TAddSub' <Latency = 0> <II = 1> <Delay = 1.87> <IPBlock> <Opcode : 'add' 'sub'> <InPorts = 3> <OutPorts = 1> <Sync> <CReg>
ST_176 : Operation 735 [1/1] (3.75ns) (root node of TernaryAdder)   --->   "%add_ln1076 = add i11 %sub_ln1070, i11 %select_ln1048"   --->   Operation 735 'add' 'add_ln1076' <Predicate = true> <Delay = 3.75> <CoreInst = "TAddSub">   --->   Core 10 'TAddSub' <Latency = 0> <II = 1> <Delay = 1.87> <IPBlock> <Opcode : 'add' 'sub'> <InPorts = 3> <OutPorts = 1> <Sync> <CReg>
ST_176 : Operation 736 [1/1] (0.00ns)   --->   "%tmp_s = bitconcatenate i12 @_ssdm_op_BitConcatenate.i12.i1.i11, i1 0, i11 %add_ln1076"   --->   Operation 736 'bitconcatenate' 'tmp_s' <Predicate = true> <Delay = 0.00>
ST_176 : Operation 737 [1/1] (0.00ns)   --->   "%p_Result_7 = partset i64 @_ssdm_op_PartSet.i64.i64.i12.i32.i32, i64 %zext_ln1067, i12 %tmp_s, i32 52, i32 63"   --->   Operation 737 'partset' 'p_Result_7' <Predicate = true> <Delay = 0.00>
ST_176 : Operation 738 [1/1] (1.88ns)   --->   "%notlhs = icmp_ne  i11 %add_ln1076, i11 2047"   --->   Operation 738 'icmp' 'notlhs' <Predicate = true> <Delay = 1.88> <CoreInst = "Cmp">   --->   Core 9 'Cmp' <Latency = 0> <II = 1> <Delay = 1.88> <FuncUnit> <Opcode : 'icmp'> <InPorts = 2> <OutPorts = 1>
ST_176 : Operation 739 [1/1] (2.89ns)   --->   "%notrhs = icmp_eq  i52 %tmp_224, i52 0"   --->   Operation 739 'icmp' 'notrhs' <Predicate = true> <Delay = 2.89> <CoreInst = "Cmp">   --->   Core 9 'Cmp' <Latency = 0> <II = 1> <Delay = 2.89> <FuncUnit> <Opcode : 'icmp'> <InPorts = 2> <OutPorts = 1>

State 177 <SV = 176> <Delay = 5.46>
ST_177 : Operation 740 [1/1] (0.00ns)   --->   "%bitcast_ln756 = bitcast i64 %p_Result_7"   --->   Operation 740 'bitcast' 'bitcast_ln756' <Predicate = true> <Delay = 0.00>
ST_177 : Operation 741 [2/2] (5.46ns)   --->   "%tmp_1 = fcmp_ogt  i64 %bitcast_ln756, i64 0.5"   --->   Operation 741 'dcmp' 'tmp_1' <Predicate = true> <Delay = 5.46> <CoreInst = "DCompare">   --->   Core 38 'DCompare' <Latency = 1> <II = 1> <Delay = 5.46> <FuncUnit> <Opcode : 'dcmp'> <InPorts = 2> <OutPorts = 1>

State 178 <SV = 177> <Delay = 6.48>
ST_178 : Operation 742 [1/1] (0.00ns)   --->   "%specpipeline_ln13 = specpipeline void @_ssdm_op_SpecPipeline, i32 4294967295, i32 0, i32 0, i32 0, void @empty_1" [firmware/myproject.cpp:13]   --->   Operation 742 'specpipeline' 'specpipeline_ln13' <Predicate = true> <Delay = 0.00>
ST_178 : Operation 743 [1/1] (0.00ns)   --->   "%spectopmodule_ln6 = spectopmodule void @_ssdm_op_SpecTopModule, void @empty_5" [firmware/myproject.cpp:6]   --->   Operation 743 'spectopmodule' 'spectopmodule_ln6' <Predicate = true> <Delay = 0.00>
ST_178 : Operation 744 [1/1] (0.00ns)   --->   "%specinterface_ln6 = specinterface void @_ssdm_op_SpecInterface, i32 0, void @empty_6, i32 0, i32 0, void @empty_1, i32 0, i32 0, void @empty_1, void @empty_1, void @empty_1, i32 0, i32 0, i32 0, i32 0, void @empty_1, void @empty_1, i32 4294967295, i32 0" [firmware/myproject.cpp:6]   --->   Operation 744 'specinterface' 'specinterface_ln6' <Predicate = true> <Delay = 0.00>
ST_178 : Operation 745 [1/1] (0.00ns)   --->   "%specinterface_ln0 = specinterface void @_ssdm_op_SpecInterface, i32 %input_r_V_data_V, i4 %input_r_V_keep_V, i4 %input_r_V_strb_V, i2 %input_r_V_user_V, i1 %input_r_V_last_V, i5 %input_r_V_id_V, i6 %input_r_V_dest_V, void @empty, i32 1, i32 1, void @empty_0, i32 0, i32 0, void @empty_1, void @empty_1, void @empty_1, i32 0, i32 0, i32 0, i32 0, void @empty_1, void @empty_1, i32 4294967295, i32 0"   --->   Operation 745 'specinterface' 'specinterface_ln0' <Predicate = true> <Delay = 0.00>
ST_178 : Operation 746 [1/1] (0.00ns)   --->   "%specbitsmap_ln0 = specbitsmap void @_ssdm_op_SpecBitsMap, i32 %input_r_V_data_V"   --->   Operation 746 'specbitsmap' 'specbitsmap_ln0' <Predicate = true> <Delay = 0.00>
ST_178 : Operation 747 [1/1] (0.00ns)   --->   "%specbitsmap_ln0 = specbitsmap void @_ssdm_op_SpecBitsMap, i4 %input_r_V_keep_V"   --->   Operation 747 'specbitsmap' 'specbitsmap_ln0' <Predicate = true> <Delay = 0.00>
ST_178 : Operation 748 [1/1] (0.00ns)   --->   "%specbitsmap_ln0 = specbitsmap void @_ssdm_op_SpecBitsMap, i4 %input_r_V_strb_V"   --->   Operation 748 'specbitsmap' 'specbitsmap_ln0' <Predicate = true> <Delay = 0.00>
ST_178 : Operation 749 [1/1] (0.00ns)   --->   "%specbitsmap_ln0 = specbitsmap void @_ssdm_op_SpecBitsMap, i2 %input_r_V_user_V"   --->   Operation 749 'specbitsmap' 'specbitsmap_ln0' <Predicate = true> <Delay = 0.00>
ST_178 : Operation 750 [1/1] (0.00ns)   --->   "%specbitsmap_ln0 = specbitsmap void @_ssdm_op_SpecBitsMap, i1 %input_r_V_last_V"   --->   Operation 750 'specbitsmap' 'specbitsmap_ln0' <Predicate = true> <Delay = 0.00>
ST_178 : Operation 751 [1/1] (0.00ns)   --->   "%specbitsmap_ln0 = specbitsmap void @_ssdm_op_SpecBitsMap, i5 %input_r_V_id_V"   --->   Operation 751 'specbitsmap' 'specbitsmap_ln0' <Predicate = true> <Delay = 0.00>
ST_178 : Operation 752 [1/1] (0.00ns)   --->   "%specbitsmap_ln0 = specbitsmap void @_ssdm_op_SpecBitsMap, i6 %input_r_V_dest_V"   --->   Operation 752 'specbitsmap' 'specbitsmap_ln0' <Predicate = true> <Delay = 0.00>
ST_178 : Operation 753 [1/1] (0.00ns)   --->   "%specbitsmap_ln0 = specbitsmap void @_ssdm_op_SpecBitsMap, i32 %result"   --->   Operation 753 'specbitsmap' 'specbitsmap_ln0' <Predicate = true> <Delay = 0.00>
ST_178 : Operation 754 [1/1] (0.00ns)   --->   "%specinterface_ln0 = specinterface void @_ssdm_op_SpecInterface, i32 %result, void @empty_2, i32 0, i32 0, void @empty_1, i32 0, i32 0, void @empty_1, void @empty_1, void @empty_1, i32 0, i32 0, i32 0, i32 0, void @empty_1, void @empty_1, i32 4294967295, i32 0"   --->   Operation 754 'specinterface' 'specinterface_ln0' <Predicate = true> <Delay = 0.00>
ST_178 : Operation 755 [1/1] (0.00ns)   --->   "%specaxissidechannel_ln1040 = specaxissidechannel void @_ssdm_op_SpecAXISSideChannel, i32 %input_r_V_data_V, i4 %input_r_V_keep_V, i4 %input_r_V_strb_V, i2 %input_r_V_user_V, i1 %input_r_V_last_V, i5 %input_r_V_id_V, i6 %input_r_V_dest_V, void @empty_3"   --->   Operation 755 'specaxissidechannel' 'specaxissidechannel_ln1040' <Predicate = true> <Delay = 0.00>
ST_178 : Operation 756 [1/1] (0.00ns) (grouped into LUT with out node select_ln90)   --->   "%empty_1537 = or i1 %notrhs, i1 %notlhs"   --->   Operation 756 'or' 'empty_1537' <Predicate = true> <Delay = 0.00> <CoreInst = "LogicGate">   --->   Core 74 'LogicGate' <Latency = 0> <II = 1> <Delay = 0.97> <FuncUnit> <Opcode : 'and' 'or' 'xor'> <InPorts = 2> <OutPorts = 1>
ST_178 : Operation 757 [1/2] (5.46ns)   --->   "%tmp_1 = fcmp_ogt  i64 %bitcast_ln756, i64 0.5"   --->   Operation 757 'dcmp' 'tmp_1' <Predicate = true> <Delay = 5.46> <CoreInst = "DCompare">   --->   Core 38 'DCompare' <Latency = 1> <II = 1> <Delay = 5.46> <FuncUnit> <Opcode : 'dcmp'> <InPorts = 2> <OutPorts = 1>
ST_178 : Operation 758 [1/1] (0.00ns) (grouped into LUT with out node select_ln90)   --->   "%empty_1538 = and i1 %empty_1537, i1 %tmp_1"   --->   Operation 758 'and' 'empty_1538' <Predicate = true> <Delay = 0.00> <CoreInst = "LogicGate">   --->   Core 74 'LogicGate' <Latency = 0> <II = 1> <Delay = 0.97> <FuncUnit> <Opcode : 'and' 'or' 'xor'> <InPorts = 2> <OutPorts = 1>
ST_178 : Operation 759 [1/1] (0.00ns) (grouped into LUT with out node select_ln90)   --->   "%sel_tmp1 = and i1 %icmp_ln1040, i1 %empty_1538"   --->   Operation 759 'and' 'sel_tmp1' <Predicate = true> <Delay = 0.00> <CoreInst = "LogicGate">   --->   Core 74 'LogicGate' <Latency = 0> <II = 1> <Delay = 0.97> <FuncUnit> <Opcode : 'and' 'or' 'xor'> <InPorts = 2> <OutPorts = 1>
ST_178 : Operation 760 [1/1] (1.02ns) (out node of the LUT)   --->   "%select_ln90 = select i1 %sel_tmp1, i32 5, i32 3" [firmware/myproject.cpp:90]   --->   Operation 760 'select' 'select_ln90' <Predicate = true> <Delay = 1.02> <CoreInst = "Sel">   --->   Core 73 'Sel' <Latency = 0> <II = 1> <Delay = 1.02> <FuncUnit> <Opcode : 'select'> <InPorts = 3> <OutPorts = 1>
ST_178 : Operation 761 [1/1] (0.00ns)   --->   "%write_ln90 = write void @_ssdm_op_Write.ap_auto.i32P0A, i32 %result, i32 %select_ln90" [firmware/myproject.cpp:90]   --->   Operation 761 'write' 'write_ln90' <Predicate = true> <Delay = 0.00>
ST_178 : Operation 762 [1/1] (0.00ns)   --->   "%ret_ln98 = ret" [firmware/myproject.cpp:98]   --->   Operation 762 'ret' 'ret_ln98' <Predicate = true> <Delay = 0.00>


============================================================
+ Verbose Summary: Binding
============================================================
STG Binding: 
---------------- STG Properties BEGIN ----------------
- Is combinational: 0
- Is one-state seq: 0
- Is datapath-only: 0
- Is pipelined: 1
- Is top level: 1
Port [ Return ] is wired: 1; IO mode=ap_ctrl_hs:ce=0
Port [ input_r_V_data_V]:  wired=1; compound=1; hidden=0; nouse=0; global=0; static=0; extern=0; dir=0; type=0; pingpong=0; private_global=0; IO mode=axis:ce=0
Port [ input_r_V_keep_V]:  wired=1; compound=1; hidden=0; nouse=0; global=0; static=0; extern=0; dir=0; type=0; pingpong=0; private_global=0; IO mode=axis:ce=0
Port [ input_r_V_strb_V]:  wired=1; compound=1; hidden=0; nouse=0; global=0; static=0; extern=0; dir=0; type=0; pingpong=0; private_global=0; IO mode=axis:ce=0
Port [ input_r_V_user_V]:  wired=1; compound=1; hidden=0; nouse=0; global=0; static=0; extern=0; dir=0; type=0; pingpong=0; private_global=0; IO mode=axis:ce=0
Port [ input_r_V_last_V]:  wired=1; compound=1; hidden=0; nouse=0; global=0; static=0; extern=0; dir=0; type=0; pingpong=0; private_global=0; IO mode=axis:ce=0
Port [ input_r_V_id_V]:  wired=1; compound=1; hidden=0; nouse=0; global=0; static=0; extern=0; dir=0; type=0; pingpong=0; private_global=0; IO mode=axis:ce=0
Port [ input_r_V_dest_V]:  wired=1; compound=1; hidden=0; nouse=0; global=0; static=0; extern=0; dir=0; type=0; pingpong=0; private_global=0; IO mode=axis:ce=0
Port [ result]:  wired=1; compound=0; hidden=0; nouse=0; global=0; static=0; extern=0; dir=1; type=0; pingpong=0; private_global=0; IO mode=ap_vld:ce=0
Port [ sigmoid_table]:  wired=0; compound=1; hidden=1; nouse=1; global=1; static=1; extern=0; dir=0; type=1; pingpong=0; private_global=0; MemPort=[1]; IO mode=ap_memory:ce=0
---------------- STG Properties END ------------------

---------------- Datapath Model BEGIN ----------------

<LifeTime>
<method=bitvector/>
empty                      (read               ) [ 00000000000000000000000000000000000000000000000000000000000000000000000000000000000000000000000000000000000000000000000000000000000000000000000000000000000000000000000000000000000]
tmp_data_V                 (extractvalue       ) [ 00000000000000000000000000000000000000000000000000000000000000000000000000000000000000000000000000000000000000000000000000000000000000000000000000000000000000000000000000000000000]
trunc_ln841                (trunc              ) [ 00111111111111111111111111111111111111111111111111111111111111111111111111111111111111111111111111111111111111111111111111111111111111111111111111111111111111111100000000000000000]
empty_1377                 (read               ) [ 00000000000000000000000000000000000000000000000000000000000000000000000000000000000000000000000000000000000000000000000000000000000000000000000000000000000000000000000000000000000]
tmp_data_V_1               (extractvalue       ) [ 00000000000000000000000000000000000000000000000000000000000000000000000000000000000000000000000000000000000000000000000000000000000000000000000000000000000000000000000000000000000]
trunc_ln841_1              (trunc              ) [ 00011111111111111111111111111111111111111111111111111111111111111111111111111111111111111111111111111111111111111111111111111111111111111111111111111111111111111100000000000000000]
empty_1378                 (read               ) [ 00000000000000000000000000000000000000000000000000000000000000000000000000000000000000000000000000000000000000000000000000000000000000000000000000000000000000000000000000000000000]
tmp_data_V_2               (extractvalue       ) [ 00000000000000000000000000000000000000000000000000000000000000000000000000000000000000000000000000000000000000000000000000000000000000000000000000000000000000000000000000000000000]
trunc_ln841_2              (trunc              ) [ 00001111111111111111111111111111111111111111111111111111111111111111111111111111111111111111111111111111111111111111111111111111111111111111111111111111111111111100000000000000000]
empty_1379                 (read               ) [ 00000000000000000000000000000000000000000000000000000000000000000000000000000000000000000000000000000000000000000000000000000000000000000000000000000000000000000000000000000000000]
tmp_data_V_3               (extractvalue       ) [ 00000000000000000000000000000000000000000000000000000000000000000000000000000000000000000000000000000000000000000000000000000000000000000000000000000000000000000000000000000000000]
trunc_ln841_3              (trunc              ) [ 00000111111111111111111111111111111111111111111111111111111111111111111111111111111111111111111111111111111111111111111111111111111111111111111111111111111111111100000000000000000]
empty_1380                 (read               ) [ 00000000000000000000000000000000000000000000000000000000000000000000000000000000000000000000000000000000000000000000000000000000000000000000000000000000000000000000000000000000000]
tmp_data_V_4               (extractvalue       ) [ 00000000000000000000000000000000000000000000000000000000000000000000000000000000000000000000000000000000000000000000000000000000000000000000000000000000000000000000000000000000000]
trunc_ln841_4              (trunc              ) [ 00000011111111111111111111111111111111111111111111111111111111111111111111111111111111111111111111111111111111111111111111111111111111111111111111111111111111111100000000000000000]
empty_1381                 (read               ) [ 00000000000000000000000000000000000000000000000000000000000000000000000000000000000000000000000000000000000000000000000000000000000000000000000000000000000000000000000000000000000]
tmp_data_V_5               (extractvalue       ) [ 00000000000000000000000000000000000000000000000000000000000000000000000000000000000000000000000000000000000000000000000000000000000000000000000000000000000000000000000000000000000]
trunc_ln841_5              (trunc              ) [ 00000001111111111111111111111111111111111111111111111111111111111111111111111111111111111111111111111111111111111111111111111111111111111111111111111111111111111100000000000000000]
empty_1382                 (read               ) [ 00000000000000000000000000000000000000000000000000000000000000000000000000000000000000000000000000000000000000000000000000000000000000000000000000000000000000000000000000000000000]
tmp_data_V_6               (extractvalue       ) [ 00000000000000000000000000000000000000000000000000000000000000000000000000000000000000000000000000000000000000000000000000000000000000000000000000000000000000000000000000000000000]
trunc_ln841_6              (trunc              ) [ 00000000111111111111111111111111111111111111111111111111111111111111111111111111111111111111111111111111111111111111111111111111111111111111111111111111111111111100000000000000000]
empty_1383                 (read               ) [ 00000000000000000000000000000000000000000000000000000000000000000000000000000000000000000000000000000000000000000000000000000000000000000000000000000000000000000000000000000000000]
tmp_data_V_7               (extractvalue       ) [ 00000000000000000000000000000000000000000000000000000000000000000000000000000000000000000000000000000000000000000000000000000000000000000000000000000000000000000000000000000000000]
trunc_ln841_7              (trunc              ) [ 00000000011111111111111111111111111111111111111111111111111111111111111111111111111111111111111111111111111111111111111111111111111111111111111111111111111111111100000000000000000]
empty_1384                 (read               ) [ 00000000000000000000000000000000000000000000000000000000000000000000000000000000000000000000000000000000000000000000000000000000000000000000000000000000000000000000000000000000000]
tmp_data_V_8               (extractvalue       ) [ 00000000000000000000000000000000000000000000000000000000000000000000000000000000000000000000000000000000000000000000000000000000000000000000000000000000000000000000000000000000000]
trunc_ln841_8              (trunc              ) [ 00000000001111111111111111111111111111111111111111111111111111111111111111111111111111111111111111111111111111111111111111111111111111111111111111111111111111111100000000000000000]
empty_1385                 (read               ) [ 00000000000000000000000000000000000000000000000000000000000000000000000000000000000000000000000000000000000000000000000000000000000000000000000000000000000000000000000000000000000]
tmp_data_V_9               (extractvalue       ) [ 00000000000000000000000000000000000000000000000000000000000000000000000000000000000000000000000000000000000000000000000000000000000000000000000000000000000000000000000000000000000]
trunc_ln841_9              (trunc              ) [ 00000000000111111111111111111111111111111111111111111111111111111111111111111111111111111111111111111111111111111111111111111111111111111111111111111111111111111100000000000000000]
empty_1386                 (read               ) [ 00000000000000000000000000000000000000000000000000000000000000000000000000000000000000000000000000000000000000000000000000000000000000000000000000000000000000000000000000000000000]
tmp_data_V_10              (extractvalue       ) [ 00000000000000000000000000000000000000000000000000000000000000000000000000000000000000000000000000000000000000000000000000000000000000000000000000000000000000000000000000000000000]
trunc_ln841_10             (trunc              ) [ 00000000000011111111111111111111111111111111111111111111111111111111111111111111111111111111111111111111111111111111111111111111111111111111111111111111111111111100000000000000000]
empty_1387                 (read               ) [ 00000000000000000000000000000000000000000000000000000000000000000000000000000000000000000000000000000000000000000000000000000000000000000000000000000000000000000000000000000000000]
tmp_data_V_11              (extractvalue       ) [ 00000000000000000000000000000000000000000000000000000000000000000000000000000000000000000000000000000000000000000000000000000000000000000000000000000000000000000000000000000000000]
trunc_ln841_11             (trunc              ) [ 00000000000001111111111111111111111111111111111111111111111111111111111111111111111111111111111111111111111111111111111111111111111111111111111111111111111111111100000000000000000]
empty_1388                 (read               ) [ 00000000000000000000000000000000000000000000000000000000000000000000000000000000000000000000000000000000000000000000000000000000000000000000000000000000000000000000000000000000000]
tmp_data_V_12              (extractvalue       ) [ 00000000000000000000000000000000000000000000000000000000000000000000000000000000000000000000000000000000000000000000000000000000000000000000000000000000000000000000000000000000000]
trunc_ln841_12             (trunc              ) [ 00000000000000111111111111111111111111111111111111111111111111111111111111111111111111111111111111111111111111111111111111111111111111111111111111111111111111111100000000000000000]
empty_1389                 (read               ) [ 00000000000000000000000000000000000000000000000000000000000000000000000000000000000000000000000000000000000000000000000000000000000000000000000000000000000000000000000000000000000]
tmp_data_V_13              (extractvalue       ) [ 00000000000000000000000000000000000000000000000000000000000000000000000000000000000000000000000000000000000000000000000000000000000000000000000000000000000000000000000000000000000]
trunc_ln841_13             (trunc              ) [ 00000000000000011111111111111111111111111111111111111111111111111111111111111111111111111111111111111111111111111111111111111111111111111111111111111111111111111100000000000000000]
empty_1390                 (read               ) [ 00000000000000000000000000000000000000000000000000000000000000000000000000000000000000000000000000000000000000000000000000000000000000000000000000000000000000000000000000000000000]
tmp_data_V_14              (extractvalue       ) [ 00000000000000000000000000000000000000000000000000000000000000000000000000000000000000000000000000000000000000000000000000000000000000000000000000000000000000000000000000000000000]
trunc_ln841_14             (trunc              ) [ 00000000000000001111111111111111111111111111111111111111111111111111111111111111111111111111111111111111111111111111111111111111111111111111111111111111111111111100000000000000000]
empty_1391                 (read               ) [ 00000000000000000000000000000000000000000000000000000000000000000000000000000000000000000000000000000000000000000000000000000000000000000000000000000000000000000000000000000000000]
tmp_data_V_15              (extractvalue       ) [ 00000000000000000000000000000000000000000000000000000000000000000000000000000000000000000000000000000000000000000000000000000000000000000000000000000000000000000000000000000000000]
trunc_ln841_15             (trunc              ) [ 00000000000000000111111111111111111111111111111111111111111111111111111111111111111111111111111111111111111111111111111111111111111111111111111111111111111111111100000000000000000]
empty_1392                 (read               ) [ 00000000000000000000000000000000000000000000000000000000000000000000000000000000000000000000000000000000000000000000000000000000000000000000000000000000000000000000000000000000000]
tmp_data_V_16              (extractvalue       ) [ 00000000000000000000000000000000000000000000000000000000000000000000000000000000000000000000000000000000000000000000000000000000000000000000000000000000000000000000000000000000000]
trunc_ln841_16             (trunc              ) [ 00000000000000000011111111111111111111111111111111111111111111111111111111111111111111111111111111111111111111111111111111111111111111111111111111111111111111111100000000000000000]
empty_1393                 (read               ) [ 00000000000000000000000000000000000000000000000000000000000000000000000000000000000000000000000000000000000000000000000000000000000000000000000000000000000000000000000000000000000]
tmp_data_V_17              (extractvalue       ) [ 00000000000000000000000000000000000000000000000000000000000000000000000000000000000000000000000000000000000000000000000000000000000000000000000000000000000000000000000000000000000]
trunc_ln841_17             (trunc              ) [ 00000000000000000001111111111111111111111111111111111111111111111111111111111111111111111111111111111111111111111111111111111111111111111111111111111111111111111100000000000000000]
empty_1394                 (read               ) [ 00000000000000000000000000000000000000000000000000000000000000000000000000000000000000000000000000000000000000000000000000000000000000000000000000000000000000000000000000000000000]
tmp_data_V_18              (extractvalue       ) [ 00000000000000000000000000000000000000000000000000000000000000000000000000000000000000000000000000000000000000000000000000000000000000000000000000000000000000000000000000000000000]
trunc_ln841_18             (trunc              ) [ 00000000000000000000111111111111111111111111111111111111111111111111111111111111111111111111111111111111111111111111111111111111111111111111111111111111111111111100000000000000000]
empty_1395                 (read               ) [ 00000000000000000000000000000000000000000000000000000000000000000000000000000000000000000000000000000000000000000000000000000000000000000000000000000000000000000000000000000000000]
tmp_data_V_19              (extractvalue       ) [ 00000000000000000000000000000000000000000000000000000000000000000000000000000000000000000000000000000000000000000000000000000000000000000000000000000000000000000000000000000000000]
trunc_ln841_19             (trunc              ) [ 00000000000000000000011111111111111111111111111111111111111111111111111111111111111111111111111111111111111111111111111111111111111111111111111111111111111111111100000000000000000]
empty_1396                 (read               ) [ 00000000000000000000000000000000000000000000000000000000000000000000000000000000000000000000000000000000000000000000000000000000000000000000000000000000000000000000000000000000000]
tmp_data_V_20              (extractvalue       ) [ 00000000000000000000000000000000000000000000000000000000000000000000000000000000000000000000000000000000000000000000000000000000000000000000000000000000000000000000000000000000000]
trunc_ln841_20             (trunc              ) [ 00000000000000000000001111111111111111111111111111111111111111111111111111111111111111111111111111111111111111111111111111111111111111111111111111111111111111111100000000000000000]
empty_1397                 (read               ) [ 00000000000000000000000000000000000000000000000000000000000000000000000000000000000000000000000000000000000000000000000000000000000000000000000000000000000000000000000000000000000]
tmp_data_V_21              (extractvalue       ) [ 00000000000000000000000000000000000000000000000000000000000000000000000000000000000000000000000000000000000000000000000000000000000000000000000000000000000000000000000000000000000]
trunc_ln841_21             (trunc              ) [ 00000000000000000000000111111111111111111111111111111111111111111111111111111111111111111111111111111111111111111111111111111111111111111111111111111111111111111100000000000000000]
empty_1398                 (read               ) [ 00000000000000000000000000000000000000000000000000000000000000000000000000000000000000000000000000000000000000000000000000000000000000000000000000000000000000000000000000000000000]
tmp_data_V_22              (extractvalue       ) [ 00000000000000000000000000000000000000000000000000000000000000000000000000000000000000000000000000000000000000000000000000000000000000000000000000000000000000000000000000000000000]
trunc_ln841_22             (trunc              ) [ 00000000000000000000000011111111111111111111111111111111111111111111111111111111111111111111111111111111111111111111111111111111111111111111111111111111111111111100000000000000000]
empty_1399                 (read               ) [ 00000000000000000000000000000000000000000000000000000000000000000000000000000000000000000000000000000000000000000000000000000000000000000000000000000000000000000000000000000000000]
tmp_data_V_23              (extractvalue       ) [ 00000000000000000000000000000000000000000000000000000000000000000000000000000000000000000000000000000000000000000000000000000000000000000000000000000000000000000000000000000000000]
trunc_ln841_23             (trunc              ) [ 00000000000000000000000001111111111111111111111111111111111111111111111111111111111111111111111111111111111111111111111111111111111111111111111111111111111111111100000000000000000]
empty_1400                 (read               ) [ 00000000000000000000000000000000000000000000000000000000000000000000000000000000000000000000000000000000000000000000000000000000000000000000000000000000000000000000000000000000000]
tmp_data_V_24              (extractvalue       ) [ 00000000000000000000000000000000000000000000000000000000000000000000000000000000000000000000000000000000000000000000000000000000000000000000000000000000000000000000000000000000000]
trunc_ln841_24             (trunc              ) [ 00000000000000000000000000111111111111111111111111111111111111111111111111111111111111111111111111111111111111111111111111111111111111111111111111111111111111111100000000000000000]
empty_1401                 (read               ) [ 00000000000000000000000000000000000000000000000000000000000000000000000000000000000000000000000000000000000000000000000000000000000000000000000000000000000000000000000000000000000]
tmp_data_V_25              (extractvalue       ) [ 00000000000000000000000000000000000000000000000000000000000000000000000000000000000000000000000000000000000000000000000000000000000000000000000000000000000000000000000000000000000]
trunc_ln841_25             (trunc              ) [ 00000000000000000000000000011111111111111111111111111111111111111111111111111111111111111111111111111111111111111111111111111111111111111111111111111111111111111100000000000000000]
empty_1402                 (read               ) [ 00000000000000000000000000000000000000000000000000000000000000000000000000000000000000000000000000000000000000000000000000000000000000000000000000000000000000000000000000000000000]
tmp_data_V_26              (extractvalue       ) [ 00000000000000000000000000000000000000000000000000000000000000000000000000000000000000000000000000000000000000000000000000000000000000000000000000000000000000000000000000000000000]
trunc_ln841_26             (trunc              ) [ 00000000000000000000000000001111111111111111111111111111111111111111111111111111111111111111111111111111111111111111111111111111111111111111111111111111111111111100000000000000000]
empty_1403                 (read               ) [ 00000000000000000000000000000000000000000000000000000000000000000000000000000000000000000000000000000000000000000000000000000000000000000000000000000000000000000000000000000000000]
tmp_data_V_27              (extractvalue       ) [ 00000000000000000000000000000000000000000000000000000000000000000000000000000000000000000000000000000000000000000000000000000000000000000000000000000000000000000000000000000000000]
trunc_ln841_27             (trunc              ) [ 00000000000000000000000000000111111111111111111111111111111111111111111111111111111111111111111111111111111111111111111111111111111111111111111111111111111111111100000000000000000]
empty_1404                 (read               ) [ 00000000000000000000000000000000000000000000000000000000000000000000000000000000000000000000000000000000000000000000000000000000000000000000000000000000000000000000000000000000000]
tmp_data_V_28              (extractvalue       ) [ 00000000000000000000000000000000000000000000000000000000000000000000000000000000000000000000000000000000000000000000000000000000000000000000000000000000000000000000000000000000000]
trunc_ln841_28             (trunc              ) [ 00000000000000000000000000000011111111111111111111111111111111111111111111111111111111111111111111111111111111111111111111111111111111111111111111111111111111111100000000000000000]
empty_1405                 (read               ) [ 00000000000000000000000000000000000000000000000000000000000000000000000000000000000000000000000000000000000000000000000000000000000000000000000000000000000000000000000000000000000]
tmp_data_V_29              (extractvalue       ) [ 00000000000000000000000000000000000000000000000000000000000000000000000000000000000000000000000000000000000000000000000000000000000000000000000000000000000000000000000000000000000]
trunc_ln841_29             (trunc              ) [ 00000000000000000000000000000001111111111111111111111111111111111111111111111111111111111111111111111111111111111111111111111111111111111111111111111111111111111100000000000000000]
empty_1406                 (read               ) [ 00000000000000000000000000000000000000000000000000000000000000000000000000000000000000000000000000000000000000000000000000000000000000000000000000000000000000000000000000000000000]
tmp_data_V_30              (extractvalue       ) [ 00000000000000000000000000000000000000000000000000000000000000000000000000000000000000000000000000000000000000000000000000000000000000000000000000000000000000000000000000000000000]
trunc_ln841_30             (trunc              ) [ 00000000000000000000000000000000111111111111111111111111111111111111111111111111111111111111111111111111111111111111111111111111111111111111111111111111111111111100000000000000000]
empty_1407                 (read               ) [ 00000000000000000000000000000000000000000000000000000000000000000000000000000000000000000000000000000000000000000000000000000000000000000000000000000000000000000000000000000000000]
tmp_data_V_31              (extractvalue       ) [ 00000000000000000000000000000000000000000000000000000000000000000000000000000000000000000000000000000000000000000000000000000000000000000000000000000000000000000000000000000000000]
trunc_ln841_31             (trunc              ) [ 00000000000000000000000000000000011111111111111111111111111111111111111111111111111111111111111111111111111111111111111111111111111111111111111111111111111111111100000000000000000]
empty_1408                 (read               ) [ 00000000000000000000000000000000000000000000000000000000000000000000000000000000000000000000000000000000000000000000000000000000000000000000000000000000000000000000000000000000000]
tmp_data_V_32              (extractvalue       ) [ 00000000000000000000000000000000000000000000000000000000000000000000000000000000000000000000000000000000000000000000000000000000000000000000000000000000000000000000000000000000000]
trunc_ln841_32             (trunc              ) [ 00000000000000000000000000000000001111111111111111111111111111111111111111111111111111111111111111111111111111111111111111111111111111111111111111111111111111111100000000000000000]
empty_1409                 (read               ) [ 00000000000000000000000000000000000000000000000000000000000000000000000000000000000000000000000000000000000000000000000000000000000000000000000000000000000000000000000000000000000]
tmp_data_V_33              (extractvalue       ) [ 00000000000000000000000000000000000000000000000000000000000000000000000000000000000000000000000000000000000000000000000000000000000000000000000000000000000000000000000000000000000]
trunc_ln841_33             (trunc              ) [ 00000000000000000000000000000000000111111111111111111111111111111111111111111111111111111111111111111111111111111111111111111111111111111111111111111111111111111100000000000000000]
empty_1410                 (read               ) [ 00000000000000000000000000000000000000000000000000000000000000000000000000000000000000000000000000000000000000000000000000000000000000000000000000000000000000000000000000000000000]
tmp_data_V_34              (extractvalue       ) [ 00000000000000000000000000000000000000000000000000000000000000000000000000000000000000000000000000000000000000000000000000000000000000000000000000000000000000000000000000000000000]
trunc_ln841_34             (trunc              ) [ 00000000000000000000000000000000000011111111111111111111111111111111111111111111111111111111111111111111111111111111111111111111111111111111111111111111111111111100000000000000000]
empty_1411                 (read               ) [ 00000000000000000000000000000000000000000000000000000000000000000000000000000000000000000000000000000000000000000000000000000000000000000000000000000000000000000000000000000000000]
tmp_data_V_35              (extractvalue       ) [ 00000000000000000000000000000000000000000000000000000000000000000000000000000000000000000000000000000000000000000000000000000000000000000000000000000000000000000000000000000000000]
trunc_ln841_35             (trunc              ) [ 00000000000000000000000000000000000001111111111111111111111111111111111111111111111111111111111111111111111111111111111111111111111111111111111111111111111111111100000000000000000]
empty_1412                 (read               ) [ 00000000000000000000000000000000000000000000000000000000000000000000000000000000000000000000000000000000000000000000000000000000000000000000000000000000000000000000000000000000000]
tmp_data_V_36              (extractvalue       ) [ 00000000000000000000000000000000000000000000000000000000000000000000000000000000000000000000000000000000000000000000000000000000000000000000000000000000000000000000000000000000000]
trunc_ln841_36             (trunc              ) [ 00000000000000000000000000000000000000111111111111111111111111111111111111111111111111111111111111111111111111111111111111111111111111111111111111111111111111111100000000000000000]
empty_1413                 (read               ) [ 00000000000000000000000000000000000000000000000000000000000000000000000000000000000000000000000000000000000000000000000000000000000000000000000000000000000000000000000000000000000]
tmp_data_V_37              (extractvalue       ) [ 00000000000000000000000000000000000000000000000000000000000000000000000000000000000000000000000000000000000000000000000000000000000000000000000000000000000000000000000000000000000]
trunc_ln841_37             (trunc              ) [ 00000000000000000000000000000000000000011111111111111111111111111111111111111111111111111111111111111111111111111111111111111111111111111111111111111111111111111100000000000000000]
empty_1414                 (read               ) [ 00000000000000000000000000000000000000000000000000000000000000000000000000000000000000000000000000000000000000000000000000000000000000000000000000000000000000000000000000000000000]
tmp_data_V_38              (extractvalue       ) [ 00000000000000000000000000000000000000000000000000000000000000000000000000000000000000000000000000000000000000000000000000000000000000000000000000000000000000000000000000000000000]
trunc_ln841_38             (trunc              ) [ 00000000000000000000000000000000000000001111111111111111111111111111111111111111111111111111111111111111111111111111111111111111111111111111111111111111111111111100000000000000000]
empty_1415                 (read               ) [ 00000000000000000000000000000000000000000000000000000000000000000000000000000000000000000000000000000000000000000000000000000000000000000000000000000000000000000000000000000000000]
tmp_data_V_39              (extractvalue       ) [ 00000000000000000000000000000000000000000000000000000000000000000000000000000000000000000000000000000000000000000000000000000000000000000000000000000000000000000000000000000000000]
trunc_ln841_39             (trunc              ) [ 00000000000000000000000000000000000000000111111111111111111111111111111111111111111111111111111111111111111111111111111111111111111111111111111111111111111111111100000000000000000]
empty_1416                 (read               ) [ 00000000000000000000000000000000000000000000000000000000000000000000000000000000000000000000000000000000000000000000000000000000000000000000000000000000000000000000000000000000000]
tmp_data_V_40              (extractvalue       ) [ 00000000000000000000000000000000000000000000000000000000000000000000000000000000000000000000000000000000000000000000000000000000000000000000000000000000000000000000000000000000000]
trunc_ln841_40             (trunc              ) [ 00000000000000000000000000000000000000000011111111111111111111111111111111111111111111111111111111111111111111111111111111111111111111111111111111111111111111111100000000000000000]
empty_1417                 (read               ) [ 00000000000000000000000000000000000000000000000000000000000000000000000000000000000000000000000000000000000000000000000000000000000000000000000000000000000000000000000000000000000]
tmp_data_V_41              (extractvalue       ) [ 00000000000000000000000000000000000000000000000000000000000000000000000000000000000000000000000000000000000000000000000000000000000000000000000000000000000000000000000000000000000]
trunc_ln841_41             (trunc              ) [ 00000000000000000000000000000000000000000001111111111111111111111111111111111111111111111111111111111111111111111111111111111111111111111111111111111111111111111100000000000000000]
empty_1418                 (read               ) [ 00000000000000000000000000000000000000000000000000000000000000000000000000000000000000000000000000000000000000000000000000000000000000000000000000000000000000000000000000000000000]
tmp_data_V_42              (extractvalue       ) [ 00000000000000000000000000000000000000000000000000000000000000000000000000000000000000000000000000000000000000000000000000000000000000000000000000000000000000000000000000000000000]
trunc_ln841_42             (trunc              ) [ 00000000000000000000000000000000000000000000111111111111111111111111111111111111111111111111111111111111111111111111111111111111111111111111111111111111111111111100000000000000000]
empty_1419                 (read               ) [ 00000000000000000000000000000000000000000000000000000000000000000000000000000000000000000000000000000000000000000000000000000000000000000000000000000000000000000000000000000000000]
tmp_data_V_43              (extractvalue       ) [ 00000000000000000000000000000000000000000000000000000000000000000000000000000000000000000000000000000000000000000000000000000000000000000000000000000000000000000000000000000000000]
trunc_ln841_43             (trunc              ) [ 00000000000000000000000000000000000000000000011111111111111111111111111111111111111111111111111111111111111111111111111111111111111111111111111111111111111111111100000000000000000]
empty_1420                 (read               ) [ 00000000000000000000000000000000000000000000000000000000000000000000000000000000000000000000000000000000000000000000000000000000000000000000000000000000000000000000000000000000000]
tmp_data_V_44              (extractvalue       ) [ 00000000000000000000000000000000000000000000000000000000000000000000000000000000000000000000000000000000000000000000000000000000000000000000000000000000000000000000000000000000000]
trunc_ln841_44             (trunc              ) [ 00000000000000000000000000000000000000000000001111111111111111111111111111111111111111111111111111111111111111111111111111111111111111111111111111111111111111111100000000000000000]
empty_1421                 (read               ) [ 00000000000000000000000000000000000000000000000000000000000000000000000000000000000000000000000000000000000000000000000000000000000000000000000000000000000000000000000000000000000]
tmp_data_V_45              (extractvalue       ) [ 00000000000000000000000000000000000000000000000000000000000000000000000000000000000000000000000000000000000000000000000000000000000000000000000000000000000000000000000000000000000]
trunc_ln841_45             (trunc              ) [ 00000000000000000000000000000000000000000000000111111111111111111111111111111111111111111111111111111111111111111111111111111111111111111111111111111111111111111100000000000000000]
empty_1422                 (read               ) [ 00000000000000000000000000000000000000000000000000000000000000000000000000000000000000000000000000000000000000000000000000000000000000000000000000000000000000000000000000000000000]
tmp_data_V_46              (extractvalue       ) [ 00000000000000000000000000000000000000000000000000000000000000000000000000000000000000000000000000000000000000000000000000000000000000000000000000000000000000000000000000000000000]
trunc_ln841_46             (trunc              ) [ 00000000000000000000000000000000000000000000000011111111111111111111111111111111111111111111111111111111111111111111111111111111111111111111111111111111111111111100000000000000000]
empty_1423                 (read               ) [ 00000000000000000000000000000000000000000000000000000000000000000000000000000000000000000000000000000000000000000000000000000000000000000000000000000000000000000000000000000000000]
tmp_data_V_47              (extractvalue       ) [ 00000000000000000000000000000000000000000000000000000000000000000000000000000000000000000000000000000000000000000000000000000000000000000000000000000000000000000000000000000000000]
trunc_ln841_47             (trunc              ) [ 00000000000000000000000000000000000000000000000001111111111111111111111111111111111111111111111111111111111111111111111111111111111111111111111111111111111111111100000000000000000]
empty_1424                 (read               ) [ 00000000000000000000000000000000000000000000000000000000000000000000000000000000000000000000000000000000000000000000000000000000000000000000000000000000000000000000000000000000000]
tmp_data_V_48              (extractvalue       ) [ 00000000000000000000000000000000000000000000000000000000000000000000000000000000000000000000000000000000000000000000000000000000000000000000000000000000000000000000000000000000000]
trunc_ln841_48             (trunc              ) [ 00000000000000000000000000000000000000000000000000111111111111111111111111111111111111111111111111111111111111111111111111111111111111111111111111111111111111111100000000000000000]
empty_1425                 (read               ) [ 00000000000000000000000000000000000000000000000000000000000000000000000000000000000000000000000000000000000000000000000000000000000000000000000000000000000000000000000000000000000]
tmp_data_V_49              (extractvalue       ) [ 00000000000000000000000000000000000000000000000000000000000000000000000000000000000000000000000000000000000000000000000000000000000000000000000000000000000000000000000000000000000]
trunc_ln841_49             (trunc              ) [ 00000000000000000000000000000000000000000000000000011111111111111111111111111111111111111111111111111111111111111111111111111111111111111111111111111111111111111100000000000000000]
empty_1426                 (read               ) [ 00000000000000000000000000000000000000000000000000000000000000000000000000000000000000000000000000000000000000000000000000000000000000000000000000000000000000000000000000000000000]
tmp_data_V_50              (extractvalue       ) [ 00000000000000000000000000000000000000000000000000000000000000000000000000000000000000000000000000000000000000000000000000000000000000000000000000000000000000000000000000000000000]
trunc_ln841_50             (trunc              ) [ 00000000000000000000000000000000000000000000000000001111111111111111111111111111111111111111111111111111111111111111111111111111111111111111111111111111111111111100000000000000000]
empty_1427                 (read               ) [ 00000000000000000000000000000000000000000000000000000000000000000000000000000000000000000000000000000000000000000000000000000000000000000000000000000000000000000000000000000000000]
tmp_data_V_51              (extractvalue       ) [ 00000000000000000000000000000000000000000000000000000000000000000000000000000000000000000000000000000000000000000000000000000000000000000000000000000000000000000000000000000000000]
trunc_ln841_51             (trunc              ) [ 00000000000000000000000000000000000000000000000000000111111111111111111111111111111111111111111111111111111111111111111111111111111111111111111111111111111111111100000000000000000]
empty_1428                 (read               ) [ 00000000000000000000000000000000000000000000000000000000000000000000000000000000000000000000000000000000000000000000000000000000000000000000000000000000000000000000000000000000000]
tmp_data_V_52              (extractvalue       ) [ 00000000000000000000000000000000000000000000000000000000000000000000000000000000000000000000000000000000000000000000000000000000000000000000000000000000000000000000000000000000000]
trunc_ln841_52             (trunc              ) [ 00000000000000000000000000000000000000000000000000000011111111111111111111111111111111111111111111111111111111111111111111111111111111111111111111111111111111111100000000000000000]
empty_1429                 (read               ) [ 00000000000000000000000000000000000000000000000000000000000000000000000000000000000000000000000000000000000000000000000000000000000000000000000000000000000000000000000000000000000]
tmp_data_V_53              (extractvalue       ) [ 00000000000000000000000000000000000000000000000000000000000000000000000000000000000000000000000000000000000000000000000000000000000000000000000000000000000000000000000000000000000]
trunc_ln841_53             (trunc              ) [ 00000000000000000000000000000000000000000000000000000001111111111111111111111111111111111111111111111111111111111111111111111111111111111111111111111111111111111100000000000000000]
empty_1430                 (read               ) [ 00000000000000000000000000000000000000000000000000000000000000000000000000000000000000000000000000000000000000000000000000000000000000000000000000000000000000000000000000000000000]
tmp_data_V_54              (extractvalue       ) [ 00000000000000000000000000000000000000000000000000000000000000000000000000000000000000000000000000000000000000000000000000000000000000000000000000000000000000000000000000000000000]
trunc_ln841_54             (trunc              ) [ 00000000000000000000000000000000000000000000000000000000111111111111111111111111111111111111111111111111111111111111111111111111111111111111111111111111111111111100000000000000000]
empty_1431                 (read               ) [ 00000000000000000000000000000000000000000000000000000000000000000000000000000000000000000000000000000000000000000000000000000000000000000000000000000000000000000000000000000000000]
tmp_data_V_55              (extractvalue       ) [ 00000000000000000000000000000000000000000000000000000000000000000000000000000000000000000000000000000000000000000000000000000000000000000000000000000000000000000000000000000000000]
trunc_ln841_55             (trunc              ) [ 00000000000000000000000000000000000000000000000000000000011111111111111111111111111111111111111111111111111111111111111111111111111111111111111111111111111111111100000000000000000]
empty_1432                 (read               ) [ 00000000000000000000000000000000000000000000000000000000000000000000000000000000000000000000000000000000000000000000000000000000000000000000000000000000000000000000000000000000000]
tmp_data_V_56              (extractvalue       ) [ 00000000000000000000000000000000000000000000000000000000000000000000000000000000000000000000000000000000000000000000000000000000000000000000000000000000000000000000000000000000000]
trunc_ln841_56             (trunc              ) [ 00000000000000000000000000000000000000000000000000000000001111111111111111111111111111111111111111111111111111111111111111111111111111111111111111111111111111111100000000000000000]
empty_1433                 (read               ) [ 00000000000000000000000000000000000000000000000000000000000000000000000000000000000000000000000000000000000000000000000000000000000000000000000000000000000000000000000000000000000]
tmp_data_V_57              (extractvalue       ) [ 00000000000000000000000000000000000000000000000000000000000000000000000000000000000000000000000000000000000000000000000000000000000000000000000000000000000000000000000000000000000]
trunc_ln841_57             (trunc              ) [ 00000000000000000000000000000000000000000000000000000000000111111111111111111111111111111111111111111111111111111111111111111111111111111111111111111111111111111100000000000000000]
empty_1434                 (read               ) [ 00000000000000000000000000000000000000000000000000000000000000000000000000000000000000000000000000000000000000000000000000000000000000000000000000000000000000000000000000000000000]
tmp_data_V_58              (extractvalue       ) [ 00000000000000000000000000000000000000000000000000000000000000000000000000000000000000000000000000000000000000000000000000000000000000000000000000000000000000000000000000000000000]
trunc_ln841_58             (trunc              ) [ 00000000000000000000000000000000000000000000000000000000000011111111111111111111111111111111111111111111111111111111111111111111111111111111111111111111111111111100000000000000000]
empty_1435                 (read               ) [ 00000000000000000000000000000000000000000000000000000000000000000000000000000000000000000000000000000000000000000000000000000000000000000000000000000000000000000000000000000000000]
tmp_data_V_59              (extractvalue       ) [ 00000000000000000000000000000000000000000000000000000000000000000000000000000000000000000000000000000000000000000000000000000000000000000000000000000000000000000000000000000000000]
trunc_ln841_59             (trunc              ) [ 00000000000000000000000000000000000000000000000000000000000001111111111111111111111111111111111111111111111111111111111111111111111111111111111111111111111111111100000000000000000]
empty_1436                 (read               ) [ 00000000000000000000000000000000000000000000000000000000000000000000000000000000000000000000000000000000000000000000000000000000000000000000000000000000000000000000000000000000000]
tmp_data_V_60              (extractvalue       ) [ 00000000000000000000000000000000000000000000000000000000000000000000000000000000000000000000000000000000000000000000000000000000000000000000000000000000000000000000000000000000000]
trunc_ln841_60             (trunc              ) [ 00000000000000000000000000000000000000000000000000000000000000111111111111111111111111111111111111111111111111111111111111111111111111111111111111111111111111111100000000000000000]
empty_1437                 (read               ) [ 00000000000000000000000000000000000000000000000000000000000000000000000000000000000000000000000000000000000000000000000000000000000000000000000000000000000000000000000000000000000]
tmp_data_V_61              (extractvalue       ) [ 00000000000000000000000000000000000000000000000000000000000000000000000000000000000000000000000000000000000000000000000000000000000000000000000000000000000000000000000000000000000]
trunc_ln841_61             (trunc              ) [ 00000000000000000000000000000000000000000000000000000000000000011111111111111111111111111111111111111111111111111111111111111111111111111111111111111111111111111100000000000000000]
empty_1438                 (read               ) [ 00000000000000000000000000000000000000000000000000000000000000000000000000000000000000000000000000000000000000000000000000000000000000000000000000000000000000000000000000000000000]
tmp_data_V_62              (extractvalue       ) [ 00000000000000000000000000000000000000000000000000000000000000000000000000000000000000000000000000000000000000000000000000000000000000000000000000000000000000000000000000000000000]
trunc_ln841_62             (trunc              ) [ 00000000000000000000000000000000000000000000000000000000000000001111111111111111111111111111111111111111111111111111111111111111111111111111111111111111111111111100000000000000000]
empty_1439                 (read               ) [ 00000000000000000000000000000000000000000000000000000000000000000000000000000000000000000000000000000000000000000000000000000000000000000000000000000000000000000000000000000000000]
tmp_data_V_63              (extractvalue       ) [ 00000000000000000000000000000000000000000000000000000000000000000000000000000000000000000000000000000000000000000000000000000000000000000000000000000000000000000000000000000000000]
trunc_ln841_63             (trunc              ) [ 00000000000000000000000000000000000000000000000000000000000000000111111111111111111111111111111111111111111111111111111111111111111111111111111111111111111111111100000000000000000]
empty_1440                 (read               ) [ 00000000000000000000000000000000000000000000000000000000000000000000000000000000000000000000000000000000000000000000000000000000000000000000000000000000000000000000000000000000000]
tmp_data_V_64              (extractvalue       ) [ 00000000000000000000000000000000000000000000000000000000000000000000000000000000000000000000000000000000000000000000000000000000000000000000000000000000000000000000000000000000000]
trunc_ln841_64             (trunc              ) [ 00000000000000000000000000000000000000000000000000000000000000000011111111111111111111111111111111111111111111111111111111111111111111111111111111111111111111111100000000000000000]
empty_1441                 (read               ) [ 00000000000000000000000000000000000000000000000000000000000000000000000000000000000000000000000000000000000000000000000000000000000000000000000000000000000000000000000000000000000]
tmp_data_V_65              (extractvalue       ) [ 00000000000000000000000000000000000000000000000000000000000000000000000000000000000000000000000000000000000000000000000000000000000000000000000000000000000000000000000000000000000]
trunc_ln841_65             (trunc              ) [ 00000000000000000000000000000000000000000000000000000000000000000001111111111111111111111111111111111111111111111111111111111111111111111111111111111111111111111100000000000000000]
empty_1442                 (read               ) [ 00000000000000000000000000000000000000000000000000000000000000000000000000000000000000000000000000000000000000000000000000000000000000000000000000000000000000000000000000000000000]
tmp_data_V_66              (extractvalue       ) [ 00000000000000000000000000000000000000000000000000000000000000000000000000000000000000000000000000000000000000000000000000000000000000000000000000000000000000000000000000000000000]
trunc_ln841_66             (trunc              ) [ 00000000000000000000000000000000000000000000000000000000000000000000111111111111111111111111111111111111111111111111111111111111111111111111111111111111111111111100000000000000000]
empty_1443                 (read               ) [ 00000000000000000000000000000000000000000000000000000000000000000000000000000000000000000000000000000000000000000000000000000000000000000000000000000000000000000000000000000000000]
tmp_data_V_67              (extractvalue       ) [ 00000000000000000000000000000000000000000000000000000000000000000000000000000000000000000000000000000000000000000000000000000000000000000000000000000000000000000000000000000000000]
trunc_ln841_67             (trunc              ) [ 00000000000000000000000000000000000000000000000000000000000000000000011111111111111111111111111111111111111111111111111111111111111111111111111111111111111111111100000000000000000]
empty_1444                 (read               ) [ 00000000000000000000000000000000000000000000000000000000000000000000000000000000000000000000000000000000000000000000000000000000000000000000000000000000000000000000000000000000000]
tmp_data_V_68              (extractvalue       ) [ 00000000000000000000000000000000000000000000000000000000000000000000000000000000000000000000000000000000000000000000000000000000000000000000000000000000000000000000000000000000000]
trunc_ln841_68             (trunc              ) [ 00000000000000000000000000000000000000000000000000000000000000000000001111111111111111111111111111111111111111111111111111111111111111111111111111111111111111111100000000000000000]
empty_1445                 (read               ) [ 00000000000000000000000000000000000000000000000000000000000000000000000000000000000000000000000000000000000000000000000000000000000000000000000000000000000000000000000000000000000]
tmp_data_V_69              (extractvalue       ) [ 00000000000000000000000000000000000000000000000000000000000000000000000000000000000000000000000000000000000000000000000000000000000000000000000000000000000000000000000000000000000]
trunc_ln841_69             (trunc              ) [ 00000000000000000000000000000000000000000000000000000000000000000000000111111111111111111111111111111111111111111111111111111111111111111111111111111111111111111100000000000000000]
empty_1446                 (read               ) [ 00000000000000000000000000000000000000000000000000000000000000000000000000000000000000000000000000000000000000000000000000000000000000000000000000000000000000000000000000000000000]
tmp_data_V_70              (extractvalue       ) [ 00000000000000000000000000000000000000000000000000000000000000000000000000000000000000000000000000000000000000000000000000000000000000000000000000000000000000000000000000000000000]
trunc_ln841_70             (trunc              ) [ 00000000000000000000000000000000000000000000000000000000000000000000000011111111111111111111111111111111111111111111111111111111111111111111111111111111111111111100000000000000000]
empty_1447                 (read               ) [ 00000000000000000000000000000000000000000000000000000000000000000000000000000000000000000000000000000000000000000000000000000000000000000000000000000000000000000000000000000000000]
tmp_data_V_71              (extractvalue       ) [ 00000000000000000000000000000000000000000000000000000000000000000000000000000000000000000000000000000000000000000000000000000000000000000000000000000000000000000000000000000000000]
trunc_ln841_71             (trunc              ) [ 00000000000000000000000000000000000000000000000000000000000000000000000001111111111111111111111111111111111111111111111111111111111111111111111111111111111111111100000000000000000]
empty_1448                 (read               ) [ 00000000000000000000000000000000000000000000000000000000000000000000000000000000000000000000000000000000000000000000000000000000000000000000000000000000000000000000000000000000000]
tmp_data_V_72              (extractvalue       ) [ 00000000000000000000000000000000000000000000000000000000000000000000000000000000000000000000000000000000000000000000000000000000000000000000000000000000000000000000000000000000000]
trunc_ln841_72             (trunc              ) [ 00000000000000000000000000000000000000000000000000000000000000000000000000111111111111111111111111111111111111111111111111111111111111111111111111111111111111111100000000000000000]
empty_1449                 (read               ) [ 00000000000000000000000000000000000000000000000000000000000000000000000000000000000000000000000000000000000000000000000000000000000000000000000000000000000000000000000000000000000]
tmp_data_V_73              (extractvalue       ) [ 00000000000000000000000000000000000000000000000000000000000000000000000000000000000000000000000000000000000000000000000000000000000000000000000000000000000000000000000000000000000]
trunc_ln841_73             (trunc              ) [ 00000000000000000000000000000000000000000000000000000000000000000000000000011111111111111111111111111111111111111111111111111111111111111111111111111111111111111100000000000000000]
empty_1450                 (read               ) [ 00000000000000000000000000000000000000000000000000000000000000000000000000000000000000000000000000000000000000000000000000000000000000000000000000000000000000000000000000000000000]
tmp_data_V_74              (extractvalue       ) [ 00000000000000000000000000000000000000000000000000000000000000000000000000000000000000000000000000000000000000000000000000000000000000000000000000000000000000000000000000000000000]
trunc_ln841_74             (trunc              ) [ 00000000000000000000000000000000000000000000000000000000000000000000000000001111111111111111111111111111111111111111111111111111111111111111111111111111111111111100000000000000000]
empty_1451                 (read               ) [ 00000000000000000000000000000000000000000000000000000000000000000000000000000000000000000000000000000000000000000000000000000000000000000000000000000000000000000000000000000000000]
tmp_data_V_75              (extractvalue       ) [ 00000000000000000000000000000000000000000000000000000000000000000000000000000000000000000000000000000000000000000000000000000000000000000000000000000000000000000000000000000000000]
trunc_ln841_75             (trunc              ) [ 00000000000000000000000000000000000000000000000000000000000000000000000000000111111111111111111111111111111111111111111111111111111111111111111111111111111111111100000000000000000]
empty_1452                 (read               ) [ 00000000000000000000000000000000000000000000000000000000000000000000000000000000000000000000000000000000000000000000000000000000000000000000000000000000000000000000000000000000000]
tmp_data_V_76              (extractvalue       ) [ 00000000000000000000000000000000000000000000000000000000000000000000000000000000000000000000000000000000000000000000000000000000000000000000000000000000000000000000000000000000000]
trunc_ln841_76             (trunc              ) [ 00000000000000000000000000000000000000000000000000000000000000000000000000000011111111111111111111111111111111111111111111111111111111111111111111111111111111111100000000000000000]
empty_1453                 (read               ) [ 00000000000000000000000000000000000000000000000000000000000000000000000000000000000000000000000000000000000000000000000000000000000000000000000000000000000000000000000000000000000]
tmp_data_V_77              (extractvalue       ) [ 00000000000000000000000000000000000000000000000000000000000000000000000000000000000000000000000000000000000000000000000000000000000000000000000000000000000000000000000000000000000]
trunc_ln841_77             (trunc              ) [ 00000000000000000000000000000000000000000000000000000000000000000000000000000001111111111111111111111111111111111111111111111111111111111111111111111111111111111100000000000000000]
empty_1454                 (read               ) [ 00000000000000000000000000000000000000000000000000000000000000000000000000000000000000000000000000000000000000000000000000000000000000000000000000000000000000000000000000000000000]
tmp_data_V_78              (extractvalue       ) [ 00000000000000000000000000000000000000000000000000000000000000000000000000000000000000000000000000000000000000000000000000000000000000000000000000000000000000000000000000000000000]
trunc_ln841_78             (trunc              ) [ 00000000000000000000000000000000000000000000000000000000000000000000000000000000111111111111111111111111111111111111111111111111111111111111111111111111111111111100000000000000000]
empty_1455                 (read               ) [ 00000000000000000000000000000000000000000000000000000000000000000000000000000000000000000000000000000000000000000000000000000000000000000000000000000000000000000000000000000000000]
tmp_data_V_79              (extractvalue       ) [ 00000000000000000000000000000000000000000000000000000000000000000000000000000000000000000000000000000000000000000000000000000000000000000000000000000000000000000000000000000000000]
trunc_ln841_79             (trunc              ) [ 00000000000000000000000000000000000000000000000000000000000000000000000000000000011111111111111111111111111111111111111111111111111111111111111111111111111111111100000000000000000]
empty_1456                 (read               ) [ 00000000000000000000000000000000000000000000000000000000000000000000000000000000000000000000000000000000000000000000000000000000000000000000000000000000000000000000000000000000000]
tmp_data_V_80              (extractvalue       ) [ 00000000000000000000000000000000000000000000000000000000000000000000000000000000000000000000000000000000000000000000000000000000000000000000000000000000000000000000000000000000000]
trunc_ln841_80             (trunc              ) [ 00000000000000000000000000000000000000000000000000000000000000000000000000000000001111111111111111111111111111111111111111111111111111111111111111111111111111111100000000000000000]
empty_1457                 (read               ) [ 00000000000000000000000000000000000000000000000000000000000000000000000000000000000000000000000000000000000000000000000000000000000000000000000000000000000000000000000000000000000]
tmp_data_V_81              (extractvalue       ) [ 00000000000000000000000000000000000000000000000000000000000000000000000000000000000000000000000000000000000000000000000000000000000000000000000000000000000000000000000000000000000]
trunc_ln841_81             (trunc              ) [ 00000000000000000000000000000000000000000000000000000000000000000000000000000000000111111111111111111111111111111111111111111111111111111111111111111111111111111100000000000000000]
empty_1458                 (read               ) [ 00000000000000000000000000000000000000000000000000000000000000000000000000000000000000000000000000000000000000000000000000000000000000000000000000000000000000000000000000000000000]
tmp_data_V_82              (extractvalue       ) [ 00000000000000000000000000000000000000000000000000000000000000000000000000000000000000000000000000000000000000000000000000000000000000000000000000000000000000000000000000000000000]
trunc_ln841_82             (trunc              ) [ 00000000000000000000000000000000000000000000000000000000000000000000000000000000000011111111111111111111111111111111111111111111111111111111111111111111111111111100000000000000000]
empty_1459                 (read               ) [ 00000000000000000000000000000000000000000000000000000000000000000000000000000000000000000000000000000000000000000000000000000000000000000000000000000000000000000000000000000000000]
tmp_data_V_83              (extractvalue       ) [ 00000000000000000000000000000000000000000000000000000000000000000000000000000000000000000000000000000000000000000000000000000000000000000000000000000000000000000000000000000000000]
trunc_ln841_83             (trunc              ) [ 00000000000000000000000000000000000000000000000000000000000000000000000000000000000001111111111111111111111111111111111111111111111111111111111111111111111111111100000000000000000]
empty_1460                 (read               ) [ 00000000000000000000000000000000000000000000000000000000000000000000000000000000000000000000000000000000000000000000000000000000000000000000000000000000000000000000000000000000000]
tmp_data_V_84              (extractvalue       ) [ 00000000000000000000000000000000000000000000000000000000000000000000000000000000000000000000000000000000000000000000000000000000000000000000000000000000000000000000000000000000000]
trunc_ln841_84             (trunc              ) [ 00000000000000000000000000000000000000000000000000000000000000000000000000000000000000111111111111111111111111111111111111111111111111111111111111111111111111111100000000000000000]
empty_1461                 (read               ) [ 00000000000000000000000000000000000000000000000000000000000000000000000000000000000000000000000000000000000000000000000000000000000000000000000000000000000000000000000000000000000]
tmp_data_V_85              (extractvalue       ) [ 00000000000000000000000000000000000000000000000000000000000000000000000000000000000000000000000000000000000000000000000000000000000000000000000000000000000000000000000000000000000]
trunc_ln841_85             (trunc              ) [ 00000000000000000000000000000000000000000000000000000000000000000000000000000000000000011111111111111111111111111111111111111111111111111111111111111111111111111100000000000000000]
empty_1462                 (read               ) [ 00000000000000000000000000000000000000000000000000000000000000000000000000000000000000000000000000000000000000000000000000000000000000000000000000000000000000000000000000000000000]
tmp_data_V_86              (extractvalue       ) [ 00000000000000000000000000000000000000000000000000000000000000000000000000000000000000000000000000000000000000000000000000000000000000000000000000000000000000000000000000000000000]
trunc_ln841_86             (trunc              ) [ 00000000000000000000000000000000000000000000000000000000000000000000000000000000000000001111111111111111111111111111111111111111111111111111111111111111111111111100000000000000000]
empty_1463                 (read               ) [ 00000000000000000000000000000000000000000000000000000000000000000000000000000000000000000000000000000000000000000000000000000000000000000000000000000000000000000000000000000000000]
tmp_data_V_87              (extractvalue       ) [ 00000000000000000000000000000000000000000000000000000000000000000000000000000000000000000000000000000000000000000000000000000000000000000000000000000000000000000000000000000000000]
trunc_ln841_87             (trunc              ) [ 00000000000000000000000000000000000000000000000000000000000000000000000000000000000000000111111111111111111111111111111111111111111111111111111111111111111111111100000000000000000]
empty_1464                 (read               ) [ 00000000000000000000000000000000000000000000000000000000000000000000000000000000000000000000000000000000000000000000000000000000000000000000000000000000000000000000000000000000000]
tmp_data_V_88              (extractvalue       ) [ 00000000000000000000000000000000000000000000000000000000000000000000000000000000000000000000000000000000000000000000000000000000000000000000000000000000000000000000000000000000000]
trunc_ln841_88             (trunc              ) [ 00000000000000000000000000000000000000000000000000000000000000000000000000000000000000000011111111111111111111111111111111111111111111111111111111111111111111111100000000000000000]
empty_1465                 (read               ) [ 00000000000000000000000000000000000000000000000000000000000000000000000000000000000000000000000000000000000000000000000000000000000000000000000000000000000000000000000000000000000]
tmp_data_V_89              (extractvalue       ) [ 00000000000000000000000000000000000000000000000000000000000000000000000000000000000000000000000000000000000000000000000000000000000000000000000000000000000000000000000000000000000]
trunc_ln841_89             (trunc              ) [ 00000000000000000000000000000000000000000000000000000000000000000000000000000000000000000001111111111111111111111111111111111111111111111111111111111111111111111100000000000000000]
empty_1466                 (read               ) [ 00000000000000000000000000000000000000000000000000000000000000000000000000000000000000000000000000000000000000000000000000000000000000000000000000000000000000000000000000000000000]
tmp_data_V_90              (extractvalue       ) [ 00000000000000000000000000000000000000000000000000000000000000000000000000000000000000000000000000000000000000000000000000000000000000000000000000000000000000000000000000000000000]
trunc_ln841_90             (trunc              ) [ 00000000000000000000000000000000000000000000000000000000000000000000000000000000000000000000111111111111111111111111111111111111111111111111111111111111111111111100000000000000000]
empty_1467                 (read               ) [ 00000000000000000000000000000000000000000000000000000000000000000000000000000000000000000000000000000000000000000000000000000000000000000000000000000000000000000000000000000000000]
tmp_data_V_91              (extractvalue       ) [ 00000000000000000000000000000000000000000000000000000000000000000000000000000000000000000000000000000000000000000000000000000000000000000000000000000000000000000000000000000000000]
trunc_ln841_91             (trunc              ) [ 00000000000000000000000000000000000000000000000000000000000000000000000000000000000000000000011111111111111111111111111111111111111111111111111111111111111111111100000000000000000]
empty_1468                 (read               ) [ 00000000000000000000000000000000000000000000000000000000000000000000000000000000000000000000000000000000000000000000000000000000000000000000000000000000000000000000000000000000000]
tmp_data_V_92              (extractvalue       ) [ 00000000000000000000000000000000000000000000000000000000000000000000000000000000000000000000000000000000000000000000000000000000000000000000000000000000000000000000000000000000000]
trunc_ln841_92             (trunc              ) [ 00000000000000000000000000000000000000000000000000000000000000000000000000000000000000000000001111111111111111111111111111111111111111111111111111111111111111111100000000000000000]
empty_1469                 (read               ) [ 00000000000000000000000000000000000000000000000000000000000000000000000000000000000000000000000000000000000000000000000000000000000000000000000000000000000000000000000000000000000]
tmp_data_V_93              (extractvalue       ) [ 00000000000000000000000000000000000000000000000000000000000000000000000000000000000000000000000000000000000000000000000000000000000000000000000000000000000000000000000000000000000]
trunc_ln841_93             (trunc              ) [ 00000000000000000000000000000000000000000000000000000000000000000000000000000000000000000000000111111111111111111111111111111111111111111111111111111111111111111100000000000000000]
empty_1470                 (read               ) [ 00000000000000000000000000000000000000000000000000000000000000000000000000000000000000000000000000000000000000000000000000000000000000000000000000000000000000000000000000000000000]
tmp_data_V_94              (extractvalue       ) [ 00000000000000000000000000000000000000000000000000000000000000000000000000000000000000000000000000000000000000000000000000000000000000000000000000000000000000000000000000000000000]
trunc_ln841_94             (trunc              ) [ 00000000000000000000000000000000000000000000000000000000000000000000000000000000000000000000000011111111111111111111111111111111111111111111111111111111111111111100000000000000000]
empty_1471                 (read               ) [ 00000000000000000000000000000000000000000000000000000000000000000000000000000000000000000000000000000000000000000000000000000000000000000000000000000000000000000000000000000000000]
tmp_data_V_95              (extractvalue       ) [ 00000000000000000000000000000000000000000000000000000000000000000000000000000000000000000000000000000000000000000000000000000000000000000000000000000000000000000000000000000000000]
trunc_ln841_95             (trunc              ) [ 00000000000000000000000000000000000000000000000000000000000000000000000000000000000000000000000001111111111111111111111111111111111111111111111111111111111111111100000000000000000]
empty_1472                 (read               ) [ 00000000000000000000000000000000000000000000000000000000000000000000000000000000000000000000000000000000000000000000000000000000000000000000000000000000000000000000000000000000000]
tmp_data_V_96              (extractvalue       ) [ 00000000000000000000000000000000000000000000000000000000000000000000000000000000000000000000000000000000000000000000000000000000000000000000000000000000000000000000000000000000000]
trunc_ln841_96             (trunc              ) [ 00000000000000000000000000000000000000000000000000000000000000000000000000000000000000000000000000111111111111111111111111111111111111111111111111111111111111111100000000000000000]
empty_1473                 (read               ) [ 00000000000000000000000000000000000000000000000000000000000000000000000000000000000000000000000000000000000000000000000000000000000000000000000000000000000000000000000000000000000]
tmp_data_V_97              (extractvalue       ) [ 00000000000000000000000000000000000000000000000000000000000000000000000000000000000000000000000000000000000000000000000000000000000000000000000000000000000000000000000000000000000]
trunc_ln841_97             (trunc              ) [ 00000000000000000000000000000000000000000000000000000000000000000000000000000000000000000000000000011111111111111111111111111111111111111111111111111111111111111100000000000000000]
empty_1474                 (read               ) [ 00000000000000000000000000000000000000000000000000000000000000000000000000000000000000000000000000000000000000000000000000000000000000000000000000000000000000000000000000000000000]
tmp_data_V_98              (extractvalue       ) [ 00000000000000000000000000000000000000000000000000000000000000000000000000000000000000000000000000000000000000000000000000000000000000000000000000000000000000000000000000000000000]
trunc_ln841_98             (trunc              ) [ 00000000000000000000000000000000000000000000000000000000000000000000000000000000000000000000000000001111111111111111111111111111111111111111111111111111111111111100000000000000000]
empty_1475                 (read               ) [ 00000000000000000000000000000000000000000000000000000000000000000000000000000000000000000000000000000000000000000000000000000000000000000000000000000000000000000000000000000000000]
tmp_data_V_99              (extractvalue       ) [ 00000000000000000000000000000000000000000000000000000000000000000000000000000000000000000000000000000000000000000000000000000000000000000000000000000000000000000000000000000000000]
trunc_ln841_99             (trunc              ) [ 00000000000000000000000000000000000000000000000000000000000000000000000000000000000000000000000000000111111111111111111111111111111111111111111111111111111111111100000000000000000]
empty_1476                 (read               ) [ 00000000000000000000000000000000000000000000000000000000000000000000000000000000000000000000000000000000000000000000000000000000000000000000000000000000000000000000000000000000000]
tmp_data_V_100             (extractvalue       ) [ 00000000000000000000000000000000000000000000000000000000000000000000000000000000000000000000000000000000000000000000000000000000000000000000000000000000000000000000000000000000000]
trunc_ln841_100            (trunc              ) [ 00000000000000000000000000000000000000000000000000000000000000000000000000000000000000000000000000000011111111111111111111111111111111111111111111111111111111111100000000000000000]
empty_1477                 (read               ) [ 00000000000000000000000000000000000000000000000000000000000000000000000000000000000000000000000000000000000000000000000000000000000000000000000000000000000000000000000000000000000]
tmp_data_V_101             (extractvalue       ) [ 00000000000000000000000000000000000000000000000000000000000000000000000000000000000000000000000000000000000000000000000000000000000000000000000000000000000000000000000000000000000]
trunc_ln841_101            (trunc              ) [ 00000000000000000000000000000000000000000000000000000000000000000000000000000000000000000000000000000001111111111111111111111111111111111111111111111111111111111100000000000000000]
empty_1478                 (read               ) [ 00000000000000000000000000000000000000000000000000000000000000000000000000000000000000000000000000000000000000000000000000000000000000000000000000000000000000000000000000000000000]
tmp_data_V_102             (extractvalue       ) [ 00000000000000000000000000000000000000000000000000000000000000000000000000000000000000000000000000000000000000000000000000000000000000000000000000000000000000000000000000000000000]
trunc_ln841_102            (trunc              ) [ 00000000000000000000000000000000000000000000000000000000000000000000000000000000000000000000000000000000111111111111111111111111111111111111111111111111111111111100000000000000000]
empty_1479                 (read               ) [ 00000000000000000000000000000000000000000000000000000000000000000000000000000000000000000000000000000000000000000000000000000000000000000000000000000000000000000000000000000000000]
tmp_data_V_103             (extractvalue       ) [ 00000000000000000000000000000000000000000000000000000000000000000000000000000000000000000000000000000000000000000000000000000000000000000000000000000000000000000000000000000000000]
trunc_ln841_103            (trunc              ) [ 00000000000000000000000000000000000000000000000000000000000000000000000000000000000000000000000000000000011111111111111111111111111111111111111111111111111111111100000000000000000]
empty_1480                 (read               ) [ 00000000000000000000000000000000000000000000000000000000000000000000000000000000000000000000000000000000000000000000000000000000000000000000000000000000000000000000000000000000000]
tmp_data_V_104             (extractvalue       ) [ 00000000000000000000000000000000000000000000000000000000000000000000000000000000000000000000000000000000000000000000000000000000000000000000000000000000000000000000000000000000000]
trunc_ln841_104            (trunc              ) [ 00000000000000000000000000000000000000000000000000000000000000000000000000000000000000000000000000000000001111111111111111111111111111111111111111111111111111111100000000000000000]
empty_1481                 (read               ) [ 00000000000000000000000000000000000000000000000000000000000000000000000000000000000000000000000000000000000000000000000000000000000000000000000000000000000000000000000000000000000]
tmp_data_V_105             (extractvalue       ) [ 00000000000000000000000000000000000000000000000000000000000000000000000000000000000000000000000000000000000000000000000000000000000000000000000000000000000000000000000000000000000]
trunc_ln841_105            (trunc              ) [ 00000000000000000000000000000000000000000000000000000000000000000000000000000000000000000000000000000000000111111111111111111111111111111111111111111111111111111100000000000000000]
empty_1482                 (read               ) [ 00000000000000000000000000000000000000000000000000000000000000000000000000000000000000000000000000000000000000000000000000000000000000000000000000000000000000000000000000000000000]
tmp_data_V_106             (extractvalue       ) [ 00000000000000000000000000000000000000000000000000000000000000000000000000000000000000000000000000000000000000000000000000000000000000000000000000000000000000000000000000000000000]
trunc_ln841_106            (trunc              ) [ 00000000000000000000000000000000000000000000000000000000000000000000000000000000000000000000000000000000000011111111111111111111111111111111111111111111111111111100000000000000000]
empty_1483                 (read               ) [ 00000000000000000000000000000000000000000000000000000000000000000000000000000000000000000000000000000000000000000000000000000000000000000000000000000000000000000000000000000000000]
tmp_data_V_107             (extractvalue       ) [ 00000000000000000000000000000000000000000000000000000000000000000000000000000000000000000000000000000000000000000000000000000000000000000000000000000000000000000000000000000000000]
trunc_ln841_107            (trunc              ) [ 00000000000000000000000000000000000000000000000000000000000000000000000000000000000000000000000000000000000001111111111111111111111111111111111111111111111111111100000000000000000]
empty_1484                 (read               ) [ 00000000000000000000000000000000000000000000000000000000000000000000000000000000000000000000000000000000000000000000000000000000000000000000000000000000000000000000000000000000000]
tmp_data_V_108             (extractvalue       ) [ 00000000000000000000000000000000000000000000000000000000000000000000000000000000000000000000000000000000000000000000000000000000000000000000000000000000000000000000000000000000000]
trunc_ln841_108            (trunc              ) [ 00000000000000000000000000000000000000000000000000000000000000000000000000000000000000000000000000000000000000111111111111111111111111111111111111111111111111111100000000000000000]
empty_1485                 (read               ) [ 00000000000000000000000000000000000000000000000000000000000000000000000000000000000000000000000000000000000000000000000000000000000000000000000000000000000000000000000000000000000]
tmp_data_V_109             (extractvalue       ) [ 00000000000000000000000000000000000000000000000000000000000000000000000000000000000000000000000000000000000000000000000000000000000000000000000000000000000000000000000000000000000]
trunc_ln841_109            (trunc              ) [ 00000000000000000000000000000000000000000000000000000000000000000000000000000000000000000000000000000000000000011111111111111111111111111111111111111111111111111100000000000000000]
empty_1486                 (read               ) [ 00000000000000000000000000000000000000000000000000000000000000000000000000000000000000000000000000000000000000000000000000000000000000000000000000000000000000000000000000000000000]
tmp_data_V_110             (extractvalue       ) [ 00000000000000000000000000000000000000000000000000000000000000000000000000000000000000000000000000000000000000000000000000000000000000000000000000000000000000000000000000000000000]
trunc_ln841_110            (trunc              ) [ 00000000000000000000000000000000000000000000000000000000000000000000000000000000000000000000000000000000000000001111111111111111111111111111111111111111111111111100000000000000000]
empty_1487                 (read               ) [ 00000000000000000000000000000000000000000000000000000000000000000000000000000000000000000000000000000000000000000000000000000000000000000000000000000000000000000000000000000000000]
tmp_data_V_111             (extractvalue       ) [ 00000000000000000000000000000000000000000000000000000000000000000000000000000000000000000000000000000000000000000000000000000000000000000000000000000000000000000000000000000000000]
trunc_ln841_111            (trunc              ) [ 00000000000000000000000000000000000000000000000000000000000000000000000000000000000000000000000000000000000000000111111111111111111111111111111111111111111111111100000000000000000]
empty_1488                 (read               ) [ 00000000000000000000000000000000000000000000000000000000000000000000000000000000000000000000000000000000000000000000000000000000000000000000000000000000000000000000000000000000000]
tmp_data_V_112             (extractvalue       ) [ 00000000000000000000000000000000000000000000000000000000000000000000000000000000000000000000000000000000000000000000000000000000000000000000000000000000000000000000000000000000000]
trunc_ln841_112            (trunc              ) [ 00000000000000000000000000000000000000000000000000000000000000000000000000000000000000000000000000000000000000000011111111111111111111111111111111111111111111111100000000000000000]
empty_1489                 (read               ) [ 00000000000000000000000000000000000000000000000000000000000000000000000000000000000000000000000000000000000000000000000000000000000000000000000000000000000000000000000000000000000]
tmp_data_V_113             (extractvalue       ) [ 00000000000000000000000000000000000000000000000000000000000000000000000000000000000000000000000000000000000000000000000000000000000000000000000000000000000000000000000000000000000]
trunc_ln841_113            (trunc              ) [ 00000000000000000000000000000000000000000000000000000000000000000000000000000000000000000000000000000000000000000001111111111111111111111111111111111111111111111100000000000000000]
empty_1490                 (read               ) [ 00000000000000000000000000000000000000000000000000000000000000000000000000000000000000000000000000000000000000000000000000000000000000000000000000000000000000000000000000000000000]
tmp_data_V_114             (extractvalue       ) [ 00000000000000000000000000000000000000000000000000000000000000000000000000000000000000000000000000000000000000000000000000000000000000000000000000000000000000000000000000000000000]
trunc_ln841_114            (trunc              ) [ 00000000000000000000000000000000000000000000000000000000000000000000000000000000000000000000000000000000000000000000111111111111111111111111111111111111111111111100000000000000000]
empty_1491                 (read               ) [ 00000000000000000000000000000000000000000000000000000000000000000000000000000000000000000000000000000000000000000000000000000000000000000000000000000000000000000000000000000000000]
tmp_data_V_115             (extractvalue       ) [ 00000000000000000000000000000000000000000000000000000000000000000000000000000000000000000000000000000000000000000000000000000000000000000000000000000000000000000000000000000000000]
trunc_ln841_115            (trunc              ) [ 00000000000000000000000000000000000000000000000000000000000000000000000000000000000000000000000000000000000000000000011111111111111111111111111111111111111111111100000000000000000]
empty_1492                 (read               ) [ 00000000000000000000000000000000000000000000000000000000000000000000000000000000000000000000000000000000000000000000000000000000000000000000000000000000000000000000000000000000000]
tmp_data_V_116             (extractvalue       ) [ 00000000000000000000000000000000000000000000000000000000000000000000000000000000000000000000000000000000000000000000000000000000000000000000000000000000000000000000000000000000000]
trunc_ln841_116            (trunc              ) [ 00000000000000000000000000000000000000000000000000000000000000000000000000000000000000000000000000000000000000000000001111111111111111111111111111111111111111111100000000000000000]
empty_1493                 (read               ) [ 00000000000000000000000000000000000000000000000000000000000000000000000000000000000000000000000000000000000000000000000000000000000000000000000000000000000000000000000000000000000]
tmp_data_V_117             (extractvalue       ) [ 00000000000000000000000000000000000000000000000000000000000000000000000000000000000000000000000000000000000000000000000000000000000000000000000000000000000000000000000000000000000]
trunc_ln841_117            (trunc              ) [ 00000000000000000000000000000000000000000000000000000000000000000000000000000000000000000000000000000000000000000000000111111111111111111111111111111111111111111100000000000000000]
empty_1494                 (read               ) [ 00000000000000000000000000000000000000000000000000000000000000000000000000000000000000000000000000000000000000000000000000000000000000000000000000000000000000000000000000000000000]
tmp_data_V_118             (extractvalue       ) [ 00000000000000000000000000000000000000000000000000000000000000000000000000000000000000000000000000000000000000000000000000000000000000000000000000000000000000000000000000000000000]
trunc_ln841_118            (trunc              ) [ 00000000000000000000000000000000000000000000000000000000000000000000000000000000000000000000000000000000000000000000000011111111111111111111111111111111111111111100000000000000000]
empty_1495                 (read               ) [ 00000000000000000000000000000000000000000000000000000000000000000000000000000000000000000000000000000000000000000000000000000000000000000000000000000000000000000000000000000000000]
tmp_data_V_119             (extractvalue       ) [ 00000000000000000000000000000000000000000000000000000000000000000000000000000000000000000000000000000000000000000000000000000000000000000000000000000000000000000000000000000000000]
trunc_ln841_119            (trunc              ) [ 00000000000000000000000000000000000000000000000000000000000000000000000000000000000000000000000000000000000000000000000001111111111111111111111111111111111111111100000000000000000]
empty_1496                 (read               ) [ 00000000000000000000000000000000000000000000000000000000000000000000000000000000000000000000000000000000000000000000000000000000000000000000000000000000000000000000000000000000000]
tmp_data_V_120             (extractvalue       ) [ 00000000000000000000000000000000000000000000000000000000000000000000000000000000000000000000000000000000000000000000000000000000000000000000000000000000000000000000000000000000000]
trunc_ln841_120            (trunc              ) [ 00000000000000000000000000000000000000000000000000000000000000000000000000000000000000000000000000000000000000000000000000111111111111111111111111111111111111111100000000000000000]
empty_1497                 (read               ) [ 00000000000000000000000000000000000000000000000000000000000000000000000000000000000000000000000000000000000000000000000000000000000000000000000000000000000000000000000000000000000]
tmp_data_V_121             (extractvalue       ) [ 00000000000000000000000000000000000000000000000000000000000000000000000000000000000000000000000000000000000000000000000000000000000000000000000000000000000000000000000000000000000]
trunc_ln841_121            (trunc              ) [ 00000000000000000000000000000000000000000000000000000000000000000000000000000000000000000000000000000000000000000000000000011111111111111111111111111111111111111100000000000000000]
empty_1498                 (read               ) [ 00000000000000000000000000000000000000000000000000000000000000000000000000000000000000000000000000000000000000000000000000000000000000000000000000000000000000000000000000000000000]
tmp_data_V_122             (extractvalue       ) [ 00000000000000000000000000000000000000000000000000000000000000000000000000000000000000000000000000000000000000000000000000000000000000000000000000000000000000000000000000000000000]
trunc_ln841_122            (trunc              ) [ 00000000000000000000000000000000000000000000000000000000000000000000000000000000000000000000000000000000000000000000000000001111111111111111111111111111111111111100000000000000000]
empty_1499                 (read               ) [ 00000000000000000000000000000000000000000000000000000000000000000000000000000000000000000000000000000000000000000000000000000000000000000000000000000000000000000000000000000000000]
tmp_data_V_123             (extractvalue       ) [ 00000000000000000000000000000000000000000000000000000000000000000000000000000000000000000000000000000000000000000000000000000000000000000000000000000000000000000000000000000000000]
trunc_ln841_123            (trunc              ) [ 00000000000000000000000000000000000000000000000000000000000000000000000000000000000000000000000000000000000000000000000000000111111111111111111111111111111111111100000000000000000]
empty_1500                 (read               ) [ 00000000000000000000000000000000000000000000000000000000000000000000000000000000000000000000000000000000000000000000000000000000000000000000000000000000000000000000000000000000000]
tmp_data_V_124             (extractvalue       ) [ 00000000000000000000000000000000000000000000000000000000000000000000000000000000000000000000000000000000000000000000000000000000000000000000000000000000000000000000000000000000000]
trunc_ln841_124            (trunc              ) [ 00000000000000000000000000000000000000000000000000000000000000000000000000000000000000000000000000000000000000000000000000000011111111111111111111111111111111111100000000000000000]
empty_1501                 (read               ) [ 00000000000000000000000000000000000000000000000000000000000000000000000000000000000000000000000000000000000000000000000000000000000000000000000000000000000000000000000000000000000]
tmp_data_V_125             (extractvalue       ) [ 00000000000000000000000000000000000000000000000000000000000000000000000000000000000000000000000000000000000000000000000000000000000000000000000000000000000000000000000000000000000]
trunc_ln841_125            (trunc              ) [ 00000000000000000000000000000000000000000000000000000000000000000000000000000000000000000000000000000000000000000000000000000001111111111111111111111111111111111100000000000000000]
empty_1502                 (read               ) [ 00000000000000000000000000000000000000000000000000000000000000000000000000000000000000000000000000000000000000000000000000000000000000000000000000000000000000000000000000000000000]
tmp_data_V_126             (extractvalue       ) [ 00000000000000000000000000000000000000000000000000000000000000000000000000000000000000000000000000000000000000000000000000000000000000000000000000000000000000000000000000000000000]
trunc_ln841_126            (trunc              ) [ 00000000000000000000000000000000000000000000000000000000000000000000000000000000000000000000000000000000000000000000000000000000111111111111111111111111111111111100000000000000000]
empty_1503                 (read               ) [ 00000000000000000000000000000000000000000000000000000000000000000000000000000000000000000000000000000000000000000000000000000000000000000000000000000000000000000000000000000000000]
tmp_data_V_127             (extractvalue       ) [ 00000000000000000000000000000000000000000000000000000000000000000000000000000000000000000000000000000000000000000000000000000000000000000000000000000000000000000000000000000000000]
trunc_ln841_127            (trunc              ) [ 00000000000000000000000000000000000000000000000000000000000000000000000000000000000000000000000000000000000000000000000000000000011111111111111111111111111111111100000000000000000]
empty_1504                 (read               ) [ 00000000000000000000000000000000000000000000000000000000000000000000000000000000000000000000000000000000000000000000000000000000000000000000000000000000000000000000000000000000000]
tmp_data_V_128             (extractvalue       ) [ 00000000000000000000000000000000000000000000000000000000000000000000000000000000000000000000000000000000000000000000000000000000000000000000000000000000000000000000000000000000000]
trunc_ln841_128            (trunc              ) [ 00000000000000000000000000000000000000000000000000000000000000000000000000000000000000000000000000000000000000000000000000000000001111111111111111111111111111111100000000000000000]
empty_1505                 (read               ) [ 00000000000000000000000000000000000000000000000000000000000000000000000000000000000000000000000000000000000000000000000000000000000000000000000000000000000000000000000000000000000]
tmp_data_V_129             (extractvalue       ) [ 00000000000000000000000000000000000000000000000000000000000000000000000000000000000000000000000000000000000000000000000000000000000000000000000000000000000000000000000000000000000]
trunc_ln841_129            (trunc              ) [ 00000000000000000000000000000000000000000000000000000000000000000000000000000000000000000000000000000000000000000000000000000000000111111111111111111111111111111100000000000000000]
empty_1506                 (read               ) [ 00000000000000000000000000000000000000000000000000000000000000000000000000000000000000000000000000000000000000000000000000000000000000000000000000000000000000000000000000000000000]
tmp_data_V_130             (extractvalue       ) [ 00000000000000000000000000000000000000000000000000000000000000000000000000000000000000000000000000000000000000000000000000000000000000000000000000000000000000000000000000000000000]
trunc_ln841_130            (trunc              ) [ 00000000000000000000000000000000000000000000000000000000000000000000000000000000000000000000000000000000000000000000000000000000000011111111111111111111111111111100000000000000000]
empty_1507                 (read               ) [ 00000000000000000000000000000000000000000000000000000000000000000000000000000000000000000000000000000000000000000000000000000000000000000000000000000000000000000000000000000000000]
tmp_data_V_131             (extractvalue       ) [ 00000000000000000000000000000000000000000000000000000000000000000000000000000000000000000000000000000000000000000000000000000000000000000000000000000000000000000000000000000000000]
trunc_ln841_131            (trunc              ) [ 00000000000000000000000000000000000000000000000000000000000000000000000000000000000000000000000000000000000000000000000000000000000001111111111111111111111111111100000000000000000]
empty_1508                 (read               ) [ 00000000000000000000000000000000000000000000000000000000000000000000000000000000000000000000000000000000000000000000000000000000000000000000000000000000000000000000000000000000000]
tmp_data_V_132             (extractvalue       ) [ 00000000000000000000000000000000000000000000000000000000000000000000000000000000000000000000000000000000000000000000000000000000000000000000000000000000000000000000000000000000000]
trunc_ln841_132            (trunc              ) [ 00000000000000000000000000000000000000000000000000000000000000000000000000000000000000000000000000000000000000000000000000000000000000111111111111111111111111111100000000000000000]
empty_1509                 (read               ) [ 00000000000000000000000000000000000000000000000000000000000000000000000000000000000000000000000000000000000000000000000000000000000000000000000000000000000000000000000000000000000]
tmp_data_V_133             (extractvalue       ) [ 00000000000000000000000000000000000000000000000000000000000000000000000000000000000000000000000000000000000000000000000000000000000000000000000000000000000000000000000000000000000]
trunc_ln841_133            (trunc              ) [ 00000000000000000000000000000000000000000000000000000000000000000000000000000000000000000000000000000000000000000000000000000000000000011111111111111111111111111100000000000000000]
empty_1510                 (read               ) [ 00000000000000000000000000000000000000000000000000000000000000000000000000000000000000000000000000000000000000000000000000000000000000000000000000000000000000000000000000000000000]
tmp_data_V_134             (extractvalue       ) [ 00000000000000000000000000000000000000000000000000000000000000000000000000000000000000000000000000000000000000000000000000000000000000000000000000000000000000000000000000000000000]
trunc_ln841_134            (trunc              ) [ 00000000000000000000000000000000000000000000000000000000000000000000000000000000000000000000000000000000000000000000000000000000000000001111111111111111111111111100000000000000000]
empty_1511                 (read               ) [ 00000000000000000000000000000000000000000000000000000000000000000000000000000000000000000000000000000000000000000000000000000000000000000000000000000000000000000000000000000000000]
tmp_data_V_135             (extractvalue       ) [ 00000000000000000000000000000000000000000000000000000000000000000000000000000000000000000000000000000000000000000000000000000000000000000000000000000000000000000000000000000000000]
trunc_ln841_135            (trunc              ) [ 00000000000000000000000000000000000000000000000000000000000000000000000000000000000000000000000000000000000000000000000000000000000000000111111111111111111111111100000000000000000]
empty_1512                 (read               ) [ 00000000000000000000000000000000000000000000000000000000000000000000000000000000000000000000000000000000000000000000000000000000000000000000000000000000000000000000000000000000000]
tmp_data_V_136             (extractvalue       ) [ 00000000000000000000000000000000000000000000000000000000000000000000000000000000000000000000000000000000000000000000000000000000000000000000000000000000000000000000000000000000000]
trunc_ln841_136            (trunc              ) [ 00000000000000000000000000000000000000000000000000000000000000000000000000000000000000000000000000000000000000000000000000000000000000000011111111111111111111111100000000000000000]
empty_1513                 (read               ) [ 00000000000000000000000000000000000000000000000000000000000000000000000000000000000000000000000000000000000000000000000000000000000000000000000000000000000000000000000000000000000]
tmp_data_V_137             (extractvalue       ) [ 00000000000000000000000000000000000000000000000000000000000000000000000000000000000000000000000000000000000000000000000000000000000000000000000000000000000000000000000000000000000]
trunc_ln841_137            (trunc              ) [ 00000000000000000000000000000000000000000000000000000000000000000000000000000000000000000000000000000000000000000000000000000000000000000001111111111111111111111100000000000000000]
empty_1514                 (read               ) [ 00000000000000000000000000000000000000000000000000000000000000000000000000000000000000000000000000000000000000000000000000000000000000000000000000000000000000000000000000000000000]
tmp_data_V_138             (extractvalue       ) [ 00000000000000000000000000000000000000000000000000000000000000000000000000000000000000000000000000000000000000000000000000000000000000000000000000000000000000000000000000000000000]
trunc_ln841_138            (trunc              ) [ 00000000000000000000000000000000000000000000000000000000000000000000000000000000000000000000000000000000000000000000000000000000000000000000111111111111111111111100000000000000000]
empty_1515                 (read               ) [ 00000000000000000000000000000000000000000000000000000000000000000000000000000000000000000000000000000000000000000000000000000000000000000000000000000000000000000000000000000000000]
tmp_data_V_139             (extractvalue       ) [ 00000000000000000000000000000000000000000000000000000000000000000000000000000000000000000000000000000000000000000000000000000000000000000000000000000000000000000000000000000000000]
trunc_ln841_139            (trunc              ) [ 00000000000000000000000000000000000000000000000000000000000000000000000000000000000000000000000000000000000000000000000000000000000000000000011111111111111111111100000000000000000]
empty_1516                 (read               ) [ 00000000000000000000000000000000000000000000000000000000000000000000000000000000000000000000000000000000000000000000000000000000000000000000000000000000000000000000000000000000000]
tmp_data_V_140             (extractvalue       ) [ 00000000000000000000000000000000000000000000000000000000000000000000000000000000000000000000000000000000000000000000000000000000000000000000000000000000000000000000000000000000000]
trunc_ln841_140            (trunc              ) [ 00000000000000000000000000000000000000000000000000000000000000000000000000000000000000000000000000000000000000000000000000000000000000000000001111111111111111111100000000000000000]
empty_1517                 (read               ) [ 00000000000000000000000000000000000000000000000000000000000000000000000000000000000000000000000000000000000000000000000000000000000000000000000000000000000000000000000000000000000]
tmp_data_V_141             (extractvalue       ) [ 00000000000000000000000000000000000000000000000000000000000000000000000000000000000000000000000000000000000000000000000000000000000000000000000000000000000000000000000000000000000]
trunc_ln841_141            (trunc              ) [ 00000000000000000000000000000000000000000000000000000000000000000000000000000000000000000000000000000000000000000000000000000000000000000000000111111111111111111100000000000000000]
empty_1518                 (read               ) [ 00000000000000000000000000000000000000000000000000000000000000000000000000000000000000000000000000000000000000000000000000000000000000000000000000000000000000000000000000000000000]
tmp_data_V_142             (extractvalue       ) [ 00000000000000000000000000000000000000000000000000000000000000000000000000000000000000000000000000000000000000000000000000000000000000000000000000000000000000000000000000000000000]
trunc_ln841_142            (trunc              ) [ 00000000000000000000000000000000000000000000000000000000000000000000000000000000000000000000000000000000000000000000000000000000000000000000000011111111111111111100000000000000000]
empty_1519                 (read               ) [ 00000000000000000000000000000000000000000000000000000000000000000000000000000000000000000000000000000000000000000000000000000000000000000000000000000000000000000000000000000000000]
tmp_data_V_143             (extractvalue       ) [ 00000000000000000000000000000000000000000000000000000000000000000000000000000000000000000000000000000000000000000000000000000000000000000000000000000000000000000000000000000000000]
trunc_ln841_143            (trunc              ) [ 00000000000000000000000000000000000000000000000000000000000000000000000000000000000000000000000000000000000000000000000000000000000000000000000001111111111111111100000000000000000]
empty_1520                 (read               ) [ 00000000000000000000000000000000000000000000000000000000000000000000000000000000000000000000000000000000000000000000000000000000000000000000000000000000000000000000000000000000000]
tmp_data_V_144             (extractvalue       ) [ 00000000000000000000000000000000000000000000000000000000000000000000000000000000000000000000000000000000000000000000000000000000000000000000000000000000000000000000000000000000000]
trunc_ln841_144            (trunc              ) [ 00000000000000000000000000000000000000000000000000000000000000000000000000000000000000000000000000000000000000000000000000000000000000000000000000111111111111111100000000000000000]
empty_1521                 (read               ) [ 00000000000000000000000000000000000000000000000000000000000000000000000000000000000000000000000000000000000000000000000000000000000000000000000000000000000000000000000000000000000]
tmp_data_V_145             (extractvalue       ) [ 00000000000000000000000000000000000000000000000000000000000000000000000000000000000000000000000000000000000000000000000000000000000000000000000000000000000000000000000000000000000]
trunc_ln841_145            (trunc              ) [ 00000000000000000000000000000000000000000000000000000000000000000000000000000000000000000000000000000000000000000000000000000000000000000000000000011111111111111100000000000000000]
empty_1522                 (read               ) [ 00000000000000000000000000000000000000000000000000000000000000000000000000000000000000000000000000000000000000000000000000000000000000000000000000000000000000000000000000000000000]
tmp_data_V_146             (extractvalue       ) [ 00000000000000000000000000000000000000000000000000000000000000000000000000000000000000000000000000000000000000000000000000000000000000000000000000000000000000000000000000000000000]
trunc_ln841_146            (trunc              ) [ 00000000000000000000000000000000000000000000000000000000000000000000000000000000000000000000000000000000000000000000000000000000000000000000000000001111111111111100000000000000000]
empty_1523                 (read               ) [ 00000000000000000000000000000000000000000000000000000000000000000000000000000000000000000000000000000000000000000000000000000000000000000000000000000000000000000000000000000000000]
tmp_data_V_147             (extractvalue       ) [ 00000000000000000000000000000000000000000000000000000000000000000000000000000000000000000000000000000000000000000000000000000000000000000000000000000000000000000000000000000000000]
trunc_ln841_147            (trunc              ) [ 00000000000000000000000000000000000000000000000000000000000000000000000000000000000000000000000000000000000000000000000000000000000000000000000000000111111111111100000000000000000]
empty_1524                 (read               ) [ 00000000000000000000000000000000000000000000000000000000000000000000000000000000000000000000000000000000000000000000000000000000000000000000000000000000000000000000000000000000000]
tmp_data_V_148             (extractvalue       ) [ 00000000000000000000000000000000000000000000000000000000000000000000000000000000000000000000000000000000000000000000000000000000000000000000000000000000000000000000000000000000000]
trunc_ln841_148            (trunc              ) [ 00000000000000000000000000000000000000000000000000000000000000000000000000000000000000000000000000000000000000000000000000000000000000000000000000000011111111111100000000000000000]
empty_1525                 (read               ) [ 00000000000000000000000000000000000000000000000000000000000000000000000000000000000000000000000000000000000000000000000000000000000000000000000000000000000000000000000000000000000]
tmp_data_V_149             (extractvalue       ) [ 00000000000000000000000000000000000000000000000000000000000000000000000000000000000000000000000000000000000000000000000000000000000000000000000000000000000000000000000000000000000]
trunc_ln841_149            (trunc              ) [ 00000000000000000000000000000000000000000000000000000000000000000000000000000000000000000000000000000000000000000000000000000000000000000000000000000001111111111100000000000000000]
empty_1526                 (read               ) [ 00000000000000000000000000000000000000000000000000000000000000000000000000000000000000000000000000000000000000000000000000000000000000000000000000000000000000000000000000000000000]
tmp_data_V_150             (extractvalue       ) [ 00000000000000000000000000000000000000000000000000000000000000000000000000000000000000000000000000000000000000000000000000000000000000000000000000000000000000000000000000000000000]
trunc_ln841_150            (trunc              ) [ 00000000000000000000000000000000000000000000000000000000000000000000000000000000000000000000000000000000000000000000000000000000000000000000000000000000111111111100000000000000000]
empty_1527                 (read               ) [ 00000000000000000000000000000000000000000000000000000000000000000000000000000000000000000000000000000000000000000000000000000000000000000000000000000000000000000000000000000000000]
tmp_data_V_151             (extractvalue       ) [ 00000000000000000000000000000000000000000000000000000000000000000000000000000000000000000000000000000000000000000000000000000000000000000000000000000000000000000000000000000000000]
trunc_ln841_151            (trunc              ) [ 00000000000000000000000000000000000000000000000000000000000000000000000000000000000000000000000000000000000000000000000000000000000000000000000000000000011111111100000000000000000]
empty_1528                 (read               ) [ 00000000000000000000000000000000000000000000000000000000000000000000000000000000000000000000000000000000000000000000000000000000000000000000000000000000000000000000000000000000000]
tmp_data_V_152             (extractvalue       ) [ 00000000000000000000000000000000000000000000000000000000000000000000000000000000000000000000000000000000000000000000000000000000000000000000000000000000000000000000000000000000000]
trunc_ln841_152            (trunc              ) [ 00000000000000000000000000000000000000000000000000000000000000000000000000000000000000000000000000000000000000000000000000000000000000000000000000000000001111111100000000000000000]
empty_1529                 (read               ) [ 00000000000000000000000000000000000000000000000000000000000000000000000000000000000000000000000000000000000000000000000000000000000000000000000000000000000000000000000000000000000]
tmp_data_V_153             (extractvalue       ) [ 00000000000000000000000000000000000000000000000000000000000000000000000000000000000000000000000000000000000000000000000000000000000000000000000000000000000000000000000000000000000]
trunc_ln841_153            (trunc              ) [ 00000000000000000000000000000000000000000000000000000000000000000000000000000000000000000000000000000000000000000000000000000000000000000000000000000000000111111100000000000000000]
empty_1530                 (read               ) [ 00000000000000000000000000000000000000000000000000000000000000000000000000000000000000000000000000000000000000000000000000000000000000000000000000000000000000000000000000000000000]
tmp_data_V_154             (extractvalue       ) [ 00000000000000000000000000000000000000000000000000000000000000000000000000000000000000000000000000000000000000000000000000000000000000000000000000000000000000000000000000000000000]
trunc_ln841_154            (trunc              ) [ 00000000000000000000000000000000000000000000000000000000000000000000000000000000000000000000000000000000000000000000000000000000000000000000000000000000000011111100000000000000000]
empty_1531                 (read               ) [ 00000000000000000000000000000000000000000000000000000000000000000000000000000000000000000000000000000000000000000000000000000000000000000000000000000000000000000000000000000000000]
tmp_data_V_155             (extractvalue       ) [ 00000000000000000000000000000000000000000000000000000000000000000000000000000000000000000000000000000000000000000000000000000000000000000000000000000000000000000000000000000000000]
trunc_ln841_155            (trunc              ) [ 00000000000000000000000000000000000000000000000000000000000000000000000000000000000000000000000000000000000000000000000000000000000000000000000000000000000001111100000000000000000]
empty_1532                 (read               ) [ 00000000000000000000000000000000000000000000000000000000000000000000000000000000000000000000000000000000000000000000000000000000000000000000000000000000000000000000000000000000000]
tmp_data_V_156             (extractvalue       ) [ 00000000000000000000000000000000000000000000000000000000000000000000000000000000000000000000000000000000000000000000000000000000000000000000000000000000000000000000000000000000000]
trunc_ln841_156            (trunc              ) [ 00000000000000000000000000000000000000000000000000000000000000000000000000000000000000000000000000000000000000000000000000000000000000000000000000000000000000111100000000000000000]
empty_1533                 (read               ) [ 00000000000000000000000000000000000000000000000000000000000000000000000000000000000000000000000000000000000000000000000000000000000000000000000000000000000000000000000000000000000]
tmp_data_V_157             (extractvalue       ) [ 00000000000000000000000000000000000000000000000000000000000000000000000000000000000000000000000000000000000000000000000000000000000000000000000000000000000000000000000000000000000]
trunc_ln841_157            (trunc              ) [ 00000000000000000000000000000000000000000000000000000000000000000000000000000000000000000000000000000000000000000000000000000000000000000000000000000000000000011100000000000000000]
empty_1534                 (read               ) [ 00000000000000000000000000000000000000000000000000000000000000000000000000000000000000000000000000000000000000000000000000000000000000000000000000000000000000000000000000000000000]
tmp_data_V_158             (extractvalue       ) [ 00000000000000000000000000000000000000000000000000000000000000000000000000000000000000000000000000000000000000000000000000000000000000000000000000000000000000000000000000000000000]
trunc_ln841_158            (trunc              ) [ 00000000000000000000000000000000000000000000000000000000000000000000000000000000000000000000000000000000000000000000000000000000000000000000000000000000000000001100000000000000000]
empty_1535                 (read               ) [ 00000000000000000000000000000000000000000000000000000000000000000000000000000000000000000000000000000000000000000000000000000000000000000000000000000000000000000000000000000000000]
tmp_data_V_159             (extractvalue       ) [ 00000000000000000000000000000000000000000000000000000000000000000000000000000000000000000000000000000000000000000000000000000000000000000000000000000000000000000000000000000000000]
trunc_ln841_159            (trunc              ) [ 00000000000000000000000000000000000000000000000000000000000000000000000000000000000000000000000000000000000000000000000000000000000000000000000000000000000000000100000000000000000]
empty_1536                 (read               ) [ 00000000000000000000000000000000000000000000000000000000000000000000000000000000000000000000000000000000000000000000000000000000000000000000000000000000000000000000000000000000000]
tmp_data_V_160             (extractvalue       ) [ 00000000000000000000000000000000000000000000000000000000000000000000000000000000000000000000000000000000000000000000000000000000000000000000000000000000000000000000000000000000000]
trunc_ln841_160            (trunc              ) [ 00000000000000000000000000000000000000000000000000000000000000000000000000000000000000000000000000000000000000000000000000000000000000000000000000000000000000000000000000000000000]
inputLayer_V               (bitconcatenate     ) [ 01111000000000000000000000000000000000000000000000000000000000000000000000000000000000000000000000000000000000000000000000000000000000000000000000000000000000000011110000000000000]
call_ret1                  (call               ) [ 00000000000000000000000000000000000000000000000000000000000000000000000000000000000000000000000000000000000000000000000000000000000000000000000000000000000000000000000000000000000]
layer2_out_V               (extractvalue       ) [ 00000100000000000000000000000000000000000000000000000000000000000000000000000000000000000000000000000000000000000000000000000000000000000000000000000000000000000000001000000000000]
layer2_out_V_1             (extractvalue       ) [ 00000100000000000000000000000000000000000000000000000000000000000000000000000000000000000000000000000000000000000000000000000000000000000000000000000000000000000000001000000000000]
layer2_out_V_2             (extractvalue       ) [ 00000100000000000000000000000000000000000000000000000000000000000000000000000000000000000000000000000000000000000000000000000000000000000000000000000000000000000000001000000000000]
layer2_out_V_3             (extractvalue       ) [ 00000100000000000000000000000000000000000000000000000000000000000000000000000000000000000000000000000000000000000000000000000000000000000000000000000000000000000000001000000000000]
layer2_out_V_4             (extractvalue       ) [ 00000100000000000000000000000000000000000000000000000000000000000000000000000000000000000000000000000000000000000000000000000000000000000000000000000000000000000000001000000000000]
layer2_out_V_5             (extractvalue       ) [ 00000100000000000000000000000000000000000000000000000000000000000000000000000000000000000000000000000000000000000000000000000000000000000000000000000000000000000000001000000000000]
call_ret2                  (call               ) [ 00000000000000000000000000000000000000000000000000000000000000000000000000000000000000000000000000000000000000000000000000000000000000000000000000000000000000000000000000000000000]
layer5_out_V               (extractvalue       ) [ 00000001000000000000000000000000000000000000000000000000000000000000000000000000000000000000000000000000000000000000000000000000000000000000000000000000000000000000000010000000000]
layer5_out_V_1             (extractvalue       ) [ 00000001000000000000000000000000000000000000000000000000000000000000000000000000000000000000000000000000000000000000000000000000000000000000000000000000000000000000000010000000000]
layer5_out_V_2             (extractvalue       ) [ 00000001000000000000000000000000000000000000000000000000000000000000000000000000000000000000000000000000000000000000000000000000000000000000000000000000000000000000000010000000000]
call_ret3                  (call               ) [ 00000000000000000000000000000000000000000000000000000000000000000000000000000000000000000000000000000000000000000000000000000000000000000000000000000000000000000000000000000000000]
layer8_out_V               (extractvalue       ) [ 00000000010000000000000000000000000000000000000000000000000000000000000000000000000000000000000000000000000000000000000000000000000000000000000000000000000000000000000000100000000]
layer8_out_V_1             (extractvalue       ) [ 00000000010000000000000000000000000000000000000000000000000000000000000000000000000000000000000000000000000000000000000000000000000000000000000000000000000000000000000000100000000]
call_ret4                  (call               ) [ 00000000000000000000000000000000000000000000000000000000000000000000000000000000000000000000000000000000000000000000000000000000000000000000000000000000000000000000000000000000000]
layer11_out_V              (extractvalue       ) [ 00000000001000000000000000000000000000000000000000000000000000000000000000000000000000000000000000000000000000000000000000000000000000000000000000000000000000000000000000010000000]
layer11_out_V_1            (extractvalue       ) [ 00000000001000000000000000000000000000000000000000000000000000000000000000000000000000000000000000000000000000000000000000000000000000000000000000000000000000000000000000010000000]
call_ret5                  (call               ) [ 00000000000000000000000000000000000000000000000000000000000000000000000000000000000000000000000000000000000000000000000000000000000000000000000000000000000000000000000000000000000]
layer14_out_V              (extractvalue       ) [ 00000000000100000000000000000000000000000000000000000000000000000000000000000000000000000000000000000000000000000000000000000000000000000000000000000000000000000000000000001000000]
layer14_out_V_1            (extractvalue       ) [ 00000000000100000000000000000000000000000000000000000000000000000000000000000000000000000000000000000000000000000000000000000000000000000000000000000000000000000000000000001000000]
layer17_out_V              (call               ) [ 00000000000010000000000000000000000000000000000000000000000000000000000000000000000000000000000000000000000000000000000000000000000000000000000000000000000000000000000000000100000]
layer19_out_V              (call               ) [ 00000000000000100000000000000000000000000000000000000000000000000000000000000000000000000000000000000000000000000000000000000000000000000000000000000000000000000000000000000001000]
zext_ln1042                (zext               ) [ 00000000000000100000000000000000000000000000000000000000000000000000000000000000000000000000000000000000000000000000000000000000000000000000000000000000000000000000000000000001000]
p_Result_s                 (partselect         ) [ 00000000000000000000000000000000000000000000000000000000000000000000000000000000000000000000000000000000000000000000000000000000000000000000000000000000000000000000000000000000000]
p_Result_6                 (bitconcatenate     ) [ 00000000000000000000000000000000000000000000000000000000000000000000000000000000000000000000000000000000000000000000000000000000000000000000000000000000000000000000000000000000000]
sext_ln1198                (sext               ) [ 00000000000000000000000000000000000000000000000000000000000000000000000000000000000000000000000000000000000000000000000000000000000000000000000000000000000000000000000000000000000]
l                          (cttz               ) [ 00000000000000000000000000000000000000000000000000000000000000000000000000000000000000000000000000000000000000000000000000000000000000000000000000000000000000000000000000000000000]
sub_ln1049                 (sub                ) [ 00000000000000100000000000000000000000000000000000000000000000000000000000000000000000000000000000000000000000000000000000000000000000000000000000000000000000000000000000000001000]
trunc_ln1049               (trunc              ) [ 00000000000000100000000000000000000000000000000000000000000000000000000000000000000000000000000000000000000000000000000000000000000000000000000000000000000000000000000000000001000]
lsb_index                  (add                ) [ 00000000000000100000000000000000000000000000000000000000000000000000000000000000000000000000000000000000000000000000000000000000000000000000000000000000000000000000000000000001000]
tmp_162                    (partselect         ) [ 00000000000000100000000000000000000000000000000000000000000000000000000000000000000000000000000000000000000000000000000000000000000000000000000000000000000000000000000000000001000]
trunc_ln1052               (trunc              ) [ 00000000000000000000000000000000000000000000000000000000000000000000000000000000000000000000000000000000000000000000000000000000000000000000000000000000000000000000000000000000000]
sub_ln1052                 (sub                ) [ 00000000000000100000000000000000000000000000000000000000000000000000000000000000000000000000000000000000000000000000000000000000000000000000000000000000000000000000000000000001000]
trunc_ln1048               (trunc              ) [ 00000000000000110000000000000000000000000000000000000000000000000000000000000000000000000000000000000000000000000000000000000000000000000000000000000000000000000000000000000001100]
icmp_ln1051                (icmp               ) [ 00000000000000000000000000000000000000000000000000000000000000000000000000000000000000000000000000000000000000000000000000000000000000000000000000000000000000000000000000000000000]
zext_ln1052                (zext               ) [ 00000000000000000000000000000000000000000000000000000000000000000000000000000000000000000000000000000000000000000000000000000000000000000000000000000000000000000000000000000000000]
lshr_ln1052                (lshr               ) [ 00000000000000000000000000000000000000000000000000000000000000000000000000000000000000000000000000000000000000000000000000000000000000000000000000000000000000000000000000000000000]
p_Result_2                 (and                ) [ 00000000000000000000000000000000000000000000000000000000000000000000000000000000000000000000000000000000000000000000000000000000000000000000000000000000000000000000000000000000000]
icmp_ln1052                (icmp               ) [ 00000000000000000000000000000000000000000000000000000000000000000000000000000000000000000000000000000000000000000000000000000000000000000000000000000000000000000000000000000000000]
a                          (and                ) [ 00000000000000000000000000000000000000000000000000000000000000000000000000000000000000000000000000000000000000000000000000000000000000000000000000000000000000000000000000000000000]
tmp_163                    (bitselect          ) [ 00000000000000000000000000000000000000000000000000000000000000000000000000000000000000000000000000000000000000000000000000000000000000000000000000000000000000000000000000000000000]
xor_ln1054                 (xor                ) [ 00000000000000000000000000000000000000000000000000000000000000000000000000000000000000000000000000000000000000000000000000000000000000000000000000000000000000000000000000000000000]
add_ln1054                 (add                ) [ 00000000000000000000000000000000000000000000000000000000000000000000000000000000000000000000000000000000000000000000000000000000000000000000000000000000000000000000000000000000000]
p_Result_3                 (bitselect          ) [ 00000000000000000000000000000000000000000000000000000000000000000000000000000000000000000000000000000000000000000000000000000000000000000000000000000000000000000000000000000000000]
and_ln1054                 (and                ) [ 00000000000000000000000000000000000000000000000000000000000000000000000000000000000000000000000000000000000000000000000000000000000000000000000000000000000000000000000000000000000]
or_ln1054                  (or                 ) [ 00000000000000000000000000000000000000000000000000000000000000000000000000000000000000000000000000000000000000000000000000000000000000000000000000000000000000000000000000000000000]
or_ln                      (bitconcatenate     ) [ 00000000000000000000000000000000000000000000000000000000000000000000000000000000000000000000000000000000000000000000000000000000000000000000000000000000000000000000000000000000000]
zext_ln1062                (zext               ) [ 00000000000000000000000000000000000000000000000000000000000000000000000000000000000000000000000000000000000000000000000000000000000000000000000000000000000000000000000000000000000]
icmp_ln1063                (icmp               ) [ 00000000000000000000000000000000000000000000000000000000000000000000000000000000000000000000000000000000000000000000000000000000000000000000000000000000000000000000000000000000000]
add_ln1063                 (add                ) [ 00000000000000000000000000000000000000000000000000000000000000000000000000000000000000000000000000000000000000000000000000000000000000000000000000000000000000000000000000000000000]
zext_ln1063                (zext               ) [ 00000000000000000000000000000000000000000000000000000000000000000000000000000000000000000000000000000000000000000000000000000000000000000000000000000000000000000000000000000000000]
lshr_ln1063                (lshr               ) [ 00000000000000000000000000000000000000000000000000000000000000000000000000000000000000000000000000000000000000000000000000000000000000000000000000000000000000000000000000000000000]
sub_ln1064                 (sub                ) [ 00000000000000000000000000000000000000000000000000000000000000000000000000000000000000000000000000000000000000000000000000000000000000000000000000000000000000000000000000000000000]
zext_ln1064                (zext               ) [ 00000000000000000000000000000000000000000000000000000000000000000000000000000000000000000000000000000000000000000000000000000000000000000000000000000000000000000000000000000000000]
shl_ln1064                 (shl                ) [ 00000000000000000000000000000000000000000000000000000000000000000000000000000000000000000000000000000000000000000000000000000000000000000000000000000000000000000000000000000000000]
m_2                        (select             ) [ 00000000000000000000000000000000000000000000000000000000000000000000000000000000000000000000000000000000000000000000000000000000000000000000000000000000000000000000000000000000000]
zext_ln1066                (zext               ) [ 00000000000000000000000000000000000000000000000000000000000000000000000000000000000000000000000000000000000000000000000000000000000000000000000000000000000000000000000000000000000]
m_3                        (add                ) [ 00000000000000000000000000000000000000000000000000000000000000000000000000000000000000000000000000000000000000000000000000000000000000000000000000000000000000000000000000000000000]
m                          (partselect         ) [ 00000000000000010000000000000000000000000000000000000000000000000000000000000000000000000000000000000000000000000000000000000000000000000000000000000000000000000000000000000000100]
p_Result_4                 (bitselect          ) [ 00000000000000010000000000000000000000000000000000000000000000000000000000000000000000000000000000000000000000000000000000000000000000000000000000000000000000000000000000000000100]
tmp_224                    (partselect         ) [ 00000000000000010000000000000000000000000000000000000000000000000000000000000000000000000000000000000000000000000000000000000000000000000000000000000000000000000000000000000000100]
icmp_ln1040                (icmp               ) [ 00000000000000011100000000000000000000000000000000000000000000000000000000000000000000000000000000000000000000000000000000000000000000000000000000000000000000000000000000000000111]
zext_ln1067                (zext               ) [ 00000000000000000000000000000000000000000000000000000000000000000000000000000000000000000000000000000000000000000000000000000000000000000000000000000000000000000000000000000000000]
select_ln1048              (select             ) [ 00000000000000000000000000000000000000000000000000000000000000000000000000000000000000000000000000000000000000000000000000000000000000000000000000000000000000000000000000000000000]
sub_ln1070                 (sub                ) [ 00000000000000000000000000000000000000000000000000000000000000000000000000000000000000000000000000000000000000000000000000000000000000000000000000000000000000000000000000000000000]
add_ln1076                 (add                ) [ 00000000000000000000000000000000000000000000000000000000000000000000000000000000000000000000000000000000000000000000000000000000000000000000000000000000000000000000000000000000000]
tmp_s                      (bitconcatenate     ) [ 00000000000000000000000000000000000000000000000000000000000000000000000000000000000000000000000000000000000000000000000000000000000000000000000000000000000000000000000000000000000]
p_Result_7                 (partset            ) [ 00000000000000001000000000000000000000000000000000000000000000000000000000000000000000000000000000000000000000000000000000000000000000000000000000000000000000000000000000000000010]
notlhs                     (icmp               ) [ 00000000000000001100000000000000000000000000000000000000000000000000000000000000000000000000000000000000000000000000000000000000000000000000000000000000000000000000000000000000011]
notrhs                     (icmp               ) [ 00000000000000001100000000000000000000000000000000000000000000000000000000000000000000000000000000000000000000000000000000000000000000000000000000000000000000000000000000000000011]
bitcast_ln756              (bitcast            ) [ 00000000000000000100000000000000000000000000000000000000000000000000000000000000000000000000000000000000000000000000000000000000000000000000000000000000000000000000000000000000001]
specpipeline_ln13          (specpipeline       ) [ 00000000000000000000000000000000000000000000000000000000000000000000000000000000000000000000000000000000000000000000000000000000000000000000000000000000000000000000000000000000000]
spectopmodule_ln6          (spectopmodule      ) [ 00000000000000000000000000000000000000000000000000000000000000000000000000000000000000000000000000000000000000000000000000000000000000000000000000000000000000000000000000000000000]
specinterface_ln6          (specinterface      ) [ 00000000000000000000000000000000000000000000000000000000000000000000000000000000000000000000000000000000000000000000000000000000000000000000000000000000000000000000000000000000000]
specinterface_ln0          (specinterface      ) [ 00000000000000000000000000000000000000000000000000000000000000000000000000000000000000000000000000000000000000000000000000000000000000000000000000000000000000000000000000000000000]
specbitsmap_ln0            (specbitsmap        ) [ 00000000000000000000000000000000000000000000000000000000000000000000000000000000000000000000000000000000000000000000000000000000000000000000000000000000000000000000000000000000000]
specbitsmap_ln0            (specbitsmap        ) [ 00000000000000000000000000000000000000000000000000000000000000000000000000000000000000000000000000000000000000000000000000000000000000000000000000000000000000000000000000000000000]
specbitsmap_ln0            (specbitsmap        ) [ 00000000000000000000000000000000000000000000000000000000000000000000000000000000000000000000000000000000000000000000000000000000000000000000000000000000000000000000000000000000000]
specbitsmap_ln0            (specbitsmap        ) [ 00000000000000000000000000000000000000000000000000000000000000000000000000000000000000000000000000000000000000000000000000000000000000000000000000000000000000000000000000000000000]
specbitsmap_ln0            (specbitsmap        ) [ 00000000000000000000000000000000000000000000000000000000000000000000000000000000000000000000000000000000000000000000000000000000000000000000000000000000000000000000000000000000000]
specbitsmap_ln0            (specbitsmap        ) [ 00000000000000000000000000000000000000000000000000000000000000000000000000000000000000000000000000000000000000000000000000000000000000000000000000000000000000000000000000000000000]
specbitsmap_ln0            (specbitsmap        ) [ 00000000000000000000000000000000000000000000000000000000000000000000000000000000000000000000000000000000000000000000000000000000000000000000000000000000000000000000000000000000000]
specbitsmap_ln0            (specbitsmap        ) [ 00000000000000000000000000000000000000000000000000000000000000000000000000000000000000000000000000000000000000000000000000000000000000000000000000000000000000000000000000000000000]
specinterface_ln0          (specinterface      ) [ 00000000000000000000000000000000000000000000000000000000000000000000000000000000000000000000000000000000000000000000000000000000000000000000000000000000000000000000000000000000000]
specaxissidechannel_ln1040 (specaxissidechannel) [ 00000000000000000000000000000000000000000000000000000000000000000000000000000000000000000000000000000000000000000000000000000000000000000000000000000000000000000000000000000000000]
empty_1537                 (or                 ) [ 00000000000000000000000000000000000000000000000000000000000000000000000000000000000000000000000000000000000000000000000000000000000000000000000000000000000000000000000000000000000]
tmp_1                      (dcmp               ) [ 00000000000000000000000000000000000000000000000000000000000000000000000000000000000000000000000000000000000000000000000000000000000000000000000000000000000000000000000000000000000]
empty_1538                 (and                ) [ 00000000000000000000000000000000000000000000000000000000000000000000000000000000000000000000000000000000000000000000000000000000000000000000000000000000000000000000000000000000000]
sel_tmp1                   (and                ) [ 00000000000000000000000000000000000000000000000000000000000000000000000000000000000000000000000000000000000000000000000000000000000000000000000000000000000000000000000000000000000]
select_ln90                (select             ) [ 00000000000000000000000000000000000000000000000000000000000000000000000000000000000000000000000000000000000000000000000000000000000000000000000000000000000000000000000000000000000]
write_ln90                 (write              ) [ 00000000000000000000000000000000000000000000000000000000000000000000000000000000000000000000000000000000000000000000000000000000000000000000000000000000000000000000000000000000000]
ret_ln98                   (ret                ) [ 00000000000000000000000000000000000000000000000000000000000000000000000000000000000000000000000000000000000000000000000000000000000000000000000000000000000000000000000000000000000]
</LifeTime>

<model>

<comp_list>
<comp id="0" class="1000" name="input_r_V_data_V">
<pin_list>
<pin id="1" dir="1" index="0" bw="1" slack="0"/>
</pin_list>
<bind>
<StgValue><ssdm name="input_r_V_data_V"/></StgValue>
</bind>
</comp>

<comp id="2" class="1000" name="input_r_V_keep_V">
<pin_list>
<pin id="3" dir="1" index="0" bw="1" slack="0"/>
</pin_list>
<bind>
<StgValue><ssdm name="input_r_V_keep_V"/></StgValue>
</bind>
</comp>

<comp id="4" class="1000" name="input_r_V_strb_V">
<pin_list>
<pin id="5" dir="1" index="0" bw="1" slack="0"/>
</pin_list>
<bind>
<StgValue><ssdm name="input_r_V_strb_V"/></StgValue>
</bind>
</comp>

<comp id="6" class="1000" name="input_r_V_user_V">
<pin_list>
<pin id="7" dir="1" index="0" bw="1" slack="0"/>
</pin_list>
<bind>
<StgValue><ssdm name="input_r_V_user_V"/></StgValue>
</bind>
</comp>

<comp id="8" class="1000" name="input_r_V_last_V">
<pin_list>
<pin id="9" dir="1" index="0" bw="1" slack="0"/>
</pin_list>
<bind>
<StgValue><ssdm name="input_r_V_last_V"/></StgValue>
</bind>
</comp>

<comp id="10" class="1000" name="input_r_V_id_V">
<pin_list>
<pin id="11" dir="1" index="0" bw="1" slack="0"/>
</pin_list>
<bind>
<StgValue><ssdm name="input_r_V_id_V"/></StgValue>
</bind>
</comp>

<comp id="12" class="1000" name="input_r_V_dest_V">
<pin_list>
<pin id="13" dir="1" index="0" bw="1" slack="0"/>
</pin_list>
<bind>
<StgValue><ssdm name="input_r_V_dest_V"/></StgValue>
</bind>
</comp>

<comp id="14" class="1000" name="result">
<pin_list>
<pin id="15" dir="1" index="0" bw="1" slack="0"/>
</pin_list>
<bind>
<StgValue><ssdm name="result"/></StgValue>
</bind>
</comp>

<comp id="16" class="1000" name="sigmoid_table">
<pin_list>
<pin id="17" dir="1" index="0" bw="1" slack="0"/>
</pin_list>
<bind>
<StgValue><ssdm name="sigmoid_table"/><MemPortTyVec>1 </MemPortTyVec>
</StgValue>
</bind>
</comp>

<comp id="18" class="1001" name="const_18">
<pin_list>
<pin id="19" dir="1" index="0" bw="1" slack="0"/>
</pin_list>
<bind>
<StgValue><ssdm name="_ssdm_op_Read.axis.volatile.i32P0A.i4P0A.i4P0A.i2P0A.i1P0A.i5P0A.i6P0A"/></StgValue>
</bind>
</comp>

<comp id="20" class="1001" name="const_20">
<pin_list>
<pin id="21" dir="1" index="0" bw="1" slack="0"/>
</pin_list>
<bind>
<StgValue><ssdm name="_ssdm_op_BitConcatenate.i2576.i6.i10.i6.i10.i6.i10.i6.i10.i6.i10.i6.i10.i6.i10.i6.i10.i6.i10.i6.i10.i6.i10.i6.i10.i6.i10.i6.i10.i6.i10.i6.i10.i6.i10.i6.i10.i6.i10.i6.i10.i6.i10.i6.i10.i6.i10.i6.i10.i6.i10.i6.i10.i6.i10.i6.i10.i6.i10.i6.i10.i6.i10.i6.i10.i6.i10.i6.i10.i6.i10.i6.i10.i6.i10.i6.i10.i6.i10.i6.i10.i6.i10.i6.i10.i6.i10.i6.i10.i6.i10.i6.i10.i6.i10.i6.i10.i6.i10.i6.i10.i6.i10.i6.i10.i6.i10.i6.i10.i6.i10.i6.i10.i6.i10.i6.i10.i6.i10.i6.i10.i6.i10.i6.i10.i6.i10.i6.i10.i6.i10.i6.i10.i6.i10.i6.i10.i6.i10.i6.i10.i6.i10.i6.i10.i6.i10.i6.i10.i6.i10.i6.i10.i6.i10.i6.i10.i6.i10.i6.i10.i6.i10.i6.i10.i6.i10.i6.i10.i6.i10.i6.i10.i6.i10.i6.i10.i6.i10.i6.i10.i6.i10.i6.i10.i6.i10.i6.i10.i6.i10.i6.i10.i6.i10.i6.i10.i6.i10.i6.i10.i6.i10.i6.i10.i6.i10.i6.i10.i6.i10.i6.i10.i6.i10.i6.i10.i6.i10.i6.i10.i6.i10.i6.i10.i6.i10.i6.i10.i6.i10.i6.i10.i6.i10.i6.i10.i6.i10.i6.i10.i6.i10.i6.i10.i6.i10.i6.i10.i6.i10.i6.i10.i6.i10.i6.i10.i6.i10.i6.i10.i6.i10.i6.i10.i6.i10.i6.i10.i6.i10.i6.i10.i6.i10.i6.i10.i6.i10.i6.i10.i6.i10.i6.i10.i6.i10.i6.i10.i6.i10.i6.i10.i6.i10.i6.i10.i6.i10.i6.i10.i6.i10.i6.i10.i6.i10.i6.i10.i6.i10.i6.i10.i6.i10.i6.i10.i6.i10.i6.i10.i6.i10"/></StgValue>
</bind>
</comp>

<comp id="22" class="1001" name="const_22">
<pin_list>
<pin id="23" dir="1" index="0" bw="1" slack="0"/>
</pin_list>
<bind>
<StgValue><ssdm name=""/></StgValue>
</bind>
</comp>

<comp id="24" class="1001" name="const_24">
<pin_list>
<pin id="25" dir="1" index="0" bw="1" slack="0"/>
</pin_list>
<bind>
<StgValue><ssdm name="dense_latency<ap_fixed<16, 6, 5, 3, 0>, ap_fixed<8, 4, 5, 3, 0>, config2>"/></StgValue>
</bind>
</comp>

<comp id="26" class="1001" name="const_26">
<pin_list>
<pin id="27" dir="1" index="0" bw="1" slack="0"/>
</pin_list>
<bind>
<StgValue><ssdm name="dense_latency<ap_fixed<8, 4, 5, 3, 0>, ap_fixed<8, 4, 5, 3, 0>, config5>"/></StgValue>
</bind>
</comp>

<comp id="28" class="1001" name="const_28">
<pin_list>
<pin id="29" dir="1" index="0" bw="1" slack="0"/>
</pin_list>
<bind>
<StgValue><ssdm name="dense_latency<ap_fixed<8, 4, 5, 3, 0>, ap_fixed<8, 4, 5, 3, 0>, config8>"/></StgValue>
</bind>
</comp>

<comp id="30" class="1001" name="const_30">
<pin_list>
<pin id="31" dir="1" index="0" bw="1" slack="0"/>
</pin_list>
<bind>
<StgValue><ssdm name="dense_latency<ap_fixed<8, 4, 5, 3, 0>, ap_fixed<8, 4, 5, 3, 0>, config11>"/></StgValue>
</bind>
</comp>

<comp id="32" class="1001" name="const_32">
<pin_list>
<pin id="33" dir="1" index="0" bw="1" slack="0"/>
</pin_list>
<bind>
<StgValue><ssdm name="dense_latency<ap_fixed<8, 4, 5, 3, 0>, ap_fixed<8, 4, 5, 3, 0>, config14>"/></StgValue>
</bind>
</comp>

<comp id="34" class="1001" name="const_34">
<pin_list>
<pin id="35" dir="1" index="0" bw="1" slack="0"/>
</pin_list>
<bind>
<StgValue><ssdm name="dense_latency<ap_fixed<8, 4, 5, 3, 0>, ap_fixed<8, 4, 5, 3, 0>, config17>"/></StgValue>
</bind>
</comp>

<comp id="36" class="1001" name="const_36">
<pin_list>
<pin id="37" dir="1" index="0" bw="1" slack="0"/>
</pin_list>
<bind>
<StgValue><ssdm name="sigmoid<ap_fixed<8, 4, 5, 3, 0>, ap_fixed<8, 4, 5, 3, 0>, sigmoid_config19>"/></StgValue>
</bind>
</comp>

<comp id="38" class="1001" name="const_38">
<pin_list>
<pin id="39" dir="1" index="0" bw="1" slack="0"/>
</pin_list>
<bind>
<StgValue><ssdm name="llvm.part.select.i8"/></StgValue>
</bind>
</comp>

<comp id="40" class="1001" name="const_40">
<pin_list>
<pin id="41" dir="1" index="0" bw="1" slack="0"/>
</pin_list>
<bind>
<StgValue><ssdm name=""/></StgValue>
</bind>
</comp>

<comp id="42" class="1001" name="const_42">
<pin_list>
<pin id="43" dir="1" index="0" bw="1" slack="0"/>
</pin_list>
<bind>
<StgValue><ssdm name=""/></StgValue>
</bind>
</comp>

<comp id="44" class="1001" name="const_44">
<pin_list>
<pin id="45" dir="1" index="0" bw="1" slack="0"/>
</pin_list>
<bind>
<StgValue><ssdm name="_ssdm_op_BitConcatenate.i9.i1.i8"/></StgValue>
</bind>
</comp>

<comp id="46" class="1001" name="const_46">
<pin_list>
<pin id="47" dir="1" index="0" bw="1" slack="0"/>
</pin_list>
<bind>
<StgValue><ssdm name=""/></StgValue>
</bind>
</comp>

<comp id="48" class="1001" name="const_48">
<pin_list>
<pin id="49" dir="1" index="0" bw="1" slack="0"/>
</pin_list>
<bind>
<StgValue><ssdm name="llvm.cttz.i32"/></StgValue>
</bind>
</comp>

<comp id="50" class="1001" name="const_50">
<pin_list>
<pin id="51" dir="1" index="0" bw="1" slack="0"/>
</pin_list>
<bind>
<StgValue><ssdm name=""/></StgValue>
</bind>
</comp>

<comp id="52" class="1001" name="const_52">
<pin_list>
<pin id="53" dir="1" index="0" bw="1" slack="0"/>
</pin_list>
<bind>
<StgValue><ssdm name=""/></StgValue>
</bind>
</comp>

<comp id="54" class="1001" name="const_54">
<pin_list>
<pin id="55" dir="1" index="0" bw="1" slack="0"/>
</pin_list>
<bind>
<StgValue><ssdm name="_ssdm_op_PartSelect.i31.i32.i32.i32"/></StgValue>
</bind>
</comp>

<comp id="56" class="1001" name="const_56">
<pin_list>
<pin id="57" dir="1" index="0" bw="1" slack="0"/>
</pin_list>
<bind>
<StgValue><ssdm name=""/></StgValue>
</bind>
</comp>

<comp id="58" class="1001" name="const_58">
<pin_list>
<pin id="59" dir="1" index="0" bw="1" slack="0"/>
</pin_list>
<bind>
<StgValue><ssdm name=""/></StgValue>
</bind>
</comp>

<comp id="60" class="1001" name="const_60">
<pin_list>
<pin id="61" dir="1" index="0" bw="1" slack="0"/>
</pin_list>
<bind>
<StgValue><ssdm name=""/></StgValue>
</bind>
</comp>

<comp id="62" class="1001" name="const_62">
<pin_list>
<pin id="63" dir="1" index="0" bw="1" slack="0"/>
</pin_list>
<bind>
<StgValue><ssdm name=""/></StgValue>
</bind>
</comp>

<comp id="64" class="1001" name="const_64">
<pin_list>
<pin id="65" dir="1" index="0" bw="1" slack="0"/>
</pin_list>
<bind>
<StgValue><ssdm name=""/></StgValue>
</bind>
</comp>

<comp id="66" class="1001" name="const_66">
<pin_list>
<pin id="67" dir="1" index="0" bw="1" slack="0"/>
</pin_list>
<bind>
<StgValue><ssdm name=""/></StgValue>
</bind>
</comp>

<comp id="68" class="1001" name="const_68">
<pin_list>
<pin id="69" dir="1" index="0" bw="1" slack="0"/>
</pin_list>
<bind>
<StgValue><ssdm name="_ssdm_op_BitSelect.i1.i32.i32"/></StgValue>
</bind>
</comp>

<comp id="70" class="1001" name="const_70">
<pin_list>
<pin id="71" dir="1" index="0" bw="1" slack="0"/>
</pin_list>
<bind>
<StgValue><ssdm name=""/></StgValue>
</bind>
</comp>

<comp id="72" class="1001" name="const_72">
<pin_list>
<pin id="73" dir="1" index="0" bw="1" slack="0"/>
</pin_list>
<bind>
<StgValue><ssdm name="_ssdm_op_BitSelect.i1.i8.i8"/></StgValue>
</bind>
</comp>

<comp id="74" class="1001" name="const_74">
<pin_list>
<pin id="75" dir="1" index="0" bw="1" slack="0"/>
</pin_list>
<bind>
<StgValue><ssdm name="_ssdm_op_BitConcatenate.i2.i1.i1"/></StgValue>
</bind>
</comp>

<comp id="76" class="1001" name="const_76">
<pin_list>
<pin id="77" dir="1" index="0" bw="1" slack="0"/>
</pin_list>
<bind>
<StgValue><ssdm name=""/></StgValue>
</bind>
</comp>

<comp id="78" class="1001" name="const_78">
<pin_list>
<pin id="79" dir="1" index="0" bw="1" slack="0"/>
</pin_list>
<bind>
<StgValue><ssdm name=""/></StgValue>
</bind>
</comp>

<comp id="80" class="1001" name="const_80">
<pin_list>
<pin id="81" dir="1" index="0" bw="1" slack="0"/>
</pin_list>
<bind>
<StgValue><ssdm name=""/></StgValue>
</bind>
</comp>

<comp id="82" class="1001" name="const_82">
<pin_list>
<pin id="83" dir="1" index="0" bw="1" slack="0"/>
</pin_list>
<bind>
<StgValue><ssdm name="_ssdm_op_PartSelect.i63.i64.i32.i32"/></StgValue>
</bind>
</comp>

<comp id="84" class="1001" name="const_84">
<pin_list>
<pin id="85" dir="1" index="0" bw="1" slack="0"/>
</pin_list>
<bind>
<StgValue><ssdm name=""/></StgValue>
</bind>
</comp>

<comp id="86" class="1001" name="const_86">
<pin_list>
<pin id="87" dir="1" index="0" bw="1" slack="0"/>
</pin_list>
<bind>
<StgValue><ssdm name="_ssdm_op_BitSelect.i1.i64.i32"/></StgValue>
</bind>
</comp>

<comp id="88" class="1001" name="const_88">
<pin_list>
<pin id="89" dir="1" index="0" bw="1" slack="0"/>
</pin_list>
<bind>
<StgValue><ssdm name="_ssdm_op_PartSelect.i52.i64.i32.i32"/></StgValue>
</bind>
</comp>

<comp id="90" class="1001" name="const_90">
<pin_list>
<pin id="91" dir="1" index="0" bw="1" slack="0"/>
</pin_list>
<bind>
<StgValue><ssdm name=""/></StgValue>
</bind>
</comp>

<comp id="92" class="1001" name="const_92">
<pin_list>
<pin id="93" dir="1" index="0" bw="1" slack="0"/>
</pin_list>
<bind>
<StgValue><ssdm name=""/></StgValue>
</bind>
</comp>

<comp id="94" class="1001" name="const_94">
<pin_list>
<pin id="95" dir="1" index="0" bw="1" slack="0"/>
</pin_list>
<bind>
<StgValue><ssdm name=""/></StgValue>
</bind>
</comp>

<comp id="96" class="1001" name="const_96">
<pin_list>
<pin id="97" dir="1" index="0" bw="1" slack="0"/>
</pin_list>
<bind>
<StgValue><ssdm name=""/></StgValue>
</bind>
</comp>

<comp id="98" class="1001" name="const_98">
<pin_list>
<pin id="99" dir="1" index="0" bw="1" slack="0"/>
</pin_list>
<bind>
<StgValue><ssdm name=""/></StgValue>
</bind>
</comp>

<comp id="100" class="1001" name="const_100">
<pin_list>
<pin id="101" dir="1" index="0" bw="1" slack="0"/>
</pin_list>
<bind>
<StgValue><ssdm name="_ssdm_op_BitConcatenate.i12.i1.i11"/></StgValue>
</bind>
</comp>

<comp id="102" class="1001" name="const_102">
<pin_list>
<pin id="103" dir="1" index="0" bw="1" slack="0"/>
</pin_list>
<bind>
<StgValue><ssdm name="_ssdm_op_PartSet.i64.i64.i12.i32.i32"/></StgValue>
</bind>
</comp>

<comp id="104" class="1001" name="const_104">
<pin_list>
<pin id="105" dir="1" index="0" bw="1" slack="0"/>
</pin_list>
<bind>
<StgValue><ssdm name=""/></StgValue>
</bind>
</comp>

<comp id="106" class="1001" name="const_106">
<pin_list>
<pin id="107" dir="1" index="0" bw="1" slack="0"/>
</pin_list>
<bind>
<StgValue><ssdm name=""/></StgValue>
</bind>
</comp>

<comp id="108" class="1001" name="const_108">
<pin_list>
<pin id="109" dir="1" index="0" bw="1" slack="0"/>
</pin_list>
<bind>
<StgValue><ssdm name=""/></StgValue>
</bind>
</comp>

<comp id="110" class="1001" name="const_110">
<pin_list>
<pin id="111" dir="1" index="0" bw="1" slack="2147483647"/>
</pin_list>
<bind>
<StgValue><ssdm name="_ssdm_op_SpecPipeline"/></StgValue>
</bind>
</comp>

<comp id="112" class="1001" name="const_112">
<pin_list>
<pin id="113" dir="1" index="0" bw="1" slack="2147483647"/>
</pin_list>
<bind>
<StgValue><ssdm name=""/></StgValue>
</bind>
</comp>

<comp id="114" class="1001" name="const_114">
<pin_list>
<pin id="115" dir="1" index="0" bw="1" slack="2147483647"/>
</pin_list>
<bind>
<StgValue><ssdm name="empty_1"/></StgValue>
</bind>
</comp>

<comp id="116" class="1001" name="const_116">
<pin_list>
<pin id="117" dir="1" index="0" bw="1" slack="2147483647"/>
</pin_list>
<bind>
<StgValue><ssdm name="_ssdm_op_SpecTopModule"/></StgValue>
</bind>
</comp>

<comp id="118" class="1001" name="const_118">
<pin_list>
<pin id="119" dir="1" index="0" bw="1" slack="2147483647"/>
</pin_list>
<bind>
<StgValue><ssdm name="empty_5"/></StgValue>
</bind>
</comp>

<comp id="120" class="1001" name="const_120">
<pin_list>
<pin id="121" dir="1" index="0" bw="1" slack="2147483647"/>
</pin_list>
<bind>
<StgValue><ssdm name="_ssdm_op_SpecInterface"/></StgValue>
</bind>
</comp>

<comp id="122" class="1001" name="const_122">
<pin_list>
<pin id="123" dir="1" index="0" bw="1" slack="2147483647"/>
</pin_list>
<bind>
<StgValue><ssdm name="empty_6"/></StgValue>
</bind>
</comp>

<comp id="124" class="1001" name="const_124">
<pin_list>
<pin id="125" dir="1" index="0" bw="1" slack="2147483647"/>
</pin_list>
<bind>
<StgValue><ssdm name="empty"/></StgValue>
</bind>
</comp>

<comp id="126" class="1001" name="const_126">
<pin_list>
<pin id="127" dir="1" index="0" bw="1" slack="2147483647"/>
</pin_list>
<bind>
<StgValue><ssdm name="empty_0"/></StgValue>
</bind>
</comp>

<comp id="128" class="1001" name="const_128">
<pin_list>
<pin id="129" dir="1" index="0" bw="1" slack="2147483647"/>
</pin_list>
<bind>
<StgValue><ssdm name="_ssdm_op_SpecBitsMap"/></StgValue>
</bind>
</comp>

<comp id="130" class="1001" name="const_130">
<pin_list>
<pin id="131" dir="1" index="0" bw="1" slack="2147483647"/>
</pin_list>
<bind>
<StgValue><ssdm name="empty_2"/></StgValue>
</bind>
</comp>

<comp id="132" class="1001" name="const_132">
<pin_list>
<pin id="133" dir="1" index="0" bw="1" slack="2147483647"/>
</pin_list>
<bind>
<StgValue><ssdm name="_ssdm_op_SpecAXISSideChannel"/></StgValue>
</bind>
</comp>

<comp id="134" class="1001" name="const_134">
<pin_list>
<pin id="135" dir="1" index="0" bw="1" slack="2147483647"/>
</pin_list>
<bind>
<StgValue><ssdm name="empty_3"/></StgValue>
</bind>
</comp>

<comp id="136" class="1001" name="const_136">
<pin_list>
<pin id="137" dir="1" index="0" bw="1" slack="0"/>
</pin_list>
<bind>
<StgValue><ssdm name=""/></StgValue>
</bind>
</comp>

<comp id="138" class="1001" name="const_138">
<pin_list>
<pin id="139" dir="1" index="0" bw="1" slack="0"/>
</pin_list>
<bind>
<StgValue><ssdm name=""/></StgValue>
</bind>
</comp>

<comp id="140" class="1001" name="const_140">
<pin_list>
<pin id="141" dir="1" index="0" bw="1" slack="0"/>
</pin_list>
<bind>
<StgValue><ssdm name="_ssdm_op_Write.ap_auto.i32P0A"/></StgValue>
</bind>
</comp>

<comp id="142" class="1004" name="grp_read_fu_142">
<pin_list>
<pin id="143" dir="0" index="0" bw="54" slack="0"/>
<pin id="144" dir="0" index="1" bw="32" slack="0"/>
<pin id="145" dir="0" index="2" bw="4" slack="0"/>
<pin id="146" dir="0" index="3" bw="4" slack="0"/>
<pin id="147" dir="0" index="4" bw="2" slack="0"/>
<pin id="148" dir="0" index="5" bw="1" slack="0"/>
<pin id="149" dir="0" index="6" bw="5" slack="0"/>
<pin id="150" dir="0" index="7" bw="6" slack="0"/>
<pin id="151" dir="1" index="8" bw="54" slack="0"/>
</pin_list>
<bind>
<opcode="read(1150) " fcode="read"/>
<opset="empty/1 empty_1377/2 empty_1378/3 empty_1379/4 empty_1380/5 empty_1381/6 empty_1382/7 empty_1383/8 empty_1384/9 empty_1385/10 empty_1386/11 empty_1387/12 empty_1388/13 empty_1389/14 empty_1390/15 empty_1391/16 empty_1392/17 empty_1393/18 empty_1394/19 empty_1395/20 empty_1396/21 empty_1397/22 empty_1398/23 empty_1399/24 empty_1400/25 empty_1401/26 empty_1402/27 empty_1403/28 empty_1404/29 empty_1405/30 empty_1406/31 empty_1407/32 empty_1408/33 empty_1409/34 empty_1410/35 empty_1411/36 empty_1412/37 empty_1413/38 empty_1414/39 empty_1415/40 empty_1416/41 empty_1417/42 empty_1418/43 empty_1419/44 empty_1420/45 empty_1421/46 empty_1422/47 empty_1423/48 empty_1424/49 empty_1425/50 empty_1426/51 empty_1427/52 empty_1428/53 empty_1429/54 empty_1430/55 empty_1431/56 empty_1432/57 empty_1433/58 empty_1434/59 empty_1435/60 empty_1436/61 empty_1437/62 empty_1438/63 empty_1439/64 empty_1440/65 empty_1441/66 empty_1442/67 empty_1443/68 empty_1444/69 empty_1445/70 empty_1446/71 empty_1447/72 empty_1448/73 empty_1449/74 empty_1450/75 empty_1451/76 empty_1452/77 empty_1453/78 empty_1454/79 empty_1455/80 empty_1456/81 empty_1457/82 empty_1458/83 empty_1459/84 empty_1460/85 empty_1461/86 empty_1462/87 empty_1463/88 empty_1464/89 empty_1465/90 empty_1466/91 empty_1467/92 empty_1468/93 empty_1469/94 empty_1470/95 empty_1471/96 empty_1472/97 empty_1473/98 empty_1474/99 empty_1475/100 empty_1476/101 empty_1477/102 empty_1478/103 empty_1479/104 empty_1480/105 empty_1481/106 empty_1482/107 empty_1483/108 empty_1484/109 empty_1485/110 empty_1486/111 empty_1487/112 empty_1488/113 empty_1489/114 empty_1490/115 empty_1491/116 empty_1492/117 empty_1493/118 empty_1494/119 empty_1495/120 empty_1496/121 empty_1497/122 empty_1498/123 empty_1499/124 empty_1500/125 empty_1501/126 empty_1502/127 empty_1503/128 empty_1504/129 empty_1505/130 empty_1506/131 empty_1507/132 empty_1508/133 empty_1509/134 empty_1510/135 empty_1511/136 empty_1512/137 empty_1513/138 empty_1514/139 empty_1515/140 empty_1516/141 empty_1517/142 empty_1518/143 empty_1519/144 empty_1520/145 empty_1521/146 empty_1522/147 empty_1523/148 empty_1524/149 empty_1525/150 empty_1526/151 empty_1527/152 empty_1528/153 empty_1529/154 empty_1530/155 empty_1531/156 empty_1532/157 empty_1533/158 empty_1534/159 empty_1535/160 empty_1536/161 "/>
</bind>
</comp>

<comp id="160" class="1004" name="write_ln90_write_fu_160">
<pin_list>
<pin id="161" dir="0" index="0" bw="0" slack="0"/>
<pin id="162" dir="0" index="1" bw="32" slack="0"/>
<pin id="163" dir="0" index="2" bw="4" slack="0"/>
<pin id="164" dir="1" index="3" bw="0" slack="2147483647"/>
</pin_list>
<bind>
<opcode="write(1151) " fcode="write"/>
<opset="write_ln90/178 "/>
</bind>
</comp>

<comp id="167" class="1004" name="grp_dense_latency_ap_fixed_16_6_5_3_0_ap_fixed_8_4_5_3_0_config2_s_fu_167">
<pin_list>
<pin id="168" dir="0" index="0" bw="48" slack="0"/>
<pin id="169" dir="0" index="1" bw="2576" slack="0"/>
<pin id="170" dir="1" index="2" bw="48" slack="0"/>
</pin_list>
<bind>
<opcode="call(48) " fcode="call"/>
<opset="call_ret1/161 "/>
</bind>
</comp>

<comp id="172" class="1004" name="grp_dense_latency_ap_fixed_8_4_5_3_0_ap_fixed_8_4_5_3_0_config5_s_fu_172">
<pin_list>
<pin id="173" dir="0" index="0" bw="24" slack="0"/>
<pin id="174" dir="0" index="1" bw="8" slack="1"/>
<pin id="175" dir="0" index="2" bw="8" slack="1"/>
<pin id="176" dir="0" index="3" bw="8" slack="1"/>
<pin id="177" dir="0" index="4" bw="8" slack="1"/>
<pin id="178" dir="0" index="5" bw="8" slack="1"/>
<pin id="179" dir="0" index="6" bw="8" slack="1"/>
<pin id="180" dir="1" index="7" bw="24" slack="0"/>
</pin_list>
<bind>
<opcode="call(48) " fcode="call"/>
<opset="call_ret2/166 "/>
</bind>
</comp>

<comp id="182" class="1004" name="grp_dense_latency_ap_fixed_8_4_5_3_0_ap_fixed_8_4_5_3_0_config8_s_fu_182">
<pin_list>
<pin id="183" dir="0" index="0" bw="16" slack="0"/>
<pin id="184" dir="0" index="1" bw="8" slack="1"/>
<pin id="185" dir="0" index="2" bw="8" slack="1"/>
<pin id="186" dir="0" index="3" bw="8" slack="1"/>
<pin id="187" dir="1" index="4" bw="16" slack="0"/>
</pin_list>
<bind>
<opcode="call(48) " fcode="call"/>
<opset="call_ret3/168 "/>
</bind>
</comp>

<comp id="189" class="1004" name="call_ret4_dense_latency_ap_fixed_8_4_5_3_0_ap_fixed_8_4_5_3_0_config11_s_fu_189">
<pin_list>
<pin id="190" dir="0" index="0" bw="16" slack="0"/>
<pin id="191" dir="0" index="1" bw="8" slack="1"/>
<pin id="192" dir="0" index="2" bw="8" slack="1"/>
<pin id="193" dir="1" index="3" bw="16" slack="0"/>
</pin_list>
<bind>
<opcode="call(48) " fcode="call"/>
<opset="call_ret4/170 "/>
</bind>
</comp>

<comp id="195" class="1004" name="call_ret5_dense_latency_ap_fixed_8_4_5_3_0_ap_fixed_8_4_5_3_0_config14_s_fu_195">
<pin_list>
<pin id="196" dir="0" index="0" bw="16" slack="0"/>
<pin id="197" dir="0" index="1" bw="8" slack="1"/>
<pin id="198" dir="0" index="2" bw="8" slack="1"/>
<pin id="199" dir="1" index="3" bw="16" slack="0"/>
</pin_list>
<bind>
<opcode="call(48) " fcode="call"/>
<opset="call_ret5/171 "/>
</bind>
</comp>

<comp id="201" class="1004" name="layer17_out_V_dense_latency_ap_fixed_8_4_5_3_0_ap_fixed_8_4_5_3_0_config17_s_fu_201">
<pin_list>
<pin id="202" dir="0" index="0" bw="8" slack="0"/>
<pin id="203" dir="0" index="1" bw="8" slack="1"/>
<pin id="204" dir="0" index="2" bw="8" slack="1"/>
<pin id="205" dir="1" index="3" bw="8" slack="1"/>
</pin_list>
<bind>
<opcode="call(48) " fcode="call"/>
<opset="layer17_out_V/172 "/>
</bind>
</comp>

<comp id="207" class="1004" name="grp_sigmoid_ap_fixed_8_4_5_3_0_ap_fixed_8_4_5_3_0_sigmoid_config19_s_fu_207">
<pin_list>
<pin id="208" dir="0" index="0" bw="4" slack="0"/>
<pin id="209" dir="0" index="1" bw="8" slack="1"/>
<pin id="210" dir="0" index="2" bw="10" slack="0"/>
<pin id="211" dir="1" index="3" bw="4" slack="0"/>
</pin_list>
<bind>
<opcode="call(48) " fcode="call"/>
<opset="layer19_out_V/173 "/>
</bind>
</comp>

<comp id="214" class="1004" name="grp_fu_214">
<pin_list>
<pin id="215" dir="0" index="0" bw="64" slack="0"/>
<pin id="216" dir="0" index="1" bw="64" slack="0"/>
<pin id="217" dir="1" index="2" bw="1" slack="0"/>
</pin_list>
<bind>
<opcode="dcmp(513) " fcode="dcmp"/>
<opset="tmp_1/177 "/>
</bind>
</comp>

<comp id="219" class="1004" name="grp_fu_219">
<pin_list>
<pin id="220" dir="0" index="0" bw="54" slack="0"/>
<pin id="221" dir="1" index="1" bw="32" slack="0"/>
</pin_list>
<bind>
<opcode="extractvalue(56) " fcode="extractvalue"/>
<opset="tmp_data_V/1 tmp_data_V_1/2 tmp_data_V_2/3 tmp_data_V_3/4 tmp_data_V_4/5 tmp_data_V_5/6 tmp_data_V_6/7 tmp_data_V_7/8 tmp_data_V_8/9 tmp_data_V_9/10 tmp_data_V_10/11 tmp_data_V_11/12 tmp_data_V_12/13 tmp_data_V_13/14 tmp_data_V_14/15 tmp_data_V_15/16 tmp_data_V_16/17 tmp_data_V_17/18 tmp_data_V_18/19 tmp_data_V_19/20 tmp_data_V_20/21 tmp_data_V_21/22 tmp_data_V_22/23 tmp_data_V_23/24 tmp_data_V_24/25 tmp_data_V_25/26 tmp_data_V_26/27 tmp_data_V_27/28 tmp_data_V_28/29 tmp_data_V_29/30 tmp_data_V_30/31 tmp_data_V_31/32 tmp_data_V_32/33 tmp_data_V_33/34 tmp_data_V_34/35 tmp_data_V_35/36 tmp_data_V_36/37 tmp_data_V_37/38 tmp_data_V_38/39 tmp_data_V_39/40 tmp_data_V_40/41 tmp_data_V_41/42 tmp_data_V_42/43 tmp_data_V_43/44 tmp_data_V_44/45 tmp_data_V_45/46 tmp_data_V_46/47 tmp_data_V_47/48 tmp_data_V_48/49 tmp_data_V_49/50 tmp_data_V_50/51 tmp_data_V_51/52 tmp_data_V_52/53 tmp_data_V_53/54 tmp_data_V_54/55 tmp_data_V_55/56 tmp_data_V_56/57 tmp_data_V_57/58 tmp_data_V_58/59 tmp_data_V_59/60 tmp_data_V_60/61 tmp_data_V_61/62 tmp_data_V_62/63 tmp_data_V_63/64 tmp_data_V_64/65 tmp_data_V_65/66 tmp_data_V_66/67 tmp_data_V_67/68 tmp_data_V_68/69 tmp_data_V_69/70 tmp_data_V_70/71 tmp_data_V_71/72 tmp_data_V_72/73 tmp_data_V_73/74 tmp_data_V_74/75 tmp_data_V_75/76 tmp_data_V_76/77 tmp_data_V_77/78 tmp_data_V_78/79 tmp_data_V_79/80 tmp_data_V_80/81 tmp_data_V_81/82 tmp_data_V_82/83 tmp_data_V_83/84 tmp_data_V_84/85 tmp_data_V_85/86 tmp_data_V_86/87 tmp_data_V_87/88 tmp_data_V_88/89 tmp_data_V_89/90 tmp_data_V_90/91 tmp_data_V_91/92 tmp_data_V_92/93 tmp_data_V_93/94 tmp_data_V_94/95 tmp_data_V_95/96 tmp_data_V_96/97 tmp_data_V_97/98 tmp_data_V_98/99 tmp_data_V_99/100 tmp_data_V_100/101 tmp_data_V_101/102 tmp_data_V_102/103 tmp_data_V_103/104 tmp_data_V_104/105 tmp_data_V_105/106 tmp_data_V_106/107 tmp_data_V_107/108 tmp_data_V_108/109 tmp_data_V_109/110 tmp_data_V_110/111 tmp_data_V_111/112 tmp_data_V_112/113 tmp_data_V_113/114 tmp_data_V_114/115 tmp_data_V_115/116 tmp_data_V_116/117 tmp_data_V_117/118 tmp_data_V_118/119 tmp_data_V_119/120 tmp_data_V_120/121 tmp_data_V_121/122 tmp_data_V_122/123 tmp_data_V_123/124 tmp_data_V_124/125 tmp_data_V_125/126 tmp_data_V_126/127 tmp_data_V_127/128 tmp_data_V_128/129 tmp_data_V_129/130 tmp_data_V_130/131 tmp_data_V_131/132 tmp_data_V_132/133 tmp_data_V_133/134 tmp_data_V_134/135 tmp_data_V_135/136 tmp_data_V_136/137 tmp_data_V_137/138 tmp_data_V_138/139 tmp_data_V_139/140 tmp_data_V_140/141 tmp_data_V_141/142 tmp_data_V_142/143 tmp_data_V_143/144 tmp_data_V_144/145 tmp_data_V_145/146 tmp_data_V_146/147 tmp_data_V_147/148 tmp_data_V_148/149 tmp_data_V_149/150 tmp_data_V_150/151 tmp_data_V_151/152 tmp_data_V_152/153 tmp_data_V_153/154 tmp_data_V_154/155 tmp_data_V_155/156 tmp_data_V_156/157 tmp_data_V_157/158 tmp_data_V_158/159 tmp_data_V_159/160 tmp_data_V_160/161 "/>
</bind>
</comp>

<comp id="223" class="1004" name="trunc_ln841_fu_223">
<pin_list>
<pin id="224" dir="0" index="0" bw="32" slack="0"/>
<pin id="225" dir="1" index="1" bw="6" slack="160"/>
</pin_list>
<bind>
<opcode="trunc(33) " fcode="trunc"/>
<opset="trunc_ln841/1 "/>
</bind>
</comp>

<comp id="227" class="1004" name="trunc_ln841_1_fu_227">
<pin_list>
<pin id="228" dir="0" index="0" bw="32" slack="0"/>
<pin id="229" dir="1" index="1" bw="6" slack="159"/>
</pin_list>
<bind>
<opcode="trunc(33) " fcode="trunc"/>
<opset="trunc_ln841_1/2 "/>
</bind>
</comp>

<comp id="231" class="1004" name="trunc_ln841_2_fu_231">
<pin_list>
<pin id="232" dir="0" index="0" bw="32" slack="0"/>
<pin id="233" dir="1" index="1" bw="6" slack="158"/>
</pin_list>
<bind>
<opcode="trunc(33) " fcode="trunc"/>
<opset="trunc_ln841_2/3 "/>
</bind>
</comp>

<comp id="235" class="1004" name="trunc_ln841_3_fu_235">
<pin_list>
<pin id="236" dir="0" index="0" bw="32" slack="0"/>
<pin id="237" dir="1" index="1" bw="6" slack="157"/>
</pin_list>
<bind>
<opcode="trunc(33) " fcode="trunc"/>
<opset="trunc_ln841_3/4 "/>
</bind>
</comp>

<comp id="239" class="1004" name="trunc_ln841_4_fu_239">
<pin_list>
<pin id="240" dir="0" index="0" bw="32" slack="0"/>
<pin id="241" dir="1" index="1" bw="6" slack="156"/>
</pin_list>
<bind>
<opcode="trunc(33) " fcode="trunc"/>
<opset="trunc_ln841_4/5 "/>
</bind>
</comp>

<comp id="243" class="1004" name="trunc_ln841_5_fu_243">
<pin_list>
<pin id="244" dir="0" index="0" bw="32" slack="0"/>
<pin id="245" dir="1" index="1" bw="6" slack="155"/>
</pin_list>
<bind>
<opcode="trunc(33) " fcode="trunc"/>
<opset="trunc_ln841_5/6 "/>
</bind>
</comp>

<comp id="247" class="1004" name="trunc_ln841_6_fu_247">
<pin_list>
<pin id="248" dir="0" index="0" bw="32" slack="0"/>
<pin id="249" dir="1" index="1" bw="6" slack="154"/>
</pin_list>
<bind>
<opcode="trunc(33) " fcode="trunc"/>
<opset="trunc_ln841_6/7 "/>
</bind>
</comp>

<comp id="251" class="1004" name="trunc_ln841_7_fu_251">
<pin_list>
<pin id="252" dir="0" index="0" bw="32" slack="0"/>
<pin id="253" dir="1" index="1" bw="6" slack="153"/>
</pin_list>
<bind>
<opcode="trunc(33) " fcode="trunc"/>
<opset="trunc_ln841_7/8 "/>
</bind>
</comp>

<comp id="255" class="1004" name="trunc_ln841_8_fu_255">
<pin_list>
<pin id="256" dir="0" index="0" bw="32" slack="0"/>
<pin id="257" dir="1" index="1" bw="6" slack="152"/>
</pin_list>
<bind>
<opcode="trunc(33) " fcode="trunc"/>
<opset="trunc_ln841_8/9 "/>
</bind>
</comp>

<comp id="259" class="1004" name="trunc_ln841_9_fu_259">
<pin_list>
<pin id="260" dir="0" index="0" bw="32" slack="0"/>
<pin id="261" dir="1" index="1" bw="6" slack="151"/>
</pin_list>
<bind>
<opcode="trunc(33) " fcode="trunc"/>
<opset="trunc_ln841_9/10 "/>
</bind>
</comp>

<comp id="263" class="1004" name="trunc_ln841_10_fu_263">
<pin_list>
<pin id="264" dir="0" index="0" bw="32" slack="0"/>
<pin id="265" dir="1" index="1" bw="6" slack="150"/>
</pin_list>
<bind>
<opcode="trunc(33) " fcode="trunc"/>
<opset="trunc_ln841_10/11 "/>
</bind>
</comp>

<comp id="267" class="1004" name="trunc_ln841_11_fu_267">
<pin_list>
<pin id="268" dir="0" index="0" bw="32" slack="0"/>
<pin id="269" dir="1" index="1" bw="6" slack="149"/>
</pin_list>
<bind>
<opcode="trunc(33) " fcode="trunc"/>
<opset="trunc_ln841_11/12 "/>
</bind>
</comp>

<comp id="271" class="1004" name="trunc_ln841_12_fu_271">
<pin_list>
<pin id="272" dir="0" index="0" bw="32" slack="0"/>
<pin id="273" dir="1" index="1" bw="6" slack="148"/>
</pin_list>
<bind>
<opcode="trunc(33) " fcode="trunc"/>
<opset="trunc_ln841_12/13 "/>
</bind>
</comp>

<comp id="275" class="1004" name="trunc_ln841_13_fu_275">
<pin_list>
<pin id="276" dir="0" index="0" bw="32" slack="0"/>
<pin id="277" dir="1" index="1" bw="6" slack="147"/>
</pin_list>
<bind>
<opcode="trunc(33) " fcode="trunc"/>
<opset="trunc_ln841_13/14 "/>
</bind>
</comp>

<comp id="279" class="1004" name="trunc_ln841_14_fu_279">
<pin_list>
<pin id="280" dir="0" index="0" bw="32" slack="0"/>
<pin id="281" dir="1" index="1" bw="6" slack="146"/>
</pin_list>
<bind>
<opcode="trunc(33) " fcode="trunc"/>
<opset="trunc_ln841_14/15 "/>
</bind>
</comp>

<comp id="283" class="1004" name="trunc_ln841_15_fu_283">
<pin_list>
<pin id="284" dir="0" index="0" bw="32" slack="0"/>
<pin id="285" dir="1" index="1" bw="6" slack="145"/>
</pin_list>
<bind>
<opcode="trunc(33) " fcode="trunc"/>
<opset="trunc_ln841_15/16 "/>
</bind>
</comp>

<comp id="287" class="1004" name="trunc_ln841_16_fu_287">
<pin_list>
<pin id="288" dir="0" index="0" bw="32" slack="0"/>
<pin id="289" dir="1" index="1" bw="6" slack="144"/>
</pin_list>
<bind>
<opcode="trunc(33) " fcode="trunc"/>
<opset="trunc_ln841_16/17 "/>
</bind>
</comp>

<comp id="291" class="1004" name="trunc_ln841_17_fu_291">
<pin_list>
<pin id="292" dir="0" index="0" bw="32" slack="0"/>
<pin id="293" dir="1" index="1" bw="6" slack="143"/>
</pin_list>
<bind>
<opcode="trunc(33) " fcode="trunc"/>
<opset="trunc_ln841_17/18 "/>
</bind>
</comp>

<comp id="295" class="1004" name="trunc_ln841_18_fu_295">
<pin_list>
<pin id="296" dir="0" index="0" bw="32" slack="0"/>
<pin id="297" dir="1" index="1" bw="6" slack="142"/>
</pin_list>
<bind>
<opcode="trunc(33) " fcode="trunc"/>
<opset="trunc_ln841_18/19 "/>
</bind>
</comp>

<comp id="299" class="1004" name="trunc_ln841_19_fu_299">
<pin_list>
<pin id="300" dir="0" index="0" bw="32" slack="0"/>
<pin id="301" dir="1" index="1" bw="6" slack="141"/>
</pin_list>
<bind>
<opcode="trunc(33) " fcode="trunc"/>
<opset="trunc_ln841_19/20 "/>
</bind>
</comp>

<comp id="303" class="1004" name="trunc_ln841_20_fu_303">
<pin_list>
<pin id="304" dir="0" index="0" bw="32" slack="0"/>
<pin id="305" dir="1" index="1" bw="6" slack="140"/>
</pin_list>
<bind>
<opcode="trunc(33) " fcode="trunc"/>
<opset="trunc_ln841_20/21 "/>
</bind>
</comp>

<comp id="307" class="1004" name="trunc_ln841_21_fu_307">
<pin_list>
<pin id="308" dir="0" index="0" bw="32" slack="0"/>
<pin id="309" dir="1" index="1" bw="6" slack="139"/>
</pin_list>
<bind>
<opcode="trunc(33) " fcode="trunc"/>
<opset="trunc_ln841_21/22 "/>
</bind>
</comp>

<comp id="311" class="1004" name="trunc_ln841_22_fu_311">
<pin_list>
<pin id="312" dir="0" index="0" bw="32" slack="0"/>
<pin id="313" dir="1" index="1" bw="6" slack="138"/>
</pin_list>
<bind>
<opcode="trunc(33) " fcode="trunc"/>
<opset="trunc_ln841_22/23 "/>
</bind>
</comp>

<comp id="315" class="1004" name="trunc_ln841_23_fu_315">
<pin_list>
<pin id="316" dir="0" index="0" bw="32" slack="0"/>
<pin id="317" dir="1" index="1" bw="6" slack="137"/>
</pin_list>
<bind>
<opcode="trunc(33) " fcode="trunc"/>
<opset="trunc_ln841_23/24 "/>
</bind>
</comp>

<comp id="319" class="1004" name="trunc_ln841_24_fu_319">
<pin_list>
<pin id="320" dir="0" index="0" bw="32" slack="0"/>
<pin id="321" dir="1" index="1" bw="6" slack="136"/>
</pin_list>
<bind>
<opcode="trunc(33) " fcode="trunc"/>
<opset="trunc_ln841_24/25 "/>
</bind>
</comp>

<comp id="323" class="1004" name="trunc_ln841_25_fu_323">
<pin_list>
<pin id="324" dir="0" index="0" bw="32" slack="0"/>
<pin id="325" dir="1" index="1" bw="6" slack="135"/>
</pin_list>
<bind>
<opcode="trunc(33) " fcode="trunc"/>
<opset="trunc_ln841_25/26 "/>
</bind>
</comp>

<comp id="327" class="1004" name="trunc_ln841_26_fu_327">
<pin_list>
<pin id="328" dir="0" index="0" bw="32" slack="0"/>
<pin id="329" dir="1" index="1" bw="6" slack="134"/>
</pin_list>
<bind>
<opcode="trunc(33) " fcode="trunc"/>
<opset="trunc_ln841_26/27 "/>
</bind>
</comp>

<comp id="331" class="1004" name="trunc_ln841_27_fu_331">
<pin_list>
<pin id="332" dir="0" index="0" bw="32" slack="0"/>
<pin id="333" dir="1" index="1" bw="6" slack="133"/>
</pin_list>
<bind>
<opcode="trunc(33) " fcode="trunc"/>
<opset="trunc_ln841_27/28 "/>
</bind>
</comp>

<comp id="335" class="1004" name="trunc_ln841_28_fu_335">
<pin_list>
<pin id="336" dir="0" index="0" bw="32" slack="0"/>
<pin id="337" dir="1" index="1" bw="6" slack="132"/>
</pin_list>
<bind>
<opcode="trunc(33) " fcode="trunc"/>
<opset="trunc_ln841_28/29 "/>
</bind>
</comp>

<comp id="339" class="1004" name="trunc_ln841_29_fu_339">
<pin_list>
<pin id="340" dir="0" index="0" bw="32" slack="0"/>
<pin id="341" dir="1" index="1" bw="6" slack="131"/>
</pin_list>
<bind>
<opcode="trunc(33) " fcode="trunc"/>
<opset="trunc_ln841_29/30 "/>
</bind>
</comp>

<comp id="343" class="1004" name="trunc_ln841_30_fu_343">
<pin_list>
<pin id="344" dir="0" index="0" bw="32" slack="0"/>
<pin id="345" dir="1" index="1" bw="6" slack="130"/>
</pin_list>
<bind>
<opcode="trunc(33) " fcode="trunc"/>
<opset="trunc_ln841_30/31 "/>
</bind>
</comp>

<comp id="347" class="1004" name="trunc_ln841_31_fu_347">
<pin_list>
<pin id="348" dir="0" index="0" bw="32" slack="0"/>
<pin id="349" dir="1" index="1" bw="6" slack="129"/>
</pin_list>
<bind>
<opcode="trunc(33) " fcode="trunc"/>
<opset="trunc_ln841_31/32 "/>
</bind>
</comp>

<comp id="351" class="1004" name="trunc_ln841_32_fu_351">
<pin_list>
<pin id="352" dir="0" index="0" bw="32" slack="0"/>
<pin id="353" dir="1" index="1" bw="6" slack="128"/>
</pin_list>
<bind>
<opcode="trunc(33) " fcode="trunc"/>
<opset="trunc_ln841_32/33 "/>
</bind>
</comp>

<comp id="355" class="1004" name="trunc_ln841_33_fu_355">
<pin_list>
<pin id="356" dir="0" index="0" bw="32" slack="0"/>
<pin id="357" dir="1" index="1" bw="6" slack="127"/>
</pin_list>
<bind>
<opcode="trunc(33) " fcode="trunc"/>
<opset="trunc_ln841_33/34 "/>
</bind>
</comp>

<comp id="359" class="1004" name="trunc_ln841_34_fu_359">
<pin_list>
<pin id="360" dir="0" index="0" bw="32" slack="0"/>
<pin id="361" dir="1" index="1" bw="6" slack="126"/>
</pin_list>
<bind>
<opcode="trunc(33) " fcode="trunc"/>
<opset="trunc_ln841_34/35 "/>
</bind>
</comp>

<comp id="363" class="1004" name="trunc_ln841_35_fu_363">
<pin_list>
<pin id="364" dir="0" index="0" bw="32" slack="0"/>
<pin id="365" dir="1" index="1" bw="6" slack="125"/>
</pin_list>
<bind>
<opcode="trunc(33) " fcode="trunc"/>
<opset="trunc_ln841_35/36 "/>
</bind>
</comp>

<comp id="367" class="1004" name="trunc_ln841_36_fu_367">
<pin_list>
<pin id="368" dir="0" index="0" bw="32" slack="0"/>
<pin id="369" dir="1" index="1" bw="6" slack="124"/>
</pin_list>
<bind>
<opcode="trunc(33) " fcode="trunc"/>
<opset="trunc_ln841_36/37 "/>
</bind>
</comp>

<comp id="371" class="1004" name="trunc_ln841_37_fu_371">
<pin_list>
<pin id="372" dir="0" index="0" bw="32" slack="0"/>
<pin id="373" dir="1" index="1" bw="6" slack="123"/>
</pin_list>
<bind>
<opcode="trunc(33) " fcode="trunc"/>
<opset="trunc_ln841_37/38 "/>
</bind>
</comp>

<comp id="375" class="1004" name="trunc_ln841_38_fu_375">
<pin_list>
<pin id="376" dir="0" index="0" bw="32" slack="0"/>
<pin id="377" dir="1" index="1" bw="6" slack="122"/>
</pin_list>
<bind>
<opcode="trunc(33) " fcode="trunc"/>
<opset="trunc_ln841_38/39 "/>
</bind>
</comp>

<comp id="379" class="1004" name="trunc_ln841_39_fu_379">
<pin_list>
<pin id="380" dir="0" index="0" bw="32" slack="0"/>
<pin id="381" dir="1" index="1" bw="6" slack="121"/>
</pin_list>
<bind>
<opcode="trunc(33) " fcode="trunc"/>
<opset="trunc_ln841_39/40 "/>
</bind>
</comp>

<comp id="383" class="1004" name="trunc_ln841_40_fu_383">
<pin_list>
<pin id="384" dir="0" index="0" bw="32" slack="0"/>
<pin id="385" dir="1" index="1" bw="6" slack="120"/>
</pin_list>
<bind>
<opcode="trunc(33) " fcode="trunc"/>
<opset="trunc_ln841_40/41 "/>
</bind>
</comp>

<comp id="387" class="1004" name="trunc_ln841_41_fu_387">
<pin_list>
<pin id="388" dir="0" index="0" bw="32" slack="0"/>
<pin id="389" dir="1" index="1" bw="6" slack="119"/>
</pin_list>
<bind>
<opcode="trunc(33) " fcode="trunc"/>
<opset="trunc_ln841_41/42 "/>
</bind>
</comp>

<comp id="391" class="1004" name="trunc_ln841_42_fu_391">
<pin_list>
<pin id="392" dir="0" index="0" bw="32" slack="0"/>
<pin id="393" dir="1" index="1" bw="6" slack="118"/>
</pin_list>
<bind>
<opcode="trunc(33) " fcode="trunc"/>
<opset="trunc_ln841_42/43 "/>
</bind>
</comp>

<comp id="395" class="1004" name="trunc_ln841_43_fu_395">
<pin_list>
<pin id="396" dir="0" index="0" bw="32" slack="0"/>
<pin id="397" dir="1" index="1" bw="6" slack="117"/>
</pin_list>
<bind>
<opcode="trunc(33) " fcode="trunc"/>
<opset="trunc_ln841_43/44 "/>
</bind>
</comp>

<comp id="399" class="1004" name="trunc_ln841_44_fu_399">
<pin_list>
<pin id="400" dir="0" index="0" bw="32" slack="0"/>
<pin id="401" dir="1" index="1" bw="6" slack="116"/>
</pin_list>
<bind>
<opcode="trunc(33) " fcode="trunc"/>
<opset="trunc_ln841_44/45 "/>
</bind>
</comp>

<comp id="403" class="1004" name="trunc_ln841_45_fu_403">
<pin_list>
<pin id="404" dir="0" index="0" bw="32" slack="0"/>
<pin id="405" dir="1" index="1" bw="6" slack="115"/>
</pin_list>
<bind>
<opcode="trunc(33) " fcode="trunc"/>
<opset="trunc_ln841_45/46 "/>
</bind>
</comp>

<comp id="407" class="1004" name="trunc_ln841_46_fu_407">
<pin_list>
<pin id="408" dir="0" index="0" bw="32" slack="0"/>
<pin id="409" dir="1" index="1" bw="6" slack="114"/>
</pin_list>
<bind>
<opcode="trunc(33) " fcode="trunc"/>
<opset="trunc_ln841_46/47 "/>
</bind>
</comp>

<comp id="411" class="1004" name="trunc_ln841_47_fu_411">
<pin_list>
<pin id="412" dir="0" index="0" bw="32" slack="0"/>
<pin id="413" dir="1" index="1" bw="6" slack="113"/>
</pin_list>
<bind>
<opcode="trunc(33) " fcode="trunc"/>
<opset="trunc_ln841_47/48 "/>
</bind>
</comp>

<comp id="415" class="1004" name="trunc_ln841_48_fu_415">
<pin_list>
<pin id="416" dir="0" index="0" bw="32" slack="0"/>
<pin id="417" dir="1" index="1" bw="6" slack="112"/>
</pin_list>
<bind>
<opcode="trunc(33) " fcode="trunc"/>
<opset="trunc_ln841_48/49 "/>
</bind>
</comp>

<comp id="419" class="1004" name="trunc_ln841_49_fu_419">
<pin_list>
<pin id="420" dir="0" index="0" bw="32" slack="0"/>
<pin id="421" dir="1" index="1" bw="6" slack="111"/>
</pin_list>
<bind>
<opcode="trunc(33) " fcode="trunc"/>
<opset="trunc_ln841_49/50 "/>
</bind>
</comp>

<comp id="423" class="1004" name="trunc_ln841_50_fu_423">
<pin_list>
<pin id="424" dir="0" index="0" bw="32" slack="0"/>
<pin id="425" dir="1" index="1" bw="6" slack="110"/>
</pin_list>
<bind>
<opcode="trunc(33) " fcode="trunc"/>
<opset="trunc_ln841_50/51 "/>
</bind>
</comp>

<comp id="427" class="1004" name="trunc_ln841_51_fu_427">
<pin_list>
<pin id="428" dir="0" index="0" bw="32" slack="0"/>
<pin id="429" dir="1" index="1" bw="6" slack="109"/>
</pin_list>
<bind>
<opcode="trunc(33) " fcode="trunc"/>
<opset="trunc_ln841_51/52 "/>
</bind>
</comp>

<comp id="431" class="1004" name="trunc_ln841_52_fu_431">
<pin_list>
<pin id="432" dir="0" index="0" bw="32" slack="0"/>
<pin id="433" dir="1" index="1" bw="6" slack="108"/>
</pin_list>
<bind>
<opcode="trunc(33) " fcode="trunc"/>
<opset="trunc_ln841_52/53 "/>
</bind>
</comp>

<comp id="435" class="1004" name="trunc_ln841_53_fu_435">
<pin_list>
<pin id="436" dir="0" index="0" bw="32" slack="0"/>
<pin id="437" dir="1" index="1" bw="6" slack="107"/>
</pin_list>
<bind>
<opcode="trunc(33) " fcode="trunc"/>
<opset="trunc_ln841_53/54 "/>
</bind>
</comp>

<comp id="439" class="1004" name="trunc_ln841_54_fu_439">
<pin_list>
<pin id="440" dir="0" index="0" bw="32" slack="0"/>
<pin id="441" dir="1" index="1" bw="6" slack="106"/>
</pin_list>
<bind>
<opcode="trunc(33) " fcode="trunc"/>
<opset="trunc_ln841_54/55 "/>
</bind>
</comp>

<comp id="443" class="1004" name="trunc_ln841_55_fu_443">
<pin_list>
<pin id="444" dir="0" index="0" bw="32" slack="0"/>
<pin id="445" dir="1" index="1" bw="6" slack="105"/>
</pin_list>
<bind>
<opcode="trunc(33) " fcode="trunc"/>
<opset="trunc_ln841_55/56 "/>
</bind>
</comp>

<comp id="447" class="1004" name="trunc_ln841_56_fu_447">
<pin_list>
<pin id="448" dir="0" index="0" bw="32" slack="0"/>
<pin id="449" dir="1" index="1" bw="6" slack="104"/>
</pin_list>
<bind>
<opcode="trunc(33) " fcode="trunc"/>
<opset="trunc_ln841_56/57 "/>
</bind>
</comp>

<comp id="451" class="1004" name="trunc_ln841_57_fu_451">
<pin_list>
<pin id="452" dir="0" index="0" bw="32" slack="0"/>
<pin id="453" dir="1" index="1" bw="6" slack="103"/>
</pin_list>
<bind>
<opcode="trunc(33) " fcode="trunc"/>
<opset="trunc_ln841_57/58 "/>
</bind>
</comp>

<comp id="455" class="1004" name="trunc_ln841_58_fu_455">
<pin_list>
<pin id="456" dir="0" index="0" bw="32" slack="0"/>
<pin id="457" dir="1" index="1" bw="6" slack="102"/>
</pin_list>
<bind>
<opcode="trunc(33) " fcode="trunc"/>
<opset="trunc_ln841_58/59 "/>
</bind>
</comp>

<comp id="459" class="1004" name="trunc_ln841_59_fu_459">
<pin_list>
<pin id="460" dir="0" index="0" bw="32" slack="0"/>
<pin id="461" dir="1" index="1" bw="6" slack="101"/>
</pin_list>
<bind>
<opcode="trunc(33) " fcode="trunc"/>
<opset="trunc_ln841_59/60 "/>
</bind>
</comp>

<comp id="463" class="1004" name="trunc_ln841_60_fu_463">
<pin_list>
<pin id="464" dir="0" index="0" bw="32" slack="0"/>
<pin id="465" dir="1" index="1" bw="6" slack="100"/>
</pin_list>
<bind>
<opcode="trunc(33) " fcode="trunc"/>
<opset="trunc_ln841_60/61 "/>
</bind>
</comp>

<comp id="467" class="1004" name="trunc_ln841_61_fu_467">
<pin_list>
<pin id="468" dir="0" index="0" bw="32" slack="0"/>
<pin id="469" dir="1" index="1" bw="6" slack="99"/>
</pin_list>
<bind>
<opcode="trunc(33) " fcode="trunc"/>
<opset="trunc_ln841_61/62 "/>
</bind>
</comp>

<comp id="471" class="1004" name="trunc_ln841_62_fu_471">
<pin_list>
<pin id="472" dir="0" index="0" bw="32" slack="0"/>
<pin id="473" dir="1" index="1" bw="6" slack="98"/>
</pin_list>
<bind>
<opcode="trunc(33) " fcode="trunc"/>
<opset="trunc_ln841_62/63 "/>
</bind>
</comp>

<comp id="475" class="1004" name="trunc_ln841_63_fu_475">
<pin_list>
<pin id="476" dir="0" index="0" bw="32" slack="0"/>
<pin id="477" dir="1" index="1" bw="6" slack="97"/>
</pin_list>
<bind>
<opcode="trunc(33) " fcode="trunc"/>
<opset="trunc_ln841_63/64 "/>
</bind>
</comp>

<comp id="479" class="1004" name="trunc_ln841_64_fu_479">
<pin_list>
<pin id="480" dir="0" index="0" bw="32" slack="0"/>
<pin id="481" dir="1" index="1" bw="6" slack="96"/>
</pin_list>
<bind>
<opcode="trunc(33) " fcode="trunc"/>
<opset="trunc_ln841_64/65 "/>
</bind>
</comp>

<comp id="483" class="1004" name="trunc_ln841_65_fu_483">
<pin_list>
<pin id="484" dir="0" index="0" bw="32" slack="0"/>
<pin id="485" dir="1" index="1" bw="6" slack="95"/>
</pin_list>
<bind>
<opcode="trunc(33) " fcode="trunc"/>
<opset="trunc_ln841_65/66 "/>
</bind>
</comp>

<comp id="487" class="1004" name="trunc_ln841_66_fu_487">
<pin_list>
<pin id="488" dir="0" index="0" bw="32" slack="0"/>
<pin id="489" dir="1" index="1" bw="6" slack="94"/>
</pin_list>
<bind>
<opcode="trunc(33) " fcode="trunc"/>
<opset="trunc_ln841_66/67 "/>
</bind>
</comp>

<comp id="491" class="1004" name="trunc_ln841_67_fu_491">
<pin_list>
<pin id="492" dir="0" index="0" bw="32" slack="0"/>
<pin id="493" dir="1" index="1" bw="6" slack="93"/>
</pin_list>
<bind>
<opcode="trunc(33) " fcode="trunc"/>
<opset="trunc_ln841_67/68 "/>
</bind>
</comp>

<comp id="495" class="1004" name="trunc_ln841_68_fu_495">
<pin_list>
<pin id="496" dir="0" index="0" bw="32" slack="0"/>
<pin id="497" dir="1" index="1" bw="6" slack="92"/>
</pin_list>
<bind>
<opcode="trunc(33) " fcode="trunc"/>
<opset="trunc_ln841_68/69 "/>
</bind>
</comp>

<comp id="499" class="1004" name="trunc_ln841_69_fu_499">
<pin_list>
<pin id="500" dir="0" index="0" bw="32" slack="0"/>
<pin id="501" dir="1" index="1" bw="6" slack="91"/>
</pin_list>
<bind>
<opcode="trunc(33) " fcode="trunc"/>
<opset="trunc_ln841_69/70 "/>
</bind>
</comp>

<comp id="503" class="1004" name="trunc_ln841_70_fu_503">
<pin_list>
<pin id="504" dir="0" index="0" bw="32" slack="0"/>
<pin id="505" dir="1" index="1" bw="6" slack="90"/>
</pin_list>
<bind>
<opcode="trunc(33) " fcode="trunc"/>
<opset="trunc_ln841_70/71 "/>
</bind>
</comp>

<comp id="507" class="1004" name="trunc_ln841_71_fu_507">
<pin_list>
<pin id="508" dir="0" index="0" bw="32" slack="0"/>
<pin id="509" dir="1" index="1" bw="6" slack="89"/>
</pin_list>
<bind>
<opcode="trunc(33) " fcode="trunc"/>
<opset="trunc_ln841_71/72 "/>
</bind>
</comp>

<comp id="511" class="1004" name="trunc_ln841_72_fu_511">
<pin_list>
<pin id="512" dir="0" index="0" bw="32" slack="0"/>
<pin id="513" dir="1" index="1" bw="6" slack="88"/>
</pin_list>
<bind>
<opcode="trunc(33) " fcode="trunc"/>
<opset="trunc_ln841_72/73 "/>
</bind>
</comp>

<comp id="515" class="1004" name="trunc_ln841_73_fu_515">
<pin_list>
<pin id="516" dir="0" index="0" bw="32" slack="0"/>
<pin id="517" dir="1" index="1" bw="6" slack="87"/>
</pin_list>
<bind>
<opcode="trunc(33) " fcode="trunc"/>
<opset="trunc_ln841_73/74 "/>
</bind>
</comp>

<comp id="519" class="1004" name="trunc_ln841_74_fu_519">
<pin_list>
<pin id="520" dir="0" index="0" bw="32" slack="0"/>
<pin id="521" dir="1" index="1" bw="6" slack="86"/>
</pin_list>
<bind>
<opcode="trunc(33) " fcode="trunc"/>
<opset="trunc_ln841_74/75 "/>
</bind>
</comp>

<comp id="523" class="1004" name="trunc_ln841_75_fu_523">
<pin_list>
<pin id="524" dir="0" index="0" bw="32" slack="0"/>
<pin id="525" dir="1" index="1" bw="6" slack="85"/>
</pin_list>
<bind>
<opcode="trunc(33) " fcode="trunc"/>
<opset="trunc_ln841_75/76 "/>
</bind>
</comp>

<comp id="527" class="1004" name="trunc_ln841_76_fu_527">
<pin_list>
<pin id="528" dir="0" index="0" bw="32" slack="0"/>
<pin id="529" dir="1" index="1" bw="6" slack="84"/>
</pin_list>
<bind>
<opcode="trunc(33) " fcode="trunc"/>
<opset="trunc_ln841_76/77 "/>
</bind>
</comp>

<comp id="531" class="1004" name="trunc_ln841_77_fu_531">
<pin_list>
<pin id="532" dir="0" index="0" bw="32" slack="0"/>
<pin id="533" dir="1" index="1" bw="6" slack="83"/>
</pin_list>
<bind>
<opcode="trunc(33) " fcode="trunc"/>
<opset="trunc_ln841_77/78 "/>
</bind>
</comp>

<comp id="535" class="1004" name="trunc_ln841_78_fu_535">
<pin_list>
<pin id="536" dir="0" index="0" bw="32" slack="0"/>
<pin id="537" dir="1" index="1" bw="6" slack="82"/>
</pin_list>
<bind>
<opcode="trunc(33) " fcode="trunc"/>
<opset="trunc_ln841_78/79 "/>
</bind>
</comp>

<comp id="539" class="1004" name="trunc_ln841_79_fu_539">
<pin_list>
<pin id="540" dir="0" index="0" bw="32" slack="0"/>
<pin id="541" dir="1" index="1" bw="6" slack="81"/>
</pin_list>
<bind>
<opcode="trunc(33) " fcode="trunc"/>
<opset="trunc_ln841_79/80 "/>
</bind>
</comp>

<comp id="543" class="1004" name="trunc_ln841_80_fu_543">
<pin_list>
<pin id="544" dir="0" index="0" bw="32" slack="0"/>
<pin id="545" dir="1" index="1" bw="6" slack="80"/>
</pin_list>
<bind>
<opcode="trunc(33) " fcode="trunc"/>
<opset="trunc_ln841_80/81 "/>
</bind>
</comp>

<comp id="547" class="1004" name="trunc_ln841_81_fu_547">
<pin_list>
<pin id="548" dir="0" index="0" bw="32" slack="0"/>
<pin id="549" dir="1" index="1" bw="6" slack="79"/>
</pin_list>
<bind>
<opcode="trunc(33) " fcode="trunc"/>
<opset="trunc_ln841_81/82 "/>
</bind>
</comp>

<comp id="551" class="1004" name="trunc_ln841_82_fu_551">
<pin_list>
<pin id="552" dir="0" index="0" bw="32" slack="0"/>
<pin id="553" dir="1" index="1" bw="6" slack="78"/>
</pin_list>
<bind>
<opcode="trunc(33) " fcode="trunc"/>
<opset="trunc_ln841_82/83 "/>
</bind>
</comp>

<comp id="555" class="1004" name="trunc_ln841_83_fu_555">
<pin_list>
<pin id="556" dir="0" index="0" bw="32" slack="0"/>
<pin id="557" dir="1" index="1" bw="6" slack="77"/>
</pin_list>
<bind>
<opcode="trunc(33) " fcode="trunc"/>
<opset="trunc_ln841_83/84 "/>
</bind>
</comp>

<comp id="559" class="1004" name="trunc_ln841_84_fu_559">
<pin_list>
<pin id="560" dir="0" index="0" bw="32" slack="0"/>
<pin id="561" dir="1" index="1" bw="6" slack="76"/>
</pin_list>
<bind>
<opcode="trunc(33) " fcode="trunc"/>
<opset="trunc_ln841_84/85 "/>
</bind>
</comp>

<comp id="563" class="1004" name="trunc_ln841_85_fu_563">
<pin_list>
<pin id="564" dir="0" index="0" bw="32" slack="0"/>
<pin id="565" dir="1" index="1" bw="6" slack="75"/>
</pin_list>
<bind>
<opcode="trunc(33) " fcode="trunc"/>
<opset="trunc_ln841_85/86 "/>
</bind>
</comp>

<comp id="567" class="1004" name="trunc_ln841_86_fu_567">
<pin_list>
<pin id="568" dir="0" index="0" bw="32" slack="0"/>
<pin id="569" dir="1" index="1" bw="6" slack="74"/>
</pin_list>
<bind>
<opcode="trunc(33) " fcode="trunc"/>
<opset="trunc_ln841_86/87 "/>
</bind>
</comp>

<comp id="571" class="1004" name="trunc_ln841_87_fu_571">
<pin_list>
<pin id="572" dir="0" index="0" bw="32" slack="0"/>
<pin id="573" dir="1" index="1" bw="6" slack="73"/>
</pin_list>
<bind>
<opcode="trunc(33) " fcode="trunc"/>
<opset="trunc_ln841_87/88 "/>
</bind>
</comp>

<comp id="575" class="1004" name="trunc_ln841_88_fu_575">
<pin_list>
<pin id="576" dir="0" index="0" bw="32" slack="0"/>
<pin id="577" dir="1" index="1" bw="6" slack="72"/>
</pin_list>
<bind>
<opcode="trunc(33) " fcode="trunc"/>
<opset="trunc_ln841_88/89 "/>
</bind>
</comp>

<comp id="579" class="1004" name="trunc_ln841_89_fu_579">
<pin_list>
<pin id="580" dir="0" index="0" bw="32" slack="0"/>
<pin id="581" dir="1" index="1" bw="6" slack="71"/>
</pin_list>
<bind>
<opcode="trunc(33) " fcode="trunc"/>
<opset="trunc_ln841_89/90 "/>
</bind>
</comp>

<comp id="583" class="1004" name="trunc_ln841_90_fu_583">
<pin_list>
<pin id="584" dir="0" index="0" bw="32" slack="0"/>
<pin id="585" dir="1" index="1" bw="6" slack="70"/>
</pin_list>
<bind>
<opcode="trunc(33) " fcode="trunc"/>
<opset="trunc_ln841_90/91 "/>
</bind>
</comp>

<comp id="587" class="1004" name="trunc_ln841_91_fu_587">
<pin_list>
<pin id="588" dir="0" index="0" bw="32" slack="0"/>
<pin id="589" dir="1" index="1" bw="6" slack="69"/>
</pin_list>
<bind>
<opcode="trunc(33) " fcode="trunc"/>
<opset="trunc_ln841_91/92 "/>
</bind>
</comp>

<comp id="591" class="1004" name="trunc_ln841_92_fu_591">
<pin_list>
<pin id="592" dir="0" index="0" bw="32" slack="0"/>
<pin id="593" dir="1" index="1" bw="6" slack="68"/>
</pin_list>
<bind>
<opcode="trunc(33) " fcode="trunc"/>
<opset="trunc_ln841_92/93 "/>
</bind>
</comp>

<comp id="595" class="1004" name="trunc_ln841_93_fu_595">
<pin_list>
<pin id="596" dir="0" index="0" bw="32" slack="0"/>
<pin id="597" dir="1" index="1" bw="6" slack="67"/>
</pin_list>
<bind>
<opcode="trunc(33) " fcode="trunc"/>
<opset="trunc_ln841_93/94 "/>
</bind>
</comp>

<comp id="599" class="1004" name="trunc_ln841_94_fu_599">
<pin_list>
<pin id="600" dir="0" index="0" bw="32" slack="0"/>
<pin id="601" dir="1" index="1" bw="6" slack="66"/>
</pin_list>
<bind>
<opcode="trunc(33) " fcode="trunc"/>
<opset="trunc_ln841_94/95 "/>
</bind>
</comp>

<comp id="603" class="1004" name="trunc_ln841_95_fu_603">
<pin_list>
<pin id="604" dir="0" index="0" bw="32" slack="0"/>
<pin id="605" dir="1" index="1" bw="6" slack="65"/>
</pin_list>
<bind>
<opcode="trunc(33) " fcode="trunc"/>
<opset="trunc_ln841_95/96 "/>
</bind>
</comp>

<comp id="607" class="1004" name="trunc_ln841_96_fu_607">
<pin_list>
<pin id="608" dir="0" index="0" bw="32" slack="0"/>
<pin id="609" dir="1" index="1" bw="6" slack="64"/>
</pin_list>
<bind>
<opcode="trunc(33) " fcode="trunc"/>
<opset="trunc_ln841_96/97 "/>
</bind>
</comp>

<comp id="611" class="1004" name="trunc_ln841_97_fu_611">
<pin_list>
<pin id="612" dir="0" index="0" bw="32" slack="0"/>
<pin id="613" dir="1" index="1" bw="6" slack="63"/>
</pin_list>
<bind>
<opcode="trunc(33) " fcode="trunc"/>
<opset="trunc_ln841_97/98 "/>
</bind>
</comp>

<comp id="615" class="1004" name="trunc_ln841_98_fu_615">
<pin_list>
<pin id="616" dir="0" index="0" bw="32" slack="0"/>
<pin id="617" dir="1" index="1" bw="6" slack="62"/>
</pin_list>
<bind>
<opcode="trunc(33) " fcode="trunc"/>
<opset="trunc_ln841_98/99 "/>
</bind>
</comp>

<comp id="619" class="1004" name="trunc_ln841_99_fu_619">
<pin_list>
<pin id="620" dir="0" index="0" bw="32" slack="0"/>
<pin id="621" dir="1" index="1" bw="6" slack="61"/>
</pin_list>
<bind>
<opcode="trunc(33) " fcode="trunc"/>
<opset="trunc_ln841_99/100 "/>
</bind>
</comp>

<comp id="623" class="1004" name="trunc_ln841_100_fu_623">
<pin_list>
<pin id="624" dir="0" index="0" bw="32" slack="0"/>
<pin id="625" dir="1" index="1" bw="6" slack="60"/>
</pin_list>
<bind>
<opcode="trunc(33) " fcode="trunc"/>
<opset="trunc_ln841_100/101 "/>
</bind>
</comp>

<comp id="627" class="1004" name="trunc_ln841_101_fu_627">
<pin_list>
<pin id="628" dir="0" index="0" bw="32" slack="0"/>
<pin id="629" dir="1" index="1" bw="6" slack="59"/>
</pin_list>
<bind>
<opcode="trunc(33) " fcode="trunc"/>
<opset="trunc_ln841_101/102 "/>
</bind>
</comp>

<comp id="631" class="1004" name="trunc_ln841_102_fu_631">
<pin_list>
<pin id="632" dir="0" index="0" bw="32" slack="0"/>
<pin id="633" dir="1" index="1" bw="6" slack="58"/>
</pin_list>
<bind>
<opcode="trunc(33) " fcode="trunc"/>
<opset="trunc_ln841_102/103 "/>
</bind>
</comp>

<comp id="635" class="1004" name="trunc_ln841_103_fu_635">
<pin_list>
<pin id="636" dir="0" index="0" bw="32" slack="0"/>
<pin id="637" dir="1" index="1" bw="6" slack="57"/>
</pin_list>
<bind>
<opcode="trunc(33) " fcode="trunc"/>
<opset="trunc_ln841_103/104 "/>
</bind>
</comp>

<comp id="639" class="1004" name="trunc_ln841_104_fu_639">
<pin_list>
<pin id="640" dir="0" index="0" bw="32" slack="0"/>
<pin id="641" dir="1" index="1" bw="6" slack="56"/>
</pin_list>
<bind>
<opcode="trunc(33) " fcode="trunc"/>
<opset="trunc_ln841_104/105 "/>
</bind>
</comp>

<comp id="643" class="1004" name="trunc_ln841_105_fu_643">
<pin_list>
<pin id="644" dir="0" index="0" bw="32" slack="0"/>
<pin id="645" dir="1" index="1" bw="6" slack="55"/>
</pin_list>
<bind>
<opcode="trunc(33) " fcode="trunc"/>
<opset="trunc_ln841_105/106 "/>
</bind>
</comp>

<comp id="647" class="1004" name="trunc_ln841_106_fu_647">
<pin_list>
<pin id="648" dir="0" index="0" bw="32" slack="0"/>
<pin id="649" dir="1" index="1" bw="6" slack="54"/>
</pin_list>
<bind>
<opcode="trunc(33) " fcode="trunc"/>
<opset="trunc_ln841_106/107 "/>
</bind>
</comp>

<comp id="651" class="1004" name="trunc_ln841_107_fu_651">
<pin_list>
<pin id="652" dir="0" index="0" bw="32" slack="0"/>
<pin id="653" dir="1" index="1" bw="6" slack="53"/>
</pin_list>
<bind>
<opcode="trunc(33) " fcode="trunc"/>
<opset="trunc_ln841_107/108 "/>
</bind>
</comp>

<comp id="655" class="1004" name="trunc_ln841_108_fu_655">
<pin_list>
<pin id="656" dir="0" index="0" bw="32" slack="0"/>
<pin id="657" dir="1" index="1" bw="6" slack="52"/>
</pin_list>
<bind>
<opcode="trunc(33) " fcode="trunc"/>
<opset="trunc_ln841_108/109 "/>
</bind>
</comp>

<comp id="659" class="1004" name="trunc_ln841_109_fu_659">
<pin_list>
<pin id="660" dir="0" index="0" bw="32" slack="0"/>
<pin id="661" dir="1" index="1" bw="6" slack="51"/>
</pin_list>
<bind>
<opcode="trunc(33) " fcode="trunc"/>
<opset="trunc_ln841_109/110 "/>
</bind>
</comp>

<comp id="663" class="1004" name="trunc_ln841_110_fu_663">
<pin_list>
<pin id="664" dir="0" index="0" bw="32" slack="0"/>
<pin id="665" dir="1" index="1" bw="6" slack="50"/>
</pin_list>
<bind>
<opcode="trunc(33) " fcode="trunc"/>
<opset="trunc_ln841_110/111 "/>
</bind>
</comp>

<comp id="667" class="1004" name="trunc_ln841_111_fu_667">
<pin_list>
<pin id="668" dir="0" index="0" bw="32" slack="0"/>
<pin id="669" dir="1" index="1" bw="6" slack="49"/>
</pin_list>
<bind>
<opcode="trunc(33) " fcode="trunc"/>
<opset="trunc_ln841_111/112 "/>
</bind>
</comp>

<comp id="671" class="1004" name="trunc_ln841_112_fu_671">
<pin_list>
<pin id="672" dir="0" index="0" bw="32" slack="0"/>
<pin id="673" dir="1" index="1" bw="6" slack="48"/>
</pin_list>
<bind>
<opcode="trunc(33) " fcode="trunc"/>
<opset="trunc_ln841_112/113 "/>
</bind>
</comp>

<comp id="675" class="1004" name="trunc_ln841_113_fu_675">
<pin_list>
<pin id="676" dir="0" index="0" bw="32" slack="0"/>
<pin id="677" dir="1" index="1" bw="6" slack="47"/>
</pin_list>
<bind>
<opcode="trunc(33) " fcode="trunc"/>
<opset="trunc_ln841_113/114 "/>
</bind>
</comp>

<comp id="679" class="1004" name="trunc_ln841_114_fu_679">
<pin_list>
<pin id="680" dir="0" index="0" bw="32" slack="0"/>
<pin id="681" dir="1" index="1" bw="6" slack="46"/>
</pin_list>
<bind>
<opcode="trunc(33) " fcode="trunc"/>
<opset="trunc_ln841_114/115 "/>
</bind>
</comp>

<comp id="683" class="1004" name="trunc_ln841_115_fu_683">
<pin_list>
<pin id="684" dir="0" index="0" bw="32" slack="0"/>
<pin id="685" dir="1" index="1" bw="6" slack="45"/>
</pin_list>
<bind>
<opcode="trunc(33) " fcode="trunc"/>
<opset="trunc_ln841_115/116 "/>
</bind>
</comp>

<comp id="687" class="1004" name="trunc_ln841_116_fu_687">
<pin_list>
<pin id="688" dir="0" index="0" bw="32" slack="0"/>
<pin id="689" dir="1" index="1" bw="6" slack="44"/>
</pin_list>
<bind>
<opcode="trunc(33) " fcode="trunc"/>
<opset="trunc_ln841_116/117 "/>
</bind>
</comp>

<comp id="691" class="1004" name="trunc_ln841_117_fu_691">
<pin_list>
<pin id="692" dir="0" index="0" bw="32" slack="0"/>
<pin id="693" dir="1" index="1" bw="6" slack="43"/>
</pin_list>
<bind>
<opcode="trunc(33) " fcode="trunc"/>
<opset="trunc_ln841_117/118 "/>
</bind>
</comp>

<comp id="695" class="1004" name="trunc_ln841_118_fu_695">
<pin_list>
<pin id="696" dir="0" index="0" bw="32" slack="0"/>
<pin id="697" dir="1" index="1" bw="6" slack="42"/>
</pin_list>
<bind>
<opcode="trunc(33) " fcode="trunc"/>
<opset="trunc_ln841_118/119 "/>
</bind>
</comp>

<comp id="699" class="1004" name="trunc_ln841_119_fu_699">
<pin_list>
<pin id="700" dir="0" index="0" bw="32" slack="0"/>
<pin id="701" dir="1" index="1" bw="6" slack="41"/>
</pin_list>
<bind>
<opcode="trunc(33) " fcode="trunc"/>
<opset="trunc_ln841_119/120 "/>
</bind>
</comp>

<comp id="703" class="1004" name="trunc_ln841_120_fu_703">
<pin_list>
<pin id="704" dir="0" index="0" bw="32" slack="0"/>
<pin id="705" dir="1" index="1" bw="6" slack="40"/>
</pin_list>
<bind>
<opcode="trunc(33) " fcode="trunc"/>
<opset="trunc_ln841_120/121 "/>
</bind>
</comp>

<comp id="707" class="1004" name="trunc_ln841_121_fu_707">
<pin_list>
<pin id="708" dir="0" index="0" bw="32" slack="0"/>
<pin id="709" dir="1" index="1" bw="6" slack="39"/>
</pin_list>
<bind>
<opcode="trunc(33) " fcode="trunc"/>
<opset="trunc_ln841_121/122 "/>
</bind>
</comp>

<comp id="711" class="1004" name="trunc_ln841_122_fu_711">
<pin_list>
<pin id="712" dir="0" index="0" bw="32" slack="0"/>
<pin id="713" dir="1" index="1" bw="6" slack="38"/>
</pin_list>
<bind>
<opcode="trunc(33) " fcode="trunc"/>
<opset="trunc_ln841_122/123 "/>
</bind>
</comp>

<comp id="715" class="1004" name="trunc_ln841_123_fu_715">
<pin_list>
<pin id="716" dir="0" index="0" bw="32" slack="0"/>
<pin id="717" dir="1" index="1" bw="6" slack="37"/>
</pin_list>
<bind>
<opcode="trunc(33) " fcode="trunc"/>
<opset="trunc_ln841_123/124 "/>
</bind>
</comp>

<comp id="719" class="1004" name="trunc_ln841_124_fu_719">
<pin_list>
<pin id="720" dir="0" index="0" bw="32" slack="0"/>
<pin id="721" dir="1" index="1" bw="6" slack="36"/>
</pin_list>
<bind>
<opcode="trunc(33) " fcode="trunc"/>
<opset="trunc_ln841_124/125 "/>
</bind>
</comp>

<comp id="723" class="1004" name="trunc_ln841_125_fu_723">
<pin_list>
<pin id="724" dir="0" index="0" bw="32" slack="0"/>
<pin id="725" dir="1" index="1" bw="6" slack="35"/>
</pin_list>
<bind>
<opcode="trunc(33) " fcode="trunc"/>
<opset="trunc_ln841_125/126 "/>
</bind>
</comp>

<comp id="727" class="1004" name="trunc_ln841_126_fu_727">
<pin_list>
<pin id="728" dir="0" index="0" bw="32" slack="0"/>
<pin id="729" dir="1" index="1" bw="6" slack="34"/>
</pin_list>
<bind>
<opcode="trunc(33) " fcode="trunc"/>
<opset="trunc_ln841_126/127 "/>
</bind>
</comp>

<comp id="731" class="1004" name="trunc_ln841_127_fu_731">
<pin_list>
<pin id="732" dir="0" index="0" bw="32" slack="0"/>
<pin id="733" dir="1" index="1" bw="6" slack="33"/>
</pin_list>
<bind>
<opcode="trunc(33) " fcode="trunc"/>
<opset="trunc_ln841_127/128 "/>
</bind>
</comp>

<comp id="735" class="1004" name="trunc_ln841_128_fu_735">
<pin_list>
<pin id="736" dir="0" index="0" bw="32" slack="0"/>
<pin id="737" dir="1" index="1" bw="6" slack="32"/>
</pin_list>
<bind>
<opcode="trunc(33) " fcode="trunc"/>
<opset="trunc_ln841_128/129 "/>
</bind>
</comp>

<comp id="739" class="1004" name="trunc_ln841_129_fu_739">
<pin_list>
<pin id="740" dir="0" index="0" bw="32" slack="0"/>
<pin id="741" dir="1" index="1" bw="6" slack="31"/>
</pin_list>
<bind>
<opcode="trunc(33) " fcode="trunc"/>
<opset="trunc_ln841_129/130 "/>
</bind>
</comp>

<comp id="743" class="1004" name="trunc_ln841_130_fu_743">
<pin_list>
<pin id="744" dir="0" index="0" bw="32" slack="0"/>
<pin id="745" dir="1" index="1" bw="6" slack="30"/>
</pin_list>
<bind>
<opcode="trunc(33) " fcode="trunc"/>
<opset="trunc_ln841_130/131 "/>
</bind>
</comp>

<comp id="747" class="1004" name="trunc_ln841_131_fu_747">
<pin_list>
<pin id="748" dir="0" index="0" bw="32" slack="0"/>
<pin id="749" dir="1" index="1" bw="6" slack="29"/>
</pin_list>
<bind>
<opcode="trunc(33) " fcode="trunc"/>
<opset="trunc_ln841_131/132 "/>
</bind>
</comp>

<comp id="751" class="1004" name="trunc_ln841_132_fu_751">
<pin_list>
<pin id="752" dir="0" index="0" bw="32" slack="0"/>
<pin id="753" dir="1" index="1" bw="6" slack="28"/>
</pin_list>
<bind>
<opcode="trunc(33) " fcode="trunc"/>
<opset="trunc_ln841_132/133 "/>
</bind>
</comp>

<comp id="755" class="1004" name="trunc_ln841_133_fu_755">
<pin_list>
<pin id="756" dir="0" index="0" bw="32" slack="0"/>
<pin id="757" dir="1" index="1" bw="6" slack="27"/>
</pin_list>
<bind>
<opcode="trunc(33) " fcode="trunc"/>
<opset="trunc_ln841_133/134 "/>
</bind>
</comp>

<comp id="759" class="1004" name="trunc_ln841_134_fu_759">
<pin_list>
<pin id="760" dir="0" index="0" bw="32" slack="0"/>
<pin id="761" dir="1" index="1" bw="6" slack="26"/>
</pin_list>
<bind>
<opcode="trunc(33) " fcode="trunc"/>
<opset="trunc_ln841_134/135 "/>
</bind>
</comp>

<comp id="763" class="1004" name="trunc_ln841_135_fu_763">
<pin_list>
<pin id="764" dir="0" index="0" bw="32" slack="0"/>
<pin id="765" dir="1" index="1" bw="6" slack="25"/>
</pin_list>
<bind>
<opcode="trunc(33) " fcode="trunc"/>
<opset="trunc_ln841_135/136 "/>
</bind>
</comp>

<comp id="767" class="1004" name="trunc_ln841_136_fu_767">
<pin_list>
<pin id="768" dir="0" index="0" bw="32" slack="0"/>
<pin id="769" dir="1" index="1" bw="6" slack="24"/>
</pin_list>
<bind>
<opcode="trunc(33) " fcode="trunc"/>
<opset="trunc_ln841_136/137 "/>
</bind>
</comp>

<comp id="771" class="1004" name="trunc_ln841_137_fu_771">
<pin_list>
<pin id="772" dir="0" index="0" bw="32" slack="0"/>
<pin id="773" dir="1" index="1" bw="6" slack="23"/>
</pin_list>
<bind>
<opcode="trunc(33) " fcode="trunc"/>
<opset="trunc_ln841_137/138 "/>
</bind>
</comp>

<comp id="775" class="1004" name="trunc_ln841_138_fu_775">
<pin_list>
<pin id="776" dir="0" index="0" bw="32" slack="0"/>
<pin id="777" dir="1" index="1" bw="6" slack="22"/>
</pin_list>
<bind>
<opcode="trunc(33) " fcode="trunc"/>
<opset="trunc_ln841_138/139 "/>
</bind>
</comp>

<comp id="779" class="1004" name="trunc_ln841_139_fu_779">
<pin_list>
<pin id="780" dir="0" index="0" bw="32" slack="0"/>
<pin id="781" dir="1" index="1" bw="6" slack="21"/>
</pin_list>
<bind>
<opcode="trunc(33) " fcode="trunc"/>
<opset="trunc_ln841_139/140 "/>
</bind>
</comp>

<comp id="783" class="1004" name="trunc_ln841_140_fu_783">
<pin_list>
<pin id="784" dir="0" index="0" bw="32" slack="0"/>
<pin id="785" dir="1" index="1" bw="6" slack="20"/>
</pin_list>
<bind>
<opcode="trunc(33) " fcode="trunc"/>
<opset="trunc_ln841_140/141 "/>
</bind>
</comp>

<comp id="787" class="1004" name="trunc_ln841_141_fu_787">
<pin_list>
<pin id="788" dir="0" index="0" bw="32" slack="0"/>
<pin id="789" dir="1" index="1" bw="6" slack="19"/>
</pin_list>
<bind>
<opcode="trunc(33) " fcode="trunc"/>
<opset="trunc_ln841_141/142 "/>
</bind>
</comp>

<comp id="791" class="1004" name="trunc_ln841_142_fu_791">
<pin_list>
<pin id="792" dir="0" index="0" bw="32" slack="0"/>
<pin id="793" dir="1" index="1" bw="6" slack="18"/>
</pin_list>
<bind>
<opcode="trunc(33) " fcode="trunc"/>
<opset="trunc_ln841_142/143 "/>
</bind>
</comp>

<comp id="795" class="1004" name="trunc_ln841_143_fu_795">
<pin_list>
<pin id="796" dir="0" index="0" bw="32" slack="0"/>
<pin id="797" dir="1" index="1" bw="6" slack="17"/>
</pin_list>
<bind>
<opcode="trunc(33) " fcode="trunc"/>
<opset="trunc_ln841_143/144 "/>
</bind>
</comp>

<comp id="799" class="1004" name="trunc_ln841_144_fu_799">
<pin_list>
<pin id="800" dir="0" index="0" bw="32" slack="0"/>
<pin id="801" dir="1" index="1" bw="6" slack="16"/>
</pin_list>
<bind>
<opcode="trunc(33) " fcode="trunc"/>
<opset="trunc_ln841_144/145 "/>
</bind>
</comp>

<comp id="803" class="1004" name="trunc_ln841_145_fu_803">
<pin_list>
<pin id="804" dir="0" index="0" bw="32" slack="0"/>
<pin id="805" dir="1" index="1" bw="6" slack="15"/>
</pin_list>
<bind>
<opcode="trunc(33) " fcode="trunc"/>
<opset="trunc_ln841_145/146 "/>
</bind>
</comp>

<comp id="807" class="1004" name="trunc_ln841_146_fu_807">
<pin_list>
<pin id="808" dir="0" index="0" bw="32" slack="0"/>
<pin id="809" dir="1" index="1" bw="6" slack="14"/>
</pin_list>
<bind>
<opcode="trunc(33) " fcode="trunc"/>
<opset="trunc_ln841_146/147 "/>
</bind>
</comp>

<comp id="811" class="1004" name="trunc_ln841_147_fu_811">
<pin_list>
<pin id="812" dir="0" index="0" bw="32" slack="0"/>
<pin id="813" dir="1" index="1" bw="6" slack="13"/>
</pin_list>
<bind>
<opcode="trunc(33) " fcode="trunc"/>
<opset="trunc_ln841_147/148 "/>
</bind>
</comp>

<comp id="815" class="1004" name="trunc_ln841_148_fu_815">
<pin_list>
<pin id="816" dir="0" index="0" bw="32" slack="0"/>
<pin id="817" dir="1" index="1" bw="6" slack="12"/>
</pin_list>
<bind>
<opcode="trunc(33) " fcode="trunc"/>
<opset="trunc_ln841_148/149 "/>
</bind>
</comp>

<comp id="819" class="1004" name="trunc_ln841_149_fu_819">
<pin_list>
<pin id="820" dir="0" index="0" bw="32" slack="0"/>
<pin id="821" dir="1" index="1" bw="6" slack="11"/>
</pin_list>
<bind>
<opcode="trunc(33) " fcode="trunc"/>
<opset="trunc_ln841_149/150 "/>
</bind>
</comp>

<comp id="823" class="1004" name="trunc_ln841_150_fu_823">
<pin_list>
<pin id="824" dir="0" index="0" bw="32" slack="0"/>
<pin id="825" dir="1" index="1" bw="6" slack="10"/>
</pin_list>
<bind>
<opcode="trunc(33) " fcode="trunc"/>
<opset="trunc_ln841_150/151 "/>
</bind>
</comp>

<comp id="827" class="1004" name="trunc_ln841_151_fu_827">
<pin_list>
<pin id="828" dir="0" index="0" bw="32" slack="0"/>
<pin id="829" dir="1" index="1" bw="6" slack="9"/>
</pin_list>
<bind>
<opcode="trunc(33) " fcode="trunc"/>
<opset="trunc_ln841_151/152 "/>
</bind>
</comp>

<comp id="831" class="1004" name="trunc_ln841_152_fu_831">
<pin_list>
<pin id="832" dir="0" index="0" bw="32" slack="0"/>
<pin id="833" dir="1" index="1" bw="6" slack="8"/>
</pin_list>
<bind>
<opcode="trunc(33) " fcode="trunc"/>
<opset="trunc_ln841_152/153 "/>
</bind>
</comp>

<comp id="835" class="1004" name="trunc_ln841_153_fu_835">
<pin_list>
<pin id="836" dir="0" index="0" bw="32" slack="0"/>
<pin id="837" dir="1" index="1" bw="6" slack="7"/>
</pin_list>
<bind>
<opcode="trunc(33) " fcode="trunc"/>
<opset="trunc_ln841_153/154 "/>
</bind>
</comp>

<comp id="839" class="1004" name="trunc_ln841_154_fu_839">
<pin_list>
<pin id="840" dir="0" index="0" bw="32" slack="0"/>
<pin id="841" dir="1" index="1" bw="6" slack="6"/>
</pin_list>
<bind>
<opcode="trunc(33) " fcode="trunc"/>
<opset="trunc_ln841_154/155 "/>
</bind>
</comp>

<comp id="843" class="1004" name="trunc_ln841_155_fu_843">
<pin_list>
<pin id="844" dir="0" index="0" bw="32" slack="0"/>
<pin id="845" dir="1" index="1" bw="6" slack="5"/>
</pin_list>
<bind>
<opcode="trunc(33) " fcode="trunc"/>
<opset="trunc_ln841_155/156 "/>
</bind>
</comp>

<comp id="847" class="1004" name="trunc_ln841_156_fu_847">
<pin_list>
<pin id="848" dir="0" index="0" bw="32" slack="0"/>
<pin id="849" dir="1" index="1" bw="6" slack="4"/>
</pin_list>
<bind>
<opcode="trunc(33) " fcode="trunc"/>
<opset="trunc_ln841_156/157 "/>
</bind>
</comp>

<comp id="851" class="1004" name="trunc_ln841_157_fu_851">
<pin_list>
<pin id="852" dir="0" index="0" bw="32" slack="0"/>
<pin id="853" dir="1" index="1" bw="6" slack="3"/>
</pin_list>
<bind>
<opcode="trunc(33) " fcode="trunc"/>
<opset="trunc_ln841_157/158 "/>
</bind>
</comp>

<comp id="855" class="1004" name="trunc_ln841_158_fu_855">
<pin_list>
<pin id="856" dir="0" index="0" bw="32" slack="0"/>
<pin id="857" dir="1" index="1" bw="6" slack="2"/>
</pin_list>
<bind>
<opcode="trunc(33) " fcode="trunc"/>
<opset="trunc_ln841_158/159 "/>
</bind>
</comp>

<comp id="859" class="1004" name="trunc_ln841_159_fu_859">
<pin_list>
<pin id="860" dir="0" index="0" bw="32" slack="0"/>
<pin id="861" dir="1" index="1" bw="6" slack="1"/>
</pin_list>
<bind>
<opcode="trunc(33) " fcode="trunc"/>
<opset="trunc_ln841_159/160 "/>
</bind>
</comp>

<comp id="863" class="1004" name="trunc_ln841_160_fu_863">
<pin_list>
<pin id="864" dir="0" index="0" bw="32" slack="0"/>
<pin id="865" dir="1" index="1" bw="6" slack="0"/>
</pin_list>
<bind>
<opcode="trunc(33) " fcode="trunc"/>
<opset="trunc_ln841_160/161 "/>
</bind>
</comp>

<comp id="867" class="1004" name="inputLayer_V_fu_867">
<pin_list>
<pin id="868" dir="0" index="0" bw="2576" slack="0"/>
<pin id="869" dir="0" index="1" bw="6" slack="0"/>
<pin id="870" dir="0" index="2" bw="1" slack="0"/>
<pin id="871" dir="0" index="3" bw="6" slack="1"/>
<pin id="872" dir="0" index="4" bw="1" slack="0"/>
<pin id="873" dir="0" index="5" bw="6" slack="2"/>
<pin id="874" dir="0" index="6" bw="1" slack="0"/>
<pin id="875" dir="0" index="7" bw="6" slack="3"/>
<pin id="876" dir="0" index="8" bw="1" slack="0"/>
<pin id="877" dir="0" index="9" bw="6" slack="4"/>
<pin id="878" dir="0" index="10" bw="1" slack="0"/>
<pin id="879" dir="0" index="11" bw="6" slack="5"/>
<pin id="880" dir="0" index="12" bw="1" slack="0"/>
<pin id="881" dir="0" index="13" bw="6" slack="6"/>
<pin id="882" dir="0" index="14" bw="1" slack="0"/>
<pin id="883" dir="0" index="15" bw="6" slack="7"/>
<pin id="884" dir="0" index="16" bw="1" slack="0"/>
<pin id="885" dir="0" index="17" bw="6" slack="8"/>
<pin id="886" dir="0" index="18" bw="1" slack="0"/>
<pin id="887" dir="0" index="19" bw="6" slack="9"/>
<pin id="888" dir="0" index="20" bw="1" slack="0"/>
<pin id="889" dir="0" index="21" bw="6" slack="10"/>
<pin id="890" dir="0" index="22" bw="1" slack="0"/>
<pin id="891" dir="0" index="23" bw="6" slack="11"/>
<pin id="892" dir="0" index="24" bw="1" slack="0"/>
<pin id="893" dir="0" index="25" bw="6" slack="12"/>
<pin id="894" dir="0" index="26" bw="1" slack="0"/>
<pin id="895" dir="0" index="27" bw="6" slack="13"/>
<pin id="896" dir="0" index="28" bw="1" slack="0"/>
<pin id="897" dir="0" index="29" bw="6" slack="14"/>
<pin id="898" dir="0" index="30" bw="1" slack="0"/>
<pin id="899" dir="0" index="31" bw="6" slack="15"/>
<pin id="900" dir="0" index="32" bw="1" slack="0"/>
<pin id="901" dir="0" index="33" bw="6" slack="16"/>
<pin id="902" dir="0" index="34" bw="1" slack="0"/>
<pin id="903" dir="0" index="35" bw="6" slack="17"/>
<pin id="904" dir="0" index="36" bw="1" slack="0"/>
<pin id="905" dir="0" index="37" bw="6" slack="18"/>
<pin id="906" dir="0" index="38" bw="1" slack="0"/>
<pin id="907" dir="0" index="39" bw="6" slack="19"/>
<pin id="908" dir="0" index="40" bw="1" slack="0"/>
<pin id="909" dir="0" index="41" bw="6" slack="20"/>
<pin id="910" dir="0" index="42" bw="1" slack="0"/>
<pin id="911" dir="0" index="43" bw="6" slack="21"/>
<pin id="912" dir="0" index="44" bw="1" slack="0"/>
<pin id="913" dir="0" index="45" bw="6" slack="22"/>
<pin id="914" dir="0" index="46" bw="1" slack="0"/>
<pin id="915" dir="0" index="47" bw="6" slack="23"/>
<pin id="916" dir="0" index="48" bw="1" slack="0"/>
<pin id="917" dir="0" index="49" bw="6" slack="24"/>
<pin id="918" dir="0" index="50" bw="1" slack="0"/>
<pin id="919" dir="0" index="51" bw="6" slack="25"/>
<pin id="920" dir="0" index="52" bw="1" slack="0"/>
<pin id="921" dir="0" index="53" bw="6" slack="26"/>
<pin id="922" dir="0" index="54" bw="1" slack="0"/>
<pin id="923" dir="0" index="55" bw="6" slack="27"/>
<pin id="924" dir="0" index="56" bw="1" slack="0"/>
<pin id="925" dir="0" index="57" bw="6" slack="28"/>
<pin id="926" dir="0" index="58" bw="1" slack="0"/>
<pin id="927" dir="0" index="59" bw="6" slack="29"/>
<pin id="928" dir="0" index="60" bw="1" slack="0"/>
<pin id="929" dir="0" index="61" bw="6" slack="30"/>
<pin id="930" dir="0" index="62" bw="1" slack="0"/>
<pin id="931" dir="0" index="63" bw="6" slack="31"/>
<pin id="932" dir="0" index="64" bw="1" slack="0"/>
<pin id="933" dir="0" index="65" bw="6" slack="32"/>
<pin id="934" dir="0" index="66" bw="1" slack="0"/>
<pin id="935" dir="0" index="67" bw="6" slack="33"/>
<pin id="936" dir="0" index="68" bw="1" slack="0"/>
<pin id="937" dir="0" index="69" bw="6" slack="34"/>
<pin id="938" dir="0" index="70" bw="1" slack="0"/>
<pin id="939" dir="0" index="71" bw="6" slack="35"/>
<pin id="940" dir="0" index="72" bw="1" slack="0"/>
<pin id="941" dir="0" index="73" bw="6" slack="36"/>
<pin id="942" dir="0" index="74" bw="1" slack="0"/>
<pin id="943" dir="0" index="75" bw="6" slack="37"/>
<pin id="944" dir="0" index="76" bw="1" slack="0"/>
<pin id="945" dir="0" index="77" bw="6" slack="38"/>
<pin id="946" dir="0" index="78" bw="1" slack="0"/>
<pin id="947" dir="0" index="79" bw="6" slack="39"/>
<pin id="948" dir="0" index="80" bw="1" slack="0"/>
<pin id="949" dir="0" index="81" bw="6" slack="40"/>
<pin id="950" dir="0" index="82" bw="1" slack="0"/>
<pin id="951" dir="0" index="83" bw="6" slack="41"/>
<pin id="952" dir="0" index="84" bw="1" slack="0"/>
<pin id="953" dir="0" index="85" bw="6" slack="42"/>
<pin id="954" dir="0" index="86" bw="1" slack="0"/>
<pin id="955" dir="0" index="87" bw="6" slack="43"/>
<pin id="956" dir="0" index="88" bw="1" slack="0"/>
<pin id="957" dir="0" index="89" bw="6" slack="44"/>
<pin id="958" dir="0" index="90" bw="1" slack="0"/>
<pin id="959" dir="0" index="91" bw="6" slack="45"/>
<pin id="960" dir="0" index="92" bw="1" slack="0"/>
<pin id="961" dir="0" index="93" bw="6" slack="46"/>
<pin id="962" dir="0" index="94" bw="1" slack="0"/>
<pin id="963" dir="0" index="95" bw="6" slack="47"/>
<pin id="964" dir="0" index="96" bw="1" slack="0"/>
<pin id="965" dir="0" index="97" bw="6" slack="48"/>
<pin id="966" dir="0" index="98" bw="1" slack="0"/>
<pin id="967" dir="0" index="99" bw="6" slack="49"/>
<pin id="968" dir="0" index="100" bw="1" slack="0"/>
<pin id="969" dir="0" index="101" bw="6" slack="50"/>
<pin id="970" dir="0" index="102" bw="1" slack="0"/>
<pin id="971" dir="0" index="103" bw="6" slack="51"/>
<pin id="972" dir="0" index="104" bw="1" slack="0"/>
<pin id="973" dir="0" index="105" bw="6" slack="52"/>
<pin id="974" dir="0" index="106" bw="1" slack="0"/>
<pin id="975" dir="0" index="107" bw="6" slack="53"/>
<pin id="976" dir="0" index="108" bw="1" slack="0"/>
<pin id="977" dir="0" index="109" bw="6" slack="54"/>
<pin id="978" dir="0" index="110" bw="1" slack="0"/>
<pin id="979" dir="0" index="111" bw="6" slack="55"/>
<pin id="980" dir="0" index="112" bw="1" slack="0"/>
<pin id="981" dir="0" index="113" bw="6" slack="56"/>
<pin id="982" dir="0" index="114" bw="1" slack="0"/>
<pin id="983" dir="0" index="115" bw="6" slack="57"/>
<pin id="984" dir="0" index="116" bw="1" slack="0"/>
<pin id="985" dir="0" index="117" bw="6" slack="58"/>
<pin id="986" dir="0" index="118" bw="1" slack="0"/>
<pin id="987" dir="0" index="119" bw="6" slack="59"/>
<pin id="988" dir="0" index="120" bw="1" slack="0"/>
<pin id="989" dir="0" index="121" bw="6" slack="60"/>
<pin id="990" dir="0" index="122" bw="1" slack="0"/>
<pin id="991" dir="0" index="123" bw="6" slack="61"/>
<pin id="992" dir="0" index="124" bw="1" slack="0"/>
<pin id="993" dir="0" index="125" bw="6" slack="62"/>
<pin id="994" dir="0" index="126" bw="1" slack="0"/>
<pin id="995" dir="0" index="127" bw="6" slack="63"/>
<pin id="996" dir="0" index="128" bw="1" slack="0"/>
<pin id="997" dir="0" index="129" bw="6" slack="64"/>
<pin id="998" dir="0" index="130" bw="1" slack="0"/>
<pin id="999" dir="0" index="131" bw="6" slack="65"/>
<pin id="1000" dir="0" index="132" bw="1" slack="0"/>
<pin id="1001" dir="0" index="133" bw="6" slack="66"/>
<pin id="1002" dir="0" index="134" bw="1" slack="0"/>
<pin id="1003" dir="0" index="135" bw="6" slack="67"/>
<pin id="1004" dir="0" index="136" bw="1" slack="0"/>
<pin id="1005" dir="0" index="137" bw="6" slack="68"/>
<pin id="1006" dir="0" index="138" bw="1" slack="0"/>
<pin id="1007" dir="0" index="139" bw="6" slack="69"/>
<pin id="1008" dir="0" index="140" bw="1" slack="0"/>
<pin id="1009" dir="0" index="141" bw="6" slack="70"/>
<pin id="1010" dir="0" index="142" bw="1" slack="0"/>
<pin id="1011" dir="0" index="143" bw="6" slack="71"/>
<pin id="1012" dir="0" index="144" bw="1" slack="0"/>
<pin id="1013" dir="0" index="145" bw="6" slack="72"/>
<pin id="1014" dir="0" index="146" bw="1" slack="0"/>
<pin id="1015" dir="0" index="147" bw="6" slack="73"/>
<pin id="1016" dir="0" index="148" bw="1" slack="0"/>
<pin id="1017" dir="0" index="149" bw="6" slack="74"/>
<pin id="1018" dir="0" index="150" bw="1" slack="0"/>
<pin id="1019" dir="0" index="151" bw="6" slack="75"/>
<pin id="1020" dir="0" index="152" bw="1" slack="0"/>
<pin id="1021" dir="0" index="153" bw="6" slack="76"/>
<pin id="1022" dir="0" index="154" bw="1" slack="0"/>
<pin id="1023" dir="0" index="155" bw="6" slack="77"/>
<pin id="1024" dir="0" index="156" bw="1" slack="0"/>
<pin id="1025" dir="0" index="157" bw="6" slack="78"/>
<pin id="1026" dir="0" index="158" bw="1" slack="0"/>
<pin id="1027" dir="0" index="159" bw="6" slack="79"/>
<pin id="1028" dir="0" index="160" bw="1" slack="0"/>
<pin id="1029" dir="0" index="161" bw="6" slack="80"/>
<pin id="1030" dir="0" index="162" bw="1" slack="0"/>
<pin id="1031" dir="0" index="163" bw="6" slack="81"/>
<pin id="1032" dir="0" index="164" bw="1" slack="0"/>
<pin id="1033" dir="0" index="165" bw="6" slack="82"/>
<pin id="1034" dir="0" index="166" bw="1" slack="0"/>
<pin id="1035" dir="0" index="167" bw="6" slack="83"/>
<pin id="1036" dir="0" index="168" bw="1" slack="0"/>
<pin id="1037" dir="0" index="169" bw="6" slack="84"/>
<pin id="1038" dir="0" index="170" bw="1" slack="0"/>
<pin id="1039" dir="0" index="171" bw="6" slack="85"/>
<pin id="1040" dir="0" index="172" bw="1" slack="0"/>
<pin id="1041" dir="0" index="173" bw="6" slack="86"/>
<pin id="1042" dir="0" index="174" bw="1" slack="0"/>
<pin id="1043" dir="0" index="175" bw="6" slack="87"/>
<pin id="1044" dir="0" index="176" bw="1" slack="0"/>
<pin id="1045" dir="0" index="177" bw="6" slack="88"/>
<pin id="1046" dir="0" index="178" bw="1" slack="0"/>
<pin id="1047" dir="0" index="179" bw="6" slack="89"/>
<pin id="1048" dir="0" index="180" bw="1" slack="0"/>
<pin id="1049" dir="0" index="181" bw="6" slack="90"/>
<pin id="1050" dir="0" index="182" bw="1" slack="0"/>
<pin id="1051" dir="0" index="183" bw="6" slack="91"/>
<pin id="1052" dir="0" index="184" bw="1" slack="0"/>
<pin id="1053" dir="0" index="185" bw="6" slack="92"/>
<pin id="1054" dir="0" index="186" bw="1" slack="0"/>
<pin id="1055" dir="0" index="187" bw="6" slack="93"/>
<pin id="1056" dir="0" index="188" bw="1" slack="0"/>
<pin id="1057" dir="0" index="189" bw="6" slack="94"/>
<pin id="1058" dir="0" index="190" bw="1" slack="0"/>
<pin id="1059" dir="0" index="191" bw="6" slack="95"/>
<pin id="1060" dir="0" index="192" bw="1" slack="0"/>
<pin id="1061" dir="0" index="193" bw="6" slack="96"/>
<pin id="1062" dir="0" index="194" bw="1" slack="0"/>
<pin id="1063" dir="0" index="195" bw="6" slack="97"/>
<pin id="1064" dir="0" index="196" bw="1" slack="0"/>
<pin id="1065" dir="0" index="197" bw="6" slack="98"/>
<pin id="1066" dir="0" index="198" bw="1" slack="0"/>
<pin id="1067" dir="0" index="199" bw="6" slack="99"/>
<pin id="1068" dir="0" index="200" bw="1" slack="0"/>
<pin id="1069" dir="0" index="201" bw="6" slack="100"/>
<pin id="1070" dir="0" index="202" bw="1" slack="0"/>
<pin id="1071" dir="0" index="203" bw="6" slack="101"/>
<pin id="1072" dir="0" index="204" bw="1" slack="0"/>
<pin id="1073" dir="0" index="205" bw="6" slack="102"/>
<pin id="1074" dir="0" index="206" bw="1" slack="0"/>
<pin id="1075" dir="0" index="207" bw="6" slack="103"/>
<pin id="1076" dir="0" index="208" bw="1" slack="0"/>
<pin id="1077" dir="0" index="209" bw="6" slack="104"/>
<pin id="1078" dir="0" index="210" bw="1" slack="0"/>
<pin id="1079" dir="0" index="211" bw="6" slack="105"/>
<pin id="1080" dir="0" index="212" bw="1" slack="0"/>
<pin id="1081" dir="0" index="213" bw="6" slack="106"/>
<pin id="1082" dir="0" index="214" bw="1" slack="0"/>
<pin id="1083" dir="0" index="215" bw="6" slack="107"/>
<pin id="1084" dir="0" index="216" bw="1" slack="0"/>
<pin id="1085" dir="0" index="217" bw="6" slack="108"/>
<pin id="1086" dir="0" index="218" bw="1" slack="0"/>
<pin id="1087" dir="0" index="219" bw="6" slack="109"/>
<pin id="1088" dir="0" index="220" bw="1" slack="0"/>
<pin id="1089" dir="0" index="221" bw="6" slack="110"/>
<pin id="1090" dir="0" index="222" bw="1" slack="0"/>
<pin id="1091" dir="0" index="223" bw="6" slack="111"/>
<pin id="1092" dir="0" index="224" bw="1" slack="0"/>
<pin id="1093" dir="0" index="225" bw="6" slack="112"/>
<pin id="1094" dir="0" index="226" bw="1" slack="0"/>
<pin id="1095" dir="0" index="227" bw="6" slack="113"/>
<pin id="1096" dir="0" index="228" bw="1" slack="0"/>
<pin id="1097" dir="0" index="229" bw="6" slack="114"/>
<pin id="1098" dir="0" index="230" bw="1" slack="0"/>
<pin id="1099" dir="0" index="231" bw="6" slack="115"/>
<pin id="1100" dir="0" index="232" bw="1" slack="0"/>
<pin id="1101" dir="0" index="233" bw="6" slack="116"/>
<pin id="1102" dir="0" index="234" bw="1" slack="0"/>
<pin id="1103" dir="0" index="235" bw="6" slack="117"/>
<pin id="1104" dir="0" index="236" bw="1" slack="0"/>
<pin id="1105" dir="0" index="237" bw="6" slack="118"/>
<pin id="1106" dir="0" index="238" bw="1" slack="0"/>
<pin id="1107" dir="0" index="239" bw="6" slack="119"/>
<pin id="1108" dir="0" index="240" bw="1" slack="0"/>
<pin id="1109" dir="0" index="241" bw="6" slack="120"/>
<pin id="1110" dir="0" index="242" bw="1" slack="0"/>
<pin id="1111" dir="0" index="243" bw="6" slack="121"/>
<pin id="1112" dir="0" index="244" bw="1" slack="0"/>
<pin id="1113" dir="0" index="245" bw="6" slack="122"/>
<pin id="1114" dir="0" index="246" bw="1" slack="0"/>
<pin id="1115" dir="0" index="247" bw="6" slack="123"/>
<pin id="1116" dir="0" index="248" bw="1" slack="0"/>
<pin id="1117" dir="0" index="249" bw="6" slack="124"/>
<pin id="1118" dir="0" index="250" bw="1" slack="0"/>
<pin id="1119" dir="0" index="251" bw="6" slack="125"/>
<pin id="1120" dir="0" index="252" bw="1" slack="0"/>
<pin id="1121" dir="0" index="253" bw="6" slack="126"/>
<pin id="1122" dir="0" index="254" bw="1" slack="0"/>
<pin id="1123" dir="0" index="255" bw="6" slack="127"/>
<pin id="1124" dir="0" index="256" bw="1" slack="0"/>
<pin id="1125" dir="0" index="257" bw="6" slack="128"/>
<pin id="1126" dir="0" index="258" bw="1" slack="0"/>
<pin id="1127" dir="0" index="259" bw="6" slack="129"/>
<pin id="1128" dir="0" index="260" bw="1" slack="0"/>
<pin id="1129" dir="0" index="261" bw="6" slack="130"/>
<pin id="1130" dir="0" index="262" bw="1" slack="0"/>
<pin id="1131" dir="0" index="263" bw="6" slack="131"/>
<pin id="1132" dir="0" index="264" bw="1" slack="0"/>
<pin id="1133" dir="0" index="265" bw="6" slack="132"/>
<pin id="1134" dir="0" index="266" bw="1" slack="0"/>
<pin id="1135" dir="0" index="267" bw="6" slack="133"/>
<pin id="1136" dir="0" index="268" bw="1" slack="0"/>
<pin id="1137" dir="0" index="269" bw="6" slack="134"/>
<pin id="1138" dir="0" index="270" bw="1" slack="0"/>
<pin id="1139" dir="0" index="271" bw="6" slack="135"/>
<pin id="1140" dir="0" index="272" bw="1" slack="0"/>
<pin id="1141" dir="0" index="273" bw="6" slack="136"/>
<pin id="1142" dir="0" index="274" bw="1" slack="0"/>
<pin id="1143" dir="0" index="275" bw="6" slack="137"/>
<pin id="1144" dir="0" index="276" bw="1" slack="0"/>
<pin id="1145" dir="0" index="277" bw="6" slack="138"/>
<pin id="1146" dir="0" index="278" bw="1" slack="0"/>
<pin id="1147" dir="0" index="279" bw="6" slack="139"/>
<pin id="1148" dir="0" index="280" bw="1" slack="0"/>
<pin id="1149" dir="0" index="281" bw="6" slack="140"/>
<pin id="1150" dir="0" index="282" bw="1" slack="0"/>
<pin id="1151" dir="0" index="283" bw="6" slack="141"/>
<pin id="1152" dir="0" index="284" bw="1" slack="0"/>
<pin id="1153" dir="0" index="285" bw="6" slack="142"/>
<pin id="1154" dir="0" index="286" bw="1" slack="0"/>
<pin id="1155" dir="0" index="287" bw="6" slack="143"/>
<pin id="1156" dir="0" index="288" bw="1" slack="0"/>
<pin id="1157" dir="0" index="289" bw="6" slack="144"/>
<pin id="1158" dir="0" index="290" bw="1" slack="0"/>
<pin id="1159" dir="0" index="291" bw="6" slack="145"/>
<pin id="1160" dir="0" index="292" bw="1" slack="0"/>
<pin id="1161" dir="0" index="293" bw="6" slack="146"/>
<pin id="1162" dir="0" index="294" bw="1" slack="0"/>
<pin id="1163" dir="0" index="295" bw="6" slack="147"/>
<pin id="1164" dir="0" index="296" bw="1" slack="0"/>
<pin id="1165" dir="0" index="297" bw="6" slack="148"/>
<pin id="1166" dir="0" index="298" bw="1" slack="0"/>
<pin id="1167" dir="0" index="299" bw="6" slack="149"/>
<pin id="1168" dir="0" index="300" bw="1" slack="0"/>
<pin id="1169" dir="0" index="301" bw="6" slack="150"/>
<pin id="1170" dir="0" index="302" bw="1" slack="0"/>
<pin id="1171" dir="0" index="303" bw="6" slack="151"/>
<pin id="1172" dir="0" index="304" bw="1" slack="0"/>
<pin id="1173" dir="0" index="305" bw="6" slack="152"/>
<pin id="1174" dir="0" index="306" bw="1" slack="0"/>
<pin id="1175" dir="0" index="307" bw="6" slack="153"/>
<pin id="1176" dir="0" index="308" bw="1" slack="0"/>
<pin id="1177" dir="0" index="309" bw="6" slack="154"/>
<pin id="1178" dir="0" index="310" bw="1" slack="0"/>
<pin id="1179" dir="0" index="311" bw="6" slack="155"/>
<pin id="1180" dir="0" index="312" bw="1" slack="0"/>
<pin id="1181" dir="0" index="313" bw="6" slack="156"/>
<pin id="1182" dir="0" index="314" bw="1" slack="0"/>
<pin id="1183" dir="0" index="315" bw="6" slack="157"/>
<pin id="1184" dir="0" index="316" bw="1" slack="0"/>
<pin id="1185" dir="0" index="317" bw="6" slack="158"/>
<pin id="1186" dir="0" index="318" bw="1" slack="0"/>
<pin id="1187" dir="0" index="319" bw="6" slack="159"/>
<pin id="1188" dir="0" index="320" bw="1" slack="0"/>
<pin id="1189" dir="0" index="321" bw="6" slack="160"/>
<pin id="1190" dir="0" index="322" bw="1" slack="0"/>
<pin id="1191" dir="1" index="323" bw="2576" slack="0"/>
</pin_list>
<bind>
<opcode="bitconcatenate(1004) " fcode="bitconcatenate"/>
<opset="inputLayer_V/161 "/>
</bind>
</comp>

<comp id="1356" class="1004" name="layer2_out_V_fu_1356">
<pin_list>
<pin id="1357" dir="0" index="0" bw="48" slack="0"/>
<pin id="1358" dir="1" index="1" bw="8" slack="1"/>
</pin_list>
<bind>
<opcode="extractvalue(56) " fcode="extractvalue"/>
<opset="layer2_out_V/165 "/>
</bind>
</comp>

<comp id="1360" class="1004" name="layer2_out_V_1_fu_1360">
<pin_list>
<pin id="1361" dir="0" index="0" bw="48" slack="0"/>
<pin id="1362" dir="1" index="1" bw="8" slack="1"/>
</pin_list>
<bind>
<opcode="extractvalue(56) " fcode="extractvalue"/>
<opset="layer2_out_V_1/165 "/>
</bind>
</comp>

<comp id="1364" class="1004" name="layer2_out_V_2_fu_1364">
<pin_list>
<pin id="1365" dir="0" index="0" bw="48" slack="0"/>
<pin id="1366" dir="1" index="1" bw="8" slack="1"/>
</pin_list>
<bind>
<opcode="extractvalue(56) " fcode="extractvalue"/>
<opset="layer2_out_V_2/165 "/>
</bind>
</comp>

<comp id="1368" class="1004" name="layer2_out_V_3_fu_1368">
<pin_list>
<pin id="1369" dir="0" index="0" bw="48" slack="0"/>
<pin id="1370" dir="1" index="1" bw="8" slack="1"/>
</pin_list>
<bind>
<opcode="extractvalue(56) " fcode="extractvalue"/>
<opset="layer2_out_V_3/165 "/>
</bind>
</comp>

<comp id="1372" class="1004" name="layer2_out_V_4_fu_1372">
<pin_list>
<pin id="1373" dir="0" index="0" bw="48" slack="0"/>
<pin id="1374" dir="1" index="1" bw="8" slack="1"/>
</pin_list>
<bind>
<opcode="extractvalue(56) " fcode="extractvalue"/>
<opset="layer2_out_V_4/165 "/>
</bind>
</comp>

<comp id="1376" class="1004" name="layer2_out_V_5_fu_1376">
<pin_list>
<pin id="1377" dir="0" index="0" bw="48" slack="0"/>
<pin id="1378" dir="1" index="1" bw="8" slack="1"/>
</pin_list>
<bind>
<opcode="extractvalue(56) " fcode="extractvalue"/>
<opset="layer2_out_V_5/165 "/>
</bind>
</comp>

<comp id="1380" class="1004" name="layer5_out_V_fu_1380">
<pin_list>
<pin id="1381" dir="0" index="0" bw="24" slack="0"/>
<pin id="1382" dir="1" index="1" bw="8" slack="1"/>
</pin_list>
<bind>
<opcode="extractvalue(56) " fcode="extractvalue"/>
<opset="layer5_out_V/167 "/>
</bind>
</comp>

<comp id="1384" class="1004" name="layer5_out_V_1_fu_1384">
<pin_list>
<pin id="1385" dir="0" index="0" bw="24" slack="0"/>
<pin id="1386" dir="1" index="1" bw="8" slack="1"/>
</pin_list>
<bind>
<opcode="extractvalue(56) " fcode="extractvalue"/>
<opset="layer5_out_V_1/167 "/>
</bind>
</comp>

<comp id="1388" class="1004" name="layer5_out_V_2_fu_1388">
<pin_list>
<pin id="1389" dir="0" index="0" bw="24" slack="0"/>
<pin id="1390" dir="1" index="1" bw="8" slack="1"/>
</pin_list>
<bind>
<opcode="extractvalue(56) " fcode="extractvalue"/>
<opset="layer5_out_V_2/167 "/>
</bind>
</comp>

<comp id="1392" class="1004" name="layer8_out_V_fu_1392">
<pin_list>
<pin id="1393" dir="0" index="0" bw="16" slack="0"/>
<pin id="1394" dir="1" index="1" bw="8" slack="1"/>
</pin_list>
<bind>
<opcode="extractvalue(56) " fcode="extractvalue"/>
<opset="layer8_out_V/169 "/>
</bind>
</comp>

<comp id="1396" class="1004" name="layer8_out_V_1_fu_1396">
<pin_list>
<pin id="1397" dir="0" index="0" bw="16" slack="0"/>
<pin id="1398" dir="1" index="1" bw="8" slack="1"/>
</pin_list>
<bind>
<opcode="extractvalue(56) " fcode="extractvalue"/>
<opset="layer8_out_V_1/169 "/>
</bind>
</comp>

<comp id="1400" class="1004" name="layer11_out_V_fu_1400">
<pin_list>
<pin id="1401" dir="0" index="0" bw="16" slack="0"/>
<pin id="1402" dir="1" index="1" bw="8" slack="1"/>
</pin_list>
<bind>
<opcode="extractvalue(56) " fcode="extractvalue"/>
<opset="layer11_out_V/170 "/>
</bind>
</comp>

<comp id="1404" class="1004" name="layer11_out_V_1_fu_1404">
<pin_list>
<pin id="1405" dir="0" index="0" bw="16" slack="0"/>
<pin id="1406" dir="1" index="1" bw="8" slack="1"/>
</pin_list>
<bind>
<opcode="extractvalue(56) " fcode="extractvalue"/>
<opset="layer11_out_V_1/170 "/>
</bind>
</comp>

<comp id="1408" class="1004" name="layer14_out_V_fu_1408">
<pin_list>
<pin id="1409" dir="0" index="0" bw="16" slack="0"/>
<pin id="1410" dir="1" index="1" bw="8" slack="1"/>
</pin_list>
<bind>
<opcode="extractvalue(56) " fcode="extractvalue"/>
<opset="layer14_out_V/171 "/>
</bind>
</comp>

<comp id="1412" class="1004" name="layer14_out_V_1_fu_1412">
<pin_list>
<pin id="1413" dir="0" index="0" bw="16" slack="0"/>
<pin id="1414" dir="1" index="1" bw="8" slack="1"/>
</pin_list>
<bind>
<opcode="extractvalue(56) " fcode="extractvalue"/>
<opset="layer14_out_V_1/171 "/>
</bind>
</comp>

<comp id="1416" class="1004" name="zext_ln1042_fu_1416">
<pin_list>
<pin id="1417" dir="0" index="0" bw="4" slack="0"/>
<pin id="1418" dir="1" index="1" bw="8" slack="0"/>
</pin_list>
<bind>
<opcode="zext(34) " fcode="zext"/>
<opset="zext_ln1042/174 "/>
</bind>
</comp>

<comp id="1420" class="1004" name="p_Result_s_fu_1420">
<pin_list>
<pin id="1421" dir="0" index="0" bw="8" slack="0"/>
<pin id="1422" dir="0" index="1" bw="4" slack="0"/>
<pin id="1423" dir="0" index="2" bw="4" slack="0"/>
<pin id="1424" dir="0" index="3" bw="1" slack="0"/>
<pin id="1425" dir="1" index="4" bw="8" slack="0"/>
</pin_list>
<bind>
<opcode="partselect(1002) " fcode="partselect"/>
<opset="p_Result_s/174 "/>
</bind>
</comp>

<comp id="1430" class="1004" name="p_Result_6_fu_1430">
<pin_list>
<pin id="1431" dir="0" index="0" bw="9" slack="0"/>
<pin id="1432" dir="0" index="1" bw="1" slack="0"/>
<pin id="1433" dir="0" index="2" bw="8" slack="0"/>
<pin id="1434" dir="1" index="3" bw="9" slack="0"/>
</pin_list>
<bind>
<opcode="bitconcatenate(1004) " fcode="bitconcatenate"/>
<opset="p_Result_6/174 "/>
</bind>
</comp>

<comp id="1438" class="1004" name="sext_ln1198_fu_1438">
<pin_list>
<pin id="1439" dir="0" index="0" bw="9" slack="0"/>
<pin id="1440" dir="1" index="1" bw="32" slack="0"/>
</pin_list>
<bind>
<opcode="sext(35) " fcode="sext"/>
<opset="sext_ln1198/174 "/>
</bind>
</comp>

<comp id="1442" class="1004" name="l_fu_1442">
<pin_list>
<pin id="1443" dir="0" index="0" bw="32" slack="0"/>
<pin id="1444" dir="0" index="1" bw="9" slack="0"/>
<pin id="1445" dir="0" index="2" bw="1" slack="0"/>
<pin id="1446" dir="1" index="3" bw="32" slack="0"/>
</pin_list>
<bind>
<opcode="cttz(524) " fcode="cttz"/>
<opset="l/174 "/>
</bind>
</comp>

<comp id="1450" class="1004" name="sub_ln1049_fu_1450">
<pin_list>
<pin id="1451" dir="0" index="0" bw="5" slack="0"/>
<pin id="1452" dir="0" index="1" bw="32" slack="0"/>
<pin id="1453" dir="1" index="2" bw="32" slack="0"/>
</pin_list>
<bind>
<opcode="sub(10) " fcode="sub"/>
<opset="sub_ln1049/174 "/>
</bind>
</comp>

<comp id="1456" class="1004" name="trunc_ln1049_fu_1456">
<pin_list>
<pin id="1457" dir="0" index="0" bw="32" slack="0"/>
<pin id="1458" dir="1" index="1" bw="8" slack="1"/>
</pin_list>
<bind>
<opcode="trunc(33) " fcode="trunc"/>
<opset="trunc_ln1049/174 "/>
</bind>
</comp>

<comp id="1460" class="1004" name="lsb_index_fu_1460">
<pin_list>
<pin id="1461" dir="0" index="0" bw="32" slack="0"/>
<pin id="1462" dir="0" index="1" bw="7" slack="0"/>
<pin id="1463" dir="1" index="2" bw="32" slack="0"/>
</pin_list>
<bind>
<opcode="add(8) " fcode="add"/>
<opset="lsb_index/174 "/>
</bind>
</comp>

<comp id="1466" class="1004" name="tmp_162_fu_1466">
<pin_list>
<pin id="1467" dir="0" index="0" bw="31" slack="0"/>
<pin id="1468" dir="0" index="1" bw="32" slack="0"/>
<pin id="1469" dir="0" index="2" bw="1" slack="0"/>
<pin id="1470" dir="0" index="3" bw="6" slack="0"/>
<pin id="1471" dir="1" index="4" bw="31" slack="1"/>
</pin_list>
<bind>
<opcode="partselect(1002) " fcode="partselect"/>
<opset="tmp_162/174 "/>
</bind>
</comp>

<comp id="1476" class="1004" name="trunc_ln1052_fu_1476">
<pin_list>
<pin id="1477" dir="0" index="0" bw="32" slack="0"/>
<pin id="1478" dir="1" index="1" bw="3" slack="0"/>
</pin_list>
<bind>
<opcode="trunc(33) " fcode="trunc"/>
<opset="trunc_ln1052/174 "/>
</bind>
</comp>

<comp id="1480" class="1004" name="sub_ln1052_fu_1480">
<pin_list>
<pin id="1481" dir="0" index="0" bw="2" slack="0"/>
<pin id="1482" dir="0" index="1" bw="3" slack="0"/>
<pin id="1483" dir="1" index="2" bw="3" slack="1"/>
</pin_list>
<bind>
<opcode="sub(10) " fcode="sub"/>
<opset="sub_ln1052/174 "/>
</bind>
</comp>

<comp id="1486" class="1004" name="trunc_ln1048_fu_1486">
<pin_list>
<pin id="1487" dir="0" index="0" bw="32" slack="0"/>
<pin id="1488" dir="1" index="1" bw="11" slack="2"/>
</pin_list>
<bind>
<opcode="trunc(33) " fcode="trunc"/>
<opset="trunc_ln1048/174 "/>
</bind>
</comp>

<comp id="1490" class="1004" name="icmp_ln1051_fu_1490">
<pin_list>
<pin id="1491" dir="0" index="0" bw="31" slack="1"/>
<pin id="1492" dir="0" index="1" bw="1" slack="0"/>
<pin id="1493" dir="1" index="2" bw="1" slack="0"/>
</pin_list>
<bind>
<opcode="icmp(45) " fcode="icmp"/>
<opset="icmp_ln1051/175 "/>
</bind>
</comp>

<comp id="1495" class="1004" name="zext_ln1052_fu_1495">
<pin_list>
<pin id="1496" dir="0" index="0" bw="3" slack="1"/>
<pin id="1497" dir="1" index="1" bw="8" slack="0"/>
</pin_list>
<bind>
<opcode="zext(34) " fcode="zext"/>
<opset="zext_ln1052/175 "/>
</bind>
</comp>

<comp id="1498" class="1004" name="lshr_ln1052_fu_1498">
<pin_list>
<pin id="1499" dir="0" index="0" bw="1" slack="0"/>
<pin id="1500" dir="0" index="1" bw="3" slack="0"/>
<pin id="1501" dir="1" index="2" bw="8" slack="0"/>
</pin_list>
<bind>
<opcode="lshr(21) " fcode="lshr"/>
<opset="lshr_ln1052/175 "/>
</bind>
</comp>

<comp id="1504" class="1004" name="p_Result_2_fu_1504">
<pin_list>
<pin id="1505" dir="0" index="0" bw="4" slack="1"/>
<pin id="1506" dir="0" index="1" bw="8" slack="0"/>
<pin id="1507" dir="1" index="2" bw="8" slack="0"/>
</pin_list>
<bind>
<opcode="and(23) " fcode="and"/>
<opset="p_Result_2/175 "/>
</bind>
</comp>

<comp id="1509" class="1004" name="icmp_ln1052_fu_1509">
<pin_list>
<pin id="1510" dir="0" index="0" bw="4" slack="0"/>
<pin id="1511" dir="0" index="1" bw="1" slack="0"/>
<pin id="1512" dir="1" index="2" bw="1" slack="0"/>
</pin_list>
<bind>
<opcode="icmp(45) " fcode="icmp"/>
<opset="icmp_ln1052/175 "/>
</bind>
</comp>

<comp id="1515" class="1004" name="a_fu_1515">
<pin_list>
<pin id="1516" dir="0" index="0" bw="1" slack="0"/>
<pin id="1517" dir="0" index="1" bw="1" slack="0"/>
<pin id="1518" dir="1" index="2" bw="1" slack="0"/>
</pin_list>
<bind>
<opcode="and(23) " fcode="and"/>
<opset="a/175 "/>
</bind>
</comp>

<comp id="1521" class="1004" name="tmp_163_fu_1521">
<pin_list>
<pin id="1522" dir="0" index="0" bw="1" slack="0"/>
<pin id="1523" dir="0" index="1" bw="32" slack="1"/>
<pin id="1524" dir="0" index="2" bw="6" slack="0"/>
<pin id="1525" dir="1" index="3" bw="1" slack="0"/>
</pin_list>
<bind>
<opcode="bitselect(1000) " fcode="bitselect"/>
<opset="tmp_163/175 "/>
</bind>
</comp>

<comp id="1528" class="1004" name="xor_ln1054_fu_1528">
<pin_list>
<pin id="1529" dir="0" index="0" bw="1" slack="0"/>
<pin id="1530" dir="0" index="1" bw="1" slack="0"/>
<pin id="1531" dir="1" index="2" bw="1" slack="0"/>
</pin_list>
<bind>
<opcode="xor(25) " fcode="xor"/>
<opset="xor_ln1054/175 "/>
</bind>
</comp>

<comp id="1534" class="1004" name="add_ln1054_fu_1534">
<pin_list>
<pin id="1535" dir="0" index="0" bw="8" slack="1"/>
<pin id="1536" dir="0" index="1" bw="7" slack="0"/>
<pin id="1537" dir="1" index="2" bw="8" slack="0"/>
</pin_list>
<bind>
<opcode="add(8) " fcode="add"/>
<opset="add_ln1054/175 "/>
</bind>
</comp>

<comp id="1539" class="1004" name="p_Result_3_fu_1539">
<pin_list>
<pin id="1540" dir="0" index="0" bw="1" slack="0"/>
<pin id="1541" dir="0" index="1" bw="4" slack="1"/>
<pin id="1542" dir="0" index="2" bw="8" slack="0"/>
<pin id="1543" dir="1" index="3" bw="1" slack="0"/>
</pin_list>
<bind>
<opcode="bitselect(1000) " fcode="bitselect"/>
<opset="p_Result_3/175 "/>
</bind>
</comp>

<comp id="1546" class="1004" name="and_ln1054_fu_1546">
<pin_list>
<pin id="1547" dir="0" index="0" bw="1" slack="0"/>
<pin id="1548" dir="0" index="1" bw="1" slack="0"/>
<pin id="1549" dir="1" index="2" bw="1" slack="0"/>
</pin_list>
<bind>
<opcode="and(23) " fcode="and"/>
<opset="and_ln1054/175 "/>
</bind>
</comp>

<comp id="1552" class="1004" name="or_ln1054_fu_1552">
<pin_list>
<pin id="1553" dir="0" index="0" bw="1" slack="0"/>
<pin id="1554" dir="0" index="1" bw="1" slack="0"/>
<pin id="1555" dir="1" index="2" bw="1" slack="0"/>
</pin_list>
<bind>
<opcode="or(24) " fcode="or"/>
<opset="or_ln1054/175 "/>
</bind>
</comp>

<comp id="1558" class="1004" name="or_ln_fu_1558">
<pin_list>
<pin id="1559" dir="0" index="0" bw="2" slack="0"/>
<pin id="1560" dir="0" index="1" bw="1" slack="0"/>
<pin id="1561" dir="0" index="2" bw="1" slack="0"/>
<pin id="1562" dir="1" index="3" bw="2" slack="0"/>
</pin_list>
<bind>
<opcode="bitconcatenate(1004) " fcode="bitconcatenate"/>
<opset="or_ln/175 "/>
</bind>
</comp>

<comp id="1566" class="1004" name="zext_ln1062_fu_1566">
<pin_list>
<pin id="1567" dir="0" index="0" bw="4" slack="1"/>
<pin id="1568" dir="1" index="1" bw="64" slack="0"/>
</pin_list>
<bind>
<opcode="zext(34) " fcode="zext"/>
<opset="zext_ln1062/175 "/>
</bind>
</comp>

<comp id="1569" class="1004" name="icmp_ln1063_fu_1569">
<pin_list>
<pin id="1570" dir="0" index="0" bw="32" slack="1"/>
<pin id="1571" dir="0" index="1" bw="1" slack="0"/>
<pin id="1572" dir="1" index="2" bw="1" slack="0"/>
</pin_list>
<bind>
<opcode="icmp(45) " fcode="icmp"/>
<opset="icmp_ln1063/175 "/>
</bind>
</comp>

<comp id="1574" class="1004" name="add_ln1063_fu_1574">
<pin_list>
<pin id="1575" dir="0" index="0" bw="32" slack="1"/>
<pin id="1576" dir="0" index="1" bw="7" slack="0"/>
<pin id="1577" dir="1" index="2" bw="32" slack="0"/>
</pin_list>
<bind>
<opcode="add(8) " fcode="add"/>
<opset="add_ln1063/175 "/>
</bind>
</comp>

<comp id="1579" class="1004" name="zext_ln1063_fu_1579">
<pin_list>
<pin id="1580" dir="0" index="0" bw="32" slack="0"/>
<pin id="1581" dir="1" index="1" bw="64" slack="0"/>
</pin_list>
<bind>
<opcode="zext(34) " fcode="zext"/>
<opset="zext_ln1063/175 "/>
</bind>
</comp>

<comp id="1583" class="1004" name="lshr_ln1063_fu_1583">
<pin_list>
<pin id="1584" dir="0" index="0" bw="4" slack="0"/>
<pin id="1585" dir="0" index="1" bw="32" slack="0"/>
<pin id="1586" dir="1" index="2" bw="64" slack="0"/>
</pin_list>
<bind>
<opcode="lshr(21) " fcode="lshr"/>
<opset="lshr_ln1063/175 "/>
</bind>
</comp>

<comp id="1589" class="1004" name="sub_ln1064_fu_1589">
<pin_list>
<pin id="1590" dir="0" index="0" bw="7" slack="0"/>
<pin id="1591" dir="0" index="1" bw="32" slack="1"/>
<pin id="1592" dir="1" index="2" bw="32" slack="0"/>
</pin_list>
<bind>
<opcode="sub(10) " fcode="sub"/>
<opset="sub_ln1064/175 "/>
</bind>
</comp>

<comp id="1594" class="1004" name="zext_ln1064_fu_1594">
<pin_list>
<pin id="1595" dir="0" index="0" bw="32" slack="0"/>
<pin id="1596" dir="1" index="1" bw="64" slack="0"/>
</pin_list>
<bind>
<opcode="zext(34) " fcode="zext"/>
<opset="zext_ln1064/175 "/>
</bind>
</comp>

<comp id="1598" class="1004" name="shl_ln1064_fu_1598">
<pin_list>
<pin id="1599" dir="0" index="0" bw="4" slack="0"/>
<pin id="1600" dir="0" index="1" bw="32" slack="0"/>
<pin id="1601" dir="1" index="2" bw="64" slack="0"/>
</pin_list>
<bind>
<opcode="shl(20) " fcode="shl"/>
<opset="shl_ln1064/175 "/>
</bind>
</comp>

<comp id="1604" class="1004" name="m_2_fu_1604">
<pin_list>
<pin id="1605" dir="0" index="0" bw="1" slack="0"/>
<pin id="1606" dir="0" index="1" bw="64" slack="0"/>
<pin id="1607" dir="0" index="2" bw="64" slack="0"/>
<pin id="1608" dir="1" index="3" bw="64" slack="0"/>
</pin_list>
<bind>
<opcode="select(49) " fcode="select"/>
<opset="m_2/175 "/>
</bind>
</comp>

<comp id="1612" class="1004" name="zext_ln1066_fu_1612">
<pin_list>
<pin id="1613" dir="0" index="0" bw="2" slack="0"/>
<pin id="1614" dir="1" index="1" bw="64" slack="0"/>
</pin_list>
<bind>
<opcode="zext(34) " fcode="zext"/>
<opset="zext_ln1066/175 "/>
</bind>
</comp>

<comp id="1616" class="1004" name="m_3_fu_1616">
<pin_list>
<pin id="1617" dir="0" index="0" bw="64" slack="0"/>
<pin id="1618" dir="0" index="1" bw="2" slack="0"/>
<pin id="1619" dir="1" index="2" bw="64" slack="0"/>
</pin_list>
<bind>
<opcode="add(8) " fcode="add"/>
<opset="m_3/175 "/>
</bind>
</comp>

<comp id="1622" class="1004" name="m_fu_1622">
<pin_list>
<pin id="1623" dir="0" index="0" bw="63" slack="0"/>
<pin id="1624" dir="0" index="1" bw="64" slack="0"/>
<pin id="1625" dir="0" index="2" bw="1" slack="0"/>
<pin id="1626" dir="0" index="3" bw="7" slack="0"/>
<pin id="1627" dir="1" index="4" bw="63" slack="1"/>
</pin_list>
<bind>
<opcode="partselect(1002) " fcode="partselect"/>
<opset="m/175 "/>
</bind>
</comp>

<comp id="1632" class="1004" name="p_Result_4_fu_1632">
<pin_list>
<pin id="1633" dir="0" index="0" bw="1" slack="0"/>
<pin id="1634" dir="0" index="1" bw="64" slack="0"/>
<pin id="1635" dir="0" index="2" bw="7" slack="0"/>
<pin id="1636" dir="1" index="3" bw="1" slack="1"/>
</pin_list>
<bind>
<opcode="bitselect(1000) " fcode="bitselect"/>
<opset="p_Result_4/175 "/>
</bind>
</comp>

<comp id="1640" class="1004" name="tmp_224_fu_1640">
<pin_list>
<pin id="1641" dir="0" index="0" bw="52" slack="0"/>
<pin id="1642" dir="0" index="1" bw="64" slack="0"/>
<pin id="1643" dir="0" index="2" bw="1" slack="0"/>
<pin id="1644" dir="0" index="3" bw="7" slack="0"/>
<pin id="1645" dir="1" index="4" bw="52" slack="1"/>
</pin_list>
<bind>
<opcode="partselect(1002) " fcode="partselect"/>
<opset="tmp_224/175 "/>
</bind>
</comp>

<comp id="1650" class="1004" name="icmp_ln1040_fu_1650">
<pin_list>
<pin id="1651" dir="0" index="0" bw="4" slack="1"/>
<pin id="1652" dir="0" index="1" bw="1" slack="0"/>
<pin id="1653" dir="1" index="2" bw="1" slack="3"/>
</pin_list>
<bind>
<opcode="icmp(45) " fcode="icmp"/>
<opset="icmp_ln1040/175 "/>
</bind>
</comp>

<comp id="1655" class="1004" name="zext_ln1067_fu_1655">
<pin_list>
<pin id="1656" dir="0" index="0" bw="63" slack="1"/>
<pin id="1657" dir="1" index="1" bw="64" slack="0"/>
</pin_list>
<bind>
<opcode="zext(34) " fcode="zext"/>
<opset="zext_ln1067/176 "/>
</bind>
</comp>

<comp id="1658" class="1004" name="select_ln1048_fu_1658">
<pin_list>
<pin id="1659" dir="0" index="0" bw="1" slack="1"/>
<pin id="1660" dir="0" index="1" bw="11" slack="0"/>
<pin id="1661" dir="0" index="2" bw="11" slack="0"/>
<pin id="1662" dir="1" index="3" bw="11" slack="0"/>
</pin_list>
<bind>
<opcode="select(49) " fcode="select"/>
<opset="select_ln1048/176 "/>
</bind>
</comp>

<comp id="1665" class="1004" name="sub_ln1070_fu_1665">
<pin_list>
<pin id="1666" dir="0" index="0" bw="4" slack="0"/>
<pin id="1667" dir="0" index="1" bw="11" slack="2"/>
<pin id="1668" dir="1" index="2" bw="11" slack="0"/>
</pin_list>
<bind>
<opcode="sub(10) " fcode="sub"/>
<opset="sub_ln1070/176 "/>
</bind>
</comp>

<comp id="1670" class="1004" name="add_ln1076_fu_1670">
<pin_list>
<pin id="1671" dir="0" index="0" bw="11" slack="0"/>
<pin id="1672" dir="0" index="1" bw="11" slack="0"/>
<pin id="1673" dir="1" index="2" bw="11" slack="0"/>
</pin_list>
<bind>
<opcode="add(8) " fcode="add"/>
<opset="add_ln1076/176 "/>
</bind>
</comp>

<comp id="1676" class="1004" name="tmp_s_fu_1676">
<pin_list>
<pin id="1677" dir="0" index="0" bw="12" slack="0"/>
<pin id="1678" dir="0" index="1" bw="1" slack="0"/>
<pin id="1679" dir="0" index="2" bw="11" slack="0"/>
<pin id="1680" dir="1" index="3" bw="12" slack="0"/>
</pin_list>
<bind>
<opcode="bitconcatenate(1004) " fcode="bitconcatenate"/>
<opset="tmp_s/176 "/>
</bind>
</comp>

<comp id="1684" class="1004" name="p_Result_7_fu_1684">
<pin_list>
<pin id="1685" dir="0" index="0" bw="64" slack="0"/>
<pin id="1686" dir="0" index="1" bw="63" slack="0"/>
<pin id="1687" dir="0" index="2" bw="12" slack="0"/>
<pin id="1688" dir="0" index="3" bw="7" slack="0"/>
<pin id="1689" dir="0" index="4" bw="7" slack="0"/>
<pin id="1690" dir="1" index="5" bw="64" slack="1"/>
</pin_list>
<bind>
<opcode="partset(1003) " fcode="partset"/>
<opset="p_Result_7/176 "/>
</bind>
</comp>

<comp id="1696" class="1004" name="notlhs_fu_1696">
<pin_list>
<pin id="1697" dir="0" index="0" bw="11" slack="0"/>
<pin id="1698" dir="0" index="1" bw="1" slack="0"/>
<pin id="1699" dir="1" index="2" bw="1" slack="2"/>
</pin_list>
<bind>
<opcode="icmp(45) " fcode="icmp"/>
<opset="notlhs/176 "/>
</bind>
</comp>

<comp id="1702" class="1004" name="notrhs_fu_1702">
<pin_list>
<pin id="1703" dir="0" index="0" bw="52" slack="1"/>
<pin id="1704" dir="0" index="1" bw="1" slack="0"/>
<pin id="1705" dir="1" index="2" bw="1" slack="2"/>
</pin_list>
<bind>
<opcode="icmp(45) " fcode="icmp"/>
<opset="notrhs/176 "/>
</bind>
</comp>

<comp id="1707" class="1004" name="bitcast_ln756_fu_1707">
<pin_list>
<pin id="1708" dir="0" index="0" bw="64" slack="1"/>
<pin id="1709" dir="1" index="1" bw="64" slack="0"/>
</pin_list>
<bind>
<opcode="bitcast(44) " fcode="bitcast"/>
<opset="bitcast_ln756/177 "/>
</bind>
</comp>

<comp id="1711" class="1004" name="empty_1537_fu_1711">
<pin_list>
<pin id="1712" dir="0" index="0" bw="1" slack="2"/>
<pin id="1713" dir="0" index="1" bw="1" slack="2"/>
<pin id="1714" dir="1" index="2" bw="1" slack="0"/>
</pin_list>
<bind>
<opcode="or(24) " fcode="or"/>
<opset="empty_1537/178 "/>
</bind>
</comp>

<comp id="1715" class="1004" name="empty_1538_fu_1715">
<pin_list>
<pin id="1716" dir="0" index="0" bw="1" slack="0"/>
<pin id="1717" dir="0" index="1" bw="1" slack="0"/>
<pin id="1718" dir="1" index="2" bw="1" slack="0"/>
</pin_list>
<bind>
<opcode="and(23) " fcode="and"/>
<opset="empty_1538/178 "/>
</bind>
</comp>

<comp id="1721" class="1004" name="sel_tmp1_fu_1721">
<pin_list>
<pin id="1722" dir="0" index="0" bw="1" slack="3"/>
<pin id="1723" dir="0" index="1" bw="1" slack="0"/>
<pin id="1724" dir="1" index="2" bw="1" slack="0"/>
</pin_list>
<bind>
<opcode="and(23) " fcode="and"/>
<opset="sel_tmp1/178 "/>
</bind>
</comp>

<comp id="1726" class="1004" name="select_ln90_fu_1726">
<pin_list>
<pin id="1727" dir="0" index="0" bw="1" slack="0"/>
<pin id="1728" dir="0" index="1" bw="4" slack="0"/>
<pin id="1729" dir="0" index="2" bw="3" slack="0"/>
<pin id="1730" dir="1" index="3" bw="32" slack="0"/>
</pin_list>
<bind>
<opcode="select(49) " fcode="select"/>
<opset="select_ln90/178 "/>
</bind>
</comp>

<comp id="1735" class="1005" name="trunc_ln841_reg_1735">
<pin_list>
<pin id="1736" dir="0" index="0" bw="6" slack="160"/>
<pin id="1737" dir="1" index="1" bw="6" slack="160"/>
</pin_list>
<bind>
<opset="trunc_ln841 "/>
</bind>
</comp>

<comp id="1740" class="1005" name="trunc_ln841_1_reg_1740">
<pin_list>
<pin id="1741" dir="0" index="0" bw="6" slack="159"/>
<pin id="1742" dir="1" index="1" bw="6" slack="159"/>
</pin_list>
<bind>
<opset="trunc_ln841_1 "/>
</bind>
</comp>

<comp id="1745" class="1005" name="trunc_ln841_2_reg_1745">
<pin_list>
<pin id="1746" dir="0" index="0" bw="6" slack="158"/>
<pin id="1747" dir="1" index="1" bw="6" slack="158"/>
</pin_list>
<bind>
<opset="trunc_ln841_2 "/>
</bind>
</comp>

<comp id="1750" class="1005" name="trunc_ln841_3_reg_1750">
<pin_list>
<pin id="1751" dir="0" index="0" bw="6" slack="157"/>
<pin id="1752" dir="1" index="1" bw="6" slack="157"/>
</pin_list>
<bind>
<opset="trunc_ln841_3 "/>
</bind>
</comp>

<comp id="1755" class="1005" name="trunc_ln841_4_reg_1755">
<pin_list>
<pin id="1756" dir="0" index="0" bw="6" slack="156"/>
<pin id="1757" dir="1" index="1" bw="6" slack="156"/>
</pin_list>
<bind>
<opset="trunc_ln841_4 "/>
</bind>
</comp>

<comp id="1760" class="1005" name="trunc_ln841_5_reg_1760">
<pin_list>
<pin id="1761" dir="0" index="0" bw="6" slack="155"/>
<pin id="1762" dir="1" index="1" bw="6" slack="155"/>
</pin_list>
<bind>
<opset="trunc_ln841_5 "/>
</bind>
</comp>

<comp id="1765" class="1005" name="trunc_ln841_6_reg_1765">
<pin_list>
<pin id="1766" dir="0" index="0" bw="6" slack="154"/>
<pin id="1767" dir="1" index="1" bw="6" slack="154"/>
</pin_list>
<bind>
<opset="trunc_ln841_6 "/>
</bind>
</comp>

<comp id="1770" class="1005" name="trunc_ln841_7_reg_1770">
<pin_list>
<pin id="1771" dir="0" index="0" bw="6" slack="153"/>
<pin id="1772" dir="1" index="1" bw="6" slack="153"/>
</pin_list>
<bind>
<opset="trunc_ln841_7 "/>
</bind>
</comp>

<comp id="1775" class="1005" name="trunc_ln841_8_reg_1775">
<pin_list>
<pin id="1776" dir="0" index="0" bw="6" slack="152"/>
<pin id="1777" dir="1" index="1" bw="6" slack="152"/>
</pin_list>
<bind>
<opset="trunc_ln841_8 "/>
</bind>
</comp>

<comp id="1780" class="1005" name="trunc_ln841_9_reg_1780">
<pin_list>
<pin id="1781" dir="0" index="0" bw="6" slack="151"/>
<pin id="1782" dir="1" index="1" bw="6" slack="151"/>
</pin_list>
<bind>
<opset="trunc_ln841_9 "/>
</bind>
</comp>

<comp id="1785" class="1005" name="trunc_ln841_10_reg_1785">
<pin_list>
<pin id="1786" dir="0" index="0" bw="6" slack="150"/>
<pin id="1787" dir="1" index="1" bw="6" slack="150"/>
</pin_list>
<bind>
<opset="trunc_ln841_10 "/>
</bind>
</comp>

<comp id="1790" class="1005" name="trunc_ln841_11_reg_1790">
<pin_list>
<pin id="1791" dir="0" index="0" bw="6" slack="149"/>
<pin id="1792" dir="1" index="1" bw="6" slack="149"/>
</pin_list>
<bind>
<opset="trunc_ln841_11 "/>
</bind>
</comp>

<comp id="1795" class="1005" name="trunc_ln841_12_reg_1795">
<pin_list>
<pin id="1796" dir="0" index="0" bw="6" slack="148"/>
<pin id="1797" dir="1" index="1" bw="6" slack="148"/>
</pin_list>
<bind>
<opset="trunc_ln841_12 "/>
</bind>
</comp>

<comp id="1800" class="1005" name="trunc_ln841_13_reg_1800">
<pin_list>
<pin id="1801" dir="0" index="0" bw="6" slack="147"/>
<pin id="1802" dir="1" index="1" bw="6" slack="147"/>
</pin_list>
<bind>
<opset="trunc_ln841_13 "/>
</bind>
</comp>

<comp id="1805" class="1005" name="trunc_ln841_14_reg_1805">
<pin_list>
<pin id="1806" dir="0" index="0" bw="6" slack="146"/>
<pin id="1807" dir="1" index="1" bw="6" slack="146"/>
</pin_list>
<bind>
<opset="trunc_ln841_14 "/>
</bind>
</comp>

<comp id="1810" class="1005" name="trunc_ln841_15_reg_1810">
<pin_list>
<pin id="1811" dir="0" index="0" bw="6" slack="145"/>
<pin id="1812" dir="1" index="1" bw="6" slack="145"/>
</pin_list>
<bind>
<opset="trunc_ln841_15 "/>
</bind>
</comp>

<comp id="1815" class="1005" name="trunc_ln841_16_reg_1815">
<pin_list>
<pin id="1816" dir="0" index="0" bw="6" slack="144"/>
<pin id="1817" dir="1" index="1" bw="6" slack="144"/>
</pin_list>
<bind>
<opset="trunc_ln841_16 "/>
</bind>
</comp>

<comp id="1820" class="1005" name="trunc_ln841_17_reg_1820">
<pin_list>
<pin id="1821" dir="0" index="0" bw="6" slack="143"/>
<pin id="1822" dir="1" index="1" bw="6" slack="143"/>
</pin_list>
<bind>
<opset="trunc_ln841_17 "/>
</bind>
</comp>

<comp id="1825" class="1005" name="trunc_ln841_18_reg_1825">
<pin_list>
<pin id="1826" dir="0" index="0" bw="6" slack="142"/>
<pin id="1827" dir="1" index="1" bw="6" slack="142"/>
</pin_list>
<bind>
<opset="trunc_ln841_18 "/>
</bind>
</comp>

<comp id="1830" class="1005" name="trunc_ln841_19_reg_1830">
<pin_list>
<pin id="1831" dir="0" index="0" bw="6" slack="141"/>
<pin id="1832" dir="1" index="1" bw="6" slack="141"/>
</pin_list>
<bind>
<opset="trunc_ln841_19 "/>
</bind>
</comp>

<comp id="1835" class="1005" name="trunc_ln841_20_reg_1835">
<pin_list>
<pin id="1836" dir="0" index="0" bw="6" slack="140"/>
<pin id="1837" dir="1" index="1" bw="6" slack="140"/>
</pin_list>
<bind>
<opset="trunc_ln841_20 "/>
</bind>
</comp>

<comp id="1840" class="1005" name="trunc_ln841_21_reg_1840">
<pin_list>
<pin id="1841" dir="0" index="0" bw="6" slack="139"/>
<pin id="1842" dir="1" index="1" bw="6" slack="139"/>
</pin_list>
<bind>
<opset="trunc_ln841_21 "/>
</bind>
</comp>

<comp id="1845" class="1005" name="trunc_ln841_22_reg_1845">
<pin_list>
<pin id="1846" dir="0" index="0" bw="6" slack="138"/>
<pin id="1847" dir="1" index="1" bw="6" slack="138"/>
</pin_list>
<bind>
<opset="trunc_ln841_22 "/>
</bind>
</comp>

<comp id="1850" class="1005" name="trunc_ln841_23_reg_1850">
<pin_list>
<pin id="1851" dir="0" index="0" bw="6" slack="137"/>
<pin id="1852" dir="1" index="1" bw="6" slack="137"/>
</pin_list>
<bind>
<opset="trunc_ln841_23 "/>
</bind>
</comp>

<comp id="1855" class="1005" name="trunc_ln841_24_reg_1855">
<pin_list>
<pin id="1856" dir="0" index="0" bw="6" slack="136"/>
<pin id="1857" dir="1" index="1" bw="6" slack="136"/>
</pin_list>
<bind>
<opset="trunc_ln841_24 "/>
</bind>
</comp>

<comp id="1860" class="1005" name="trunc_ln841_25_reg_1860">
<pin_list>
<pin id="1861" dir="0" index="0" bw="6" slack="135"/>
<pin id="1862" dir="1" index="1" bw="6" slack="135"/>
</pin_list>
<bind>
<opset="trunc_ln841_25 "/>
</bind>
</comp>

<comp id="1865" class="1005" name="trunc_ln841_26_reg_1865">
<pin_list>
<pin id="1866" dir="0" index="0" bw="6" slack="134"/>
<pin id="1867" dir="1" index="1" bw="6" slack="134"/>
</pin_list>
<bind>
<opset="trunc_ln841_26 "/>
</bind>
</comp>

<comp id="1870" class="1005" name="trunc_ln841_27_reg_1870">
<pin_list>
<pin id="1871" dir="0" index="0" bw="6" slack="133"/>
<pin id="1872" dir="1" index="1" bw="6" slack="133"/>
</pin_list>
<bind>
<opset="trunc_ln841_27 "/>
</bind>
</comp>

<comp id="1875" class="1005" name="trunc_ln841_28_reg_1875">
<pin_list>
<pin id="1876" dir="0" index="0" bw="6" slack="132"/>
<pin id="1877" dir="1" index="1" bw="6" slack="132"/>
</pin_list>
<bind>
<opset="trunc_ln841_28 "/>
</bind>
</comp>

<comp id="1880" class="1005" name="trunc_ln841_29_reg_1880">
<pin_list>
<pin id="1881" dir="0" index="0" bw="6" slack="131"/>
<pin id="1882" dir="1" index="1" bw="6" slack="131"/>
</pin_list>
<bind>
<opset="trunc_ln841_29 "/>
</bind>
</comp>

<comp id="1885" class="1005" name="trunc_ln841_30_reg_1885">
<pin_list>
<pin id="1886" dir="0" index="0" bw="6" slack="130"/>
<pin id="1887" dir="1" index="1" bw="6" slack="130"/>
</pin_list>
<bind>
<opset="trunc_ln841_30 "/>
</bind>
</comp>

<comp id="1890" class="1005" name="trunc_ln841_31_reg_1890">
<pin_list>
<pin id="1891" dir="0" index="0" bw="6" slack="129"/>
<pin id="1892" dir="1" index="1" bw="6" slack="129"/>
</pin_list>
<bind>
<opset="trunc_ln841_31 "/>
</bind>
</comp>

<comp id="1895" class="1005" name="trunc_ln841_32_reg_1895">
<pin_list>
<pin id="1896" dir="0" index="0" bw="6" slack="128"/>
<pin id="1897" dir="1" index="1" bw="6" slack="128"/>
</pin_list>
<bind>
<opset="trunc_ln841_32 "/>
</bind>
</comp>

<comp id="1900" class="1005" name="trunc_ln841_33_reg_1900">
<pin_list>
<pin id="1901" dir="0" index="0" bw="6" slack="127"/>
<pin id="1902" dir="1" index="1" bw="6" slack="127"/>
</pin_list>
<bind>
<opset="trunc_ln841_33 "/>
</bind>
</comp>

<comp id="1905" class="1005" name="trunc_ln841_34_reg_1905">
<pin_list>
<pin id="1906" dir="0" index="0" bw="6" slack="126"/>
<pin id="1907" dir="1" index="1" bw="6" slack="126"/>
</pin_list>
<bind>
<opset="trunc_ln841_34 "/>
</bind>
</comp>

<comp id="1910" class="1005" name="trunc_ln841_35_reg_1910">
<pin_list>
<pin id="1911" dir="0" index="0" bw="6" slack="125"/>
<pin id="1912" dir="1" index="1" bw="6" slack="125"/>
</pin_list>
<bind>
<opset="trunc_ln841_35 "/>
</bind>
</comp>

<comp id="1915" class="1005" name="trunc_ln841_36_reg_1915">
<pin_list>
<pin id="1916" dir="0" index="0" bw="6" slack="124"/>
<pin id="1917" dir="1" index="1" bw="6" slack="124"/>
</pin_list>
<bind>
<opset="trunc_ln841_36 "/>
</bind>
</comp>

<comp id="1920" class="1005" name="trunc_ln841_37_reg_1920">
<pin_list>
<pin id="1921" dir="0" index="0" bw="6" slack="123"/>
<pin id="1922" dir="1" index="1" bw="6" slack="123"/>
</pin_list>
<bind>
<opset="trunc_ln841_37 "/>
</bind>
</comp>

<comp id="1925" class="1005" name="trunc_ln841_38_reg_1925">
<pin_list>
<pin id="1926" dir="0" index="0" bw="6" slack="122"/>
<pin id="1927" dir="1" index="1" bw="6" slack="122"/>
</pin_list>
<bind>
<opset="trunc_ln841_38 "/>
</bind>
</comp>

<comp id="1930" class="1005" name="trunc_ln841_39_reg_1930">
<pin_list>
<pin id="1931" dir="0" index="0" bw="6" slack="121"/>
<pin id="1932" dir="1" index="1" bw="6" slack="121"/>
</pin_list>
<bind>
<opset="trunc_ln841_39 "/>
</bind>
</comp>

<comp id="1935" class="1005" name="trunc_ln841_40_reg_1935">
<pin_list>
<pin id="1936" dir="0" index="0" bw="6" slack="120"/>
<pin id="1937" dir="1" index="1" bw="6" slack="120"/>
</pin_list>
<bind>
<opset="trunc_ln841_40 "/>
</bind>
</comp>

<comp id="1940" class="1005" name="trunc_ln841_41_reg_1940">
<pin_list>
<pin id="1941" dir="0" index="0" bw="6" slack="119"/>
<pin id="1942" dir="1" index="1" bw="6" slack="119"/>
</pin_list>
<bind>
<opset="trunc_ln841_41 "/>
</bind>
</comp>

<comp id="1945" class="1005" name="trunc_ln841_42_reg_1945">
<pin_list>
<pin id="1946" dir="0" index="0" bw="6" slack="118"/>
<pin id="1947" dir="1" index="1" bw="6" slack="118"/>
</pin_list>
<bind>
<opset="trunc_ln841_42 "/>
</bind>
</comp>

<comp id="1950" class="1005" name="trunc_ln841_43_reg_1950">
<pin_list>
<pin id="1951" dir="0" index="0" bw="6" slack="117"/>
<pin id="1952" dir="1" index="1" bw="6" slack="117"/>
</pin_list>
<bind>
<opset="trunc_ln841_43 "/>
</bind>
</comp>

<comp id="1955" class="1005" name="trunc_ln841_44_reg_1955">
<pin_list>
<pin id="1956" dir="0" index="0" bw="6" slack="116"/>
<pin id="1957" dir="1" index="1" bw="6" slack="116"/>
</pin_list>
<bind>
<opset="trunc_ln841_44 "/>
</bind>
</comp>

<comp id="1960" class="1005" name="trunc_ln841_45_reg_1960">
<pin_list>
<pin id="1961" dir="0" index="0" bw="6" slack="115"/>
<pin id="1962" dir="1" index="1" bw="6" slack="115"/>
</pin_list>
<bind>
<opset="trunc_ln841_45 "/>
</bind>
</comp>

<comp id="1965" class="1005" name="trunc_ln841_46_reg_1965">
<pin_list>
<pin id="1966" dir="0" index="0" bw="6" slack="114"/>
<pin id="1967" dir="1" index="1" bw="6" slack="114"/>
</pin_list>
<bind>
<opset="trunc_ln841_46 "/>
</bind>
</comp>

<comp id="1970" class="1005" name="trunc_ln841_47_reg_1970">
<pin_list>
<pin id="1971" dir="0" index="0" bw="6" slack="113"/>
<pin id="1972" dir="1" index="1" bw="6" slack="113"/>
</pin_list>
<bind>
<opset="trunc_ln841_47 "/>
</bind>
</comp>

<comp id="1975" class="1005" name="trunc_ln841_48_reg_1975">
<pin_list>
<pin id="1976" dir="0" index="0" bw="6" slack="112"/>
<pin id="1977" dir="1" index="1" bw="6" slack="112"/>
</pin_list>
<bind>
<opset="trunc_ln841_48 "/>
</bind>
</comp>

<comp id="1980" class="1005" name="trunc_ln841_49_reg_1980">
<pin_list>
<pin id="1981" dir="0" index="0" bw="6" slack="111"/>
<pin id="1982" dir="1" index="1" bw="6" slack="111"/>
</pin_list>
<bind>
<opset="trunc_ln841_49 "/>
</bind>
</comp>

<comp id="1985" class="1005" name="trunc_ln841_50_reg_1985">
<pin_list>
<pin id="1986" dir="0" index="0" bw="6" slack="110"/>
<pin id="1987" dir="1" index="1" bw="6" slack="110"/>
</pin_list>
<bind>
<opset="trunc_ln841_50 "/>
</bind>
</comp>

<comp id="1990" class="1005" name="trunc_ln841_51_reg_1990">
<pin_list>
<pin id="1991" dir="0" index="0" bw="6" slack="109"/>
<pin id="1992" dir="1" index="1" bw="6" slack="109"/>
</pin_list>
<bind>
<opset="trunc_ln841_51 "/>
</bind>
</comp>

<comp id="1995" class="1005" name="trunc_ln841_52_reg_1995">
<pin_list>
<pin id="1996" dir="0" index="0" bw="6" slack="108"/>
<pin id="1997" dir="1" index="1" bw="6" slack="108"/>
</pin_list>
<bind>
<opset="trunc_ln841_52 "/>
</bind>
</comp>

<comp id="2000" class="1005" name="trunc_ln841_53_reg_2000">
<pin_list>
<pin id="2001" dir="0" index="0" bw="6" slack="107"/>
<pin id="2002" dir="1" index="1" bw="6" slack="107"/>
</pin_list>
<bind>
<opset="trunc_ln841_53 "/>
</bind>
</comp>

<comp id="2005" class="1005" name="trunc_ln841_54_reg_2005">
<pin_list>
<pin id="2006" dir="0" index="0" bw="6" slack="106"/>
<pin id="2007" dir="1" index="1" bw="6" slack="106"/>
</pin_list>
<bind>
<opset="trunc_ln841_54 "/>
</bind>
</comp>

<comp id="2010" class="1005" name="trunc_ln841_55_reg_2010">
<pin_list>
<pin id="2011" dir="0" index="0" bw="6" slack="105"/>
<pin id="2012" dir="1" index="1" bw="6" slack="105"/>
</pin_list>
<bind>
<opset="trunc_ln841_55 "/>
</bind>
</comp>

<comp id="2015" class="1005" name="trunc_ln841_56_reg_2015">
<pin_list>
<pin id="2016" dir="0" index="0" bw="6" slack="104"/>
<pin id="2017" dir="1" index="1" bw="6" slack="104"/>
</pin_list>
<bind>
<opset="trunc_ln841_56 "/>
</bind>
</comp>

<comp id="2020" class="1005" name="trunc_ln841_57_reg_2020">
<pin_list>
<pin id="2021" dir="0" index="0" bw="6" slack="103"/>
<pin id="2022" dir="1" index="1" bw="6" slack="103"/>
</pin_list>
<bind>
<opset="trunc_ln841_57 "/>
</bind>
</comp>

<comp id="2025" class="1005" name="trunc_ln841_58_reg_2025">
<pin_list>
<pin id="2026" dir="0" index="0" bw="6" slack="102"/>
<pin id="2027" dir="1" index="1" bw="6" slack="102"/>
</pin_list>
<bind>
<opset="trunc_ln841_58 "/>
</bind>
</comp>

<comp id="2030" class="1005" name="trunc_ln841_59_reg_2030">
<pin_list>
<pin id="2031" dir="0" index="0" bw="6" slack="101"/>
<pin id="2032" dir="1" index="1" bw="6" slack="101"/>
</pin_list>
<bind>
<opset="trunc_ln841_59 "/>
</bind>
</comp>

<comp id="2035" class="1005" name="trunc_ln841_60_reg_2035">
<pin_list>
<pin id="2036" dir="0" index="0" bw="6" slack="100"/>
<pin id="2037" dir="1" index="1" bw="6" slack="100"/>
</pin_list>
<bind>
<opset="trunc_ln841_60 "/>
</bind>
</comp>

<comp id="2040" class="1005" name="trunc_ln841_61_reg_2040">
<pin_list>
<pin id="2041" dir="0" index="0" bw="6" slack="99"/>
<pin id="2042" dir="1" index="1" bw="6" slack="99"/>
</pin_list>
<bind>
<opset="trunc_ln841_61 "/>
</bind>
</comp>

<comp id="2045" class="1005" name="trunc_ln841_62_reg_2045">
<pin_list>
<pin id="2046" dir="0" index="0" bw="6" slack="98"/>
<pin id="2047" dir="1" index="1" bw="6" slack="98"/>
</pin_list>
<bind>
<opset="trunc_ln841_62 "/>
</bind>
</comp>

<comp id="2050" class="1005" name="trunc_ln841_63_reg_2050">
<pin_list>
<pin id="2051" dir="0" index="0" bw="6" slack="97"/>
<pin id="2052" dir="1" index="1" bw="6" slack="97"/>
</pin_list>
<bind>
<opset="trunc_ln841_63 "/>
</bind>
</comp>

<comp id="2055" class="1005" name="trunc_ln841_64_reg_2055">
<pin_list>
<pin id="2056" dir="0" index="0" bw="6" slack="96"/>
<pin id="2057" dir="1" index="1" bw="6" slack="96"/>
</pin_list>
<bind>
<opset="trunc_ln841_64 "/>
</bind>
</comp>

<comp id="2060" class="1005" name="trunc_ln841_65_reg_2060">
<pin_list>
<pin id="2061" dir="0" index="0" bw="6" slack="95"/>
<pin id="2062" dir="1" index="1" bw="6" slack="95"/>
</pin_list>
<bind>
<opset="trunc_ln841_65 "/>
</bind>
</comp>

<comp id="2065" class="1005" name="trunc_ln841_66_reg_2065">
<pin_list>
<pin id="2066" dir="0" index="0" bw="6" slack="94"/>
<pin id="2067" dir="1" index="1" bw="6" slack="94"/>
</pin_list>
<bind>
<opset="trunc_ln841_66 "/>
</bind>
</comp>

<comp id="2070" class="1005" name="trunc_ln841_67_reg_2070">
<pin_list>
<pin id="2071" dir="0" index="0" bw="6" slack="93"/>
<pin id="2072" dir="1" index="1" bw="6" slack="93"/>
</pin_list>
<bind>
<opset="trunc_ln841_67 "/>
</bind>
</comp>

<comp id="2075" class="1005" name="trunc_ln841_68_reg_2075">
<pin_list>
<pin id="2076" dir="0" index="0" bw="6" slack="92"/>
<pin id="2077" dir="1" index="1" bw="6" slack="92"/>
</pin_list>
<bind>
<opset="trunc_ln841_68 "/>
</bind>
</comp>

<comp id="2080" class="1005" name="trunc_ln841_69_reg_2080">
<pin_list>
<pin id="2081" dir="0" index="0" bw="6" slack="91"/>
<pin id="2082" dir="1" index="1" bw="6" slack="91"/>
</pin_list>
<bind>
<opset="trunc_ln841_69 "/>
</bind>
</comp>

<comp id="2085" class="1005" name="trunc_ln841_70_reg_2085">
<pin_list>
<pin id="2086" dir="0" index="0" bw="6" slack="90"/>
<pin id="2087" dir="1" index="1" bw="6" slack="90"/>
</pin_list>
<bind>
<opset="trunc_ln841_70 "/>
</bind>
</comp>

<comp id="2090" class="1005" name="trunc_ln841_71_reg_2090">
<pin_list>
<pin id="2091" dir="0" index="0" bw="6" slack="89"/>
<pin id="2092" dir="1" index="1" bw="6" slack="89"/>
</pin_list>
<bind>
<opset="trunc_ln841_71 "/>
</bind>
</comp>

<comp id="2095" class="1005" name="trunc_ln841_72_reg_2095">
<pin_list>
<pin id="2096" dir="0" index="0" bw="6" slack="88"/>
<pin id="2097" dir="1" index="1" bw="6" slack="88"/>
</pin_list>
<bind>
<opset="trunc_ln841_72 "/>
</bind>
</comp>

<comp id="2100" class="1005" name="trunc_ln841_73_reg_2100">
<pin_list>
<pin id="2101" dir="0" index="0" bw="6" slack="87"/>
<pin id="2102" dir="1" index="1" bw="6" slack="87"/>
</pin_list>
<bind>
<opset="trunc_ln841_73 "/>
</bind>
</comp>

<comp id="2105" class="1005" name="trunc_ln841_74_reg_2105">
<pin_list>
<pin id="2106" dir="0" index="0" bw="6" slack="86"/>
<pin id="2107" dir="1" index="1" bw="6" slack="86"/>
</pin_list>
<bind>
<opset="trunc_ln841_74 "/>
</bind>
</comp>

<comp id="2110" class="1005" name="trunc_ln841_75_reg_2110">
<pin_list>
<pin id="2111" dir="0" index="0" bw="6" slack="85"/>
<pin id="2112" dir="1" index="1" bw="6" slack="85"/>
</pin_list>
<bind>
<opset="trunc_ln841_75 "/>
</bind>
</comp>

<comp id="2115" class="1005" name="trunc_ln841_76_reg_2115">
<pin_list>
<pin id="2116" dir="0" index="0" bw="6" slack="84"/>
<pin id="2117" dir="1" index="1" bw="6" slack="84"/>
</pin_list>
<bind>
<opset="trunc_ln841_76 "/>
</bind>
</comp>

<comp id="2120" class="1005" name="trunc_ln841_77_reg_2120">
<pin_list>
<pin id="2121" dir="0" index="0" bw="6" slack="83"/>
<pin id="2122" dir="1" index="1" bw="6" slack="83"/>
</pin_list>
<bind>
<opset="trunc_ln841_77 "/>
</bind>
</comp>

<comp id="2125" class="1005" name="trunc_ln841_78_reg_2125">
<pin_list>
<pin id="2126" dir="0" index="0" bw="6" slack="82"/>
<pin id="2127" dir="1" index="1" bw="6" slack="82"/>
</pin_list>
<bind>
<opset="trunc_ln841_78 "/>
</bind>
</comp>

<comp id="2130" class="1005" name="trunc_ln841_79_reg_2130">
<pin_list>
<pin id="2131" dir="0" index="0" bw="6" slack="81"/>
<pin id="2132" dir="1" index="1" bw="6" slack="81"/>
</pin_list>
<bind>
<opset="trunc_ln841_79 "/>
</bind>
</comp>

<comp id="2135" class="1005" name="trunc_ln841_80_reg_2135">
<pin_list>
<pin id="2136" dir="0" index="0" bw="6" slack="80"/>
<pin id="2137" dir="1" index="1" bw="6" slack="80"/>
</pin_list>
<bind>
<opset="trunc_ln841_80 "/>
</bind>
</comp>

<comp id="2140" class="1005" name="trunc_ln841_81_reg_2140">
<pin_list>
<pin id="2141" dir="0" index="0" bw="6" slack="79"/>
<pin id="2142" dir="1" index="1" bw="6" slack="79"/>
</pin_list>
<bind>
<opset="trunc_ln841_81 "/>
</bind>
</comp>

<comp id="2145" class="1005" name="trunc_ln841_82_reg_2145">
<pin_list>
<pin id="2146" dir="0" index="0" bw="6" slack="78"/>
<pin id="2147" dir="1" index="1" bw="6" slack="78"/>
</pin_list>
<bind>
<opset="trunc_ln841_82 "/>
</bind>
</comp>

<comp id="2150" class="1005" name="trunc_ln841_83_reg_2150">
<pin_list>
<pin id="2151" dir="0" index="0" bw="6" slack="77"/>
<pin id="2152" dir="1" index="1" bw="6" slack="77"/>
</pin_list>
<bind>
<opset="trunc_ln841_83 "/>
</bind>
</comp>

<comp id="2155" class="1005" name="trunc_ln841_84_reg_2155">
<pin_list>
<pin id="2156" dir="0" index="0" bw="6" slack="76"/>
<pin id="2157" dir="1" index="1" bw="6" slack="76"/>
</pin_list>
<bind>
<opset="trunc_ln841_84 "/>
</bind>
</comp>

<comp id="2160" class="1005" name="trunc_ln841_85_reg_2160">
<pin_list>
<pin id="2161" dir="0" index="0" bw="6" slack="75"/>
<pin id="2162" dir="1" index="1" bw="6" slack="75"/>
</pin_list>
<bind>
<opset="trunc_ln841_85 "/>
</bind>
</comp>

<comp id="2165" class="1005" name="trunc_ln841_86_reg_2165">
<pin_list>
<pin id="2166" dir="0" index="0" bw="6" slack="74"/>
<pin id="2167" dir="1" index="1" bw="6" slack="74"/>
</pin_list>
<bind>
<opset="trunc_ln841_86 "/>
</bind>
</comp>

<comp id="2170" class="1005" name="trunc_ln841_87_reg_2170">
<pin_list>
<pin id="2171" dir="0" index="0" bw="6" slack="73"/>
<pin id="2172" dir="1" index="1" bw="6" slack="73"/>
</pin_list>
<bind>
<opset="trunc_ln841_87 "/>
</bind>
</comp>

<comp id="2175" class="1005" name="trunc_ln841_88_reg_2175">
<pin_list>
<pin id="2176" dir="0" index="0" bw="6" slack="72"/>
<pin id="2177" dir="1" index="1" bw="6" slack="72"/>
</pin_list>
<bind>
<opset="trunc_ln841_88 "/>
</bind>
</comp>

<comp id="2180" class="1005" name="trunc_ln841_89_reg_2180">
<pin_list>
<pin id="2181" dir="0" index="0" bw="6" slack="71"/>
<pin id="2182" dir="1" index="1" bw="6" slack="71"/>
</pin_list>
<bind>
<opset="trunc_ln841_89 "/>
</bind>
</comp>

<comp id="2185" class="1005" name="trunc_ln841_90_reg_2185">
<pin_list>
<pin id="2186" dir="0" index="0" bw="6" slack="70"/>
<pin id="2187" dir="1" index="1" bw="6" slack="70"/>
</pin_list>
<bind>
<opset="trunc_ln841_90 "/>
</bind>
</comp>

<comp id="2190" class="1005" name="trunc_ln841_91_reg_2190">
<pin_list>
<pin id="2191" dir="0" index="0" bw="6" slack="69"/>
<pin id="2192" dir="1" index="1" bw="6" slack="69"/>
</pin_list>
<bind>
<opset="trunc_ln841_91 "/>
</bind>
</comp>

<comp id="2195" class="1005" name="trunc_ln841_92_reg_2195">
<pin_list>
<pin id="2196" dir="0" index="0" bw="6" slack="68"/>
<pin id="2197" dir="1" index="1" bw="6" slack="68"/>
</pin_list>
<bind>
<opset="trunc_ln841_92 "/>
</bind>
</comp>

<comp id="2200" class="1005" name="trunc_ln841_93_reg_2200">
<pin_list>
<pin id="2201" dir="0" index="0" bw="6" slack="67"/>
<pin id="2202" dir="1" index="1" bw="6" slack="67"/>
</pin_list>
<bind>
<opset="trunc_ln841_93 "/>
</bind>
</comp>

<comp id="2205" class="1005" name="trunc_ln841_94_reg_2205">
<pin_list>
<pin id="2206" dir="0" index="0" bw="6" slack="66"/>
<pin id="2207" dir="1" index="1" bw="6" slack="66"/>
</pin_list>
<bind>
<opset="trunc_ln841_94 "/>
</bind>
</comp>

<comp id="2210" class="1005" name="trunc_ln841_95_reg_2210">
<pin_list>
<pin id="2211" dir="0" index="0" bw="6" slack="65"/>
<pin id="2212" dir="1" index="1" bw="6" slack="65"/>
</pin_list>
<bind>
<opset="trunc_ln841_95 "/>
</bind>
</comp>

<comp id="2215" class="1005" name="trunc_ln841_96_reg_2215">
<pin_list>
<pin id="2216" dir="0" index="0" bw="6" slack="64"/>
<pin id="2217" dir="1" index="1" bw="6" slack="64"/>
</pin_list>
<bind>
<opset="trunc_ln841_96 "/>
</bind>
</comp>

<comp id="2220" class="1005" name="trunc_ln841_97_reg_2220">
<pin_list>
<pin id="2221" dir="0" index="0" bw="6" slack="63"/>
<pin id="2222" dir="1" index="1" bw="6" slack="63"/>
</pin_list>
<bind>
<opset="trunc_ln841_97 "/>
</bind>
</comp>

<comp id="2225" class="1005" name="trunc_ln841_98_reg_2225">
<pin_list>
<pin id="2226" dir="0" index="0" bw="6" slack="62"/>
<pin id="2227" dir="1" index="1" bw="6" slack="62"/>
</pin_list>
<bind>
<opset="trunc_ln841_98 "/>
</bind>
</comp>

<comp id="2230" class="1005" name="trunc_ln841_99_reg_2230">
<pin_list>
<pin id="2231" dir="0" index="0" bw="6" slack="61"/>
<pin id="2232" dir="1" index="1" bw="6" slack="61"/>
</pin_list>
<bind>
<opset="trunc_ln841_99 "/>
</bind>
</comp>

<comp id="2235" class="1005" name="trunc_ln841_100_reg_2235">
<pin_list>
<pin id="2236" dir="0" index="0" bw="6" slack="60"/>
<pin id="2237" dir="1" index="1" bw="6" slack="60"/>
</pin_list>
<bind>
<opset="trunc_ln841_100 "/>
</bind>
</comp>

<comp id="2240" class="1005" name="trunc_ln841_101_reg_2240">
<pin_list>
<pin id="2241" dir="0" index="0" bw="6" slack="59"/>
<pin id="2242" dir="1" index="1" bw="6" slack="59"/>
</pin_list>
<bind>
<opset="trunc_ln841_101 "/>
</bind>
</comp>

<comp id="2245" class="1005" name="trunc_ln841_102_reg_2245">
<pin_list>
<pin id="2246" dir="0" index="0" bw="6" slack="58"/>
<pin id="2247" dir="1" index="1" bw="6" slack="58"/>
</pin_list>
<bind>
<opset="trunc_ln841_102 "/>
</bind>
</comp>

<comp id="2250" class="1005" name="trunc_ln841_103_reg_2250">
<pin_list>
<pin id="2251" dir="0" index="0" bw="6" slack="57"/>
<pin id="2252" dir="1" index="1" bw="6" slack="57"/>
</pin_list>
<bind>
<opset="trunc_ln841_103 "/>
</bind>
</comp>

<comp id="2255" class="1005" name="trunc_ln841_104_reg_2255">
<pin_list>
<pin id="2256" dir="0" index="0" bw="6" slack="56"/>
<pin id="2257" dir="1" index="1" bw="6" slack="56"/>
</pin_list>
<bind>
<opset="trunc_ln841_104 "/>
</bind>
</comp>

<comp id="2260" class="1005" name="trunc_ln841_105_reg_2260">
<pin_list>
<pin id="2261" dir="0" index="0" bw="6" slack="55"/>
<pin id="2262" dir="1" index="1" bw="6" slack="55"/>
</pin_list>
<bind>
<opset="trunc_ln841_105 "/>
</bind>
</comp>

<comp id="2265" class="1005" name="trunc_ln841_106_reg_2265">
<pin_list>
<pin id="2266" dir="0" index="0" bw="6" slack="54"/>
<pin id="2267" dir="1" index="1" bw="6" slack="54"/>
</pin_list>
<bind>
<opset="trunc_ln841_106 "/>
</bind>
</comp>

<comp id="2270" class="1005" name="trunc_ln841_107_reg_2270">
<pin_list>
<pin id="2271" dir="0" index="0" bw="6" slack="53"/>
<pin id="2272" dir="1" index="1" bw="6" slack="53"/>
</pin_list>
<bind>
<opset="trunc_ln841_107 "/>
</bind>
</comp>

<comp id="2275" class="1005" name="trunc_ln841_108_reg_2275">
<pin_list>
<pin id="2276" dir="0" index="0" bw="6" slack="52"/>
<pin id="2277" dir="1" index="1" bw="6" slack="52"/>
</pin_list>
<bind>
<opset="trunc_ln841_108 "/>
</bind>
</comp>

<comp id="2280" class="1005" name="trunc_ln841_109_reg_2280">
<pin_list>
<pin id="2281" dir="0" index="0" bw="6" slack="51"/>
<pin id="2282" dir="1" index="1" bw="6" slack="51"/>
</pin_list>
<bind>
<opset="trunc_ln841_109 "/>
</bind>
</comp>

<comp id="2285" class="1005" name="trunc_ln841_110_reg_2285">
<pin_list>
<pin id="2286" dir="0" index="0" bw="6" slack="50"/>
<pin id="2287" dir="1" index="1" bw="6" slack="50"/>
</pin_list>
<bind>
<opset="trunc_ln841_110 "/>
</bind>
</comp>

<comp id="2290" class="1005" name="trunc_ln841_111_reg_2290">
<pin_list>
<pin id="2291" dir="0" index="0" bw="6" slack="49"/>
<pin id="2292" dir="1" index="1" bw="6" slack="49"/>
</pin_list>
<bind>
<opset="trunc_ln841_111 "/>
</bind>
</comp>

<comp id="2295" class="1005" name="trunc_ln841_112_reg_2295">
<pin_list>
<pin id="2296" dir="0" index="0" bw="6" slack="48"/>
<pin id="2297" dir="1" index="1" bw="6" slack="48"/>
</pin_list>
<bind>
<opset="trunc_ln841_112 "/>
</bind>
</comp>

<comp id="2300" class="1005" name="trunc_ln841_113_reg_2300">
<pin_list>
<pin id="2301" dir="0" index="0" bw="6" slack="47"/>
<pin id="2302" dir="1" index="1" bw="6" slack="47"/>
</pin_list>
<bind>
<opset="trunc_ln841_113 "/>
</bind>
</comp>

<comp id="2305" class="1005" name="trunc_ln841_114_reg_2305">
<pin_list>
<pin id="2306" dir="0" index="0" bw="6" slack="46"/>
<pin id="2307" dir="1" index="1" bw="6" slack="46"/>
</pin_list>
<bind>
<opset="trunc_ln841_114 "/>
</bind>
</comp>

<comp id="2310" class="1005" name="trunc_ln841_115_reg_2310">
<pin_list>
<pin id="2311" dir="0" index="0" bw="6" slack="45"/>
<pin id="2312" dir="1" index="1" bw="6" slack="45"/>
</pin_list>
<bind>
<opset="trunc_ln841_115 "/>
</bind>
</comp>

<comp id="2315" class="1005" name="trunc_ln841_116_reg_2315">
<pin_list>
<pin id="2316" dir="0" index="0" bw="6" slack="44"/>
<pin id="2317" dir="1" index="1" bw="6" slack="44"/>
</pin_list>
<bind>
<opset="trunc_ln841_116 "/>
</bind>
</comp>

<comp id="2320" class="1005" name="trunc_ln841_117_reg_2320">
<pin_list>
<pin id="2321" dir="0" index="0" bw="6" slack="43"/>
<pin id="2322" dir="1" index="1" bw="6" slack="43"/>
</pin_list>
<bind>
<opset="trunc_ln841_117 "/>
</bind>
</comp>

<comp id="2325" class="1005" name="trunc_ln841_118_reg_2325">
<pin_list>
<pin id="2326" dir="0" index="0" bw="6" slack="42"/>
<pin id="2327" dir="1" index="1" bw="6" slack="42"/>
</pin_list>
<bind>
<opset="trunc_ln841_118 "/>
</bind>
</comp>

<comp id="2330" class="1005" name="trunc_ln841_119_reg_2330">
<pin_list>
<pin id="2331" dir="0" index="0" bw="6" slack="41"/>
<pin id="2332" dir="1" index="1" bw="6" slack="41"/>
</pin_list>
<bind>
<opset="trunc_ln841_119 "/>
</bind>
</comp>

<comp id="2335" class="1005" name="trunc_ln841_120_reg_2335">
<pin_list>
<pin id="2336" dir="0" index="0" bw="6" slack="40"/>
<pin id="2337" dir="1" index="1" bw="6" slack="40"/>
</pin_list>
<bind>
<opset="trunc_ln841_120 "/>
</bind>
</comp>

<comp id="2340" class="1005" name="trunc_ln841_121_reg_2340">
<pin_list>
<pin id="2341" dir="0" index="0" bw="6" slack="39"/>
<pin id="2342" dir="1" index="1" bw="6" slack="39"/>
</pin_list>
<bind>
<opset="trunc_ln841_121 "/>
</bind>
</comp>

<comp id="2345" class="1005" name="trunc_ln841_122_reg_2345">
<pin_list>
<pin id="2346" dir="0" index="0" bw="6" slack="38"/>
<pin id="2347" dir="1" index="1" bw="6" slack="38"/>
</pin_list>
<bind>
<opset="trunc_ln841_122 "/>
</bind>
</comp>

<comp id="2350" class="1005" name="trunc_ln841_123_reg_2350">
<pin_list>
<pin id="2351" dir="0" index="0" bw="6" slack="37"/>
<pin id="2352" dir="1" index="1" bw="6" slack="37"/>
</pin_list>
<bind>
<opset="trunc_ln841_123 "/>
</bind>
</comp>

<comp id="2355" class="1005" name="trunc_ln841_124_reg_2355">
<pin_list>
<pin id="2356" dir="0" index="0" bw="6" slack="36"/>
<pin id="2357" dir="1" index="1" bw="6" slack="36"/>
</pin_list>
<bind>
<opset="trunc_ln841_124 "/>
</bind>
</comp>

<comp id="2360" class="1005" name="trunc_ln841_125_reg_2360">
<pin_list>
<pin id="2361" dir="0" index="0" bw="6" slack="35"/>
<pin id="2362" dir="1" index="1" bw="6" slack="35"/>
</pin_list>
<bind>
<opset="trunc_ln841_125 "/>
</bind>
</comp>

<comp id="2365" class="1005" name="trunc_ln841_126_reg_2365">
<pin_list>
<pin id="2366" dir="0" index="0" bw="6" slack="34"/>
<pin id="2367" dir="1" index="1" bw="6" slack="34"/>
</pin_list>
<bind>
<opset="trunc_ln841_126 "/>
</bind>
</comp>

<comp id="2370" class="1005" name="trunc_ln841_127_reg_2370">
<pin_list>
<pin id="2371" dir="0" index="0" bw="6" slack="33"/>
<pin id="2372" dir="1" index="1" bw="6" slack="33"/>
</pin_list>
<bind>
<opset="trunc_ln841_127 "/>
</bind>
</comp>

<comp id="2375" class="1005" name="trunc_ln841_128_reg_2375">
<pin_list>
<pin id="2376" dir="0" index="0" bw="6" slack="32"/>
<pin id="2377" dir="1" index="1" bw="6" slack="32"/>
</pin_list>
<bind>
<opset="trunc_ln841_128 "/>
</bind>
</comp>

<comp id="2380" class="1005" name="trunc_ln841_129_reg_2380">
<pin_list>
<pin id="2381" dir="0" index="0" bw="6" slack="31"/>
<pin id="2382" dir="1" index="1" bw="6" slack="31"/>
</pin_list>
<bind>
<opset="trunc_ln841_129 "/>
</bind>
</comp>

<comp id="2385" class="1005" name="trunc_ln841_130_reg_2385">
<pin_list>
<pin id="2386" dir="0" index="0" bw="6" slack="30"/>
<pin id="2387" dir="1" index="1" bw="6" slack="30"/>
</pin_list>
<bind>
<opset="trunc_ln841_130 "/>
</bind>
</comp>

<comp id="2390" class="1005" name="trunc_ln841_131_reg_2390">
<pin_list>
<pin id="2391" dir="0" index="0" bw="6" slack="29"/>
<pin id="2392" dir="1" index="1" bw="6" slack="29"/>
</pin_list>
<bind>
<opset="trunc_ln841_131 "/>
</bind>
</comp>

<comp id="2395" class="1005" name="trunc_ln841_132_reg_2395">
<pin_list>
<pin id="2396" dir="0" index="0" bw="6" slack="28"/>
<pin id="2397" dir="1" index="1" bw="6" slack="28"/>
</pin_list>
<bind>
<opset="trunc_ln841_132 "/>
</bind>
</comp>

<comp id="2400" class="1005" name="trunc_ln841_133_reg_2400">
<pin_list>
<pin id="2401" dir="0" index="0" bw="6" slack="27"/>
<pin id="2402" dir="1" index="1" bw="6" slack="27"/>
</pin_list>
<bind>
<opset="trunc_ln841_133 "/>
</bind>
</comp>

<comp id="2405" class="1005" name="trunc_ln841_134_reg_2405">
<pin_list>
<pin id="2406" dir="0" index="0" bw="6" slack="26"/>
<pin id="2407" dir="1" index="1" bw="6" slack="26"/>
</pin_list>
<bind>
<opset="trunc_ln841_134 "/>
</bind>
</comp>

<comp id="2410" class="1005" name="trunc_ln841_135_reg_2410">
<pin_list>
<pin id="2411" dir="0" index="0" bw="6" slack="25"/>
<pin id="2412" dir="1" index="1" bw="6" slack="25"/>
</pin_list>
<bind>
<opset="trunc_ln841_135 "/>
</bind>
</comp>

<comp id="2415" class="1005" name="trunc_ln841_136_reg_2415">
<pin_list>
<pin id="2416" dir="0" index="0" bw="6" slack="24"/>
<pin id="2417" dir="1" index="1" bw="6" slack="24"/>
</pin_list>
<bind>
<opset="trunc_ln841_136 "/>
</bind>
</comp>

<comp id="2420" class="1005" name="trunc_ln841_137_reg_2420">
<pin_list>
<pin id="2421" dir="0" index="0" bw="6" slack="23"/>
<pin id="2422" dir="1" index="1" bw="6" slack="23"/>
</pin_list>
<bind>
<opset="trunc_ln841_137 "/>
</bind>
</comp>

<comp id="2425" class="1005" name="trunc_ln841_138_reg_2425">
<pin_list>
<pin id="2426" dir="0" index="0" bw="6" slack="22"/>
<pin id="2427" dir="1" index="1" bw="6" slack="22"/>
</pin_list>
<bind>
<opset="trunc_ln841_138 "/>
</bind>
</comp>

<comp id="2430" class="1005" name="trunc_ln841_139_reg_2430">
<pin_list>
<pin id="2431" dir="0" index="0" bw="6" slack="21"/>
<pin id="2432" dir="1" index="1" bw="6" slack="21"/>
</pin_list>
<bind>
<opset="trunc_ln841_139 "/>
</bind>
</comp>

<comp id="2435" class="1005" name="trunc_ln841_140_reg_2435">
<pin_list>
<pin id="2436" dir="0" index="0" bw="6" slack="20"/>
<pin id="2437" dir="1" index="1" bw="6" slack="20"/>
</pin_list>
<bind>
<opset="trunc_ln841_140 "/>
</bind>
</comp>

<comp id="2440" class="1005" name="trunc_ln841_141_reg_2440">
<pin_list>
<pin id="2441" dir="0" index="0" bw="6" slack="19"/>
<pin id="2442" dir="1" index="1" bw="6" slack="19"/>
</pin_list>
<bind>
<opset="trunc_ln841_141 "/>
</bind>
</comp>

<comp id="2445" class="1005" name="trunc_ln841_142_reg_2445">
<pin_list>
<pin id="2446" dir="0" index="0" bw="6" slack="18"/>
<pin id="2447" dir="1" index="1" bw="6" slack="18"/>
</pin_list>
<bind>
<opset="trunc_ln841_142 "/>
</bind>
</comp>

<comp id="2450" class="1005" name="trunc_ln841_143_reg_2450">
<pin_list>
<pin id="2451" dir="0" index="0" bw="6" slack="17"/>
<pin id="2452" dir="1" index="1" bw="6" slack="17"/>
</pin_list>
<bind>
<opset="trunc_ln841_143 "/>
</bind>
</comp>

<comp id="2455" class="1005" name="trunc_ln841_144_reg_2455">
<pin_list>
<pin id="2456" dir="0" index="0" bw="6" slack="16"/>
<pin id="2457" dir="1" index="1" bw="6" slack="16"/>
</pin_list>
<bind>
<opset="trunc_ln841_144 "/>
</bind>
</comp>

<comp id="2460" class="1005" name="trunc_ln841_145_reg_2460">
<pin_list>
<pin id="2461" dir="0" index="0" bw="6" slack="15"/>
<pin id="2462" dir="1" index="1" bw="6" slack="15"/>
</pin_list>
<bind>
<opset="trunc_ln841_145 "/>
</bind>
</comp>

<comp id="2465" class="1005" name="trunc_ln841_146_reg_2465">
<pin_list>
<pin id="2466" dir="0" index="0" bw="6" slack="14"/>
<pin id="2467" dir="1" index="1" bw="6" slack="14"/>
</pin_list>
<bind>
<opset="trunc_ln841_146 "/>
</bind>
</comp>

<comp id="2470" class="1005" name="trunc_ln841_147_reg_2470">
<pin_list>
<pin id="2471" dir="0" index="0" bw="6" slack="13"/>
<pin id="2472" dir="1" index="1" bw="6" slack="13"/>
</pin_list>
<bind>
<opset="trunc_ln841_147 "/>
</bind>
</comp>

<comp id="2475" class="1005" name="trunc_ln841_148_reg_2475">
<pin_list>
<pin id="2476" dir="0" index="0" bw="6" slack="12"/>
<pin id="2477" dir="1" index="1" bw="6" slack="12"/>
</pin_list>
<bind>
<opset="trunc_ln841_148 "/>
</bind>
</comp>

<comp id="2480" class="1005" name="trunc_ln841_149_reg_2480">
<pin_list>
<pin id="2481" dir="0" index="0" bw="6" slack="11"/>
<pin id="2482" dir="1" index="1" bw="6" slack="11"/>
</pin_list>
<bind>
<opset="trunc_ln841_149 "/>
</bind>
</comp>

<comp id="2485" class="1005" name="trunc_ln841_150_reg_2485">
<pin_list>
<pin id="2486" dir="0" index="0" bw="6" slack="10"/>
<pin id="2487" dir="1" index="1" bw="6" slack="10"/>
</pin_list>
<bind>
<opset="trunc_ln841_150 "/>
</bind>
</comp>

<comp id="2490" class="1005" name="trunc_ln841_151_reg_2490">
<pin_list>
<pin id="2491" dir="0" index="0" bw="6" slack="9"/>
<pin id="2492" dir="1" index="1" bw="6" slack="9"/>
</pin_list>
<bind>
<opset="trunc_ln841_151 "/>
</bind>
</comp>

<comp id="2495" class="1005" name="trunc_ln841_152_reg_2495">
<pin_list>
<pin id="2496" dir="0" index="0" bw="6" slack="8"/>
<pin id="2497" dir="1" index="1" bw="6" slack="8"/>
</pin_list>
<bind>
<opset="trunc_ln841_152 "/>
</bind>
</comp>

<comp id="2500" class="1005" name="trunc_ln841_153_reg_2500">
<pin_list>
<pin id="2501" dir="0" index="0" bw="6" slack="7"/>
<pin id="2502" dir="1" index="1" bw="6" slack="7"/>
</pin_list>
<bind>
<opset="trunc_ln841_153 "/>
</bind>
</comp>

<comp id="2505" class="1005" name="trunc_ln841_154_reg_2505">
<pin_list>
<pin id="2506" dir="0" index="0" bw="6" slack="6"/>
<pin id="2507" dir="1" index="1" bw="6" slack="6"/>
</pin_list>
<bind>
<opset="trunc_ln841_154 "/>
</bind>
</comp>

<comp id="2510" class="1005" name="trunc_ln841_155_reg_2510">
<pin_list>
<pin id="2511" dir="0" index="0" bw="6" slack="5"/>
<pin id="2512" dir="1" index="1" bw="6" slack="5"/>
</pin_list>
<bind>
<opset="trunc_ln841_155 "/>
</bind>
</comp>

<comp id="2515" class="1005" name="trunc_ln841_156_reg_2515">
<pin_list>
<pin id="2516" dir="0" index="0" bw="6" slack="4"/>
<pin id="2517" dir="1" index="1" bw="6" slack="4"/>
</pin_list>
<bind>
<opset="trunc_ln841_156 "/>
</bind>
</comp>

<comp id="2520" class="1005" name="trunc_ln841_157_reg_2520">
<pin_list>
<pin id="2521" dir="0" index="0" bw="6" slack="3"/>
<pin id="2522" dir="1" index="1" bw="6" slack="3"/>
</pin_list>
<bind>
<opset="trunc_ln841_157 "/>
</bind>
</comp>

<comp id="2525" class="1005" name="trunc_ln841_158_reg_2525">
<pin_list>
<pin id="2526" dir="0" index="0" bw="6" slack="2"/>
<pin id="2527" dir="1" index="1" bw="6" slack="2"/>
</pin_list>
<bind>
<opset="trunc_ln841_158 "/>
</bind>
</comp>

<comp id="2530" class="1005" name="trunc_ln841_159_reg_2530">
<pin_list>
<pin id="2531" dir="0" index="0" bw="6" slack="1"/>
<pin id="2532" dir="1" index="1" bw="6" slack="1"/>
</pin_list>
<bind>
<opset="trunc_ln841_159 "/>
</bind>
</comp>

<comp id="2535" class="1005" name="inputLayer_V_reg_2535">
<pin_list>
<pin id="2536" dir="0" index="0" bw="2576" slack="1"/>
<pin id="2537" dir="1" index="1" bw="2576" slack="1"/>
</pin_list>
<bind>
<opset="inputLayer_V "/>
</bind>
</comp>

<comp id="2540" class="1005" name="layer2_out_V_reg_2540">
<pin_list>
<pin id="2541" dir="0" index="0" bw="8" slack="1"/>
<pin id="2542" dir="1" index="1" bw="8" slack="1"/>
</pin_list>
<bind>
<opset="layer2_out_V "/>
</bind>
</comp>

<comp id="2545" class="1005" name="layer2_out_V_1_reg_2545">
<pin_list>
<pin id="2546" dir="0" index="0" bw="8" slack="1"/>
<pin id="2547" dir="1" index="1" bw="8" slack="1"/>
</pin_list>
<bind>
<opset="layer2_out_V_1 "/>
</bind>
</comp>

<comp id="2550" class="1005" name="layer2_out_V_2_reg_2550">
<pin_list>
<pin id="2551" dir="0" index="0" bw="8" slack="1"/>
<pin id="2552" dir="1" index="1" bw="8" slack="1"/>
</pin_list>
<bind>
<opset="layer2_out_V_2 "/>
</bind>
</comp>

<comp id="2555" class="1005" name="layer2_out_V_3_reg_2555">
<pin_list>
<pin id="2556" dir="0" index="0" bw="8" slack="1"/>
<pin id="2557" dir="1" index="1" bw="8" slack="1"/>
</pin_list>
<bind>
<opset="layer2_out_V_3 "/>
</bind>
</comp>

<comp id="2560" class="1005" name="layer2_out_V_4_reg_2560">
<pin_list>
<pin id="2561" dir="0" index="0" bw="8" slack="1"/>
<pin id="2562" dir="1" index="1" bw="8" slack="1"/>
</pin_list>
<bind>
<opset="layer2_out_V_4 "/>
</bind>
</comp>

<comp id="2565" class="1005" name="layer2_out_V_5_reg_2565">
<pin_list>
<pin id="2566" dir="0" index="0" bw="8" slack="1"/>
<pin id="2567" dir="1" index="1" bw="8" slack="1"/>
</pin_list>
<bind>
<opset="layer2_out_V_5 "/>
</bind>
</comp>

<comp id="2570" class="1005" name="layer5_out_V_reg_2570">
<pin_list>
<pin id="2571" dir="0" index="0" bw="8" slack="1"/>
<pin id="2572" dir="1" index="1" bw="8" slack="1"/>
</pin_list>
<bind>
<opset="layer5_out_V "/>
</bind>
</comp>

<comp id="2575" class="1005" name="layer5_out_V_1_reg_2575">
<pin_list>
<pin id="2576" dir="0" index="0" bw="8" slack="1"/>
<pin id="2577" dir="1" index="1" bw="8" slack="1"/>
</pin_list>
<bind>
<opset="layer5_out_V_1 "/>
</bind>
</comp>

<comp id="2580" class="1005" name="layer5_out_V_2_reg_2580">
<pin_list>
<pin id="2581" dir="0" index="0" bw="8" slack="1"/>
<pin id="2582" dir="1" index="1" bw="8" slack="1"/>
</pin_list>
<bind>
<opset="layer5_out_V_2 "/>
</bind>
</comp>

<comp id="2585" class="1005" name="layer8_out_V_reg_2585">
<pin_list>
<pin id="2586" dir="0" index="0" bw="8" slack="1"/>
<pin id="2587" dir="1" index="1" bw="8" slack="1"/>
</pin_list>
<bind>
<opset="layer8_out_V "/>
</bind>
</comp>

<comp id="2590" class="1005" name="layer8_out_V_1_reg_2590">
<pin_list>
<pin id="2591" dir="0" index="0" bw="8" slack="1"/>
<pin id="2592" dir="1" index="1" bw="8" slack="1"/>
</pin_list>
<bind>
<opset="layer8_out_V_1 "/>
</bind>
</comp>

<comp id="2595" class="1005" name="layer11_out_V_reg_2595">
<pin_list>
<pin id="2596" dir="0" index="0" bw="8" slack="1"/>
<pin id="2597" dir="1" index="1" bw="8" slack="1"/>
</pin_list>
<bind>
<opset="layer11_out_V "/>
</bind>
</comp>

<comp id="2600" class="1005" name="layer11_out_V_1_reg_2600">
<pin_list>
<pin id="2601" dir="0" index="0" bw="8" slack="1"/>
<pin id="2602" dir="1" index="1" bw="8" slack="1"/>
</pin_list>
<bind>
<opset="layer11_out_V_1 "/>
</bind>
</comp>

<comp id="2605" class="1005" name="layer14_out_V_reg_2605">
<pin_list>
<pin id="2606" dir="0" index="0" bw="8" slack="1"/>
<pin id="2607" dir="1" index="1" bw="8" slack="1"/>
</pin_list>
<bind>
<opset="layer14_out_V "/>
</bind>
</comp>

<comp id="2610" class="1005" name="layer14_out_V_1_reg_2610">
<pin_list>
<pin id="2611" dir="0" index="0" bw="8" slack="1"/>
<pin id="2612" dir="1" index="1" bw="8" slack="1"/>
</pin_list>
<bind>
<opset="layer14_out_V_1 "/>
</bind>
</comp>

<comp id="2615" class="1005" name="layer17_out_V_reg_2615">
<pin_list>
<pin id="2616" dir="0" index="0" bw="8" slack="1"/>
<pin id="2617" dir="1" index="1" bw="8" slack="1"/>
</pin_list>
<bind>
<opset="layer17_out_V "/>
</bind>
</comp>

<comp id="2620" class="1005" name="layer19_out_V_reg_2620">
<pin_list>
<pin id="2621" dir="0" index="0" bw="4" slack="1"/>
<pin id="2622" dir="1" index="1" bw="4" slack="1"/>
</pin_list>
<bind>
<opset="layer19_out_V "/>
</bind>
</comp>

<comp id="2626" class="1005" name="zext_ln1042_reg_2626">
<pin_list>
<pin id="2627" dir="0" index="0" bw="8" slack="1"/>
<pin id="2628" dir="1" index="1" bw="8" slack="1"/>
</pin_list>
<bind>
<opset="zext_ln1042 "/>
</bind>
</comp>

<comp id="2632" class="1005" name="sub_ln1049_reg_2632">
<pin_list>
<pin id="2633" dir="0" index="0" bw="32" slack="1"/>
<pin id="2634" dir="1" index="1" bw="32" slack="1"/>
</pin_list>
<bind>
<opset="sub_ln1049 "/>
</bind>
</comp>

<comp id="2638" class="1005" name="trunc_ln1049_reg_2638">
<pin_list>
<pin id="2639" dir="0" index="0" bw="8" slack="1"/>
<pin id="2640" dir="1" index="1" bw="8" slack="1"/>
</pin_list>
<bind>
<opset="trunc_ln1049 "/>
</bind>
</comp>

<comp id="2643" class="1005" name="lsb_index_reg_2643">
<pin_list>
<pin id="2644" dir="0" index="0" bw="32" slack="1"/>
<pin id="2645" dir="1" index="1" bw="32" slack="1"/>
</pin_list>
<bind>
<opset="lsb_index "/>
</bind>
</comp>

<comp id="2649" class="1005" name="tmp_162_reg_2649">
<pin_list>
<pin id="2650" dir="0" index="0" bw="31" slack="1"/>
<pin id="2651" dir="1" index="1" bw="31" slack="1"/>
</pin_list>
<bind>
<opset="tmp_162 "/>
</bind>
</comp>

<comp id="2654" class="1005" name="sub_ln1052_reg_2654">
<pin_list>
<pin id="2655" dir="0" index="0" bw="3" slack="1"/>
<pin id="2656" dir="1" index="1" bw="3" slack="1"/>
</pin_list>
<bind>
<opset="sub_ln1052 "/>
</bind>
</comp>

<comp id="2659" class="1005" name="trunc_ln1048_reg_2659">
<pin_list>
<pin id="2660" dir="0" index="0" bw="11" slack="2"/>
<pin id="2661" dir="1" index="1" bw="11" slack="2"/>
</pin_list>
<bind>
<opset="trunc_ln1048 "/>
</bind>
</comp>

<comp id="2664" class="1005" name="m_reg_2664">
<pin_list>
<pin id="2665" dir="0" index="0" bw="63" slack="1"/>
<pin id="2666" dir="1" index="1" bw="63" slack="1"/>
</pin_list>
<bind>
<opset="m "/>
</bind>
</comp>

<comp id="2669" class="1005" name="p_Result_4_reg_2669">
<pin_list>
<pin id="2670" dir="0" index="0" bw="1" slack="1"/>
<pin id="2671" dir="1" index="1" bw="1" slack="1"/>
</pin_list>
<bind>
<opset="p_Result_4 "/>
</bind>
</comp>

<comp id="2674" class="1005" name="tmp_224_reg_2674">
<pin_list>
<pin id="2675" dir="0" index="0" bw="52" slack="1"/>
<pin id="2676" dir="1" index="1" bw="52" slack="1"/>
</pin_list>
<bind>
<opset="tmp_224 "/>
</bind>
</comp>

<comp id="2679" class="1005" name="icmp_ln1040_reg_2679">
<pin_list>
<pin id="2680" dir="0" index="0" bw="1" slack="3"/>
<pin id="2681" dir="1" index="1" bw="1" slack="3"/>
</pin_list>
<bind>
<opset="icmp_ln1040 "/>
</bind>
</comp>

<comp id="2684" class="1005" name="p_Result_7_reg_2684">
<pin_list>
<pin id="2685" dir="0" index="0" bw="64" slack="1"/>
<pin id="2686" dir="1" index="1" bw="64" slack="1"/>
</pin_list>
<bind>
<opset="p_Result_7 "/>
</bind>
</comp>

<comp id="2689" class="1005" name="notlhs_reg_2689">
<pin_list>
<pin id="2690" dir="0" index="0" bw="1" slack="2"/>
<pin id="2691" dir="1" index="1" bw="1" slack="2"/>
</pin_list>
<bind>
<opset="notlhs "/>
</bind>
</comp>

<comp id="2694" class="1005" name="notrhs_reg_2694">
<pin_list>
<pin id="2695" dir="0" index="0" bw="1" slack="2"/>
<pin id="2696" dir="1" index="1" bw="1" slack="2"/>
</pin_list>
<bind>
<opset="notrhs "/>
</bind>
</comp>

<comp id="2699" class="1005" name="bitcast_ln756_reg_2699">
<pin_list>
<pin id="2700" dir="0" index="0" bw="64" slack="1"/>
<pin id="2701" dir="1" index="1" bw="64" slack="1"/>
</pin_list>
<bind>
<opset="bitcast_ln756 "/>
</bind>
</comp>

</comp_list>

<net_list>
<net id="152"><net_src comp="18" pin="0"/><net_sink comp="142" pin=0"/></net>

<net id="153"><net_src comp="0" pin="0"/><net_sink comp="142" pin=1"/></net>

<net id="154"><net_src comp="2" pin="0"/><net_sink comp="142" pin=2"/></net>

<net id="155"><net_src comp="4" pin="0"/><net_sink comp="142" pin=3"/></net>

<net id="156"><net_src comp="6" pin="0"/><net_sink comp="142" pin=4"/></net>

<net id="157"><net_src comp="8" pin="0"/><net_sink comp="142" pin=5"/></net>

<net id="158"><net_src comp="10" pin="0"/><net_sink comp="142" pin=6"/></net>

<net id="159"><net_src comp="12" pin="0"/><net_sink comp="142" pin=7"/></net>

<net id="165"><net_src comp="140" pin="0"/><net_sink comp="160" pin=0"/></net>

<net id="166"><net_src comp="14" pin="0"/><net_sink comp="160" pin=1"/></net>

<net id="171"><net_src comp="24" pin="0"/><net_sink comp="167" pin=0"/></net>

<net id="181"><net_src comp="26" pin="0"/><net_sink comp="172" pin=0"/></net>

<net id="188"><net_src comp="28" pin="0"/><net_sink comp="182" pin=0"/></net>

<net id="194"><net_src comp="30" pin="0"/><net_sink comp="189" pin=0"/></net>

<net id="200"><net_src comp="32" pin="0"/><net_sink comp="195" pin=0"/></net>

<net id="206"><net_src comp="34" pin="0"/><net_sink comp="201" pin=0"/></net>

<net id="212"><net_src comp="36" pin="0"/><net_sink comp="207" pin=0"/></net>

<net id="213"><net_src comp="16" pin="0"/><net_sink comp="207" pin=2"/></net>

<net id="218"><net_src comp="108" pin="0"/><net_sink comp="214" pin=1"/></net>

<net id="222"><net_src comp="142" pin="8"/><net_sink comp="219" pin=0"/></net>

<net id="226"><net_src comp="219" pin="1"/><net_sink comp="223" pin=0"/></net>

<net id="230"><net_src comp="219" pin="1"/><net_sink comp="227" pin=0"/></net>

<net id="234"><net_src comp="219" pin="1"/><net_sink comp="231" pin=0"/></net>

<net id="238"><net_src comp="219" pin="1"/><net_sink comp="235" pin=0"/></net>

<net id="242"><net_src comp="219" pin="1"/><net_sink comp="239" pin=0"/></net>

<net id="246"><net_src comp="219" pin="1"/><net_sink comp="243" pin=0"/></net>

<net id="250"><net_src comp="219" pin="1"/><net_sink comp="247" pin=0"/></net>

<net id="254"><net_src comp="219" pin="1"/><net_sink comp="251" pin=0"/></net>

<net id="258"><net_src comp="219" pin="1"/><net_sink comp="255" pin=0"/></net>

<net id="262"><net_src comp="219" pin="1"/><net_sink comp="259" pin=0"/></net>

<net id="266"><net_src comp="219" pin="1"/><net_sink comp="263" pin=0"/></net>

<net id="270"><net_src comp="219" pin="1"/><net_sink comp="267" pin=0"/></net>

<net id="274"><net_src comp="219" pin="1"/><net_sink comp="271" pin=0"/></net>

<net id="278"><net_src comp="219" pin="1"/><net_sink comp="275" pin=0"/></net>

<net id="282"><net_src comp="219" pin="1"/><net_sink comp="279" pin=0"/></net>

<net id="286"><net_src comp="219" pin="1"/><net_sink comp="283" pin=0"/></net>

<net id="290"><net_src comp="219" pin="1"/><net_sink comp="287" pin=0"/></net>

<net id="294"><net_src comp="219" pin="1"/><net_sink comp="291" pin=0"/></net>

<net id="298"><net_src comp="219" pin="1"/><net_sink comp="295" pin=0"/></net>

<net id="302"><net_src comp="219" pin="1"/><net_sink comp="299" pin=0"/></net>

<net id="306"><net_src comp="219" pin="1"/><net_sink comp="303" pin=0"/></net>

<net id="310"><net_src comp="219" pin="1"/><net_sink comp="307" pin=0"/></net>

<net id="314"><net_src comp="219" pin="1"/><net_sink comp="311" pin=0"/></net>

<net id="318"><net_src comp="219" pin="1"/><net_sink comp="315" pin=0"/></net>

<net id="322"><net_src comp="219" pin="1"/><net_sink comp="319" pin=0"/></net>

<net id="326"><net_src comp="219" pin="1"/><net_sink comp="323" pin=0"/></net>

<net id="330"><net_src comp="219" pin="1"/><net_sink comp="327" pin=0"/></net>

<net id="334"><net_src comp="219" pin="1"/><net_sink comp="331" pin=0"/></net>

<net id="338"><net_src comp="219" pin="1"/><net_sink comp="335" pin=0"/></net>

<net id="342"><net_src comp="219" pin="1"/><net_sink comp="339" pin=0"/></net>

<net id="346"><net_src comp="219" pin="1"/><net_sink comp="343" pin=0"/></net>

<net id="350"><net_src comp="219" pin="1"/><net_sink comp="347" pin=0"/></net>

<net id="354"><net_src comp="219" pin="1"/><net_sink comp="351" pin=0"/></net>

<net id="358"><net_src comp="219" pin="1"/><net_sink comp="355" pin=0"/></net>

<net id="362"><net_src comp="219" pin="1"/><net_sink comp="359" pin=0"/></net>

<net id="366"><net_src comp="219" pin="1"/><net_sink comp="363" pin=0"/></net>

<net id="370"><net_src comp="219" pin="1"/><net_sink comp="367" pin=0"/></net>

<net id="374"><net_src comp="219" pin="1"/><net_sink comp="371" pin=0"/></net>

<net id="378"><net_src comp="219" pin="1"/><net_sink comp="375" pin=0"/></net>

<net id="382"><net_src comp="219" pin="1"/><net_sink comp="379" pin=0"/></net>

<net id="386"><net_src comp="219" pin="1"/><net_sink comp="383" pin=0"/></net>

<net id="390"><net_src comp="219" pin="1"/><net_sink comp="387" pin=0"/></net>

<net id="394"><net_src comp="219" pin="1"/><net_sink comp="391" pin=0"/></net>

<net id="398"><net_src comp="219" pin="1"/><net_sink comp="395" pin=0"/></net>

<net id="402"><net_src comp="219" pin="1"/><net_sink comp="399" pin=0"/></net>

<net id="406"><net_src comp="219" pin="1"/><net_sink comp="403" pin=0"/></net>

<net id="410"><net_src comp="219" pin="1"/><net_sink comp="407" pin=0"/></net>

<net id="414"><net_src comp="219" pin="1"/><net_sink comp="411" pin=0"/></net>

<net id="418"><net_src comp="219" pin="1"/><net_sink comp="415" pin=0"/></net>

<net id="422"><net_src comp="219" pin="1"/><net_sink comp="419" pin=0"/></net>

<net id="426"><net_src comp="219" pin="1"/><net_sink comp="423" pin=0"/></net>

<net id="430"><net_src comp="219" pin="1"/><net_sink comp="427" pin=0"/></net>

<net id="434"><net_src comp="219" pin="1"/><net_sink comp="431" pin=0"/></net>

<net id="438"><net_src comp="219" pin="1"/><net_sink comp="435" pin=0"/></net>

<net id="442"><net_src comp="219" pin="1"/><net_sink comp="439" pin=0"/></net>

<net id="446"><net_src comp="219" pin="1"/><net_sink comp="443" pin=0"/></net>

<net id="450"><net_src comp="219" pin="1"/><net_sink comp="447" pin=0"/></net>

<net id="454"><net_src comp="219" pin="1"/><net_sink comp="451" pin=0"/></net>

<net id="458"><net_src comp="219" pin="1"/><net_sink comp="455" pin=0"/></net>

<net id="462"><net_src comp="219" pin="1"/><net_sink comp="459" pin=0"/></net>

<net id="466"><net_src comp="219" pin="1"/><net_sink comp="463" pin=0"/></net>

<net id="470"><net_src comp="219" pin="1"/><net_sink comp="467" pin=0"/></net>

<net id="474"><net_src comp="219" pin="1"/><net_sink comp="471" pin=0"/></net>

<net id="478"><net_src comp="219" pin="1"/><net_sink comp="475" pin=0"/></net>

<net id="482"><net_src comp="219" pin="1"/><net_sink comp="479" pin=0"/></net>

<net id="486"><net_src comp="219" pin="1"/><net_sink comp="483" pin=0"/></net>

<net id="490"><net_src comp="219" pin="1"/><net_sink comp="487" pin=0"/></net>

<net id="494"><net_src comp="219" pin="1"/><net_sink comp="491" pin=0"/></net>

<net id="498"><net_src comp="219" pin="1"/><net_sink comp="495" pin=0"/></net>

<net id="502"><net_src comp="219" pin="1"/><net_sink comp="499" pin=0"/></net>

<net id="506"><net_src comp="219" pin="1"/><net_sink comp="503" pin=0"/></net>

<net id="510"><net_src comp="219" pin="1"/><net_sink comp="507" pin=0"/></net>

<net id="514"><net_src comp="219" pin="1"/><net_sink comp="511" pin=0"/></net>

<net id="518"><net_src comp="219" pin="1"/><net_sink comp="515" pin=0"/></net>

<net id="522"><net_src comp="219" pin="1"/><net_sink comp="519" pin=0"/></net>

<net id="526"><net_src comp="219" pin="1"/><net_sink comp="523" pin=0"/></net>

<net id="530"><net_src comp="219" pin="1"/><net_sink comp="527" pin=0"/></net>

<net id="534"><net_src comp="219" pin="1"/><net_sink comp="531" pin=0"/></net>

<net id="538"><net_src comp="219" pin="1"/><net_sink comp="535" pin=0"/></net>

<net id="542"><net_src comp="219" pin="1"/><net_sink comp="539" pin=0"/></net>

<net id="546"><net_src comp="219" pin="1"/><net_sink comp="543" pin=0"/></net>

<net id="550"><net_src comp="219" pin="1"/><net_sink comp="547" pin=0"/></net>

<net id="554"><net_src comp="219" pin="1"/><net_sink comp="551" pin=0"/></net>

<net id="558"><net_src comp="219" pin="1"/><net_sink comp="555" pin=0"/></net>

<net id="562"><net_src comp="219" pin="1"/><net_sink comp="559" pin=0"/></net>

<net id="566"><net_src comp="219" pin="1"/><net_sink comp="563" pin=0"/></net>

<net id="570"><net_src comp="219" pin="1"/><net_sink comp="567" pin=0"/></net>

<net id="574"><net_src comp="219" pin="1"/><net_sink comp="571" pin=0"/></net>

<net id="578"><net_src comp="219" pin="1"/><net_sink comp="575" pin=0"/></net>

<net id="582"><net_src comp="219" pin="1"/><net_sink comp="579" pin=0"/></net>

<net id="586"><net_src comp="219" pin="1"/><net_sink comp="583" pin=0"/></net>

<net id="590"><net_src comp="219" pin="1"/><net_sink comp="587" pin=0"/></net>

<net id="594"><net_src comp="219" pin="1"/><net_sink comp="591" pin=0"/></net>

<net id="598"><net_src comp="219" pin="1"/><net_sink comp="595" pin=0"/></net>

<net id="602"><net_src comp="219" pin="1"/><net_sink comp="599" pin=0"/></net>

<net id="606"><net_src comp="219" pin="1"/><net_sink comp="603" pin=0"/></net>

<net id="610"><net_src comp="219" pin="1"/><net_sink comp="607" pin=0"/></net>

<net id="614"><net_src comp="219" pin="1"/><net_sink comp="611" pin=0"/></net>

<net id="618"><net_src comp="219" pin="1"/><net_sink comp="615" pin=0"/></net>

<net id="622"><net_src comp="219" pin="1"/><net_sink comp="619" pin=0"/></net>

<net id="626"><net_src comp="219" pin="1"/><net_sink comp="623" pin=0"/></net>

<net id="630"><net_src comp="219" pin="1"/><net_sink comp="627" pin=0"/></net>

<net id="634"><net_src comp="219" pin="1"/><net_sink comp="631" pin=0"/></net>

<net id="638"><net_src comp="219" pin="1"/><net_sink comp="635" pin=0"/></net>

<net id="642"><net_src comp="219" pin="1"/><net_sink comp="639" pin=0"/></net>

<net id="646"><net_src comp="219" pin="1"/><net_sink comp="643" pin=0"/></net>

<net id="650"><net_src comp="219" pin="1"/><net_sink comp="647" pin=0"/></net>

<net id="654"><net_src comp="219" pin="1"/><net_sink comp="651" pin=0"/></net>

<net id="658"><net_src comp="219" pin="1"/><net_sink comp="655" pin=0"/></net>

<net id="662"><net_src comp="219" pin="1"/><net_sink comp="659" pin=0"/></net>

<net id="666"><net_src comp="219" pin="1"/><net_sink comp="663" pin=0"/></net>

<net id="670"><net_src comp="219" pin="1"/><net_sink comp="667" pin=0"/></net>

<net id="674"><net_src comp="219" pin="1"/><net_sink comp="671" pin=0"/></net>

<net id="678"><net_src comp="219" pin="1"/><net_sink comp="675" pin=0"/></net>

<net id="682"><net_src comp="219" pin="1"/><net_sink comp="679" pin=0"/></net>

<net id="686"><net_src comp="219" pin="1"/><net_sink comp="683" pin=0"/></net>

<net id="690"><net_src comp="219" pin="1"/><net_sink comp="687" pin=0"/></net>

<net id="694"><net_src comp="219" pin="1"/><net_sink comp="691" pin=0"/></net>

<net id="698"><net_src comp="219" pin="1"/><net_sink comp="695" pin=0"/></net>

<net id="702"><net_src comp="219" pin="1"/><net_sink comp="699" pin=0"/></net>

<net id="706"><net_src comp="219" pin="1"/><net_sink comp="703" pin=0"/></net>

<net id="710"><net_src comp="219" pin="1"/><net_sink comp="707" pin=0"/></net>

<net id="714"><net_src comp="219" pin="1"/><net_sink comp="711" pin=0"/></net>

<net id="718"><net_src comp="219" pin="1"/><net_sink comp="715" pin=0"/></net>

<net id="722"><net_src comp="219" pin="1"/><net_sink comp="719" pin=0"/></net>

<net id="726"><net_src comp="219" pin="1"/><net_sink comp="723" pin=0"/></net>

<net id="730"><net_src comp="219" pin="1"/><net_sink comp="727" pin=0"/></net>

<net id="734"><net_src comp="219" pin="1"/><net_sink comp="731" pin=0"/></net>

<net id="738"><net_src comp="219" pin="1"/><net_sink comp="735" pin=0"/></net>

<net id="742"><net_src comp="219" pin="1"/><net_sink comp="739" pin=0"/></net>

<net id="746"><net_src comp="219" pin="1"/><net_sink comp="743" pin=0"/></net>

<net id="750"><net_src comp="219" pin="1"/><net_sink comp="747" pin=0"/></net>

<net id="754"><net_src comp="219" pin="1"/><net_sink comp="751" pin=0"/></net>

<net id="758"><net_src comp="219" pin="1"/><net_sink comp="755" pin=0"/></net>

<net id="762"><net_src comp="219" pin="1"/><net_sink comp="759" pin=0"/></net>

<net id="766"><net_src comp="219" pin="1"/><net_sink comp="763" pin=0"/></net>

<net id="770"><net_src comp="219" pin="1"/><net_sink comp="767" pin=0"/></net>

<net id="774"><net_src comp="219" pin="1"/><net_sink comp="771" pin=0"/></net>

<net id="778"><net_src comp="219" pin="1"/><net_sink comp="775" pin=0"/></net>

<net id="782"><net_src comp="219" pin="1"/><net_sink comp="779" pin=0"/></net>

<net id="786"><net_src comp="219" pin="1"/><net_sink comp="783" pin=0"/></net>

<net id="790"><net_src comp="219" pin="1"/><net_sink comp="787" pin=0"/></net>

<net id="794"><net_src comp="219" pin="1"/><net_sink comp="791" pin=0"/></net>

<net id="798"><net_src comp="219" pin="1"/><net_sink comp="795" pin=0"/></net>

<net id="802"><net_src comp="219" pin="1"/><net_sink comp="799" pin=0"/></net>

<net id="806"><net_src comp="219" pin="1"/><net_sink comp="803" pin=0"/></net>

<net id="810"><net_src comp="219" pin="1"/><net_sink comp="807" pin=0"/></net>

<net id="814"><net_src comp="219" pin="1"/><net_sink comp="811" pin=0"/></net>

<net id="818"><net_src comp="219" pin="1"/><net_sink comp="815" pin=0"/></net>

<net id="822"><net_src comp="219" pin="1"/><net_sink comp="819" pin=0"/></net>

<net id="826"><net_src comp="219" pin="1"/><net_sink comp="823" pin=0"/></net>

<net id="830"><net_src comp="219" pin="1"/><net_sink comp="827" pin=0"/></net>

<net id="834"><net_src comp="219" pin="1"/><net_sink comp="831" pin=0"/></net>

<net id="838"><net_src comp="219" pin="1"/><net_sink comp="835" pin=0"/></net>

<net id="842"><net_src comp="219" pin="1"/><net_sink comp="839" pin=0"/></net>

<net id="846"><net_src comp="219" pin="1"/><net_sink comp="843" pin=0"/></net>

<net id="850"><net_src comp="219" pin="1"/><net_sink comp="847" pin=0"/></net>

<net id="854"><net_src comp="219" pin="1"/><net_sink comp="851" pin=0"/></net>

<net id="858"><net_src comp="219" pin="1"/><net_sink comp="855" pin=0"/></net>

<net id="862"><net_src comp="219" pin="1"/><net_sink comp="859" pin=0"/></net>

<net id="866"><net_src comp="219" pin="1"/><net_sink comp="863" pin=0"/></net>

<net id="1192"><net_src comp="20" pin="0"/><net_sink comp="867" pin=0"/></net>

<net id="1193"><net_src comp="863" pin="1"/><net_sink comp="867" pin=1"/></net>

<net id="1194"><net_src comp="22" pin="0"/><net_sink comp="867" pin=2"/></net>

<net id="1195"><net_src comp="22" pin="0"/><net_sink comp="867" pin=4"/></net>

<net id="1196"><net_src comp="22" pin="0"/><net_sink comp="867" pin=6"/></net>

<net id="1197"><net_src comp="22" pin="0"/><net_sink comp="867" pin=8"/></net>

<net id="1198"><net_src comp="22" pin="0"/><net_sink comp="867" pin=10"/></net>

<net id="1199"><net_src comp="22" pin="0"/><net_sink comp="867" pin=12"/></net>

<net id="1200"><net_src comp="22" pin="0"/><net_sink comp="867" pin=14"/></net>

<net id="1201"><net_src comp="22" pin="0"/><net_sink comp="867" pin=16"/></net>

<net id="1202"><net_src comp="22" pin="0"/><net_sink comp="867" pin=18"/></net>

<net id="1203"><net_src comp="22" pin="0"/><net_sink comp="867" pin=20"/></net>

<net id="1204"><net_src comp="22" pin="0"/><net_sink comp="867" pin=22"/></net>

<net id="1205"><net_src comp="22" pin="0"/><net_sink comp="867" pin=24"/></net>

<net id="1206"><net_src comp="22" pin="0"/><net_sink comp="867" pin=26"/></net>

<net id="1207"><net_src comp="22" pin="0"/><net_sink comp="867" pin=28"/></net>

<net id="1208"><net_src comp="22" pin="0"/><net_sink comp="867" pin=30"/></net>

<net id="1209"><net_src comp="22" pin="0"/><net_sink comp="867" pin=32"/></net>

<net id="1210"><net_src comp="22" pin="0"/><net_sink comp="867" pin=34"/></net>

<net id="1211"><net_src comp="22" pin="0"/><net_sink comp="867" pin=36"/></net>

<net id="1212"><net_src comp="22" pin="0"/><net_sink comp="867" pin=38"/></net>

<net id="1213"><net_src comp="22" pin="0"/><net_sink comp="867" pin=40"/></net>

<net id="1214"><net_src comp="22" pin="0"/><net_sink comp="867" pin=42"/></net>

<net id="1215"><net_src comp="22" pin="0"/><net_sink comp="867" pin=44"/></net>

<net id="1216"><net_src comp="22" pin="0"/><net_sink comp="867" pin=46"/></net>

<net id="1217"><net_src comp="22" pin="0"/><net_sink comp="867" pin=48"/></net>

<net id="1218"><net_src comp="22" pin="0"/><net_sink comp="867" pin=50"/></net>

<net id="1219"><net_src comp="22" pin="0"/><net_sink comp="867" pin=52"/></net>

<net id="1220"><net_src comp="22" pin="0"/><net_sink comp="867" pin=54"/></net>

<net id="1221"><net_src comp="22" pin="0"/><net_sink comp="867" pin=56"/></net>

<net id="1222"><net_src comp="22" pin="0"/><net_sink comp="867" pin=58"/></net>

<net id="1223"><net_src comp="22" pin="0"/><net_sink comp="867" pin=60"/></net>

<net id="1224"><net_src comp="22" pin="0"/><net_sink comp="867" pin=62"/></net>

<net id="1225"><net_src comp="22" pin="0"/><net_sink comp="867" pin=64"/></net>

<net id="1226"><net_src comp="22" pin="0"/><net_sink comp="867" pin=66"/></net>

<net id="1227"><net_src comp="22" pin="0"/><net_sink comp="867" pin=68"/></net>

<net id="1228"><net_src comp="22" pin="0"/><net_sink comp="867" pin=70"/></net>

<net id="1229"><net_src comp="22" pin="0"/><net_sink comp="867" pin=72"/></net>

<net id="1230"><net_src comp="22" pin="0"/><net_sink comp="867" pin=74"/></net>

<net id="1231"><net_src comp="22" pin="0"/><net_sink comp="867" pin=76"/></net>

<net id="1232"><net_src comp="22" pin="0"/><net_sink comp="867" pin=78"/></net>

<net id="1233"><net_src comp="22" pin="0"/><net_sink comp="867" pin=80"/></net>

<net id="1234"><net_src comp="22" pin="0"/><net_sink comp="867" pin=82"/></net>

<net id="1235"><net_src comp="22" pin="0"/><net_sink comp="867" pin=84"/></net>

<net id="1236"><net_src comp="22" pin="0"/><net_sink comp="867" pin=86"/></net>

<net id="1237"><net_src comp="22" pin="0"/><net_sink comp="867" pin=88"/></net>

<net id="1238"><net_src comp="22" pin="0"/><net_sink comp="867" pin=90"/></net>

<net id="1239"><net_src comp="22" pin="0"/><net_sink comp="867" pin=92"/></net>

<net id="1240"><net_src comp="22" pin="0"/><net_sink comp="867" pin=94"/></net>

<net id="1241"><net_src comp="22" pin="0"/><net_sink comp="867" pin=96"/></net>

<net id="1242"><net_src comp="22" pin="0"/><net_sink comp="867" pin=98"/></net>

<net id="1243"><net_src comp="22" pin="0"/><net_sink comp="867" pin=100"/></net>

<net id="1244"><net_src comp="22" pin="0"/><net_sink comp="867" pin=102"/></net>

<net id="1245"><net_src comp="22" pin="0"/><net_sink comp="867" pin=104"/></net>

<net id="1246"><net_src comp="22" pin="0"/><net_sink comp="867" pin=106"/></net>

<net id="1247"><net_src comp="22" pin="0"/><net_sink comp="867" pin=108"/></net>

<net id="1248"><net_src comp="22" pin="0"/><net_sink comp="867" pin=110"/></net>

<net id="1249"><net_src comp="22" pin="0"/><net_sink comp="867" pin=112"/></net>

<net id="1250"><net_src comp="22" pin="0"/><net_sink comp="867" pin=114"/></net>

<net id="1251"><net_src comp="22" pin="0"/><net_sink comp="867" pin=116"/></net>

<net id="1252"><net_src comp="22" pin="0"/><net_sink comp="867" pin=118"/></net>

<net id="1253"><net_src comp="22" pin="0"/><net_sink comp="867" pin=120"/></net>

<net id="1254"><net_src comp="22" pin="0"/><net_sink comp="867" pin=122"/></net>

<net id="1255"><net_src comp="22" pin="0"/><net_sink comp="867" pin=124"/></net>

<net id="1256"><net_src comp="22" pin="0"/><net_sink comp="867" pin=126"/></net>

<net id="1257"><net_src comp="22" pin="0"/><net_sink comp="867" pin=128"/></net>

<net id="1258"><net_src comp="22" pin="0"/><net_sink comp="867" pin=130"/></net>

<net id="1259"><net_src comp="22" pin="0"/><net_sink comp="867" pin=132"/></net>

<net id="1260"><net_src comp="22" pin="0"/><net_sink comp="867" pin=134"/></net>

<net id="1261"><net_src comp="22" pin="0"/><net_sink comp="867" pin=136"/></net>

<net id="1262"><net_src comp="22" pin="0"/><net_sink comp="867" pin=138"/></net>

<net id="1263"><net_src comp="22" pin="0"/><net_sink comp="867" pin=140"/></net>

<net id="1264"><net_src comp="22" pin="0"/><net_sink comp="867" pin=142"/></net>

<net id="1265"><net_src comp="22" pin="0"/><net_sink comp="867" pin=144"/></net>

<net id="1266"><net_src comp="22" pin="0"/><net_sink comp="867" pin=146"/></net>

<net id="1267"><net_src comp="22" pin="0"/><net_sink comp="867" pin=148"/></net>

<net id="1268"><net_src comp="22" pin="0"/><net_sink comp="867" pin=150"/></net>

<net id="1269"><net_src comp="22" pin="0"/><net_sink comp="867" pin=152"/></net>

<net id="1270"><net_src comp="22" pin="0"/><net_sink comp="867" pin=154"/></net>

<net id="1271"><net_src comp="22" pin="0"/><net_sink comp="867" pin=156"/></net>

<net id="1272"><net_src comp="22" pin="0"/><net_sink comp="867" pin=158"/></net>

<net id="1273"><net_src comp="22" pin="0"/><net_sink comp="867" pin=160"/></net>

<net id="1274"><net_src comp="22" pin="0"/><net_sink comp="867" pin=162"/></net>

<net id="1275"><net_src comp="22" pin="0"/><net_sink comp="867" pin=164"/></net>

<net id="1276"><net_src comp="22" pin="0"/><net_sink comp="867" pin=166"/></net>

<net id="1277"><net_src comp="22" pin="0"/><net_sink comp="867" pin=168"/></net>

<net id="1278"><net_src comp="22" pin="0"/><net_sink comp="867" pin=170"/></net>

<net id="1279"><net_src comp="22" pin="0"/><net_sink comp="867" pin=172"/></net>

<net id="1280"><net_src comp="22" pin="0"/><net_sink comp="867" pin=174"/></net>

<net id="1281"><net_src comp="22" pin="0"/><net_sink comp="867" pin=176"/></net>

<net id="1282"><net_src comp="22" pin="0"/><net_sink comp="867" pin=178"/></net>

<net id="1283"><net_src comp="22" pin="0"/><net_sink comp="867" pin=180"/></net>

<net id="1284"><net_src comp="22" pin="0"/><net_sink comp="867" pin=182"/></net>

<net id="1285"><net_src comp="22" pin="0"/><net_sink comp="867" pin=184"/></net>

<net id="1286"><net_src comp="22" pin="0"/><net_sink comp="867" pin=186"/></net>

<net id="1287"><net_src comp="22" pin="0"/><net_sink comp="867" pin=188"/></net>

<net id="1288"><net_src comp="22" pin="0"/><net_sink comp="867" pin=190"/></net>

<net id="1289"><net_src comp="22" pin="0"/><net_sink comp="867" pin=192"/></net>

<net id="1290"><net_src comp="22" pin="0"/><net_sink comp="867" pin=194"/></net>

<net id="1291"><net_src comp="22" pin="0"/><net_sink comp="867" pin=196"/></net>

<net id="1292"><net_src comp="22" pin="0"/><net_sink comp="867" pin=198"/></net>

<net id="1293"><net_src comp="22" pin="0"/><net_sink comp="867" pin=200"/></net>

<net id="1294"><net_src comp="22" pin="0"/><net_sink comp="867" pin=202"/></net>

<net id="1295"><net_src comp="22" pin="0"/><net_sink comp="867" pin=204"/></net>

<net id="1296"><net_src comp="22" pin="0"/><net_sink comp="867" pin=206"/></net>

<net id="1297"><net_src comp="22" pin="0"/><net_sink comp="867" pin=208"/></net>

<net id="1298"><net_src comp="22" pin="0"/><net_sink comp="867" pin=210"/></net>

<net id="1299"><net_src comp="22" pin="0"/><net_sink comp="867" pin=212"/></net>

<net id="1300"><net_src comp="22" pin="0"/><net_sink comp="867" pin=214"/></net>

<net id="1301"><net_src comp="22" pin="0"/><net_sink comp="867" pin=216"/></net>

<net id="1302"><net_src comp="22" pin="0"/><net_sink comp="867" pin=218"/></net>

<net id="1303"><net_src comp="22" pin="0"/><net_sink comp="867" pin=220"/></net>

<net id="1304"><net_src comp="22" pin="0"/><net_sink comp="867" pin=222"/></net>

<net id="1305"><net_src comp="22" pin="0"/><net_sink comp="867" pin=224"/></net>

<net id="1306"><net_src comp="22" pin="0"/><net_sink comp="867" pin=226"/></net>

<net id="1307"><net_src comp="22" pin="0"/><net_sink comp="867" pin=228"/></net>

<net id="1308"><net_src comp="22" pin="0"/><net_sink comp="867" pin=230"/></net>

<net id="1309"><net_src comp="22" pin="0"/><net_sink comp="867" pin=232"/></net>

<net id="1310"><net_src comp="22" pin="0"/><net_sink comp="867" pin=234"/></net>

<net id="1311"><net_src comp="22" pin="0"/><net_sink comp="867" pin=236"/></net>

<net id="1312"><net_src comp="22" pin="0"/><net_sink comp="867" pin=238"/></net>

<net id="1313"><net_src comp="22" pin="0"/><net_sink comp="867" pin=240"/></net>

<net id="1314"><net_src comp="22" pin="0"/><net_sink comp="867" pin=242"/></net>

<net id="1315"><net_src comp="22" pin="0"/><net_sink comp="867" pin=244"/></net>

<net id="1316"><net_src comp="22" pin="0"/><net_sink comp="867" pin=246"/></net>

<net id="1317"><net_src comp="22" pin="0"/><net_sink comp="867" pin=248"/></net>

<net id="1318"><net_src comp="22" pin="0"/><net_sink comp="867" pin=250"/></net>

<net id="1319"><net_src comp="22" pin="0"/><net_sink comp="867" pin=252"/></net>

<net id="1320"><net_src comp="22" pin="0"/><net_sink comp="867" pin=254"/></net>

<net id="1321"><net_src comp="22" pin="0"/><net_sink comp="867" pin=256"/></net>

<net id="1322"><net_src comp="22" pin="0"/><net_sink comp="867" pin=258"/></net>

<net id="1323"><net_src comp="22" pin="0"/><net_sink comp="867" pin=260"/></net>

<net id="1324"><net_src comp="22" pin="0"/><net_sink comp="867" pin=262"/></net>

<net id="1325"><net_src comp="22" pin="0"/><net_sink comp="867" pin=264"/></net>

<net id="1326"><net_src comp="22" pin="0"/><net_sink comp="867" pin=266"/></net>

<net id="1327"><net_src comp="22" pin="0"/><net_sink comp="867" pin=268"/></net>

<net id="1328"><net_src comp="22" pin="0"/><net_sink comp="867" pin=270"/></net>

<net id="1329"><net_src comp="22" pin="0"/><net_sink comp="867" pin=272"/></net>

<net id="1330"><net_src comp="22" pin="0"/><net_sink comp="867" pin=274"/></net>

<net id="1331"><net_src comp="22" pin="0"/><net_sink comp="867" pin=276"/></net>

<net id="1332"><net_src comp="22" pin="0"/><net_sink comp="867" pin=278"/></net>

<net id="1333"><net_src comp="22" pin="0"/><net_sink comp="867" pin=280"/></net>

<net id="1334"><net_src comp="22" pin="0"/><net_sink comp="867" pin=282"/></net>

<net id="1335"><net_src comp="22" pin="0"/><net_sink comp="867" pin=284"/></net>

<net id="1336"><net_src comp="22" pin="0"/><net_sink comp="867" pin=286"/></net>

<net id="1337"><net_src comp="22" pin="0"/><net_sink comp="867" pin=288"/></net>

<net id="1338"><net_src comp="22" pin="0"/><net_sink comp="867" pin=290"/></net>

<net id="1339"><net_src comp="22" pin="0"/><net_sink comp="867" pin=292"/></net>

<net id="1340"><net_src comp="22" pin="0"/><net_sink comp="867" pin=294"/></net>

<net id="1341"><net_src comp="22" pin="0"/><net_sink comp="867" pin=296"/></net>

<net id="1342"><net_src comp="22" pin="0"/><net_sink comp="867" pin=298"/></net>

<net id="1343"><net_src comp="22" pin="0"/><net_sink comp="867" pin=300"/></net>

<net id="1344"><net_src comp="22" pin="0"/><net_sink comp="867" pin=302"/></net>

<net id="1345"><net_src comp="22" pin="0"/><net_sink comp="867" pin=304"/></net>

<net id="1346"><net_src comp="22" pin="0"/><net_sink comp="867" pin=306"/></net>

<net id="1347"><net_src comp="22" pin="0"/><net_sink comp="867" pin=308"/></net>

<net id="1348"><net_src comp="22" pin="0"/><net_sink comp="867" pin=310"/></net>

<net id="1349"><net_src comp="22" pin="0"/><net_sink comp="867" pin=312"/></net>

<net id="1350"><net_src comp="22" pin="0"/><net_sink comp="867" pin=314"/></net>

<net id="1351"><net_src comp="22" pin="0"/><net_sink comp="867" pin=316"/></net>

<net id="1352"><net_src comp="22" pin="0"/><net_sink comp="867" pin=318"/></net>

<net id="1353"><net_src comp="22" pin="0"/><net_sink comp="867" pin=320"/></net>

<net id="1354"><net_src comp="22" pin="0"/><net_sink comp="867" pin=322"/></net>

<net id="1355"><net_src comp="867" pin="323"/><net_sink comp="167" pin=1"/></net>

<net id="1359"><net_src comp="167" pin="2"/><net_sink comp="1356" pin=0"/></net>

<net id="1363"><net_src comp="167" pin="2"/><net_sink comp="1360" pin=0"/></net>

<net id="1367"><net_src comp="167" pin="2"/><net_sink comp="1364" pin=0"/></net>

<net id="1371"><net_src comp="167" pin="2"/><net_sink comp="1368" pin=0"/></net>

<net id="1375"><net_src comp="167" pin="2"/><net_sink comp="1372" pin=0"/></net>

<net id="1379"><net_src comp="167" pin="2"/><net_sink comp="1376" pin=0"/></net>

<net id="1383"><net_src comp="172" pin="7"/><net_sink comp="1380" pin=0"/></net>

<net id="1387"><net_src comp="172" pin="7"/><net_sink comp="1384" pin=0"/></net>

<net id="1391"><net_src comp="172" pin="7"/><net_sink comp="1388" pin=0"/></net>

<net id="1395"><net_src comp="182" pin="4"/><net_sink comp="1392" pin=0"/></net>

<net id="1399"><net_src comp="182" pin="4"/><net_sink comp="1396" pin=0"/></net>

<net id="1403"><net_src comp="189" pin="3"/><net_sink comp="1400" pin=0"/></net>

<net id="1407"><net_src comp="189" pin="3"/><net_sink comp="1404" pin=0"/></net>

<net id="1411"><net_src comp="195" pin="3"/><net_sink comp="1408" pin=0"/></net>

<net id="1415"><net_src comp="195" pin="3"/><net_sink comp="1412" pin=0"/></net>

<net id="1419"><net_src comp="207" pin="3"/><net_sink comp="1416" pin=0"/></net>

<net id="1426"><net_src comp="38" pin="0"/><net_sink comp="1420" pin=0"/></net>

<net id="1427"><net_src comp="1416" pin="1"/><net_sink comp="1420" pin=1"/></net>

<net id="1428"><net_src comp="40" pin="0"/><net_sink comp="1420" pin=2"/></net>

<net id="1429"><net_src comp="42" pin="0"/><net_sink comp="1420" pin=3"/></net>

<net id="1435"><net_src comp="44" pin="0"/><net_sink comp="1430" pin=0"/></net>

<net id="1436"><net_src comp="46" pin="0"/><net_sink comp="1430" pin=1"/></net>

<net id="1437"><net_src comp="1420" pin="4"/><net_sink comp="1430" pin=2"/></net>

<net id="1441"><net_src comp="1430" pin="3"/><net_sink comp="1438" pin=0"/></net>

<net id="1447"><net_src comp="48" pin="0"/><net_sink comp="1442" pin=0"/></net>

<net id="1448"><net_src comp="1438" pin="1"/><net_sink comp="1442" pin=1"/></net>

<net id="1449"><net_src comp="46" pin="0"/><net_sink comp="1442" pin=2"/></net>

<net id="1454"><net_src comp="50" pin="0"/><net_sink comp="1450" pin=0"/></net>

<net id="1455"><net_src comp="1442" pin="3"/><net_sink comp="1450" pin=1"/></net>

<net id="1459"><net_src comp="1450" pin="2"/><net_sink comp="1456" pin=0"/></net>

<net id="1464"><net_src comp="1450" pin="2"/><net_sink comp="1460" pin=0"/></net>

<net id="1465"><net_src comp="52" pin="0"/><net_sink comp="1460" pin=1"/></net>

<net id="1472"><net_src comp="54" pin="0"/><net_sink comp="1466" pin=0"/></net>

<net id="1473"><net_src comp="1460" pin="2"/><net_sink comp="1466" pin=1"/></net>

<net id="1474"><net_src comp="56" pin="0"/><net_sink comp="1466" pin=2"/></net>

<net id="1475"><net_src comp="58" pin="0"/><net_sink comp="1466" pin=3"/></net>

<net id="1479"><net_src comp="1450" pin="2"/><net_sink comp="1476" pin=0"/></net>

<net id="1484"><net_src comp="60" pin="0"/><net_sink comp="1480" pin=0"/></net>

<net id="1485"><net_src comp="1476" pin="1"/><net_sink comp="1480" pin=1"/></net>

<net id="1489"><net_src comp="1442" pin="3"/><net_sink comp="1486" pin=0"/></net>

<net id="1494"><net_src comp="62" pin="0"/><net_sink comp="1490" pin=1"/></net>

<net id="1502"><net_src comp="64" pin="0"/><net_sink comp="1498" pin=0"/></net>

<net id="1503"><net_src comp="1495" pin="1"/><net_sink comp="1498" pin=1"/></net>

<net id="1508"><net_src comp="1498" pin="2"/><net_sink comp="1504" pin=1"/></net>

<net id="1513"><net_src comp="1504" pin="2"/><net_sink comp="1509" pin=0"/></net>

<net id="1514"><net_src comp="66" pin="0"/><net_sink comp="1509" pin=1"/></net>

<net id="1519"><net_src comp="1490" pin="2"/><net_sink comp="1515" pin=0"/></net>

<net id="1520"><net_src comp="1509" pin="2"/><net_sink comp="1515" pin=1"/></net>

<net id="1526"><net_src comp="68" pin="0"/><net_sink comp="1521" pin=0"/></net>

<net id="1527"><net_src comp="58" pin="0"/><net_sink comp="1521" pin=2"/></net>

<net id="1532"><net_src comp="1521" pin="3"/><net_sink comp="1528" pin=0"/></net>

<net id="1533"><net_src comp="46" pin="0"/><net_sink comp="1528" pin=1"/></net>

<net id="1538"><net_src comp="70" pin="0"/><net_sink comp="1534" pin=1"/></net>

<net id="1544"><net_src comp="72" pin="0"/><net_sink comp="1539" pin=0"/></net>

<net id="1545"><net_src comp="1534" pin="2"/><net_sink comp="1539" pin=2"/></net>

<net id="1550"><net_src comp="1539" pin="3"/><net_sink comp="1546" pin=0"/></net>

<net id="1551"><net_src comp="1528" pin="2"/><net_sink comp="1546" pin=1"/></net>

<net id="1556"><net_src comp="1546" pin="2"/><net_sink comp="1552" pin=0"/></net>

<net id="1557"><net_src comp="1515" pin="2"/><net_sink comp="1552" pin=1"/></net>

<net id="1563"><net_src comp="74" pin="0"/><net_sink comp="1558" pin=0"/></net>

<net id="1564"><net_src comp="76" pin="0"/><net_sink comp="1558" pin=1"/></net>

<net id="1565"><net_src comp="1552" pin="2"/><net_sink comp="1558" pin=2"/></net>

<net id="1573"><net_src comp="42" pin="0"/><net_sink comp="1569" pin=1"/></net>

<net id="1578"><net_src comp="78" pin="0"/><net_sink comp="1574" pin=1"/></net>

<net id="1582"><net_src comp="1574" pin="2"/><net_sink comp="1579" pin=0"/></net>

<net id="1587"><net_src comp="1566" pin="1"/><net_sink comp="1583" pin=0"/></net>

<net id="1588"><net_src comp="1579" pin="1"/><net_sink comp="1583" pin=1"/></net>

<net id="1593"><net_src comp="80" pin="0"/><net_sink comp="1589" pin=0"/></net>

<net id="1597"><net_src comp="1589" pin="2"/><net_sink comp="1594" pin=0"/></net>

<net id="1602"><net_src comp="1566" pin="1"/><net_sink comp="1598" pin=0"/></net>

<net id="1603"><net_src comp="1594" pin="1"/><net_sink comp="1598" pin=1"/></net>

<net id="1609"><net_src comp="1569" pin="2"/><net_sink comp="1604" pin=0"/></net>

<net id="1610"><net_src comp="1583" pin="2"/><net_sink comp="1604" pin=1"/></net>

<net id="1611"><net_src comp="1598" pin="2"/><net_sink comp="1604" pin=2"/></net>

<net id="1615"><net_src comp="1558" pin="3"/><net_sink comp="1612" pin=0"/></net>

<net id="1620"><net_src comp="1604" pin="3"/><net_sink comp="1616" pin=0"/></net>

<net id="1621"><net_src comp="1612" pin="1"/><net_sink comp="1616" pin=1"/></net>

<net id="1628"><net_src comp="82" pin="0"/><net_sink comp="1622" pin=0"/></net>

<net id="1629"><net_src comp="1616" pin="2"/><net_sink comp="1622" pin=1"/></net>

<net id="1630"><net_src comp="56" pin="0"/><net_sink comp="1622" pin=2"/></net>

<net id="1631"><net_src comp="84" pin="0"/><net_sink comp="1622" pin=3"/></net>

<net id="1637"><net_src comp="86" pin="0"/><net_sink comp="1632" pin=0"/></net>

<net id="1638"><net_src comp="1616" pin="2"/><net_sink comp="1632" pin=1"/></net>

<net id="1639"><net_src comp="80" pin="0"/><net_sink comp="1632" pin=2"/></net>

<net id="1646"><net_src comp="88" pin="0"/><net_sink comp="1640" pin=0"/></net>

<net id="1647"><net_src comp="1616" pin="2"/><net_sink comp="1640" pin=1"/></net>

<net id="1648"><net_src comp="56" pin="0"/><net_sink comp="1640" pin=2"/></net>

<net id="1649"><net_src comp="90" pin="0"/><net_sink comp="1640" pin=3"/></net>

<net id="1654"><net_src comp="92" pin="0"/><net_sink comp="1650" pin=1"/></net>

<net id="1663"><net_src comp="94" pin="0"/><net_sink comp="1658" pin=1"/></net>

<net id="1664"><net_src comp="96" pin="0"/><net_sink comp="1658" pin=2"/></net>

<net id="1669"><net_src comp="98" pin="0"/><net_sink comp="1665" pin=0"/></net>

<net id="1674"><net_src comp="1665" pin="2"/><net_sink comp="1670" pin=0"/></net>

<net id="1675"><net_src comp="1658" pin="3"/><net_sink comp="1670" pin=1"/></net>

<net id="1681"><net_src comp="100" pin="0"/><net_sink comp="1676" pin=0"/></net>

<net id="1682"><net_src comp="76" pin="0"/><net_sink comp="1676" pin=1"/></net>

<net id="1683"><net_src comp="1670" pin="2"/><net_sink comp="1676" pin=2"/></net>

<net id="1691"><net_src comp="102" pin="0"/><net_sink comp="1684" pin=0"/></net>

<net id="1692"><net_src comp="1655" pin="1"/><net_sink comp="1684" pin=1"/></net>

<net id="1693"><net_src comp="1676" pin="3"/><net_sink comp="1684" pin=2"/></net>

<net id="1694"><net_src comp="90" pin="0"/><net_sink comp="1684" pin=3"/></net>

<net id="1695"><net_src comp="84" pin="0"/><net_sink comp="1684" pin=4"/></net>

<net id="1700"><net_src comp="1670" pin="2"/><net_sink comp="1696" pin=0"/></net>

<net id="1701"><net_src comp="104" pin="0"/><net_sink comp="1696" pin=1"/></net>

<net id="1706"><net_src comp="106" pin="0"/><net_sink comp="1702" pin=1"/></net>

<net id="1710"><net_src comp="1707" pin="1"/><net_sink comp="214" pin=0"/></net>

<net id="1719"><net_src comp="1711" pin="2"/><net_sink comp="1715" pin=0"/></net>

<net id="1720"><net_src comp="214" pin="2"/><net_sink comp="1715" pin=1"/></net>

<net id="1725"><net_src comp="1715" pin="2"/><net_sink comp="1721" pin=1"/></net>

<net id="1731"><net_src comp="1721" pin="2"/><net_sink comp="1726" pin=0"/></net>

<net id="1732"><net_src comp="136" pin="0"/><net_sink comp="1726" pin=1"/></net>

<net id="1733"><net_src comp="138" pin="0"/><net_sink comp="1726" pin=2"/></net>

<net id="1734"><net_src comp="1726" pin="3"/><net_sink comp="160" pin=2"/></net>

<net id="1738"><net_src comp="223" pin="1"/><net_sink comp="1735" pin=0"/></net>

<net id="1739"><net_src comp="1735" pin="1"/><net_sink comp="867" pin=321"/></net>

<net id="1743"><net_src comp="227" pin="1"/><net_sink comp="1740" pin=0"/></net>

<net id="1744"><net_src comp="1740" pin="1"/><net_sink comp="867" pin=319"/></net>

<net id="1748"><net_src comp="231" pin="1"/><net_sink comp="1745" pin=0"/></net>

<net id="1749"><net_src comp="1745" pin="1"/><net_sink comp="867" pin=317"/></net>

<net id="1753"><net_src comp="235" pin="1"/><net_sink comp="1750" pin=0"/></net>

<net id="1754"><net_src comp="1750" pin="1"/><net_sink comp="867" pin=315"/></net>

<net id="1758"><net_src comp="239" pin="1"/><net_sink comp="1755" pin=0"/></net>

<net id="1759"><net_src comp="1755" pin="1"/><net_sink comp="867" pin=313"/></net>

<net id="1763"><net_src comp="243" pin="1"/><net_sink comp="1760" pin=0"/></net>

<net id="1764"><net_src comp="1760" pin="1"/><net_sink comp="867" pin=311"/></net>

<net id="1768"><net_src comp="247" pin="1"/><net_sink comp="1765" pin=0"/></net>

<net id="1769"><net_src comp="1765" pin="1"/><net_sink comp="867" pin=309"/></net>

<net id="1773"><net_src comp="251" pin="1"/><net_sink comp="1770" pin=0"/></net>

<net id="1774"><net_src comp="1770" pin="1"/><net_sink comp="867" pin=307"/></net>

<net id="1778"><net_src comp="255" pin="1"/><net_sink comp="1775" pin=0"/></net>

<net id="1779"><net_src comp="1775" pin="1"/><net_sink comp="867" pin=305"/></net>

<net id="1783"><net_src comp="259" pin="1"/><net_sink comp="1780" pin=0"/></net>

<net id="1784"><net_src comp="1780" pin="1"/><net_sink comp="867" pin=303"/></net>

<net id="1788"><net_src comp="263" pin="1"/><net_sink comp="1785" pin=0"/></net>

<net id="1789"><net_src comp="1785" pin="1"/><net_sink comp="867" pin=301"/></net>

<net id="1793"><net_src comp="267" pin="1"/><net_sink comp="1790" pin=0"/></net>

<net id="1794"><net_src comp="1790" pin="1"/><net_sink comp="867" pin=299"/></net>

<net id="1798"><net_src comp="271" pin="1"/><net_sink comp="1795" pin=0"/></net>

<net id="1799"><net_src comp="1795" pin="1"/><net_sink comp="867" pin=297"/></net>

<net id="1803"><net_src comp="275" pin="1"/><net_sink comp="1800" pin=0"/></net>

<net id="1804"><net_src comp="1800" pin="1"/><net_sink comp="867" pin=295"/></net>

<net id="1808"><net_src comp="279" pin="1"/><net_sink comp="1805" pin=0"/></net>

<net id="1809"><net_src comp="1805" pin="1"/><net_sink comp="867" pin=293"/></net>

<net id="1813"><net_src comp="283" pin="1"/><net_sink comp="1810" pin=0"/></net>

<net id="1814"><net_src comp="1810" pin="1"/><net_sink comp="867" pin=291"/></net>

<net id="1818"><net_src comp="287" pin="1"/><net_sink comp="1815" pin=0"/></net>

<net id="1819"><net_src comp="1815" pin="1"/><net_sink comp="867" pin=289"/></net>

<net id="1823"><net_src comp="291" pin="1"/><net_sink comp="1820" pin=0"/></net>

<net id="1824"><net_src comp="1820" pin="1"/><net_sink comp="867" pin=287"/></net>

<net id="1828"><net_src comp="295" pin="1"/><net_sink comp="1825" pin=0"/></net>

<net id="1829"><net_src comp="1825" pin="1"/><net_sink comp="867" pin=285"/></net>

<net id="1833"><net_src comp="299" pin="1"/><net_sink comp="1830" pin=0"/></net>

<net id="1834"><net_src comp="1830" pin="1"/><net_sink comp="867" pin=283"/></net>

<net id="1838"><net_src comp="303" pin="1"/><net_sink comp="1835" pin=0"/></net>

<net id="1839"><net_src comp="1835" pin="1"/><net_sink comp="867" pin=281"/></net>

<net id="1843"><net_src comp="307" pin="1"/><net_sink comp="1840" pin=0"/></net>

<net id="1844"><net_src comp="1840" pin="1"/><net_sink comp="867" pin=279"/></net>

<net id="1848"><net_src comp="311" pin="1"/><net_sink comp="1845" pin=0"/></net>

<net id="1849"><net_src comp="1845" pin="1"/><net_sink comp="867" pin=277"/></net>

<net id="1853"><net_src comp="315" pin="1"/><net_sink comp="1850" pin=0"/></net>

<net id="1854"><net_src comp="1850" pin="1"/><net_sink comp="867" pin=275"/></net>

<net id="1858"><net_src comp="319" pin="1"/><net_sink comp="1855" pin=0"/></net>

<net id="1859"><net_src comp="1855" pin="1"/><net_sink comp="867" pin=273"/></net>

<net id="1863"><net_src comp="323" pin="1"/><net_sink comp="1860" pin=0"/></net>

<net id="1864"><net_src comp="1860" pin="1"/><net_sink comp="867" pin=271"/></net>

<net id="1868"><net_src comp="327" pin="1"/><net_sink comp="1865" pin=0"/></net>

<net id="1869"><net_src comp="1865" pin="1"/><net_sink comp="867" pin=269"/></net>

<net id="1873"><net_src comp="331" pin="1"/><net_sink comp="1870" pin=0"/></net>

<net id="1874"><net_src comp="1870" pin="1"/><net_sink comp="867" pin=267"/></net>

<net id="1878"><net_src comp="335" pin="1"/><net_sink comp="1875" pin=0"/></net>

<net id="1879"><net_src comp="1875" pin="1"/><net_sink comp="867" pin=265"/></net>

<net id="1883"><net_src comp="339" pin="1"/><net_sink comp="1880" pin=0"/></net>

<net id="1884"><net_src comp="1880" pin="1"/><net_sink comp="867" pin=263"/></net>

<net id="1888"><net_src comp="343" pin="1"/><net_sink comp="1885" pin=0"/></net>

<net id="1889"><net_src comp="1885" pin="1"/><net_sink comp="867" pin=261"/></net>

<net id="1893"><net_src comp="347" pin="1"/><net_sink comp="1890" pin=0"/></net>

<net id="1894"><net_src comp="1890" pin="1"/><net_sink comp="867" pin=259"/></net>

<net id="1898"><net_src comp="351" pin="1"/><net_sink comp="1895" pin=0"/></net>

<net id="1899"><net_src comp="1895" pin="1"/><net_sink comp="867" pin=257"/></net>

<net id="1903"><net_src comp="355" pin="1"/><net_sink comp="1900" pin=0"/></net>

<net id="1904"><net_src comp="1900" pin="1"/><net_sink comp="867" pin=255"/></net>

<net id="1908"><net_src comp="359" pin="1"/><net_sink comp="1905" pin=0"/></net>

<net id="1909"><net_src comp="1905" pin="1"/><net_sink comp="867" pin=253"/></net>

<net id="1913"><net_src comp="363" pin="1"/><net_sink comp="1910" pin=0"/></net>

<net id="1914"><net_src comp="1910" pin="1"/><net_sink comp="867" pin=251"/></net>

<net id="1918"><net_src comp="367" pin="1"/><net_sink comp="1915" pin=0"/></net>

<net id="1919"><net_src comp="1915" pin="1"/><net_sink comp="867" pin=249"/></net>

<net id="1923"><net_src comp="371" pin="1"/><net_sink comp="1920" pin=0"/></net>

<net id="1924"><net_src comp="1920" pin="1"/><net_sink comp="867" pin=247"/></net>

<net id="1928"><net_src comp="375" pin="1"/><net_sink comp="1925" pin=0"/></net>

<net id="1929"><net_src comp="1925" pin="1"/><net_sink comp="867" pin=245"/></net>

<net id="1933"><net_src comp="379" pin="1"/><net_sink comp="1930" pin=0"/></net>

<net id="1934"><net_src comp="1930" pin="1"/><net_sink comp="867" pin=243"/></net>

<net id="1938"><net_src comp="383" pin="1"/><net_sink comp="1935" pin=0"/></net>

<net id="1939"><net_src comp="1935" pin="1"/><net_sink comp="867" pin=241"/></net>

<net id="1943"><net_src comp="387" pin="1"/><net_sink comp="1940" pin=0"/></net>

<net id="1944"><net_src comp="1940" pin="1"/><net_sink comp="867" pin=239"/></net>

<net id="1948"><net_src comp="391" pin="1"/><net_sink comp="1945" pin=0"/></net>

<net id="1949"><net_src comp="1945" pin="1"/><net_sink comp="867" pin=237"/></net>

<net id="1953"><net_src comp="395" pin="1"/><net_sink comp="1950" pin=0"/></net>

<net id="1954"><net_src comp="1950" pin="1"/><net_sink comp="867" pin=235"/></net>

<net id="1958"><net_src comp="399" pin="1"/><net_sink comp="1955" pin=0"/></net>

<net id="1959"><net_src comp="1955" pin="1"/><net_sink comp="867" pin=233"/></net>

<net id="1963"><net_src comp="403" pin="1"/><net_sink comp="1960" pin=0"/></net>

<net id="1964"><net_src comp="1960" pin="1"/><net_sink comp="867" pin=231"/></net>

<net id="1968"><net_src comp="407" pin="1"/><net_sink comp="1965" pin=0"/></net>

<net id="1969"><net_src comp="1965" pin="1"/><net_sink comp="867" pin=229"/></net>

<net id="1973"><net_src comp="411" pin="1"/><net_sink comp="1970" pin=0"/></net>

<net id="1974"><net_src comp="1970" pin="1"/><net_sink comp="867" pin=227"/></net>

<net id="1978"><net_src comp="415" pin="1"/><net_sink comp="1975" pin=0"/></net>

<net id="1979"><net_src comp="1975" pin="1"/><net_sink comp="867" pin=225"/></net>

<net id="1983"><net_src comp="419" pin="1"/><net_sink comp="1980" pin=0"/></net>

<net id="1984"><net_src comp="1980" pin="1"/><net_sink comp="867" pin=223"/></net>

<net id="1988"><net_src comp="423" pin="1"/><net_sink comp="1985" pin=0"/></net>

<net id="1989"><net_src comp="1985" pin="1"/><net_sink comp="867" pin=221"/></net>

<net id="1993"><net_src comp="427" pin="1"/><net_sink comp="1990" pin=0"/></net>

<net id="1994"><net_src comp="1990" pin="1"/><net_sink comp="867" pin=219"/></net>

<net id="1998"><net_src comp="431" pin="1"/><net_sink comp="1995" pin=0"/></net>

<net id="1999"><net_src comp="1995" pin="1"/><net_sink comp="867" pin=217"/></net>

<net id="2003"><net_src comp="435" pin="1"/><net_sink comp="2000" pin=0"/></net>

<net id="2004"><net_src comp="2000" pin="1"/><net_sink comp="867" pin=215"/></net>

<net id="2008"><net_src comp="439" pin="1"/><net_sink comp="2005" pin=0"/></net>

<net id="2009"><net_src comp="2005" pin="1"/><net_sink comp="867" pin=213"/></net>

<net id="2013"><net_src comp="443" pin="1"/><net_sink comp="2010" pin=0"/></net>

<net id="2014"><net_src comp="2010" pin="1"/><net_sink comp="867" pin=211"/></net>

<net id="2018"><net_src comp="447" pin="1"/><net_sink comp="2015" pin=0"/></net>

<net id="2019"><net_src comp="2015" pin="1"/><net_sink comp="867" pin=209"/></net>

<net id="2023"><net_src comp="451" pin="1"/><net_sink comp="2020" pin=0"/></net>

<net id="2024"><net_src comp="2020" pin="1"/><net_sink comp="867" pin=207"/></net>

<net id="2028"><net_src comp="455" pin="1"/><net_sink comp="2025" pin=0"/></net>

<net id="2029"><net_src comp="2025" pin="1"/><net_sink comp="867" pin=205"/></net>

<net id="2033"><net_src comp="459" pin="1"/><net_sink comp="2030" pin=0"/></net>

<net id="2034"><net_src comp="2030" pin="1"/><net_sink comp="867" pin=203"/></net>

<net id="2038"><net_src comp="463" pin="1"/><net_sink comp="2035" pin=0"/></net>

<net id="2039"><net_src comp="2035" pin="1"/><net_sink comp="867" pin=201"/></net>

<net id="2043"><net_src comp="467" pin="1"/><net_sink comp="2040" pin=0"/></net>

<net id="2044"><net_src comp="2040" pin="1"/><net_sink comp="867" pin=199"/></net>

<net id="2048"><net_src comp="471" pin="1"/><net_sink comp="2045" pin=0"/></net>

<net id="2049"><net_src comp="2045" pin="1"/><net_sink comp="867" pin=197"/></net>

<net id="2053"><net_src comp="475" pin="1"/><net_sink comp="2050" pin=0"/></net>

<net id="2054"><net_src comp="2050" pin="1"/><net_sink comp="867" pin=195"/></net>

<net id="2058"><net_src comp="479" pin="1"/><net_sink comp="2055" pin=0"/></net>

<net id="2059"><net_src comp="2055" pin="1"/><net_sink comp="867" pin=193"/></net>

<net id="2063"><net_src comp="483" pin="1"/><net_sink comp="2060" pin=0"/></net>

<net id="2064"><net_src comp="2060" pin="1"/><net_sink comp="867" pin=191"/></net>

<net id="2068"><net_src comp="487" pin="1"/><net_sink comp="2065" pin=0"/></net>

<net id="2069"><net_src comp="2065" pin="1"/><net_sink comp="867" pin=189"/></net>

<net id="2073"><net_src comp="491" pin="1"/><net_sink comp="2070" pin=0"/></net>

<net id="2074"><net_src comp="2070" pin="1"/><net_sink comp="867" pin=187"/></net>

<net id="2078"><net_src comp="495" pin="1"/><net_sink comp="2075" pin=0"/></net>

<net id="2079"><net_src comp="2075" pin="1"/><net_sink comp="867" pin=185"/></net>

<net id="2083"><net_src comp="499" pin="1"/><net_sink comp="2080" pin=0"/></net>

<net id="2084"><net_src comp="2080" pin="1"/><net_sink comp="867" pin=183"/></net>

<net id="2088"><net_src comp="503" pin="1"/><net_sink comp="2085" pin=0"/></net>

<net id="2089"><net_src comp="2085" pin="1"/><net_sink comp="867" pin=181"/></net>

<net id="2093"><net_src comp="507" pin="1"/><net_sink comp="2090" pin=0"/></net>

<net id="2094"><net_src comp="2090" pin="1"/><net_sink comp="867" pin=179"/></net>

<net id="2098"><net_src comp="511" pin="1"/><net_sink comp="2095" pin=0"/></net>

<net id="2099"><net_src comp="2095" pin="1"/><net_sink comp="867" pin=177"/></net>

<net id="2103"><net_src comp="515" pin="1"/><net_sink comp="2100" pin=0"/></net>

<net id="2104"><net_src comp="2100" pin="1"/><net_sink comp="867" pin=175"/></net>

<net id="2108"><net_src comp="519" pin="1"/><net_sink comp="2105" pin=0"/></net>

<net id="2109"><net_src comp="2105" pin="1"/><net_sink comp="867" pin=173"/></net>

<net id="2113"><net_src comp="523" pin="1"/><net_sink comp="2110" pin=0"/></net>

<net id="2114"><net_src comp="2110" pin="1"/><net_sink comp="867" pin=171"/></net>

<net id="2118"><net_src comp="527" pin="1"/><net_sink comp="2115" pin=0"/></net>

<net id="2119"><net_src comp="2115" pin="1"/><net_sink comp="867" pin=169"/></net>

<net id="2123"><net_src comp="531" pin="1"/><net_sink comp="2120" pin=0"/></net>

<net id="2124"><net_src comp="2120" pin="1"/><net_sink comp="867" pin=167"/></net>

<net id="2128"><net_src comp="535" pin="1"/><net_sink comp="2125" pin=0"/></net>

<net id="2129"><net_src comp="2125" pin="1"/><net_sink comp="867" pin=165"/></net>

<net id="2133"><net_src comp="539" pin="1"/><net_sink comp="2130" pin=0"/></net>

<net id="2134"><net_src comp="2130" pin="1"/><net_sink comp="867" pin=163"/></net>

<net id="2138"><net_src comp="543" pin="1"/><net_sink comp="2135" pin=0"/></net>

<net id="2139"><net_src comp="2135" pin="1"/><net_sink comp="867" pin=161"/></net>

<net id="2143"><net_src comp="547" pin="1"/><net_sink comp="2140" pin=0"/></net>

<net id="2144"><net_src comp="2140" pin="1"/><net_sink comp="867" pin=159"/></net>

<net id="2148"><net_src comp="551" pin="1"/><net_sink comp="2145" pin=0"/></net>

<net id="2149"><net_src comp="2145" pin="1"/><net_sink comp="867" pin=157"/></net>

<net id="2153"><net_src comp="555" pin="1"/><net_sink comp="2150" pin=0"/></net>

<net id="2154"><net_src comp="2150" pin="1"/><net_sink comp="867" pin=155"/></net>

<net id="2158"><net_src comp="559" pin="1"/><net_sink comp="2155" pin=0"/></net>

<net id="2159"><net_src comp="2155" pin="1"/><net_sink comp="867" pin=153"/></net>

<net id="2163"><net_src comp="563" pin="1"/><net_sink comp="2160" pin=0"/></net>

<net id="2164"><net_src comp="2160" pin="1"/><net_sink comp="867" pin=151"/></net>

<net id="2168"><net_src comp="567" pin="1"/><net_sink comp="2165" pin=0"/></net>

<net id="2169"><net_src comp="2165" pin="1"/><net_sink comp="867" pin=149"/></net>

<net id="2173"><net_src comp="571" pin="1"/><net_sink comp="2170" pin=0"/></net>

<net id="2174"><net_src comp="2170" pin="1"/><net_sink comp="867" pin=147"/></net>

<net id="2178"><net_src comp="575" pin="1"/><net_sink comp="2175" pin=0"/></net>

<net id="2179"><net_src comp="2175" pin="1"/><net_sink comp="867" pin=145"/></net>

<net id="2183"><net_src comp="579" pin="1"/><net_sink comp="2180" pin=0"/></net>

<net id="2184"><net_src comp="2180" pin="1"/><net_sink comp="867" pin=143"/></net>

<net id="2188"><net_src comp="583" pin="1"/><net_sink comp="2185" pin=0"/></net>

<net id="2189"><net_src comp="2185" pin="1"/><net_sink comp="867" pin=141"/></net>

<net id="2193"><net_src comp="587" pin="1"/><net_sink comp="2190" pin=0"/></net>

<net id="2194"><net_src comp="2190" pin="1"/><net_sink comp="867" pin=139"/></net>

<net id="2198"><net_src comp="591" pin="1"/><net_sink comp="2195" pin=0"/></net>

<net id="2199"><net_src comp="2195" pin="1"/><net_sink comp="867" pin=137"/></net>

<net id="2203"><net_src comp="595" pin="1"/><net_sink comp="2200" pin=0"/></net>

<net id="2204"><net_src comp="2200" pin="1"/><net_sink comp="867" pin=135"/></net>

<net id="2208"><net_src comp="599" pin="1"/><net_sink comp="2205" pin=0"/></net>

<net id="2209"><net_src comp="2205" pin="1"/><net_sink comp="867" pin=133"/></net>

<net id="2213"><net_src comp="603" pin="1"/><net_sink comp="2210" pin=0"/></net>

<net id="2214"><net_src comp="2210" pin="1"/><net_sink comp="867" pin=131"/></net>

<net id="2218"><net_src comp="607" pin="1"/><net_sink comp="2215" pin=0"/></net>

<net id="2219"><net_src comp="2215" pin="1"/><net_sink comp="867" pin=129"/></net>

<net id="2223"><net_src comp="611" pin="1"/><net_sink comp="2220" pin=0"/></net>

<net id="2224"><net_src comp="2220" pin="1"/><net_sink comp="867" pin=127"/></net>

<net id="2228"><net_src comp="615" pin="1"/><net_sink comp="2225" pin=0"/></net>

<net id="2229"><net_src comp="2225" pin="1"/><net_sink comp="867" pin=125"/></net>

<net id="2233"><net_src comp="619" pin="1"/><net_sink comp="2230" pin=0"/></net>

<net id="2234"><net_src comp="2230" pin="1"/><net_sink comp="867" pin=123"/></net>

<net id="2238"><net_src comp="623" pin="1"/><net_sink comp="2235" pin=0"/></net>

<net id="2239"><net_src comp="2235" pin="1"/><net_sink comp="867" pin=121"/></net>

<net id="2243"><net_src comp="627" pin="1"/><net_sink comp="2240" pin=0"/></net>

<net id="2244"><net_src comp="2240" pin="1"/><net_sink comp="867" pin=119"/></net>

<net id="2248"><net_src comp="631" pin="1"/><net_sink comp="2245" pin=0"/></net>

<net id="2249"><net_src comp="2245" pin="1"/><net_sink comp="867" pin=117"/></net>

<net id="2253"><net_src comp="635" pin="1"/><net_sink comp="2250" pin=0"/></net>

<net id="2254"><net_src comp="2250" pin="1"/><net_sink comp="867" pin=115"/></net>

<net id="2258"><net_src comp="639" pin="1"/><net_sink comp="2255" pin=0"/></net>

<net id="2259"><net_src comp="2255" pin="1"/><net_sink comp="867" pin=113"/></net>

<net id="2263"><net_src comp="643" pin="1"/><net_sink comp="2260" pin=0"/></net>

<net id="2264"><net_src comp="2260" pin="1"/><net_sink comp="867" pin=111"/></net>

<net id="2268"><net_src comp="647" pin="1"/><net_sink comp="2265" pin=0"/></net>

<net id="2269"><net_src comp="2265" pin="1"/><net_sink comp="867" pin=109"/></net>

<net id="2273"><net_src comp="651" pin="1"/><net_sink comp="2270" pin=0"/></net>

<net id="2274"><net_src comp="2270" pin="1"/><net_sink comp="867" pin=107"/></net>

<net id="2278"><net_src comp="655" pin="1"/><net_sink comp="2275" pin=0"/></net>

<net id="2279"><net_src comp="2275" pin="1"/><net_sink comp="867" pin=105"/></net>

<net id="2283"><net_src comp="659" pin="1"/><net_sink comp="2280" pin=0"/></net>

<net id="2284"><net_src comp="2280" pin="1"/><net_sink comp="867" pin=103"/></net>

<net id="2288"><net_src comp="663" pin="1"/><net_sink comp="2285" pin=0"/></net>

<net id="2289"><net_src comp="2285" pin="1"/><net_sink comp="867" pin=101"/></net>

<net id="2293"><net_src comp="667" pin="1"/><net_sink comp="2290" pin=0"/></net>

<net id="2294"><net_src comp="2290" pin="1"/><net_sink comp="867" pin=99"/></net>

<net id="2298"><net_src comp="671" pin="1"/><net_sink comp="2295" pin=0"/></net>

<net id="2299"><net_src comp="2295" pin="1"/><net_sink comp="867" pin=97"/></net>

<net id="2303"><net_src comp="675" pin="1"/><net_sink comp="2300" pin=0"/></net>

<net id="2304"><net_src comp="2300" pin="1"/><net_sink comp="867" pin=95"/></net>

<net id="2308"><net_src comp="679" pin="1"/><net_sink comp="2305" pin=0"/></net>

<net id="2309"><net_src comp="2305" pin="1"/><net_sink comp="867" pin=93"/></net>

<net id="2313"><net_src comp="683" pin="1"/><net_sink comp="2310" pin=0"/></net>

<net id="2314"><net_src comp="2310" pin="1"/><net_sink comp="867" pin=91"/></net>

<net id="2318"><net_src comp="687" pin="1"/><net_sink comp="2315" pin=0"/></net>

<net id="2319"><net_src comp="2315" pin="1"/><net_sink comp="867" pin=89"/></net>

<net id="2323"><net_src comp="691" pin="1"/><net_sink comp="2320" pin=0"/></net>

<net id="2324"><net_src comp="2320" pin="1"/><net_sink comp="867" pin=87"/></net>

<net id="2328"><net_src comp="695" pin="1"/><net_sink comp="2325" pin=0"/></net>

<net id="2329"><net_src comp="2325" pin="1"/><net_sink comp="867" pin=85"/></net>

<net id="2333"><net_src comp="699" pin="1"/><net_sink comp="2330" pin=0"/></net>

<net id="2334"><net_src comp="2330" pin="1"/><net_sink comp="867" pin=83"/></net>

<net id="2338"><net_src comp="703" pin="1"/><net_sink comp="2335" pin=0"/></net>

<net id="2339"><net_src comp="2335" pin="1"/><net_sink comp="867" pin=81"/></net>

<net id="2343"><net_src comp="707" pin="1"/><net_sink comp="2340" pin=0"/></net>

<net id="2344"><net_src comp="2340" pin="1"/><net_sink comp="867" pin=79"/></net>

<net id="2348"><net_src comp="711" pin="1"/><net_sink comp="2345" pin=0"/></net>

<net id="2349"><net_src comp="2345" pin="1"/><net_sink comp="867" pin=77"/></net>

<net id="2353"><net_src comp="715" pin="1"/><net_sink comp="2350" pin=0"/></net>

<net id="2354"><net_src comp="2350" pin="1"/><net_sink comp="867" pin=75"/></net>

<net id="2358"><net_src comp="719" pin="1"/><net_sink comp="2355" pin=0"/></net>

<net id="2359"><net_src comp="2355" pin="1"/><net_sink comp="867" pin=73"/></net>

<net id="2363"><net_src comp="723" pin="1"/><net_sink comp="2360" pin=0"/></net>

<net id="2364"><net_src comp="2360" pin="1"/><net_sink comp="867" pin=71"/></net>

<net id="2368"><net_src comp="727" pin="1"/><net_sink comp="2365" pin=0"/></net>

<net id="2369"><net_src comp="2365" pin="1"/><net_sink comp="867" pin=69"/></net>

<net id="2373"><net_src comp="731" pin="1"/><net_sink comp="2370" pin=0"/></net>

<net id="2374"><net_src comp="2370" pin="1"/><net_sink comp="867" pin=67"/></net>

<net id="2378"><net_src comp="735" pin="1"/><net_sink comp="2375" pin=0"/></net>

<net id="2379"><net_src comp="2375" pin="1"/><net_sink comp="867" pin=65"/></net>

<net id="2383"><net_src comp="739" pin="1"/><net_sink comp="2380" pin=0"/></net>

<net id="2384"><net_src comp="2380" pin="1"/><net_sink comp="867" pin=63"/></net>

<net id="2388"><net_src comp="743" pin="1"/><net_sink comp="2385" pin=0"/></net>

<net id="2389"><net_src comp="2385" pin="1"/><net_sink comp="867" pin=61"/></net>

<net id="2393"><net_src comp="747" pin="1"/><net_sink comp="2390" pin=0"/></net>

<net id="2394"><net_src comp="2390" pin="1"/><net_sink comp="867" pin=59"/></net>

<net id="2398"><net_src comp="751" pin="1"/><net_sink comp="2395" pin=0"/></net>

<net id="2399"><net_src comp="2395" pin="1"/><net_sink comp="867" pin=57"/></net>

<net id="2403"><net_src comp="755" pin="1"/><net_sink comp="2400" pin=0"/></net>

<net id="2404"><net_src comp="2400" pin="1"/><net_sink comp="867" pin=55"/></net>

<net id="2408"><net_src comp="759" pin="1"/><net_sink comp="2405" pin=0"/></net>

<net id="2409"><net_src comp="2405" pin="1"/><net_sink comp="867" pin=53"/></net>

<net id="2413"><net_src comp="763" pin="1"/><net_sink comp="2410" pin=0"/></net>

<net id="2414"><net_src comp="2410" pin="1"/><net_sink comp="867" pin=51"/></net>

<net id="2418"><net_src comp="767" pin="1"/><net_sink comp="2415" pin=0"/></net>

<net id="2419"><net_src comp="2415" pin="1"/><net_sink comp="867" pin=49"/></net>

<net id="2423"><net_src comp="771" pin="1"/><net_sink comp="2420" pin=0"/></net>

<net id="2424"><net_src comp="2420" pin="1"/><net_sink comp="867" pin=47"/></net>

<net id="2428"><net_src comp="775" pin="1"/><net_sink comp="2425" pin=0"/></net>

<net id="2429"><net_src comp="2425" pin="1"/><net_sink comp="867" pin=45"/></net>

<net id="2433"><net_src comp="779" pin="1"/><net_sink comp="2430" pin=0"/></net>

<net id="2434"><net_src comp="2430" pin="1"/><net_sink comp="867" pin=43"/></net>

<net id="2438"><net_src comp="783" pin="1"/><net_sink comp="2435" pin=0"/></net>

<net id="2439"><net_src comp="2435" pin="1"/><net_sink comp="867" pin=41"/></net>

<net id="2443"><net_src comp="787" pin="1"/><net_sink comp="2440" pin=0"/></net>

<net id="2444"><net_src comp="2440" pin="1"/><net_sink comp="867" pin=39"/></net>

<net id="2448"><net_src comp="791" pin="1"/><net_sink comp="2445" pin=0"/></net>

<net id="2449"><net_src comp="2445" pin="1"/><net_sink comp="867" pin=37"/></net>

<net id="2453"><net_src comp="795" pin="1"/><net_sink comp="2450" pin=0"/></net>

<net id="2454"><net_src comp="2450" pin="1"/><net_sink comp="867" pin=35"/></net>

<net id="2458"><net_src comp="799" pin="1"/><net_sink comp="2455" pin=0"/></net>

<net id="2459"><net_src comp="2455" pin="1"/><net_sink comp="867" pin=33"/></net>

<net id="2463"><net_src comp="803" pin="1"/><net_sink comp="2460" pin=0"/></net>

<net id="2464"><net_src comp="2460" pin="1"/><net_sink comp="867" pin=31"/></net>

<net id="2468"><net_src comp="807" pin="1"/><net_sink comp="2465" pin=0"/></net>

<net id="2469"><net_src comp="2465" pin="1"/><net_sink comp="867" pin=29"/></net>

<net id="2473"><net_src comp="811" pin="1"/><net_sink comp="2470" pin=0"/></net>

<net id="2474"><net_src comp="2470" pin="1"/><net_sink comp="867" pin=27"/></net>

<net id="2478"><net_src comp="815" pin="1"/><net_sink comp="2475" pin=0"/></net>

<net id="2479"><net_src comp="2475" pin="1"/><net_sink comp="867" pin=25"/></net>

<net id="2483"><net_src comp="819" pin="1"/><net_sink comp="2480" pin=0"/></net>

<net id="2484"><net_src comp="2480" pin="1"/><net_sink comp="867" pin=23"/></net>

<net id="2488"><net_src comp="823" pin="1"/><net_sink comp="2485" pin=0"/></net>

<net id="2489"><net_src comp="2485" pin="1"/><net_sink comp="867" pin=21"/></net>

<net id="2493"><net_src comp="827" pin="1"/><net_sink comp="2490" pin=0"/></net>

<net id="2494"><net_src comp="2490" pin="1"/><net_sink comp="867" pin=19"/></net>

<net id="2498"><net_src comp="831" pin="1"/><net_sink comp="2495" pin=0"/></net>

<net id="2499"><net_src comp="2495" pin="1"/><net_sink comp="867" pin=17"/></net>

<net id="2503"><net_src comp="835" pin="1"/><net_sink comp="2500" pin=0"/></net>

<net id="2504"><net_src comp="2500" pin="1"/><net_sink comp="867" pin=15"/></net>

<net id="2508"><net_src comp="839" pin="1"/><net_sink comp="2505" pin=0"/></net>

<net id="2509"><net_src comp="2505" pin="1"/><net_sink comp="867" pin=13"/></net>

<net id="2513"><net_src comp="843" pin="1"/><net_sink comp="2510" pin=0"/></net>

<net id="2514"><net_src comp="2510" pin="1"/><net_sink comp="867" pin=11"/></net>

<net id="2518"><net_src comp="847" pin="1"/><net_sink comp="2515" pin=0"/></net>

<net id="2519"><net_src comp="2515" pin="1"/><net_sink comp="867" pin=9"/></net>

<net id="2523"><net_src comp="851" pin="1"/><net_sink comp="2520" pin=0"/></net>

<net id="2524"><net_src comp="2520" pin="1"/><net_sink comp="867" pin=7"/></net>

<net id="2528"><net_src comp="855" pin="1"/><net_sink comp="2525" pin=0"/></net>

<net id="2529"><net_src comp="2525" pin="1"/><net_sink comp="867" pin=5"/></net>

<net id="2533"><net_src comp="859" pin="1"/><net_sink comp="2530" pin=0"/></net>

<net id="2534"><net_src comp="2530" pin="1"/><net_sink comp="867" pin=3"/></net>

<net id="2538"><net_src comp="867" pin="323"/><net_sink comp="2535" pin=0"/></net>

<net id="2539"><net_src comp="2535" pin="1"/><net_sink comp="167" pin=1"/></net>

<net id="2543"><net_src comp="1356" pin="1"/><net_sink comp="2540" pin=0"/></net>

<net id="2544"><net_src comp="2540" pin="1"/><net_sink comp="172" pin=1"/></net>

<net id="2548"><net_src comp="1360" pin="1"/><net_sink comp="2545" pin=0"/></net>

<net id="2549"><net_src comp="2545" pin="1"/><net_sink comp="172" pin=2"/></net>

<net id="2553"><net_src comp="1364" pin="1"/><net_sink comp="2550" pin=0"/></net>

<net id="2554"><net_src comp="2550" pin="1"/><net_sink comp="172" pin=3"/></net>

<net id="2558"><net_src comp="1368" pin="1"/><net_sink comp="2555" pin=0"/></net>

<net id="2559"><net_src comp="2555" pin="1"/><net_sink comp="172" pin=4"/></net>

<net id="2563"><net_src comp="1372" pin="1"/><net_sink comp="2560" pin=0"/></net>

<net id="2564"><net_src comp="2560" pin="1"/><net_sink comp="172" pin=5"/></net>

<net id="2568"><net_src comp="1376" pin="1"/><net_sink comp="2565" pin=0"/></net>

<net id="2569"><net_src comp="2565" pin="1"/><net_sink comp="172" pin=6"/></net>

<net id="2573"><net_src comp="1380" pin="1"/><net_sink comp="2570" pin=0"/></net>

<net id="2574"><net_src comp="2570" pin="1"/><net_sink comp="182" pin=1"/></net>

<net id="2578"><net_src comp="1384" pin="1"/><net_sink comp="2575" pin=0"/></net>

<net id="2579"><net_src comp="2575" pin="1"/><net_sink comp="182" pin=2"/></net>

<net id="2583"><net_src comp="1388" pin="1"/><net_sink comp="2580" pin=0"/></net>

<net id="2584"><net_src comp="2580" pin="1"/><net_sink comp="182" pin=3"/></net>

<net id="2588"><net_src comp="1392" pin="1"/><net_sink comp="2585" pin=0"/></net>

<net id="2589"><net_src comp="2585" pin="1"/><net_sink comp="189" pin=1"/></net>

<net id="2593"><net_src comp="1396" pin="1"/><net_sink comp="2590" pin=0"/></net>

<net id="2594"><net_src comp="2590" pin="1"/><net_sink comp="189" pin=2"/></net>

<net id="2598"><net_src comp="1400" pin="1"/><net_sink comp="2595" pin=0"/></net>

<net id="2599"><net_src comp="2595" pin="1"/><net_sink comp="195" pin=1"/></net>

<net id="2603"><net_src comp="1404" pin="1"/><net_sink comp="2600" pin=0"/></net>

<net id="2604"><net_src comp="2600" pin="1"/><net_sink comp="195" pin=2"/></net>

<net id="2608"><net_src comp="1408" pin="1"/><net_sink comp="2605" pin=0"/></net>

<net id="2609"><net_src comp="2605" pin="1"/><net_sink comp="201" pin=1"/></net>

<net id="2613"><net_src comp="1412" pin="1"/><net_sink comp="2610" pin=0"/></net>

<net id="2614"><net_src comp="2610" pin="1"/><net_sink comp="201" pin=2"/></net>

<net id="2618"><net_src comp="201" pin="3"/><net_sink comp="2615" pin=0"/></net>

<net id="2619"><net_src comp="2615" pin="1"/><net_sink comp="207" pin=1"/></net>

<net id="2623"><net_src comp="207" pin="3"/><net_sink comp="2620" pin=0"/></net>

<net id="2624"><net_src comp="2620" pin="1"/><net_sink comp="1566" pin=0"/></net>

<net id="2625"><net_src comp="2620" pin="1"/><net_sink comp="1650" pin=0"/></net>

<net id="2629"><net_src comp="1416" pin="1"/><net_sink comp="2626" pin=0"/></net>

<net id="2630"><net_src comp="2626" pin="1"/><net_sink comp="1504" pin=0"/></net>

<net id="2631"><net_src comp="2626" pin="1"/><net_sink comp="1539" pin=1"/></net>

<net id="2635"><net_src comp="1450" pin="2"/><net_sink comp="2632" pin=0"/></net>

<net id="2636"><net_src comp="2632" pin="1"/><net_sink comp="1574" pin=0"/></net>

<net id="2637"><net_src comp="2632" pin="1"/><net_sink comp="1589" pin=1"/></net>

<net id="2641"><net_src comp="1456" pin="1"/><net_sink comp="2638" pin=0"/></net>

<net id="2642"><net_src comp="2638" pin="1"/><net_sink comp="1534" pin=0"/></net>

<net id="2646"><net_src comp="1460" pin="2"/><net_sink comp="2643" pin=0"/></net>

<net id="2647"><net_src comp="2643" pin="1"/><net_sink comp="1521" pin=1"/></net>

<net id="2648"><net_src comp="2643" pin="1"/><net_sink comp="1569" pin=0"/></net>

<net id="2652"><net_src comp="1466" pin="4"/><net_sink comp="2649" pin=0"/></net>

<net id="2653"><net_src comp="2649" pin="1"/><net_sink comp="1490" pin=0"/></net>

<net id="2657"><net_src comp="1480" pin="2"/><net_sink comp="2654" pin=0"/></net>

<net id="2658"><net_src comp="2654" pin="1"/><net_sink comp="1495" pin=0"/></net>

<net id="2662"><net_src comp="1486" pin="1"/><net_sink comp="2659" pin=0"/></net>

<net id="2663"><net_src comp="2659" pin="1"/><net_sink comp="1665" pin=1"/></net>

<net id="2667"><net_src comp="1622" pin="4"/><net_sink comp="2664" pin=0"/></net>

<net id="2668"><net_src comp="2664" pin="1"/><net_sink comp="1655" pin=0"/></net>

<net id="2672"><net_src comp="1632" pin="3"/><net_sink comp="2669" pin=0"/></net>

<net id="2673"><net_src comp="2669" pin="1"/><net_sink comp="1658" pin=0"/></net>

<net id="2677"><net_src comp="1640" pin="4"/><net_sink comp="2674" pin=0"/></net>

<net id="2678"><net_src comp="2674" pin="1"/><net_sink comp="1702" pin=0"/></net>

<net id="2682"><net_src comp="1650" pin="2"/><net_sink comp="2679" pin=0"/></net>

<net id="2683"><net_src comp="2679" pin="1"/><net_sink comp="1721" pin=0"/></net>

<net id="2687"><net_src comp="1684" pin="5"/><net_sink comp="2684" pin=0"/></net>

<net id="2688"><net_src comp="2684" pin="1"/><net_sink comp="1707" pin=0"/></net>

<net id="2692"><net_src comp="1696" pin="2"/><net_sink comp="2689" pin=0"/></net>

<net id="2693"><net_src comp="2689" pin="1"/><net_sink comp="1711" pin=1"/></net>

<net id="2697"><net_src comp="1702" pin="2"/><net_sink comp="2694" pin=0"/></net>

<net id="2698"><net_src comp="2694" pin="1"/><net_sink comp="1711" pin=0"/></net>

<net id="2702"><net_src comp="1707" pin="1"/><net_sink comp="2699" pin=0"/></net>

<net id="2703"><net_src comp="2699" pin="1"/><net_sink comp="214" pin=0"/></net>

</net_list>

</model> 
---------------- Datapath Model END ------------------

* FSMD analyzer results:
  - Output states:
	Port: result | {178 }
 - Input state : 
	Port: GN_inference : input_r_V_data_V | {1 2 3 4 5 6 7 8 9 10 11 12 13 14 15 16 17 18 19 20 21 22 23 24 25 26 27 28 29 30 31 32 33 34 35 36 37 38 39 40 41 42 43 44 45 46 47 48 49 50 51 52 53 54 55 56 57 58 59 60 61 62 63 64 65 66 67 68 69 70 71 72 73 74 75 76 77 78 79 80 81 82 83 84 85 86 87 88 89 90 91 92 93 94 95 96 97 98 99 100 101 102 103 104 105 106 107 108 109 110 111 112 113 114 115 116 117 118 119 120 121 122 123 124 125 126 127 128 129 130 131 132 133 134 135 136 137 138 139 140 141 142 143 144 145 146 147 148 149 150 151 152 153 154 155 156 157 158 159 160 161 }
	Port: GN_inference : input_r_V_keep_V | {1 2 3 4 5 6 7 8 9 10 11 12 13 14 15 16 17 18 19 20 21 22 23 24 25 26 27 28 29 30 31 32 33 34 35 36 37 38 39 40 41 42 43 44 45 46 47 48 49 50 51 52 53 54 55 56 57 58 59 60 61 62 63 64 65 66 67 68 69 70 71 72 73 74 75 76 77 78 79 80 81 82 83 84 85 86 87 88 89 90 91 92 93 94 95 96 97 98 99 100 101 102 103 104 105 106 107 108 109 110 111 112 113 114 115 116 117 118 119 120 121 122 123 124 125 126 127 128 129 130 131 132 133 134 135 136 137 138 139 140 141 142 143 144 145 146 147 148 149 150 151 152 153 154 155 156 157 158 159 160 161 }
	Port: GN_inference : input_r_V_strb_V | {1 2 3 4 5 6 7 8 9 10 11 12 13 14 15 16 17 18 19 20 21 22 23 24 25 26 27 28 29 30 31 32 33 34 35 36 37 38 39 40 41 42 43 44 45 46 47 48 49 50 51 52 53 54 55 56 57 58 59 60 61 62 63 64 65 66 67 68 69 70 71 72 73 74 75 76 77 78 79 80 81 82 83 84 85 86 87 88 89 90 91 92 93 94 95 96 97 98 99 100 101 102 103 104 105 106 107 108 109 110 111 112 113 114 115 116 117 118 119 120 121 122 123 124 125 126 127 128 129 130 131 132 133 134 135 136 137 138 139 140 141 142 143 144 145 146 147 148 149 150 151 152 153 154 155 156 157 158 159 160 161 }
	Port: GN_inference : input_r_V_user_V | {1 2 3 4 5 6 7 8 9 10 11 12 13 14 15 16 17 18 19 20 21 22 23 24 25 26 27 28 29 30 31 32 33 34 35 36 37 38 39 40 41 42 43 44 45 46 47 48 49 50 51 52 53 54 55 56 57 58 59 60 61 62 63 64 65 66 67 68 69 70 71 72 73 74 75 76 77 78 79 80 81 82 83 84 85 86 87 88 89 90 91 92 93 94 95 96 97 98 99 100 101 102 103 104 105 106 107 108 109 110 111 112 113 114 115 116 117 118 119 120 121 122 123 124 125 126 127 128 129 130 131 132 133 134 135 136 137 138 139 140 141 142 143 144 145 146 147 148 149 150 151 152 153 154 155 156 157 158 159 160 161 }
	Port: GN_inference : input_r_V_last_V | {1 2 3 4 5 6 7 8 9 10 11 12 13 14 15 16 17 18 19 20 21 22 23 24 25 26 27 28 29 30 31 32 33 34 35 36 37 38 39 40 41 42 43 44 45 46 47 48 49 50 51 52 53 54 55 56 57 58 59 60 61 62 63 64 65 66 67 68 69 70 71 72 73 74 75 76 77 78 79 80 81 82 83 84 85 86 87 88 89 90 91 92 93 94 95 96 97 98 99 100 101 102 103 104 105 106 107 108 109 110 111 112 113 114 115 116 117 118 119 120 121 122 123 124 125 126 127 128 129 130 131 132 133 134 135 136 137 138 139 140 141 142 143 144 145 146 147 148 149 150 151 152 153 154 155 156 157 158 159 160 161 }
	Port: GN_inference : input_r_V_id_V | {1 2 3 4 5 6 7 8 9 10 11 12 13 14 15 16 17 18 19 20 21 22 23 24 25 26 27 28 29 30 31 32 33 34 35 36 37 38 39 40 41 42 43 44 45 46 47 48 49 50 51 52 53 54 55 56 57 58 59 60 61 62 63 64 65 66 67 68 69 70 71 72 73 74 75 76 77 78 79 80 81 82 83 84 85 86 87 88 89 90 91 92 93 94 95 96 97 98 99 100 101 102 103 104 105 106 107 108 109 110 111 112 113 114 115 116 117 118 119 120 121 122 123 124 125 126 127 128 129 130 131 132 133 134 135 136 137 138 139 140 141 142 143 144 145 146 147 148 149 150 151 152 153 154 155 156 157 158 159 160 161 }
	Port: GN_inference : input_r_V_dest_V | {1 2 3 4 5 6 7 8 9 10 11 12 13 14 15 16 17 18 19 20 21 22 23 24 25 26 27 28 29 30 31 32 33 34 35 36 37 38 39 40 41 42 43 44 45 46 47 48 49 50 51 52 53 54 55 56 57 58 59 60 61 62 63 64 65 66 67 68 69 70 71 72 73 74 75 76 77 78 79 80 81 82 83 84 85 86 87 88 89 90 91 92 93 94 95 96 97 98 99 100 101 102 103 104 105 106 107 108 109 110 111 112 113 114 115 116 117 118 119 120 121 122 123 124 125 126 127 128 129 130 131 132 133 134 135 136 137 138 139 140 141 142 143 144 145 146 147 148 149 150 151 152 153 154 155 156 157 158 159 160 161 }
	Port: GN_inference : sigmoid_table | {173 174 }
  - Chain level:
	State 1
		trunc_ln841 : 1
	State 2
		trunc_ln841_1 : 1
	State 3
		trunc_ln841_2 : 1
	State 4
		trunc_ln841_3 : 1
	State 5
		trunc_ln841_4 : 1
	State 6
		trunc_ln841_5 : 1
	State 7
		trunc_ln841_6 : 1
	State 8
		trunc_ln841_7 : 1
	State 9
		trunc_ln841_8 : 1
	State 10
		trunc_ln841_9 : 1
	State 11
		trunc_ln841_10 : 1
	State 12
		trunc_ln841_11 : 1
	State 13
		trunc_ln841_12 : 1
	State 14
		trunc_ln841_13 : 1
	State 15
		trunc_ln841_14 : 1
	State 16
		trunc_ln841_15 : 1
	State 17
		trunc_ln841_16 : 1
	State 18
		trunc_ln841_17 : 1
	State 19
		trunc_ln841_18 : 1
	State 20
		trunc_ln841_19 : 1
	State 21
		trunc_ln841_20 : 1
	State 22
		trunc_ln841_21 : 1
	State 23
		trunc_ln841_22 : 1
	State 24
		trunc_ln841_23 : 1
	State 25
		trunc_ln841_24 : 1
	State 26
		trunc_ln841_25 : 1
	State 27
		trunc_ln841_26 : 1
	State 28
		trunc_ln841_27 : 1
	State 29
		trunc_ln841_28 : 1
	State 30
		trunc_ln841_29 : 1
	State 31
		trunc_ln841_30 : 1
	State 32
		trunc_ln841_31 : 1
	State 33
		trunc_ln841_32 : 1
	State 34
		trunc_ln841_33 : 1
	State 35
		trunc_ln841_34 : 1
	State 36
		trunc_ln841_35 : 1
	State 37
		trunc_ln841_36 : 1
	State 38
		trunc_ln841_37 : 1
	State 39
		trunc_ln841_38 : 1
	State 40
		trunc_ln841_39 : 1
	State 41
		trunc_ln841_40 : 1
	State 42
		trunc_ln841_41 : 1
	State 43
		trunc_ln841_42 : 1
	State 44
		trunc_ln841_43 : 1
	State 45
		trunc_ln841_44 : 1
	State 46
		trunc_ln841_45 : 1
	State 47
		trunc_ln841_46 : 1
	State 48
		trunc_ln841_47 : 1
	State 49
		trunc_ln841_48 : 1
	State 50
		trunc_ln841_49 : 1
	State 51
		trunc_ln841_50 : 1
	State 52
		trunc_ln841_51 : 1
	State 53
		trunc_ln841_52 : 1
	State 54
		trunc_ln841_53 : 1
	State 55
		trunc_ln841_54 : 1
	State 56
		trunc_ln841_55 : 1
	State 57
		trunc_ln841_56 : 1
	State 58
		trunc_ln841_57 : 1
	State 59
		trunc_ln841_58 : 1
	State 60
		trunc_ln841_59 : 1
	State 61
		trunc_ln841_60 : 1
	State 62
		trunc_ln841_61 : 1
	State 63
		trunc_ln841_62 : 1
	State 64
		trunc_ln841_63 : 1
	State 65
		trunc_ln841_64 : 1
	State 66
		trunc_ln841_65 : 1
	State 67
		trunc_ln841_66 : 1
	State 68
		trunc_ln841_67 : 1
	State 69
		trunc_ln841_68 : 1
	State 70
		trunc_ln841_69 : 1
	State 71
		trunc_ln841_70 : 1
	State 72
		trunc_ln841_71 : 1
	State 73
		trunc_ln841_72 : 1
	State 74
		trunc_ln841_73 : 1
	State 75
		trunc_ln841_74 : 1
	State 76
		trunc_ln841_75 : 1
	State 77
		trunc_ln841_76 : 1
	State 78
		trunc_ln841_77 : 1
	State 79
		trunc_ln841_78 : 1
	State 80
		trunc_ln841_79 : 1
	State 81
		trunc_ln841_80 : 1
	State 82
		trunc_ln841_81 : 1
	State 83
		trunc_ln841_82 : 1
	State 84
		trunc_ln841_83 : 1
	State 85
		trunc_ln841_84 : 1
	State 86
		trunc_ln841_85 : 1
	State 87
		trunc_ln841_86 : 1
	State 88
		trunc_ln841_87 : 1
	State 89
		trunc_ln841_88 : 1
	State 90
		trunc_ln841_89 : 1
	State 91
		trunc_ln841_90 : 1
	State 92
		trunc_ln841_91 : 1
	State 93
		trunc_ln841_92 : 1
	State 94
		trunc_ln841_93 : 1
	State 95
		trunc_ln841_94 : 1
	State 96
		trunc_ln841_95 : 1
	State 97
		trunc_ln841_96 : 1
	State 98
		trunc_ln841_97 : 1
	State 99
		trunc_ln841_98 : 1
	State 100
		trunc_ln841_99 : 1
	State 101
		trunc_ln841_100 : 1
	State 102
		trunc_ln841_101 : 1
	State 103
		trunc_ln841_102 : 1
	State 104
		trunc_ln841_103 : 1
	State 105
		trunc_ln841_104 : 1
	State 106
		trunc_ln841_105 : 1
	State 107
		trunc_ln841_106 : 1
	State 108
		trunc_ln841_107 : 1
	State 109
		trunc_ln841_108 : 1
	State 110
		trunc_ln841_109 : 1
	State 111
		trunc_ln841_110 : 1
	State 112
		trunc_ln841_111 : 1
	State 113
		trunc_ln841_112 : 1
	State 114
		trunc_ln841_113 : 1
	State 115
		trunc_ln841_114 : 1
	State 116
		trunc_ln841_115 : 1
	State 117
		trunc_ln841_116 : 1
	State 118
		trunc_ln841_117 : 1
	State 119
		trunc_ln841_118 : 1
	State 120
		trunc_ln841_119 : 1
	State 121
		trunc_ln841_120 : 1
	State 122
		trunc_ln841_121 : 1
	State 123
		trunc_ln841_122 : 1
	State 124
		trunc_ln841_123 : 1
	State 125
		trunc_ln841_124 : 1
	State 126
		trunc_ln841_125 : 1
	State 127
		trunc_ln841_126 : 1
	State 128
		trunc_ln841_127 : 1
	State 129
		trunc_ln841_128 : 1
	State 130
		trunc_ln841_129 : 1
	State 131
		trunc_ln841_130 : 1
	State 132
		trunc_ln841_131 : 1
	State 133
		trunc_ln841_132 : 1
	State 134
		trunc_ln841_133 : 1
	State 135
		trunc_ln841_134 : 1
	State 136
		trunc_ln841_135 : 1
	State 137
		trunc_ln841_136 : 1
	State 138
		trunc_ln841_137 : 1
	State 139
		trunc_ln841_138 : 1
	State 140
		trunc_ln841_139 : 1
	State 141
		trunc_ln841_140 : 1
	State 142
		trunc_ln841_141 : 1
	State 143
		trunc_ln841_142 : 1
	State 144
		trunc_ln841_143 : 1
	State 145
		trunc_ln841_144 : 1
	State 146
		trunc_ln841_145 : 1
	State 147
		trunc_ln841_146 : 1
	State 148
		trunc_ln841_147 : 1
	State 149
		trunc_ln841_148 : 1
	State 150
		trunc_ln841_149 : 1
	State 151
		trunc_ln841_150 : 1
	State 152
		trunc_ln841_151 : 1
	State 153
		trunc_ln841_152 : 1
	State 154
		trunc_ln841_153 : 1
	State 155
		trunc_ln841_154 : 1
	State 156
		trunc_ln841_155 : 1
	State 157
		trunc_ln841_156 : 1
	State 158
		trunc_ln841_157 : 1
	State 159
		trunc_ln841_158 : 1
	State 160
		trunc_ln841_159 : 1
	State 161
		trunc_ln841_160 : 1
		inputLayer_V : 2
		call_ret1 : 3
	State 162
	State 163
	State 164
	State 165
		layer2_out_V : 1
		layer2_out_V_1 : 1
		layer2_out_V_2 : 1
		layer2_out_V_3 : 1
		layer2_out_V_4 : 1
		layer2_out_V_5 : 1
	State 166
	State 167
		layer5_out_V : 1
		layer5_out_V_1 : 1
		layer5_out_V_2 : 1
	State 168
	State 169
		layer8_out_V : 1
		layer8_out_V_1 : 1
	State 170
		layer11_out_V : 1
		layer11_out_V_1 : 1
	State 171
		layer14_out_V : 1
		layer14_out_V_1 : 1
	State 172
	State 173
	State 174
		zext_ln1042 : 1
		p_Result_s : 2
		p_Result_6 : 3
		sext_ln1198 : 4
		l : 5
		sub_ln1049 : 6
		trunc_ln1049 : 7
		lsb_index : 7
		tmp_162 : 8
		trunc_ln1052 : 7
		sub_ln1052 : 8
		trunc_ln1048 : 6
	State 175
		lshr_ln1052 : 1
		p_Result_2 : 2
		icmp_ln1052 : 2
		a : 3
		xor_ln1054 : 1
		p_Result_3 : 1
		and_ln1054 : 2
		or_ln1054 : 3
		or_ln : 3
		zext_ln1063 : 1
		lshr_ln1063 : 2
		zext_ln1064 : 1
		shl_ln1064 : 2
		m_2 : 3
		zext_ln1066 : 4
		m_3 : 5
		m : 6
		p_Result_4 : 6
		tmp_224 : 6
	State 176
		add_ln1076 : 1
		tmp_s : 2
		p_Result_7 : 3
		notlhs : 2
	State 177
		tmp_1 : 1
	State 178
		empty_1538 : 1
		sel_tmp1 : 1
		select_ln90 : 1
		write_ln90 : 2


============================================================
+ Verbose Summary: Datapath Resource usage 
============================================================

* Functional unit list:
|----------|-------------------------------------------------------------------------------------|---------|---------|---------|---------|
| Operation|                                   Functional Unit                                   |   DSP   |  Delay  |    FF   |   LUT   |
|----------|-------------------------------------------------------------------------------------|---------|---------|---------|---------|
|          |      grp_dense_latency_ap_fixed_16_6_5_3_0_ap_fixed_8_4_5_3_0_config2_s_fu_167      |    47   |    0    |   2512  |  10474  |
|          |       grp_dense_latency_ap_fixed_8_4_5_3_0_ap_fixed_8_4_5_3_0_config5_s_fu_172      |    0    |    0    |    54   |   278   |
|          |       grp_dense_latency_ap_fixed_8_4_5_3_0_ap_fixed_8_4_5_3_0_config8_s_fu_182      |    0    |    0    |    30   |   108   |
|   call   |   call_ret4_dense_latency_ap_fixed_8_4_5_3_0_ap_fixed_8_4_5_3_0_config11_s_fu_189   |    0    |    0    |    0    |    97   |
|          |   call_ret5_dense_latency_ap_fixed_8_4_5_3_0_ap_fixed_8_4_5_3_0_config14_s_fu_195   |    0    |    0    |    0    |    39   |
|          | layer17_out_V_dense_latency_ap_fixed_8_4_5_3_0_ap_fixed_8_4_5_3_0_config17_s_fu_201 |    2    |    0    |    0    |    27   |
|          |     grp_sigmoid_ap_fixed_8_4_5_3_0_ap_fixed_8_4_5_3_0_sigmoid_config19_s_fu_207     |    0    |  1.588  |    10   |    19   |
|----------|-------------------------------------------------------------------------------------|---------|---------|---------|---------|
|          |                                  lsb_index_fu_1460                                  |    0    |    0    |    0    |    39   |
|          |                                  add_ln1054_fu_1534                                 |    0    |    0    |    0    |    15   |
|    add   |                                  add_ln1063_fu_1574                                 |    0    |    0    |    0    |    39   |
|          |                                     m_3_fu_1616                                     |    0    |    0    |    0    |    71   |
|          |                                  add_ln1076_fu_1670                                 |    0    |    0    |    0    |    11   |
|----------|-------------------------------------------------------------------------------------|---------|---------|---------|---------|
|   lshr   |                                 lshr_ln1052_fu_1498                                 |    0    |    0    |    0    |    7    |
|          |                                 lshr_ln1063_fu_1583                                 |    0    |    0    |    0    |   100   |
|----------|-------------------------------------------------------------------------------------|---------|---------|---------|---------|
|          |                                  sub_ln1049_fu_1450                                 |    0    |    0    |    0    |    39   |
|    sub   |                                  sub_ln1052_fu_1480                                 |    0    |    0    |    0    |    11   |
|          |                                  sub_ln1064_fu_1589                                 |    0    |    0    |    0    |    39   |
|          |                                  sub_ln1070_fu_1665                                 |    0    |    0    |    0    |    11   |
|----------|-------------------------------------------------------------------------------------|---------|---------|---------|---------|
|    shl   |                                  shl_ln1064_fu_1598                                 |    0    |    0    |    0    |   100   |
|----------|-------------------------------------------------------------------------------------|---------|---------|---------|---------|
|          |                                 icmp_ln1051_fu_1490                                 |    0    |    0    |    0    |    17   |
|          |                                 icmp_ln1052_fu_1509                                 |    0    |    0    |    0    |    9    |
|   icmp   |                                 icmp_ln1063_fu_1569                                 |    0    |    0    |    0    |    18   |
|          |                                 icmp_ln1040_fu_1650                                 |    0    |    0    |    0    |    9    |
|          |                                    notlhs_fu_1696                                   |    0    |    0    |    0    |    11   |
|          |                                    notrhs_fu_1702                                   |    0    |    0    |    0    |    24   |
|----------|-------------------------------------------------------------------------------------|---------|---------|---------|---------|
|          |                                     m_2_fu_1604                                     |    0    |    0    |    0    |    64   |
|  select  |                                select_ln1048_fu_1658                                |    0    |    0    |    0    |    11   |
|          |                                 select_ln90_fu_1726                                 |    0    |    0    |    0    |    4    |
|----------|-------------------------------------------------------------------------------------|---------|---------|---------|---------|
|          |                                  p_Result_2_fu_1504                                 |    0    |    0    |    0    |    8    |
|          |                                      a_fu_1515                                      |    0    |    0    |    0    |    2    |
|    and   |                                  and_ln1054_fu_1546                                 |    0    |    0    |    0    |    2    |
|          |                                  empty_1538_fu_1715                                 |    0    |    0    |    0    |    2    |
|          |                                   sel_tmp1_fu_1721                                  |    0    |    0    |    0    |    2    |
|----------|-------------------------------------------------------------------------------------|---------|---------|---------|---------|
|    or    |                                  or_ln1054_fu_1552                                  |    0    |    0    |    0    |    2    |
|          |                                  empty_1537_fu_1711                                 |    0    |    0    |    0    |    2    |
|----------|-------------------------------------------------------------------------------------|---------|---------|---------|---------|
|    xor   |                                  xor_ln1054_fu_1528                                 |    0    |    0    |    0    |    2    |
|----------|-------------------------------------------------------------------------------------|---------|---------|---------|---------|
|   read   |                                   grp_read_fu_142                                   |    0    |    0    |    0    |    0    |
|----------|-------------------------------------------------------------------------------------|---------|---------|---------|---------|
|   write  |                               write_ln90_write_fu_160                               |    0    |    0    |    0    |    0    |
|----------|-------------------------------------------------------------------------------------|---------|---------|---------|---------|
|   dcmp   |                                      grp_fu_214                                     |    0    |    0    |    0    |    0    |
|----------|-------------------------------------------------------------------------------------|---------|---------|---------|---------|
|          |                                      grp_fu_219                                     |    0    |    0    |    0    |    0    |
|          |                                 layer2_out_V_fu_1356                                |    0    |    0    |    0    |    0    |
|          |                                layer2_out_V_1_fu_1360                               |    0    |    0    |    0    |    0    |
|          |                                layer2_out_V_2_fu_1364                               |    0    |    0    |    0    |    0    |
|          |                                layer2_out_V_3_fu_1368                               |    0    |    0    |    0    |    0    |
|          |                                layer2_out_V_4_fu_1372                               |    0    |    0    |    0    |    0    |
|          |                                layer2_out_V_5_fu_1376                               |    0    |    0    |    0    |    0    |
|extractvalue|                                 layer5_out_V_fu_1380                                |    0    |    0    |    0    |    0    |
|          |                                layer5_out_V_1_fu_1384                               |    0    |    0    |    0    |    0    |
|          |                                layer5_out_V_2_fu_1388                               |    0    |    0    |    0    |    0    |
|          |                                 layer8_out_V_fu_1392                                |    0    |    0    |    0    |    0    |
|          |                                layer8_out_V_1_fu_1396                               |    0    |    0    |    0    |    0    |
|          |                                layer11_out_V_fu_1400                                |    0    |    0    |    0    |    0    |
|          |                               layer11_out_V_1_fu_1404                               |    0    |    0    |    0    |    0    |
|          |                                layer14_out_V_fu_1408                                |    0    |    0    |    0    |    0    |
|          |                               layer14_out_V_1_fu_1412                               |    0    |    0    |    0    |    0    |
|----------|-------------------------------------------------------------------------------------|---------|---------|---------|---------|
|          |                                  trunc_ln841_fu_223                                 |    0    |    0    |    0    |    0    |
|          |                                 trunc_ln841_1_fu_227                                |    0    |    0    |    0    |    0    |
|          |                                 trunc_ln841_2_fu_231                                |    0    |    0    |    0    |    0    |
|          |                                 trunc_ln841_3_fu_235                                |    0    |    0    |    0    |    0    |
|          |                                 trunc_ln841_4_fu_239                                |    0    |    0    |    0    |    0    |
|          |                                 trunc_ln841_5_fu_243                                |    0    |    0    |    0    |    0    |
|          |                                 trunc_ln841_6_fu_247                                |    0    |    0    |    0    |    0    |
|          |                                 trunc_ln841_7_fu_251                                |    0    |    0    |    0    |    0    |
|          |                                 trunc_ln841_8_fu_255                                |    0    |    0    |    0    |    0    |
|          |                                 trunc_ln841_9_fu_259                                |    0    |    0    |    0    |    0    |
|          |                                trunc_ln841_10_fu_263                                |    0    |    0    |    0    |    0    |
|          |                                trunc_ln841_11_fu_267                                |    0    |    0    |    0    |    0    |
|          |                                trunc_ln841_12_fu_271                                |    0    |    0    |    0    |    0    |
|          |                                trunc_ln841_13_fu_275                                |    0    |    0    |    0    |    0    |
|          |                                trunc_ln841_14_fu_279                                |    0    |    0    |    0    |    0    |
|          |                                trunc_ln841_15_fu_283                                |    0    |    0    |    0    |    0    |
|          |                                trunc_ln841_16_fu_287                                |    0    |    0    |    0    |    0    |
|          |                                trunc_ln841_17_fu_291                                |    0    |    0    |    0    |    0    |
|          |                                trunc_ln841_18_fu_295                                |    0    |    0    |    0    |    0    |
|          |                                trunc_ln841_19_fu_299                                |    0    |    0    |    0    |    0    |
|          |                                trunc_ln841_20_fu_303                                |    0    |    0    |    0    |    0    |
|          |                                trunc_ln841_21_fu_307                                |    0    |    0    |    0    |    0    |
|          |                                trunc_ln841_22_fu_311                                |    0    |    0    |    0    |    0    |
|          |                                trunc_ln841_23_fu_315                                |    0    |    0    |    0    |    0    |
|          |                                trunc_ln841_24_fu_319                                |    0    |    0    |    0    |    0    |
|          |                                trunc_ln841_25_fu_323                                |    0    |    0    |    0    |    0    |
|          |                                trunc_ln841_26_fu_327                                |    0    |    0    |    0    |    0    |
|          |                                trunc_ln841_27_fu_331                                |    0    |    0    |    0    |    0    |
|          |                                trunc_ln841_28_fu_335                                |    0    |    0    |    0    |    0    |
|          |                                trunc_ln841_29_fu_339                                |    0    |    0    |    0    |    0    |
|          |                                trunc_ln841_30_fu_343                                |    0    |    0    |    0    |    0    |
|          |                                trunc_ln841_31_fu_347                                |    0    |    0    |    0    |    0    |
|          |                                trunc_ln841_32_fu_351                                |    0    |    0    |    0    |    0    |
|          |                                trunc_ln841_33_fu_355                                |    0    |    0    |    0    |    0    |
|          |                                trunc_ln841_34_fu_359                                |    0    |    0    |    0    |    0    |
|          |                                trunc_ln841_35_fu_363                                |    0    |    0    |    0    |    0    |
|          |                                trunc_ln841_36_fu_367                                |    0    |    0    |    0    |    0    |
|          |                                trunc_ln841_37_fu_371                                |    0    |    0    |    0    |    0    |
|          |                                trunc_ln841_38_fu_375                                |    0    |    0    |    0    |    0    |
|          |                                trunc_ln841_39_fu_379                                |    0    |    0    |    0    |    0    |
|          |                                trunc_ln841_40_fu_383                                |    0    |    0    |    0    |    0    |
|          |                                trunc_ln841_41_fu_387                                |    0    |    0    |    0    |    0    |
|          |                                trunc_ln841_42_fu_391                                |    0    |    0    |    0    |    0    |
|          |                                trunc_ln841_43_fu_395                                |    0    |    0    |    0    |    0    |
|          |                                trunc_ln841_44_fu_399                                |    0    |    0    |    0    |    0    |
|          |                                trunc_ln841_45_fu_403                                |    0    |    0    |    0    |    0    |
|          |                                trunc_ln841_46_fu_407                                |    0    |    0    |    0    |    0    |
|          |                                trunc_ln841_47_fu_411                                |    0    |    0    |    0    |    0    |
|          |                                trunc_ln841_48_fu_415                                |    0    |    0    |    0    |    0    |
|          |                                trunc_ln841_49_fu_419                                |    0    |    0    |    0    |    0    |
|          |                                trunc_ln841_50_fu_423                                |    0    |    0    |    0    |    0    |
|          |                                trunc_ln841_51_fu_427                                |    0    |    0    |    0    |    0    |
|          |                                trunc_ln841_52_fu_431                                |    0    |    0    |    0    |    0    |
|          |                                trunc_ln841_53_fu_435                                |    0    |    0    |    0    |    0    |
|          |                                trunc_ln841_54_fu_439                                |    0    |    0    |    0    |    0    |
|          |                                trunc_ln841_55_fu_443                                |    0    |    0    |    0    |    0    |
|          |                                trunc_ln841_56_fu_447                                |    0    |    0    |    0    |    0    |
|          |                                trunc_ln841_57_fu_451                                |    0    |    0    |    0    |    0    |
|          |                                trunc_ln841_58_fu_455                                |    0    |    0    |    0    |    0    |
|          |                                trunc_ln841_59_fu_459                                |    0    |    0    |    0    |    0    |
|          |                                trunc_ln841_60_fu_463                                |    0    |    0    |    0    |    0    |
|          |                                trunc_ln841_61_fu_467                                |    0    |    0    |    0    |    0    |
|          |                                trunc_ln841_62_fu_471                                |    0    |    0    |    0    |    0    |
|          |                                trunc_ln841_63_fu_475                                |    0    |    0    |    0    |    0    |
|          |                                trunc_ln841_64_fu_479                                |    0    |    0    |    0    |    0    |
|          |                                trunc_ln841_65_fu_483                                |    0    |    0    |    0    |    0    |
|          |                                trunc_ln841_66_fu_487                                |    0    |    0    |    0    |    0    |
|          |                                trunc_ln841_67_fu_491                                |    0    |    0    |    0    |    0    |
|          |                                trunc_ln841_68_fu_495                                |    0    |    0    |    0    |    0    |
|          |                                trunc_ln841_69_fu_499                                |    0    |    0    |    0    |    0    |
|          |                                trunc_ln841_70_fu_503                                |    0    |    0    |    0    |    0    |
|          |                                trunc_ln841_71_fu_507                                |    0    |    0    |    0    |    0    |
|          |                                trunc_ln841_72_fu_511                                |    0    |    0    |    0    |    0    |
|          |                                trunc_ln841_73_fu_515                                |    0    |    0    |    0    |    0    |
|          |                                trunc_ln841_74_fu_519                                |    0    |    0    |    0    |    0    |
|          |                                trunc_ln841_75_fu_523                                |    0    |    0    |    0    |    0    |
|          |                                trunc_ln841_76_fu_527                                |    0    |    0    |    0    |    0    |
|          |                                trunc_ln841_77_fu_531                                |    0    |    0    |    0    |    0    |
|          |                                trunc_ln841_78_fu_535                                |    0    |    0    |    0    |    0    |
|          |                                trunc_ln841_79_fu_539                                |    0    |    0    |    0    |    0    |
|          |                                trunc_ln841_80_fu_543                                |    0    |    0    |    0    |    0    |
|   trunc  |                                trunc_ln841_81_fu_547                                |    0    |    0    |    0    |    0    |
|          |                                trunc_ln841_82_fu_551                                |    0    |    0    |    0    |    0    |
|          |                                trunc_ln841_83_fu_555                                |    0    |    0    |    0    |    0    |
|          |                                trunc_ln841_84_fu_559                                |    0    |    0    |    0    |    0    |
|          |                                trunc_ln841_85_fu_563                                |    0    |    0    |    0    |    0    |
|          |                                trunc_ln841_86_fu_567                                |    0    |    0    |    0    |    0    |
|          |                                trunc_ln841_87_fu_571                                |    0    |    0    |    0    |    0    |
|          |                                trunc_ln841_88_fu_575                                |    0    |    0    |    0    |    0    |
|          |                                trunc_ln841_89_fu_579                                |    0    |    0    |    0    |    0    |
|          |                                trunc_ln841_90_fu_583                                |    0    |    0    |    0    |    0    |
|          |                                trunc_ln841_91_fu_587                                |    0    |    0    |    0    |    0    |
|          |                                trunc_ln841_92_fu_591                                |    0    |    0    |    0    |    0    |
|          |                                trunc_ln841_93_fu_595                                |    0    |    0    |    0    |    0    |
|          |                                trunc_ln841_94_fu_599                                |    0    |    0    |    0    |    0    |
|          |                                trunc_ln841_95_fu_603                                |    0    |    0    |    0    |    0    |
|          |                                trunc_ln841_96_fu_607                                |    0    |    0    |    0    |    0    |
|          |                                trunc_ln841_97_fu_611                                |    0    |    0    |    0    |    0    |
|          |                                trunc_ln841_98_fu_615                                |    0    |    0    |    0    |    0    |
|          |                                trunc_ln841_99_fu_619                                |    0    |    0    |    0    |    0    |
|          |                                trunc_ln841_100_fu_623                               |    0    |    0    |    0    |    0    |
|          |                                trunc_ln841_101_fu_627                               |    0    |    0    |    0    |    0    |
|          |                                trunc_ln841_102_fu_631                               |    0    |    0    |    0    |    0    |
|          |                                trunc_ln841_103_fu_635                               |    0    |    0    |    0    |    0    |
|          |                                trunc_ln841_104_fu_639                               |    0    |    0    |    0    |    0    |
|          |                                trunc_ln841_105_fu_643                               |    0    |    0    |    0    |    0    |
|          |                                trunc_ln841_106_fu_647                               |    0    |    0    |    0    |    0    |
|          |                                trunc_ln841_107_fu_651                               |    0    |    0    |    0    |    0    |
|          |                                trunc_ln841_108_fu_655                               |    0    |    0    |    0    |    0    |
|          |                                trunc_ln841_109_fu_659                               |    0    |    0    |    0    |    0    |
|          |                                trunc_ln841_110_fu_663                               |    0    |    0    |    0    |    0    |
|          |                                trunc_ln841_111_fu_667                               |    0    |    0    |    0    |    0    |
|          |                                trunc_ln841_112_fu_671                               |    0    |    0    |    0    |    0    |
|          |                                trunc_ln841_113_fu_675                               |    0    |    0    |    0    |    0    |
|          |                                trunc_ln841_114_fu_679                               |    0    |    0    |    0    |    0    |
|          |                                trunc_ln841_115_fu_683                               |    0    |    0    |    0    |    0    |
|          |                                trunc_ln841_116_fu_687                               |    0    |    0    |    0    |    0    |
|          |                                trunc_ln841_117_fu_691                               |    0    |    0    |    0    |    0    |
|          |                                trunc_ln841_118_fu_695                               |    0    |    0    |    0    |    0    |
|          |                                trunc_ln841_119_fu_699                               |    0    |    0    |    0    |    0    |
|          |                                trunc_ln841_120_fu_703                               |    0    |    0    |    0    |    0    |
|          |                                trunc_ln841_121_fu_707                               |    0    |    0    |    0    |    0    |
|          |                                trunc_ln841_122_fu_711                               |    0    |    0    |    0    |    0    |
|          |                                trunc_ln841_123_fu_715                               |    0    |    0    |    0    |    0    |
|          |                                trunc_ln841_124_fu_719                               |    0    |    0    |    0    |    0    |
|          |                                trunc_ln841_125_fu_723                               |    0    |    0    |    0    |    0    |
|          |                                trunc_ln841_126_fu_727                               |    0    |    0    |    0    |    0    |
|          |                                trunc_ln841_127_fu_731                               |    0    |    0    |    0    |    0    |
|          |                                trunc_ln841_128_fu_735                               |    0    |    0    |    0    |    0    |
|          |                                trunc_ln841_129_fu_739                               |    0    |    0    |    0    |    0    |
|          |                                trunc_ln841_130_fu_743                               |    0    |    0    |    0    |    0    |
|          |                                trunc_ln841_131_fu_747                               |    0    |    0    |    0    |    0    |
|          |                                trunc_ln841_132_fu_751                               |    0    |    0    |    0    |    0    |
|          |                                trunc_ln841_133_fu_755                               |    0    |    0    |    0    |    0    |
|          |                                trunc_ln841_134_fu_759                               |    0    |    0    |    0    |    0    |
|          |                                trunc_ln841_135_fu_763                               |    0    |    0    |    0    |    0    |
|          |                                trunc_ln841_136_fu_767                               |    0    |    0    |    0    |    0    |
|          |                                trunc_ln841_137_fu_771                               |    0    |    0    |    0    |    0    |
|          |                                trunc_ln841_138_fu_775                               |    0    |    0    |    0    |    0    |
|          |                                trunc_ln841_139_fu_779                               |    0    |    0    |    0    |    0    |
|          |                                trunc_ln841_140_fu_783                               |    0    |    0    |    0    |    0    |
|          |                                trunc_ln841_141_fu_787                               |    0    |    0    |    0    |    0    |
|          |                                trunc_ln841_142_fu_791                               |    0    |    0    |    0    |    0    |
|          |                                trunc_ln841_143_fu_795                               |    0    |    0    |    0    |    0    |
|          |                                trunc_ln841_144_fu_799                               |    0    |    0    |    0    |    0    |
|          |                                trunc_ln841_145_fu_803                               |    0    |    0    |    0    |    0    |
|          |                                trunc_ln841_146_fu_807                               |    0    |    0    |    0    |    0    |
|          |                                trunc_ln841_147_fu_811                               |    0    |    0    |    0    |    0    |
|          |                                trunc_ln841_148_fu_815                               |    0    |    0    |    0    |    0    |
|          |                                trunc_ln841_149_fu_819                               |    0    |    0    |    0    |    0    |
|          |                                trunc_ln841_150_fu_823                               |    0    |    0    |    0    |    0    |
|          |                                trunc_ln841_151_fu_827                               |    0    |    0    |    0    |    0    |
|          |                                trunc_ln841_152_fu_831                               |    0    |    0    |    0    |    0    |
|          |                                trunc_ln841_153_fu_835                               |    0    |    0    |    0    |    0    |
|          |                                trunc_ln841_154_fu_839                               |    0    |    0    |    0    |    0    |
|          |                                trunc_ln841_155_fu_843                               |    0    |    0    |    0    |    0    |
|          |                                trunc_ln841_156_fu_847                               |    0    |    0    |    0    |    0    |
|          |                                trunc_ln841_157_fu_851                               |    0    |    0    |    0    |    0    |
|          |                                trunc_ln841_158_fu_855                               |    0    |    0    |    0    |    0    |
|          |                                trunc_ln841_159_fu_859                               |    0    |    0    |    0    |    0    |
|          |                                trunc_ln841_160_fu_863                               |    0    |    0    |    0    |    0    |
|          |                                 trunc_ln1049_fu_1456                                |    0    |    0    |    0    |    0    |
|          |                                 trunc_ln1052_fu_1476                                |    0    |    0    |    0    |    0    |
|          |                                 trunc_ln1048_fu_1486                                |    0    |    0    |    0    |    0    |
|----------|-------------------------------------------------------------------------------------|---------|---------|---------|---------|
|          |                                 inputLayer_V_fu_867                                 |    0    |    0    |    0    |    0    |
|bitconcatenate|                                  p_Result_6_fu_1430                                 |    0    |    0    |    0    |    0    |
|          |                                    or_ln_fu_1558                                    |    0    |    0    |    0    |    0    |
|          |                                    tmp_s_fu_1676                                    |    0    |    0    |    0    |    0    |
|----------|-------------------------------------------------------------------------------------|---------|---------|---------|---------|
|          |                                 zext_ln1042_fu_1416                                 |    0    |    0    |    0    |    0    |
|          |                                 zext_ln1052_fu_1495                                 |    0    |    0    |    0    |    0    |
|          |                                 zext_ln1062_fu_1566                                 |    0    |    0    |    0    |    0    |
|   zext   |                                 zext_ln1063_fu_1579                                 |    0    |    0    |    0    |    0    |
|          |                                 zext_ln1064_fu_1594                                 |    0    |    0    |    0    |    0    |
|          |                                 zext_ln1066_fu_1612                                 |    0    |    0    |    0    |    0    |
|          |                                 zext_ln1067_fu_1655                                 |    0    |    0    |    0    |    0    |
|----------|-------------------------------------------------------------------------------------|---------|---------|---------|---------|
|          |                                  p_Result_s_fu_1420                                 |    0    |    0    |    0    |    0    |
|partselect|                                   tmp_162_fu_1466                                   |    0    |    0    |    0    |    0    |
|          |                                      m_fu_1622                                      |    0    |    0    |    0    |    0    |
|          |                                   tmp_224_fu_1640                                   |    0    |    0    |    0    |    0    |
|----------|-------------------------------------------------------------------------------------|---------|---------|---------|---------|
|   sext   |                                 sext_ln1198_fu_1438                                 |    0    |    0    |    0    |    0    |
|----------|-------------------------------------------------------------------------------------|---------|---------|---------|---------|
|   cttz   |                                      l_fu_1442                                      |    0    |    0    |    0    |    0    |
|----------|-------------------------------------------------------------------------------------|---------|---------|---------|---------|
|          |                                   tmp_163_fu_1521                                   |    0    |    0    |    0    |    0    |
| bitselect|                                  p_Result_3_fu_1539                                 |    0    |    0    |    0    |    0    |
|          |                                  p_Result_4_fu_1632                                 |    0    |    0    |    0    |    0    |
|----------|-------------------------------------------------------------------------------------|---------|---------|---------|---------|
|  partset |                                  p_Result_7_fu_1684                                 |    0    |    0    |    0    |    0    |
|----------|-------------------------------------------------------------------------------------|---------|---------|---------|---------|
|   Total  |                                                                                     |    49   |  1.588  |   2606  |  11713  |
|----------|-------------------------------------------------------------------------------------|---------|---------|---------|---------|

Memories:
+-------------+--------+--------+--------+
|             |  BRAM  |   FF   |   LUT  |
+-------------+--------+--------+--------+
|sigmoid_table|    1   |    0   |    0   |
+-------------+--------+--------+--------+
|    Total    |    1   |    0   |    0   |
+-------------+--------+--------+--------+

* Register list:
+------------------------+--------+
|                        |   FF   |
+------------------------+--------+
| bitcast_ln756_reg_2699 |   64   |
|  icmp_ln1040_reg_2679  |    1   |
|  inputLayer_V_reg_2535 |  2576  |
|layer11_out_V_1_reg_2600|    8   |
| layer11_out_V_reg_2595 |    8   |
|layer14_out_V_1_reg_2610|    8   |
| layer14_out_V_reg_2605 |    8   |
| layer17_out_V_reg_2615 |    8   |
| layer19_out_V_reg_2620 |    4   |
| layer2_out_V_1_reg_2545|    8   |
| layer2_out_V_2_reg_2550|    8   |
| layer2_out_V_3_reg_2555|    8   |
| layer2_out_V_4_reg_2560|    8   |
| layer2_out_V_5_reg_2565|    8   |
|  layer2_out_V_reg_2540 |    8   |
| layer5_out_V_1_reg_2575|    8   |
| layer5_out_V_2_reg_2580|    8   |
|  layer5_out_V_reg_2570 |    8   |
| layer8_out_V_1_reg_2590|    8   |
|  layer8_out_V_reg_2585 |    8   |
|   lsb_index_reg_2643   |   32   |
|       m_reg_2664       |   63   |
|     notlhs_reg_2689    |    1   |
|     notrhs_reg_2694    |    1   |
|   p_Result_4_reg_2669  |    1   |
|   p_Result_7_reg_2684  |   64   |
|   sub_ln1049_reg_2632  |   32   |
|   sub_ln1052_reg_2654  |    3   |
|    tmp_162_reg_2649    |   31   |
|    tmp_224_reg_2674    |   52   |
|  trunc_ln1048_reg_2659 |   11   |
|  trunc_ln1049_reg_2638 |    8   |
|trunc_ln841_100_reg_2235|    6   |
|trunc_ln841_101_reg_2240|    6   |
|trunc_ln841_102_reg_2245|    6   |
|trunc_ln841_103_reg_2250|    6   |
|trunc_ln841_104_reg_2255|    6   |
|trunc_ln841_105_reg_2260|    6   |
|trunc_ln841_106_reg_2265|    6   |
|trunc_ln841_107_reg_2270|    6   |
|trunc_ln841_108_reg_2275|    6   |
|trunc_ln841_109_reg_2280|    6   |
| trunc_ln841_10_reg_1785|    6   |
|trunc_ln841_110_reg_2285|    6   |
|trunc_ln841_111_reg_2290|    6   |
|trunc_ln841_112_reg_2295|    6   |
|trunc_ln841_113_reg_2300|    6   |
|trunc_ln841_114_reg_2305|    6   |
|trunc_ln841_115_reg_2310|    6   |
|trunc_ln841_116_reg_2315|    6   |
|trunc_ln841_117_reg_2320|    6   |
|trunc_ln841_118_reg_2325|    6   |
|trunc_ln841_119_reg_2330|    6   |
| trunc_ln841_11_reg_1790|    6   |
|trunc_ln841_120_reg_2335|    6   |
|trunc_ln841_121_reg_2340|    6   |
|trunc_ln841_122_reg_2345|    6   |
|trunc_ln841_123_reg_2350|    6   |
|trunc_ln841_124_reg_2355|    6   |
|trunc_ln841_125_reg_2360|    6   |
|trunc_ln841_126_reg_2365|    6   |
|trunc_ln841_127_reg_2370|    6   |
|trunc_ln841_128_reg_2375|    6   |
|trunc_ln841_129_reg_2380|    6   |
| trunc_ln841_12_reg_1795|    6   |
|trunc_ln841_130_reg_2385|    6   |
|trunc_ln841_131_reg_2390|    6   |
|trunc_ln841_132_reg_2395|    6   |
|trunc_ln841_133_reg_2400|    6   |
|trunc_ln841_134_reg_2405|    6   |
|trunc_ln841_135_reg_2410|    6   |
|trunc_ln841_136_reg_2415|    6   |
|trunc_ln841_137_reg_2420|    6   |
|trunc_ln841_138_reg_2425|    6   |
|trunc_ln841_139_reg_2430|    6   |
| trunc_ln841_13_reg_1800|    6   |
|trunc_ln841_140_reg_2435|    6   |
|trunc_ln841_141_reg_2440|    6   |
|trunc_ln841_142_reg_2445|    6   |
|trunc_ln841_143_reg_2450|    6   |
|trunc_ln841_144_reg_2455|    6   |
|trunc_ln841_145_reg_2460|    6   |
|trunc_ln841_146_reg_2465|    6   |
|trunc_ln841_147_reg_2470|    6   |
|trunc_ln841_148_reg_2475|    6   |
|trunc_ln841_149_reg_2480|    6   |
| trunc_ln841_14_reg_1805|    6   |
|trunc_ln841_150_reg_2485|    6   |
|trunc_ln841_151_reg_2490|    6   |
|trunc_ln841_152_reg_2495|    6   |
|trunc_ln841_153_reg_2500|    6   |
|trunc_ln841_154_reg_2505|    6   |
|trunc_ln841_155_reg_2510|    6   |
|trunc_ln841_156_reg_2515|    6   |
|trunc_ln841_157_reg_2520|    6   |
|trunc_ln841_158_reg_2525|    6   |
|trunc_ln841_159_reg_2530|    6   |
| trunc_ln841_15_reg_1810|    6   |
| trunc_ln841_16_reg_1815|    6   |
| trunc_ln841_17_reg_1820|    6   |
| trunc_ln841_18_reg_1825|    6   |
| trunc_ln841_19_reg_1830|    6   |
| trunc_ln841_1_reg_1740 |    6   |
| trunc_ln841_20_reg_1835|    6   |
| trunc_ln841_21_reg_1840|    6   |
| trunc_ln841_22_reg_1845|    6   |
| trunc_ln841_23_reg_1850|    6   |
| trunc_ln841_24_reg_1855|    6   |
| trunc_ln841_25_reg_1860|    6   |
| trunc_ln841_26_reg_1865|    6   |
| trunc_ln841_27_reg_1870|    6   |
| trunc_ln841_28_reg_1875|    6   |
| trunc_ln841_29_reg_1880|    6   |
| trunc_ln841_2_reg_1745 |    6   |
| trunc_ln841_30_reg_1885|    6   |
| trunc_ln841_31_reg_1890|    6   |
| trunc_ln841_32_reg_1895|    6   |
| trunc_ln841_33_reg_1900|    6   |
| trunc_ln841_34_reg_1905|    6   |
| trunc_ln841_35_reg_1910|    6   |
| trunc_ln841_36_reg_1915|    6   |
| trunc_ln841_37_reg_1920|    6   |
| trunc_ln841_38_reg_1925|    6   |
| trunc_ln841_39_reg_1930|    6   |
| trunc_ln841_3_reg_1750 |    6   |
| trunc_ln841_40_reg_1935|    6   |
| trunc_ln841_41_reg_1940|    6   |
| trunc_ln841_42_reg_1945|    6   |
| trunc_ln841_43_reg_1950|    6   |
| trunc_ln841_44_reg_1955|    6   |
| trunc_ln841_45_reg_1960|    6   |
| trunc_ln841_46_reg_1965|    6   |
| trunc_ln841_47_reg_1970|    6   |
| trunc_ln841_48_reg_1975|    6   |
| trunc_ln841_49_reg_1980|    6   |
| trunc_ln841_4_reg_1755 |    6   |
| trunc_ln841_50_reg_1985|    6   |
| trunc_ln841_51_reg_1990|    6   |
| trunc_ln841_52_reg_1995|    6   |
| trunc_ln841_53_reg_2000|    6   |
| trunc_ln841_54_reg_2005|    6   |
| trunc_ln841_55_reg_2010|    6   |
| trunc_ln841_56_reg_2015|    6   |
| trunc_ln841_57_reg_2020|    6   |
| trunc_ln841_58_reg_2025|    6   |
| trunc_ln841_59_reg_2030|    6   |
| trunc_ln841_5_reg_1760 |    6   |
| trunc_ln841_60_reg_2035|    6   |
| trunc_ln841_61_reg_2040|    6   |
| trunc_ln841_62_reg_2045|    6   |
| trunc_ln841_63_reg_2050|    6   |
| trunc_ln841_64_reg_2055|    6   |
| trunc_ln841_65_reg_2060|    6   |
| trunc_ln841_66_reg_2065|    6   |
| trunc_ln841_67_reg_2070|    6   |
| trunc_ln841_68_reg_2075|    6   |
| trunc_ln841_69_reg_2080|    6   |
| trunc_ln841_6_reg_1765 |    6   |
| trunc_ln841_70_reg_2085|    6   |
| trunc_ln841_71_reg_2090|    6   |
| trunc_ln841_72_reg_2095|    6   |
| trunc_ln841_73_reg_2100|    6   |
| trunc_ln841_74_reg_2105|    6   |
| trunc_ln841_75_reg_2110|    6   |
| trunc_ln841_76_reg_2115|    6   |
| trunc_ln841_77_reg_2120|    6   |
| trunc_ln841_78_reg_2125|    6   |
| trunc_ln841_79_reg_2130|    6   |
| trunc_ln841_7_reg_1770 |    6   |
| trunc_ln841_80_reg_2135|    6   |
| trunc_ln841_81_reg_2140|    6   |
| trunc_ln841_82_reg_2145|    6   |
| trunc_ln841_83_reg_2150|    6   |
| trunc_ln841_84_reg_2155|    6   |
| trunc_ln841_85_reg_2160|    6   |
| trunc_ln841_86_reg_2165|    6   |
| trunc_ln841_87_reg_2170|    6   |
| trunc_ln841_88_reg_2175|    6   |
| trunc_ln841_89_reg_2180|    6   |
| trunc_ln841_8_reg_1775 |    6   |
| trunc_ln841_90_reg_2185|    6   |
| trunc_ln841_91_reg_2190|    6   |
| trunc_ln841_92_reg_2195|    6   |
| trunc_ln841_93_reg_2200|    6   |
| trunc_ln841_94_reg_2205|    6   |
| trunc_ln841_95_reg_2210|    6   |
| trunc_ln841_96_reg_2215|    6   |
| trunc_ln841_97_reg_2220|    6   |
| trunc_ln841_98_reg_2225|    6   |
| trunc_ln841_99_reg_2230|    6   |
| trunc_ln841_9_reg_1780 |    6   |
|  trunc_ln841_reg_1735  |    6   |
|  zext_ln1042_reg_2626  |    8   |
+------------------------+--------+
|          Total         |  4040  |
+------------------------+--------+

* Multiplexer (MUX) list: 
|---------------------------------------------------------------------------|------|------|------|--------||---------||---------|
|                                    Comp                                   |  Pin | Size |  BW  | S x BW ||  Delay  ||   LUT   |
|---------------------------------------------------------------------------|------|------|------|--------||---------||---------|
| grp_dense_latency_ap_fixed_16_6_5_3_0_ap_fixed_8_4_5_3_0_config2_s_fu_167 |  p1  |   2  | 2576 |  5152  ||    9    |
|                                 grp_fu_214                                |  p0  |   2  |  64  |   128  ||    9    |
|---------------------------------------------------------------------------|------|------|------|--------||---------||---------|
|                                   Total                                   |      |      |      |  5280  ||  3.176  ||    18   |
|---------------------------------------------------------------------------|------|------|------|--------||---------||---------|



* Summary:
+-----------+--------+--------+--------+--------+--------+
|           |  BRAM  |   DSP  |  Delay |   FF   |   LUT  |
+-----------+--------+--------+--------+--------+--------+
|  Function |    -   |   49   |    1   |  2606  |  11713 |
|   Memory  |    1   |    -   |    -   |    0   |    0   |
|Multiplexer|    -   |    -   |    3   |    -   |   18   |
|  Register |    -   |    -   |    -   |  4040  |    -   |
+-----------+--------+--------+--------+--------+--------+
|   Total   |    1   |   49   |    4   |  6646  |  11731 |
+-----------+--------+--------+--------+--------+--------+
