

================================================================
== Vitis HLS Report for 'myproject'
================================================================
* Date:           Tue Mar 10 18:17:36 2026

* Version:        2022.2 (Build 3670227 on Oct 13 2022)
* Project:        myproject_prj
* Solution:       solution1 (Vivado IP Flow Target)
* Product family: zynq
* Target device:  xc7z020-clg484-1


================================================================
== Performance Estimates
================================================================
+ Timing: 
    * Summary: 
    +--------+---------+----------+------------+
    |  Clock |  Target | Estimated| Uncertainty|
    +--------+---------+----------+------------+
    |ap_clk  |  5.00 ns|  3.890 ns|     1.35 ns|
    +--------+---------+----------+------------+

+ Latency: 
    * Summary: 
    +---------+---------+----------+----------+-----+-----+---------+
    |  Latency (cycles) |  Latency (absolute) |  Interval | Pipeline|
    |   min   |   max   |    min   |    max   | min | max |   Type  |
    +---------+---------+----------+----------+-----+-----+---------+
    |       45|       45|  0.225 us|  0.225 us|    1|    1|      yes|
    +---------+---------+----------+----------+-----+-----+---------+

    + Detail: 
        * Instance: 
        +------------------------------------------------------------------------------+----------------------------------------------------------------+---------+---------+-----------+-----------+-----+-----+---------+
        |                                                                              |                                                                |  Latency (cycles) |   Latency (absolute)  |  Interval | Pipeline|
        |                                   Instance                                   |                             Module                             |   min   |   max   |    min    |    max    | min | max |   Type  |
        +------------------------------------------------------------------------------+----------------------------------------------------------------+---------+---------+-----------+-----------+-----+-----+---------+
        |grp_dense_latency_ap_fixed_16_6_5_3_0_ap_fixed_8_4_5_3_0_config2_s_fu_76      |dense_latency_ap_fixed_16_6_5_3_0_ap_fixed_8_4_5_3_0_config2_s  |        7|        7|  35.000 ns|  35.000 ns|    1|    1|      yes|
        |call_ret2_relu_ap_fixed_8_4_5_3_0_ap_fixed_8_4_5_3_0_relu_config4_s_fu_82     |relu_ap_fixed_8_4_5_3_0_ap_fixed_8_4_5_3_0_relu_config4_s       |        0|        0|       0 ns|       0 ns|    1|    1|      yes|
        |grp_dense_latency_ap_fixed_8_4_5_3_0_ap_fixed_8_4_5_3_0_config5_s_fu_92       |dense_latency_ap_fixed_8_4_5_3_0_ap_fixed_8_4_5_3_0_config5_s   |        3|        3|  15.000 ns|  15.000 ns|    1|    1|      yes|
        |call_ret4_relu_ap_fixed_8_4_5_3_0_ap_fixed_8_4_5_3_0_relu_config7_s_fu_102    |relu_ap_fixed_8_4_5_3_0_ap_fixed_8_4_5_3_0_relu_config7_s       |        0|        0|       0 ns|       0 ns|    1|    1|      yes|
        |grp_dense_latency_ap_fixed_8_4_5_3_0_ap_fixed_8_4_5_3_0_config8_s_fu_110      |dense_latency_ap_fixed_8_4_5_3_0_ap_fixed_8_4_5_3_0_config8_s   |        2|        2|  10.000 ns|  10.000 ns|    1|    1|      yes|
        |call_ret6_relu_ap_fixed_8_4_5_3_0_ap_fixed_8_4_5_3_0_relu_config10_s_fu_118   |relu_ap_fixed_8_4_5_3_0_ap_fixed_8_4_5_3_0_relu_config10_s      |        0|        0|       0 ns|       0 ns|    1|    1|      yes|
        |grp_dense_latency_ap_fixed_8_4_5_3_0_ap_fixed_8_4_5_3_0_config11_s_fu_124     |dense_latency_ap_fixed_8_4_5_3_0_ap_fixed_8_4_5_3_0_config11_s  |        1|        1|   5.000 ns|   5.000 ns|    1|    1|      yes|
        |call_ret8_relu_ap_fixed_8_4_5_3_0_ap_fixed_8_4_5_3_0_relu_config13_s_fu_130   |relu_ap_fixed_8_4_5_3_0_ap_fixed_8_4_5_3_0_relu_config13_s      |        0|        0|       0 ns|       0 ns|    1|    1|      yes|
        |grp_dense_latency_ap_fixed_8_4_5_3_0_ap_fixed_8_4_5_3_0_config14_s_fu_138     |dense_latency_ap_fixed_8_4_5_3_0_ap_fixed_8_4_5_3_0_config14_s  |        2|        2|  10.000 ns|  10.000 ns|    1|    1|      yes|
        |call_ret10_relu_ap_fixed_8_4_5_3_0_ap_fixed_8_4_5_3_0_relu_config16_s_fu_146  |relu_ap_fixed_8_4_5_3_0_ap_fixed_8_4_5_3_0_relu_config16_s      |        0|        0|       0 ns|       0 ns|    1|    1|      yes|
        |grp_dense_latency_ap_fixed_8_4_5_3_0_ap_fixed_8_4_5_3_0_config17_s_fu_153     |dense_latency_ap_fixed_8_4_5_3_0_ap_fixed_8_4_5_3_0_config17_s  |        4|        4|  20.000 ns|  20.000 ns|    1|    1|      yes|
        |grp_softmax_stable_ap_fixed_ap_fixed_8_4_5_3_0_softmax_config19_s_fu_160      |softmax_stable_ap_fixed_ap_fixed_8_4_5_3_0_softmax_config19_s   |       10|       10|  50.000 ns|  50.000 ns|    1|    1|      yes|
        +------------------------------------------------------------------------------+----------------------------------------------------------------+---------+---------+-----------+-----------+-----+-----+---------+

        * Loop: 
        N/A



================================================================
== Utilization Estimates
================================================================
* Summary: 
+-----------------+---------+-----+--------+-------+-----+
|       Name      | BRAM_18K| DSP |   FF   |  LUT  | URAM|
+-----------------+---------+-----+--------+-------+-----+
|DSP              |        -|    -|       -|      -|    -|
|Expression       |        -|    -|       0|      4|    -|
|FIFO             |        -|    -|       -|      -|    -|
|Instance         |        2|    7|   10975|  14112|    -|
|Memory           |        -|    -|       -|      -|    -|
|Multiplexer      |        -|    -|       -|     36|    -|
|Register         |        -|    -|    2944|      -|    -|
+-----------------+---------+-----+--------+-------+-----+
|Total            |        2|    7|   13919|  14152|    0|
+-----------------+---------+-----+--------+-------+-----+
|Available        |      280|  220|  106400|  53200|    0|
+-----------------+---------+-----+--------+-------+-----+
|Utilization (%)  |       ~0|    3|      13|     26|    0|
+-----------------+---------+-----+--------+-------+-----+

+ Detail: 
    * Instance: 
    +------------------------------------------------------------------------------+----------------------------------------------------------------+---------+----+------+-------+-----+
    |                                   Instance                                   |                             Module                             | BRAM_18K| DSP|  FF  |  LUT  | URAM|
    +------------------------------------------------------------------------------+----------------------------------------------------------------+---------+----+------+-------+-----+
    |grp_dense_latency_ap_fixed_16_6_5_3_0_ap_fixed_8_4_5_3_0_config2_s_fu_76      |dense_latency_ap_fixed_16_6_5_3_0_ap_fixed_8_4_5_3_0_config2_s  |        0|   0|  9778|  12384|    0|
    |grp_dense_latency_ap_fixed_8_4_5_3_0_ap_fixed_8_4_5_3_0_config11_s_fu_124     |dense_latency_ap_fixed_8_4_5_3_0_ap_fixed_8_4_5_3_0_config11_s  |        0|   0|    73|    173|    0|
    |grp_dense_latency_ap_fixed_8_4_5_3_0_ap_fixed_8_4_5_3_0_config14_s_fu_138     |dense_latency_ap_fixed_8_4_5_3_0_ap_fixed_8_4_5_3_0_config14_s  |        0|   0|   148|    287|    0|
    |grp_dense_latency_ap_fixed_8_4_5_3_0_ap_fixed_8_4_5_3_0_config17_s_fu_153     |dense_latency_ap_fixed_8_4_5_3_0_ap_fixed_8_4_5_3_0_config17_s  |        0|   5|   270|    139|    0|
    |grp_dense_latency_ap_fixed_8_4_5_3_0_ap_fixed_8_4_5_3_0_config5_s_fu_92       |dense_latency_ap_fixed_8_4_5_3_0_ap_fixed_8_4_5_3_0_config5_s   |        0|   0|   311|    415|    0|
    |grp_dense_latency_ap_fixed_8_4_5_3_0_ap_fixed_8_4_5_3_0_config8_s_fu_110      |dense_latency_ap_fixed_8_4_5_3_0_ap_fixed_8_4_5_3_0_config8_s   |        0|   0|   108|    178|    0|
    |call_ret6_relu_ap_fixed_8_4_5_3_0_ap_fixed_8_4_5_3_0_relu_config10_s_fu_118   |relu_ap_fixed_8_4_5_3_0_ap_fixed_8_4_5_3_0_relu_config10_s      |        0|   0|     0|     36|    0|
    |call_ret8_relu_ap_fixed_8_4_5_3_0_ap_fixed_8_4_5_3_0_relu_config13_s_fu_130   |relu_ap_fixed_8_4_5_3_0_ap_fixed_8_4_5_3_0_relu_config13_s      |        0|   0|     0|     72|    0|
    |call_ret10_relu_ap_fixed_8_4_5_3_0_ap_fixed_8_4_5_3_0_relu_config16_s_fu_146  |relu_ap_fixed_8_4_5_3_0_ap_fixed_8_4_5_3_0_relu_config16_s      |        0|   0|     0|     54|    0|
    |call_ret2_relu_ap_fixed_8_4_5_3_0_ap_fixed_8_4_5_3_0_relu_config4_s_fu_82     |relu_ap_fixed_8_4_5_3_0_ap_fixed_8_4_5_3_0_relu_config4_s       |        0|   0|     0|    108|    0|
    |call_ret4_relu_ap_fixed_8_4_5_3_0_ap_fixed_8_4_5_3_0_relu_config7_s_fu_102    |relu_ap_fixed_8_4_5_3_0_ap_fixed_8_4_5_3_0_relu_config7_s       |        0|   0|     0|     72|    0|
    |grp_softmax_stable_ap_fixed_ap_fixed_8_4_5_3_0_softmax_config19_s_fu_160      |softmax_stable_ap_fixed_ap_fixed_8_4_5_3_0_softmax_config19_s   |        2|   2|   287|    194|    0|
    +------------------------------------------------------------------------------+----------------------------------------------------------------+---------+----+------+-------+-----+
    |Total                                                                         |                                                                |        2|   7| 10975|  14112|    0|
    +------------------------------------------------------------------------------+----------------------------------------------------------------+---------+----+------+-------+-----+

    * DSP: 
    N/A

    * Memory: 
    N/A

    * FIFO: 
    N/A

    * Expression: 
    +---------------------------+----------+----+---+----+------------+------------+
    |       Variable Name       | Operation| DSP| FF| LUT| Bitwidth P0| Bitwidth P1|
    +---------------------------+----------+----+---+----+------------+------------+
    |ap_block_pp0_stage0_01001  |       and|   0|  0|   2|           1|           1|
    |ap_enable_pp0              |       xor|   0|  0|   2|           1|           2|
    +---------------------------+----------+----+---+----+------------+------------+
    |Total                      |          |   0|  0|   4|           2|           3|
    +---------------------------+----------+----+---+----+------------+------------+

    * Multiplexer: 
    +--------------------------+----+-----------+------+-----------+
    |           Name           | LUT| Input Size| Bits | Total Bits|
    +--------------------------+----+-----------+------+-----------+
    |inputLayer_ap_vld_in_sig  |   9|          2|     1|          2|
    |inputLayer_ap_vld_preg    |   9|          2|     1|          2|
    |inputLayer_blk_n          |   9|          2|     1|          2|
    |inputLayer_in_sig         |   9|          2|  2576|       5152|
    +--------------------------+----+-----------+------+-----------+
    |Total                     |  36|          8|  2579|       5158|
    +--------------------------+----+-----------+------+-----------+

    * Register: 
    +---------------------------------------------------------------------------------------+------+----+------+-----------+
    |                                          Name                                         |  FF  | LUT| Bits | Const Bits|
    +---------------------------------------------------------------------------------------+------+----+------+-----------+
    |ap_CS_fsm                                                                              |     1|   0|     1|          0|
    |ap_enable_reg_pp0_iter1                                                                |     1|   0|     1|          0|
    |ap_enable_reg_pp0_iter10                                                               |     1|   0|     1|          0|
    |ap_enable_reg_pp0_iter11                                                               |     1|   0|     1|          0|
    |ap_enable_reg_pp0_iter12                                                               |     1|   0|     1|          0|
    |ap_enable_reg_pp0_iter13                                                               |     1|   0|     1|          0|
    |ap_enable_reg_pp0_iter14                                                               |     1|   0|     1|          0|
    |ap_enable_reg_pp0_iter15                                                               |     1|   0|     1|          0|
    |ap_enable_reg_pp0_iter16                                                               |     1|   0|     1|          0|
    |ap_enable_reg_pp0_iter17                                                               |     1|   0|     1|          0|
    |ap_enable_reg_pp0_iter18                                                               |     1|   0|     1|          0|
    |ap_enable_reg_pp0_iter19                                                               |     1|   0|     1|          0|
    |ap_enable_reg_pp0_iter2                                                                |     1|   0|     1|          0|
    |ap_enable_reg_pp0_iter20                                                               |     1|   0|     1|          0|
    |ap_enable_reg_pp0_iter21                                                               |     1|   0|     1|          0|
    |ap_enable_reg_pp0_iter22                                                               |     1|   0|     1|          0|
    |ap_enable_reg_pp0_iter23                                                               |     1|   0|     1|          0|
    |ap_enable_reg_pp0_iter24                                                               |     1|   0|     1|          0|
    |ap_enable_reg_pp0_iter25                                                               |     1|   0|     1|          0|
    |ap_enable_reg_pp0_iter26                                                               |     1|   0|     1|          0|
    |ap_enable_reg_pp0_iter27                                                               |     1|   0|     1|          0|
    |ap_enable_reg_pp0_iter28                                                               |     1|   0|     1|          0|
    |ap_enable_reg_pp0_iter29                                                               |     1|   0|     1|          0|
    |ap_enable_reg_pp0_iter3                                                                |     1|   0|     1|          0|
    |ap_enable_reg_pp0_iter30                                                               |     1|   0|     1|          0|
    |ap_enable_reg_pp0_iter31                                                               |     1|   0|     1|          0|
    |ap_enable_reg_pp0_iter32                                                               |     1|   0|     1|          0|
    |ap_enable_reg_pp0_iter33                                                               |     1|   0|     1|          0|
    |ap_enable_reg_pp0_iter34                                                               |     1|   0|     1|          0|
    |ap_enable_reg_pp0_iter35                                                               |     1|   0|     1|          0|
    |ap_enable_reg_pp0_iter36                                                               |     1|   0|     1|          0|
    |ap_enable_reg_pp0_iter37                                                               |     1|   0|     1|          0|
    |ap_enable_reg_pp0_iter38                                                               |     1|   0|     1|          0|
    |ap_enable_reg_pp0_iter39                                                               |     1|   0|     1|          0|
    |ap_enable_reg_pp0_iter4                                                                |     1|   0|     1|          0|
    |ap_enable_reg_pp0_iter40                                                               |     1|   0|     1|          0|
    |ap_enable_reg_pp0_iter41                                                               |     1|   0|     1|          0|
    |ap_enable_reg_pp0_iter42                                                               |     1|   0|     1|          0|
    |ap_enable_reg_pp0_iter43                                                               |     1|   0|     1|          0|
    |ap_enable_reg_pp0_iter44                                                               |     1|   0|     1|          0|
    |ap_enable_reg_pp0_iter45                                                               |     1|   0|     1|          0|
    |ap_enable_reg_pp0_iter5                                                                |     1|   0|     1|          0|
    |ap_enable_reg_pp0_iter6                                                                |     1|   0|     1|          0|
    |ap_enable_reg_pp0_iter7                                                                |     1|   0|     1|          0|
    |ap_enable_reg_pp0_iter8                                                                |     1|   0|     1|          0|
    |ap_enable_reg_pp0_iter9                                                                |     1|   0|     1|          0|
    |grp_softmax_stable_ap_fixed_ap_fixed_8_4_5_3_0_softmax_config19_s_fu_160_ap_start_reg  |     1|   0|     1|          0|
    |inputLayer_ap_vld_preg                                                                 |     1|   0|     1|          0|
    |inputLayer_preg                                                                        |  2576|   0|  2576|          0|
    |layer10_out_V_1_reg_460                                                                |     8|   0|     8|          0|
    |layer10_out_V_reg_455                                                                  |     8|   0|     8|          0|
    |layer11_out_V_1_reg_470                                                                |     8|   0|     8|          0|
    |layer11_out_V_2_reg_475                                                                |     8|   0|     8|          0|
    |layer11_out_V_3_reg_480                                                                |     8|   0|     8|          0|
    |layer11_out_V_reg_465                                                                  |     8|   0|     8|          0|
    |layer13_out_V_1_reg_490                                                                |     8|   0|     8|          0|
    |layer13_out_V_2_reg_495                                                                |     8|   0|     8|          0|
    |layer13_out_V_3_reg_500                                                                |     8|   0|     8|          0|
    |layer13_out_V_reg_485                                                                  |     8|   0|     8|          0|
    |layer14_out_V_1_reg_510                                                                |     8|   0|     8|          0|
    |layer14_out_V_2_reg_515                                                                |     8|   0|     8|          0|
    |layer14_out_V_reg_505                                                                  |     8|   0|     8|          0|
    |layer16_out_V_1_reg_525                                                                |     8|   0|     8|          0|
    |layer16_out_V_2_reg_530                                                                |     8|   0|     8|          0|
    |layer16_out_V_reg_520                                                                  |     8|   0|     8|          0|
    |layer17_out_V_1_reg_540                                                                |     8|   0|     8|          0|
    |layer17_out_V_reg_535                                                                  |     8|   0|     8|          0|
    |layer2_out_V_1_reg_350                                                                 |     8|   0|     8|          0|
    |layer2_out_V_2_reg_355                                                                 |     8|   0|     8|          0|
    |layer2_out_V_3_reg_360                                                                 |     8|   0|     8|          0|
    |layer2_out_V_4_reg_365                                                                 |     8|   0|     8|          0|
    |layer2_out_V_5_reg_370                                                                 |     8|   0|     8|          0|
    |layer2_out_V_reg_345                                                                   |     8|   0|     8|          0|
    |layer4_out_V_1_reg_380                                                                 |     8|   0|     8|          0|
    |layer4_out_V_2_reg_385                                                                 |     8|   0|     8|          0|
    |layer4_out_V_3_reg_390                                                                 |     8|   0|     8|          0|
    |layer4_out_V_4_reg_395                                                                 |     8|   0|     8|          0|
    |layer4_out_V_5_reg_400                                                                 |     8|   0|     8|          0|
    |layer4_out_V_reg_375                                                                   |     8|   0|     8|          0|
    |layer5_out_V_1_reg_410                                                                 |     8|   0|     8|          0|
    |layer5_out_V_2_reg_415                                                                 |     8|   0|     8|          0|
    |layer5_out_V_3_reg_420                                                                 |     8|   0|     8|          0|
    |layer5_out_V_reg_405                                                                   |     8|   0|     8|          0|
    |layer7_out_V_1_reg_430                                                                 |     8|   0|     8|          0|
    |layer7_out_V_2_reg_435                                                                 |     8|   0|     8|          0|
    |layer7_out_V_3_reg_440                                                                 |     8|   0|     8|          0|
    |layer7_out_V_reg_425                                                                   |     8|   0|     8|          0|
    |layer8_out_V_1_reg_450                                                                 |     8|   0|     8|          0|
    |layer8_out_V_reg_445                                                                   |     8|   0|     8|          0|
    +---------------------------------------------------------------------------------------+------+----+------+-----------+
    |Total                                                                                  |  2944|   0|  2944|          0|
    +---------------------------------------------------------------------------------------+------+----+------+-----------+



================================================================
== Interface
================================================================
* Summary: 
+----------------------+-----+------+------------+---------------+--------------+
|       RTL Ports      | Dir | Bits |  Protocol  | Source Object |    C Type    |
+----------------------+-----+------+------------+---------------+--------------+
|ap_clk                |   in|     1|  ap_ctrl_hs|      myproject|  return value|
|ap_rst                |   in|     1|  ap_ctrl_hs|      myproject|  return value|
|ap_start              |   in|     1|  ap_ctrl_hs|      myproject|  return value|
|ap_done               |  out|     1|  ap_ctrl_hs|      myproject|  return value|
|ap_idle               |  out|     1|  ap_ctrl_hs|      myproject|  return value|
|ap_ready              |  out|     1|  ap_ctrl_hs|      myproject|  return value|
|inputLayer_ap_vld     |   in|     1|      ap_vld|     inputLayer|       pointer|
|inputLayer            |   in|  2576|      ap_vld|     inputLayer|       pointer|
|layer19_out_0         |  out|     8|      ap_vld|  layer19_out_0|       pointer|
|layer19_out_0_ap_vld  |  out|     1|      ap_vld|  layer19_out_0|       pointer|
|layer19_out_1         |  out|     8|      ap_vld|  layer19_out_1|       pointer|
|layer19_out_1_ap_vld  |  out|     1|      ap_vld|  layer19_out_1|       pointer|
+----------------------+-----+------+------------+---------------+--------------+

============================================================
+ Verbose Summary: Synthesis Manager
============================================================
InlineROM: 1
ExposeGlobal: 0
============================================================
+ Verbose Summary: CDFG Model
============================================================
IsTopModel: 1
ResetActiveHigh: 1
IsCombinational: 2
IsDatapathOnly: 2
HasWiredReturn: 1
HasMFsm: 2
HasVarLatency: 0
IsPipeline: 1
IsRtlPipelined: 1
IsInstanceOverlapped: 0
IsDontTouch: 0
HasImplIP: 0
IsGatedGlobalClock: 0

+ Individual pipeline summary: 
  * Pipeline-0: initiation interval (II) = 1, depth = 46


============================================================
+ Verbose Summary: Schedule
============================================================
* Number of FSM states : 46
* Pipeline : 1
  Pipeline-0 : II = 1, D = 46, States = { 1 2 3 4 5 6 7 8 9 10 11 12 13 14 15 16 17 18 19 20 21 22 23 24 25 26 27 28 29 30 31 32 33 34 35 36 37 38 39 40 41 42 43 44 45 46 }
* Dataflow Pipeline: 0

* FSM state transitions: 
1 --> 2 
2 --> 3 
3 --> 4 
4 --> 5 
5 --> 6 
6 --> 7 
7 --> 8 
8 --> 9 
9 --> 10 
10 --> 11 
11 --> 12 
12 --> 13 
13 --> 14 
14 --> 15 
15 --> 16 
16 --> 17 
17 --> 18 
18 --> 19 
19 --> 20 
20 --> 21 
21 --> 22 
22 --> 23 
23 --> 24 
24 --> 25 
25 --> 26 
26 --> 27 
27 --> 28 
28 --> 29 
29 --> 30 
30 --> 31 
31 --> 32 
32 --> 33 
33 --> 34 
34 --> 35 
35 --> 36 
36 --> 37 
37 --> 38 
38 --> 39 
39 --> 40 
40 --> 41 
41 --> 42 
42 --> 43 
43 --> 44 
44 --> 45 
45 --> 46 
46 --> 

* FSM state operations: 

State 1 <SV = 0> <Delay = 2.10>
ST_1 : Operation 47 [1/1] (0.00ns)   --->   "%inputLayer_read = read i2576 @_ssdm_op_Read.ap_vld.i2576P0A, i2576 %inputLayer" [firmware/nnet_utils/nnet_dense.h:54]   --->   Operation 47 'read' 'inputLayer_read' <Predicate = true> <Delay = 0.00>
ST_1 : Operation 48 [9/9] (2.10ns)   --->   "%call_ret1 = call i48 @dense_latency<ap_fixed<16, 6, 5, 3, 0>, ap_fixed<8, 4, 5, 3, 0>, config2>, i2576 %inputLayer_read" [firmware/nnet_utils/nnet_dense.h:54]   --->   Operation 48 'call' 'call_ret1' <Predicate = true> <Delay = 2.10> <CoreType = "Generic">   --->   Core 0 '' <Latency = 0> <II = 1> <Delay = 1.00> <Generic> <Opcode : >

State 2 <SV = 1> <Delay = 2.10>
ST_2 : Operation 49 [8/9] (2.10ns)   --->   "%call_ret1 = call i48 @dense_latency<ap_fixed<16, 6, 5, 3, 0>, ap_fixed<8, 4, 5, 3, 0>, config2>, i2576 %inputLayer_read" [firmware/nnet_utils/nnet_dense.h:54]   --->   Operation 49 'call' 'call_ret1' <Predicate = true> <Delay = 2.10> <CoreType = "Generic">   --->   Core 0 '' <Latency = 0> <II = 1> <Delay = 1.00> <Generic> <Opcode : >

State 3 <SV = 2> <Delay = 2.10>
ST_3 : Operation 50 [7/9] (2.10ns)   --->   "%call_ret1 = call i48 @dense_latency<ap_fixed<16, 6, 5, 3, 0>, ap_fixed<8, 4, 5, 3, 0>, config2>, i2576 %inputLayer_read" [firmware/nnet_utils/nnet_dense.h:54]   --->   Operation 50 'call' 'call_ret1' <Predicate = true> <Delay = 2.10> <CoreType = "Generic">   --->   Core 0 '' <Latency = 0> <II = 1> <Delay = 1.00> <Generic> <Opcode : >

State 4 <SV = 3> <Delay = 2.10>
ST_4 : Operation 51 [6/9] (2.10ns)   --->   "%call_ret1 = call i48 @dense_latency<ap_fixed<16, 6, 5, 3, 0>, ap_fixed<8, 4, 5, 3, 0>, config2>, i2576 %inputLayer_read" [firmware/nnet_utils/nnet_dense.h:54]   --->   Operation 51 'call' 'call_ret1' <Predicate = true> <Delay = 2.10> <CoreType = "Generic">   --->   Core 0 '' <Latency = 0> <II = 1> <Delay = 1.00> <Generic> <Opcode : >

State 5 <SV = 4> <Delay = 2.10>
ST_5 : Operation 52 [5/9] (2.10ns)   --->   "%call_ret1 = call i48 @dense_latency<ap_fixed<16, 6, 5, 3, 0>, ap_fixed<8, 4, 5, 3, 0>, config2>, i2576 %inputLayer_read" [firmware/nnet_utils/nnet_dense.h:54]   --->   Operation 52 'call' 'call_ret1' <Predicate = true> <Delay = 2.10> <CoreType = "Generic">   --->   Core 0 '' <Latency = 0> <II = 1> <Delay = 1.00> <Generic> <Opcode : >

State 6 <SV = 5> <Delay = 2.10>
ST_6 : Operation 53 [4/9] (2.10ns)   --->   "%call_ret1 = call i48 @dense_latency<ap_fixed<16, 6, 5, 3, 0>, ap_fixed<8, 4, 5, 3, 0>, config2>, i2576 %inputLayer_read" [firmware/nnet_utils/nnet_dense.h:54]   --->   Operation 53 'call' 'call_ret1' <Predicate = true> <Delay = 2.10> <CoreType = "Generic">   --->   Core 0 '' <Latency = 0> <II = 1> <Delay = 1.00> <Generic> <Opcode : >

State 7 <SV = 6> <Delay = 2.10>
ST_7 : Operation 54 [3/9] (2.10ns)   --->   "%call_ret1 = call i48 @dense_latency<ap_fixed<16, 6, 5, 3, 0>, ap_fixed<8, 4, 5, 3, 0>, config2>, i2576 %inputLayer_read" [firmware/nnet_utils/nnet_dense.h:54]   --->   Operation 54 'call' 'call_ret1' <Predicate = true> <Delay = 2.10> <CoreType = "Generic">   --->   Core 0 '' <Latency = 0> <II = 1> <Delay = 1.00> <Generic> <Opcode : >

State 8 <SV = 7> <Delay = 2.10>
ST_8 : Operation 55 [2/9] (2.10ns)   --->   "%call_ret1 = call i48 @dense_latency<ap_fixed<16, 6, 5, 3, 0>, ap_fixed<8, 4, 5, 3, 0>, config2>, i2576 %inputLayer_read" [firmware/nnet_utils/nnet_dense.h:54]   --->   Operation 55 'call' 'call_ret1' <Predicate = true> <Delay = 2.10> <CoreType = "Generic">   --->   Core 0 '' <Latency = 0> <II = 1> <Delay = 1.00> <Generic> <Opcode : >

State 9 <SV = 8> <Delay = 1.91>
ST_9 : Operation 56 [1/9] (1.91ns)   --->   "%call_ret1 = call i48 @dense_latency<ap_fixed<16, 6, 5, 3, 0>, ap_fixed<8, 4, 5, 3, 0>, config2>, i2576 %inputLayer_read" [firmware/nnet_utils/nnet_dense.h:54]   --->   Operation 56 'call' 'call_ret1' <Predicate = true> <Delay = 1.91> <CoreType = "Generic">   --->   Core 0 '' <Latency = 0> <II = 1> <Delay = 1.00> <Generic> <Opcode : >
ST_9 : Operation 57 [1/1] (0.00ns)   --->   "%layer2_out_V = extractvalue i48 %call_ret1" [firmware/nnet_utils/nnet_dense.h:54]   --->   Operation 57 'extractvalue' 'layer2_out_V' <Predicate = true> <Delay = 0.00>
ST_9 : Operation 58 [1/1] (0.00ns)   --->   "%layer2_out_V_1 = extractvalue i48 %call_ret1" [firmware/nnet_utils/nnet_dense.h:54]   --->   Operation 58 'extractvalue' 'layer2_out_V_1' <Predicate = true> <Delay = 0.00>
ST_9 : Operation 59 [1/1] (0.00ns)   --->   "%layer2_out_V_2 = extractvalue i48 %call_ret1" [firmware/nnet_utils/nnet_dense.h:54]   --->   Operation 59 'extractvalue' 'layer2_out_V_2' <Predicate = true> <Delay = 0.00>
ST_9 : Operation 60 [1/1] (0.00ns)   --->   "%layer2_out_V_3 = extractvalue i48 %call_ret1" [firmware/nnet_utils/nnet_dense.h:54]   --->   Operation 60 'extractvalue' 'layer2_out_V_3' <Predicate = true> <Delay = 0.00>
ST_9 : Operation 61 [1/1] (0.00ns)   --->   "%layer2_out_V_4 = extractvalue i48 %call_ret1" [firmware/nnet_utils/nnet_dense.h:54]   --->   Operation 61 'extractvalue' 'layer2_out_V_4' <Predicate = true> <Delay = 0.00>
ST_9 : Operation 62 [1/1] (0.00ns)   --->   "%layer2_out_V_5 = extractvalue i48 %call_ret1" [firmware/nnet_utils/nnet_dense.h:54]   --->   Operation 62 'extractvalue' 'layer2_out_V_5' <Predicate = true> <Delay = 0.00>

State 10 <SV = 9> <Delay = 2.54>
ST_10 : Operation 63 [1/1] (2.54ns)   --->   "%call_ret2 = call i48 @relu<ap_fixed<8, 4, 5, 3, 0>, ap_fixed<8, 4, 5, 3, 0>, relu_config4>, i8 %layer2_out_V, i8 %layer2_out_V_1, i8 %layer2_out_V_2, i8 %layer2_out_V_3, i8 %layer2_out_V_4, i8 %layer2_out_V_5" [firmware/myproject.cpp:48]   --->   Operation 63 'call' 'call_ret2' <Predicate = true> <Delay = 2.54> <CoreType = "Generic">   --->   Core 0 '' <Latency = 0> <II = 1> <Delay = 1.00> <Generic> <Opcode : >
ST_10 : Operation 64 [1/1] (0.00ns)   --->   "%layer4_out_V = extractvalue i48 %call_ret2" [firmware/myproject.cpp:48]   --->   Operation 64 'extractvalue' 'layer4_out_V' <Predicate = true> <Delay = 0.00>
ST_10 : Operation 65 [1/1] (0.00ns)   --->   "%layer4_out_V_1 = extractvalue i48 %call_ret2" [firmware/myproject.cpp:48]   --->   Operation 65 'extractvalue' 'layer4_out_V_1' <Predicate = true> <Delay = 0.00>
ST_10 : Operation 66 [1/1] (0.00ns)   --->   "%layer4_out_V_2 = extractvalue i48 %call_ret2" [firmware/myproject.cpp:48]   --->   Operation 66 'extractvalue' 'layer4_out_V_2' <Predicate = true> <Delay = 0.00>
ST_10 : Operation 67 [1/1] (0.00ns)   --->   "%layer4_out_V_3 = extractvalue i48 %call_ret2" [firmware/myproject.cpp:48]   --->   Operation 67 'extractvalue' 'layer4_out_V_3' <Predicate = true> <Delay = 0.00>
ST_10 : Operation 68 [1/1] (0.00ns)   --->   "%layer4_out_V_4 = extractvalue i48 %call_ret2" [firmware/myproject.cpp:48]   --->   Operation 68 'extractvalue' 'layer4_out_V_4' <Predicate = true> <Delay = 0.00>
ST_10 : Operation 69 [1/1] (0.00ns)   --->   "%layer4_out_V_5 = extractvalue i48 %call_ret2" [firmware/myproject.cpp:48]   --->   Operation 69 'extractvalue' 'layer4_out_V_5' <Predicate = true> <Delay = 0.00>

State 11 <SV = 10> <Delay = 3.37>
ST_11 : Operation 70 [5/5] (3.37ns)   --->   "%call_ret3 = call i32 @dense_latency<ap_fixed<8, 4, 5, 3, 0>, ap_fixed<8, 4, 5, 3, 0>, config5>, i8 %layer4_out_V, i8 %layer4_out_V_1, i8 %layer4_out_V_2, i8 %layer4_out_V_3, i8 %layer4_out_V_4, i8 %layer4_out_V_5" [firmware/nnet_utils/nnet_dense.h:54]   --->   Operation 70 'call' 'call_ret3' <Predicate = true> <Delay = 3.37> <CoreType = "Generic">   --->   Core 0 '' <Latency = 0> <II = 1> <Delay = 1.00> <Generic> <Opcode : >

State 12 <SV = 11> <Delay = 3.64>
ST_12 : Operation 71 [4/5] (3.64ns)   --->   "%call_ret3 = call i32 @dense_latency<ap_fixed<8, 4, 5, 3, 0>, ap_fixed<8, 4, 5, 3, 0>, config5>, i8 %layer4_out_V, i8 %layer4_out_V_1, i8 %layer4_out_V_2, i8 %layer4_out_V_3, i8 %layer4_out_V_4, i8 %layer4_out_V_5" [firmware/nnet_utils/nnet_dense.h:54]   --->   Operation 71 'call' 'call_ret3' <Predicate = true> <Delay = 3.64> <CoreType = "Generic">   --->   Core 0 '' <Latency = 0> <II = 1> <Delay = 1.00> <Generic> <Opcode : >

State 13 <SV = 12> <Delay = 3.64>
ST_13 : Operation 72 [3/5] (3.64ns)   --->   "%call_ret3 = call i32 @dense_latency<ap_fixed<8, 4, 5, 3, 0>, ap_fixed<8, 4, 5, 3, 0>, config5>, i8 %layer4_out_V, i8 %layer4_out_V_1, i8 %layer4_out_V_2, i8 %layer4_out_V_3, i8 %layer4_out_V_4, i8 %layer4_out_V_5" [firmware/nnet_utils/nnet_dense.h:54]   --->   Operation 72 'call' 'call_ret3' <Predicate = true> <Delay = 3.64> <CoreType = "Generic">   --->   Core 0 '' <Latency = 0> <II = 1> <Delay = 1.00> <Generic> <Opcode : >

State 14 <SV = 13> <Delay = 3.64>
ST_14 : Operation 73 [2/5] (3.64ns)   --->   "%call_ret3 = call i32 @dense_latency<ap_fixed<8, 4, 5, 3, 0>, ap_fixed<8, 4, 5, 3, 0>, config5>, i8 %layer4_out_V, i8 %layer4_out_V_1, i8 %layer4_out_V_2, i8 %layer4_out_V_3, i8 %layer4_out_V_4, i8 %layer4_out_V_5" [firmware/nnet_utils/nnet_dense.h:54]   --->   Operation 73 'call' 'call_ret3' <Predicate = true> <Delay = 3.64> <CoreType = "Generic">   --->   Core 0 '' <Latency = 0> <II = 1> <Delay = 1.00> <Generic> <Opcode : >

State 15 <SV = 14> <Delay = 1.91>
ST_15 : Operation 74 [1/5] (1.91ns)   --->   "%call_ret3 = call i32 @dense_latency<ap_fixed<8, 4, 5, 3, 0>, ap_fixed<8, 4, 5, 3, 0>, config5>, i8 %layer4_out_V, i8 %layer4_out_V_1, i8 %layer4_out_V_2, i8 %layer4_out_V_3, i8 %layer4_out_V_4, i8 %layer4_out_V_5" [firmware/nnet_utils/nnet_dense.h:54]   --->   Operation 74 'call' 'call_ret3' <Predicate = true> <Delay = 1.91> <CoreType = "Generic">   --->   Core 0 '' <Latency = 0> <II = 1> <Delay = 1.00> <Generic> <Opcode : >
ST_15 : Operation 75 [1/1] (0.00ns)   --->   "%layer5_out_V = extractvalue i32 %call_ret3" [firmware/nnet_utils/nnet_dense.h:54]   --->   Operation 75 'extractvalue' 'layer5_out_V' <Predicate = true> <Delay = 0.00>
ST_15 : Operation 76 [1/1] (0.00ns)   --->   "%layer5_out_V_1 = extractvalue i32 %call_ret3" [firmware/nnet_utils/nnet_dense.h:54]   --->   Operation 76 'extractvalue' 'layer5_out_V_1' <Predicate = true> <Delay = 0.00>
ST_15 : Operation 77 [1/1] (0.00ns)   --->   "%layer5_out_V_2 = extractvalue i32 %call_ret3" [firmware/nnet_utils/nnet_dense.h:54]   --->   Operation 77 'extractvalue' 'layer5_out_V_2' <Predicate = true> <Delay = 0.00>
ST_15 : Operation 78 [1/1] (0.00ns)   --->   "%layer5_out_V_3 = extractvalue i32 %call_ret3" [firmware/nnet_utils/nnet_dense.h:54]   --->   Operation 78 'extractvalue' 'layer5_out_V_3' <Predicate = true> <Delay = 0.00>

State 16 <SV = 15> <Delay = 2.54>
ST_16 : Operation 79 [1/1] (2.54ns)   --->   "%call_ret4 = call i32 @relu<ap_fixed<8, 4, 5, 3, 0>, ap_fixed<8, 4, 5, 3, 0>, relu_config7>, i8 %layer5_out_V, i8 %layer5_out_V_1, i8 %layer5_out_V_2, i8 %layer5_out_V_3" [firmware/myproject.cpp:56]   --->   Operation 79 'call' 'call_ret4' <Predicate = true> <Delay = 2.54> <CoreType = "Generic">   --->   Core 0 '' <Latency = 0> <II = 1> <Delay = 1.00> <Generic> <Opcode : >
ST_16 : Operation 80 [1/1] (0.00ns)   --->   "%layer7_out_V = extractvalue i32 %call_ret4" [firmware/myproject.cpp:56]   --->   Operation 80 'extractvalue' 'layer7_out_V' <Predicate = true> <Delay = 0.00>
ST_16 : Operation 81 [1/1] (0.00ns)   --->   "%layer7_out_V_1 = extractvalue i32 %call_ret4" [firmware/myproject.cpp:56]   --->   Operation 81 'extractvalue' 'layer7_out_V_1' <Predicate = true> <Delay = 0.00>
ST_16 : Operation 82 [1/1] (0.00ns)   --->   "%layer7_out_V_2 = extractvalue i32 %call_ret4" [firmware/myproject.cpp:56]   --->   Operation 82 'extractvalue' 'layer7_out_V_2' <Predicate = true> <Delay = 0.00>
ST_16 : Operation 83 [1/1] (0.00ns)   --->   "%layer7_out_V_3 = extractvalue i32 %call_ret4" [firmware/myproject.cpp:56]   --->   Operation 83 'extractvalue' 'layer7_out_V_3' <Predicate = true> <Delay = 0.00>

State 17 <SV = 16> <Delay = 3.64>
ST_17 : Operation 84 [4/4] (3.64ns)   --->   "%call_ret5 = call i16 @dense_latency<ap_fixed<8, 4, 5, 3, 0>, ap_fixed<8, 4, 5, 3, 0>, config8>, i8 %layer7_out_V, i8 %layer7_out_V_1, i8 %layer7_out_V_2, i8 %layer7_out_V_3" [firmware/nnet_utils/nnet_dense.h:54]   --->   Operation 84 'call' 'call_ret5' <Predicate = true> <Delay = 3.64> <CoreType = "Generic">   --->   Core 0 '' <Latency = 0> <II = 1> <Delay = 1.00> <Generic> <Opcode : >

State 18 <SV = 17> <Delay = 3.64>
ST_18 : Operation 85 [3/4] (3.64ns)   --->   "%call_ret5 = call i16 @dense_latency<ap_fixed<8, 4, 5, 3, 0>, ap_fixed<8, 4, 5, 3, 0>, config8>, i8 %layer7_out_V, i8 %layer7_out_V_1, i8 %layer7_out_V_2, i8 %layer7_out_V_3" [firmware/nnet_utils/nnet_dense.h:54]   --->   Operation 85 'call' 'call_ret5' <Predicate = true> <Delay = 3.64> <CoreType = "Generic">   --->   Core 0 '' <Latency = 0> <II = 1> <Delay = 1.00> <Generic> <Opcode : >

State 19 <SV = 18> <Delay = 3.64>
ST_19 : Operation 86 [2/4] (3.64ns)   --->   "%call_ret5 = call i16 @dense_latency<ap_fixed<8, 4, 5, 3, 0>, ap_fixed<8, 4, 5, 3, 0>, config8>, i8 %layer7_out_V, i8 %layer7_out_V_1, i8 %layer7_out_V_2, i8 %layer7_out_V_3" [firmware/nnet_utils/nnet_dense.h:54]   --->   Operation 86 'call' 'call_ret5' <Predicate = true> <Delay = 3.64> <CoreType = "Generic">   --->   Core 0 '' <Latency = 0> <II = 1> <Delay = 1.00> <Generic> <Opcode : >

State 20 <SV = 19> <Delay = 1.91>
ST_20 : Operation 87 [1/4] (1.91ns)   --->   "%call_ret5 = call i16 @dense_latency<ap_fixed<8, 4, 5, 3, 0>, ap_fixed<8, 4, 5, 3, 0>, config8>, i8 %layer7_out_V, i8 %layer7_out_V_1, i8 %layer7_out_V_2, i8 %layer7_out_V_3" [firmware/nnet_utils/nnet_dense.h:54]   --->   Operation 87 'call' 'call_ret5' <Predicate = true> <Delay = 1.91> <CoreType = "Generic">   --->   Core 0 '' <Latency = 0> <II = 1> <Delay = 1.00> <Generic> <Opcode : >
ST_20 : Operation 88 [1/1] (0.00ns)   --->   "%layer8_out_V = extractvalue i16 %call_ret5" [firmware/nnet_utils/nnet_dense.h:54]   --->   Operation 88 'extractvalue' 'layer8_out_V' <Predicate = true> <Delay = 0.00>
ST_20 : Operation 89 [1/1] (0.00ns)   --->   "%layer8_out_V_1 = extractvalue i16 %call_ret5" [firmware/nnet_utils/nnet_dense.h:54]   --->   Operation 89 'extractvalue' 'layer8_out_V_1' <Predicate = true> <Delay = 0.00>

State 21 <SV = 20> <Delay = 2.54>
ST_21 : Operation 90 [1/1] (2.54ns)   --->   "%call_ret6 = call i16 @relu<ap_fixed<8, 4, 5, 3, 0>, ap_fixed<8, 4, 5, 3, 0>, relu_config10>, i8 %layer8_out_V, i8 %layer8_out_V_1" [firmware/myproject.cpp:64]   --->   Operation 90 'call' 'call_ret6' <Predicate = true> <Delay = 2.54> <CoreType = "Generic">   --->   Core 0 '' <Latency = 0> <II = 1> <Delay = 1.00> <Generic> <Opcode : >
ST_21 : Operation 91 [1/1] (0.00ns)   --->   "%layer10_out_V = extractvalue i16 %call_ret6" [firmware/myproject.cpp:64]   --->   Operation 91 'extractvalue' 'layer10_out_V' <Predicate = true> <Delay = 0.00>
ST_21 : Operation 92 [1/1] (0.00ns)   --->   "%layer10_out_V_1 = extractvalue i16 %call_ret6" [firmware/myproject.cpp:64]   --->   Operation 92 'extractvalue' 'layer10_out_V_1' <Predicate = true> <Delay = 0.00>

State 22 <SV = 21> <Delay = 3.37>
ST_22 : Operation 93 [2/2] (3.37ns)   --->   "%call_ret7 = call i32 @dense_latency<ap_fixed<8, 4, 5, 3, 0>, ap_fixed<8, 4, 5, 3, 0>, config11>, i8 %layer10_out_V, i8 %layer10_out_V_1" [firmware/nnet_utils/nnet_dense.h:54]   --->   Operation 93 'call' 'call_ret7' <Predicate = true> <Delay = 3.37> <CoreType = "Generic">   --->   Core 0 '' <Latency = 0> <II = 1> <Delay = 1.00> <Generic> <Opcode : >

State 23 <SV = 22> <Delay = 3.55>
ST_23 : Operation 94 [1/2] (3.55ns)   --->   "%call_ret7 = call i32 @dense_latency<ap_fixed<8, 4, 5, 3, 0>, ap_fixed<8, 4, 5, 3, 0>, config11>, i8 %layer10_out_V, i8 %layer10_out_V_1" [firmware/nnet_utils/nnet_dense.h:54]   --->   Operation 94 'call' 'call_ret7' <Predicate = true> <Delay = 3.55> <CoreType = "Generic">   --->   Core 0 '' <Latency = 0> <II = 1> <Delay = 1.00> <Generic> <Opcode : >
ST_23 : Operation 95 [1/1] (0.00ns)   --->   "%layer11_out_V = extractvalue i32 %call_ret7" [firmware/nnet_utils/nnet_dense.h:54]   --->   Operation 95 'extractvalue' 'layer11_out_V' <Predicate = true> <Delay = 0.00>
ST_23 : Operation 96 [1/1] (0.00ns)   --->   "%layer11_out_V_1 = extractvalue i32 %call_ret7" [firmware/nnet_utils/nnet_dense.h:54]   --->   Operation 96 'extractvalue' 'layer11_out_V_1' <Predicate = true> <Delay = 0.00>
ST_23 : Operation 97 [1/1] (0.00ns)   --->   "%layer11_out_V_2 = extractvalue i32 %call_ret7" [firmware/nnet_utils/nnet_dense.h:54]   --->   Operation 97 'extractvalue' 'layer11_out_V_2' <Predicate = true> <Delay = 0.00>
ST_23 : Operation 98 [1/1] (0.00ns)   --->   "%layer11_out_V_3 = extractvalue i32 %call_ret7" [firmware/nnet_utils/nnet_dense.h:54]   --->   Operation 98 'extractvalue' 'layer11_out_V_3' <Predicate = true> <Delay = 0.00>

State 24 <SV = 23> <Delay = 2.54>
ST_24 : Operation 99 [1/1] (2.54ns)   --->   "%call_ret8 = call i32 @relu<ap_fixed<8, 4, 5, 3, 0>, ap_fixed<8, 4, 5, 3, 0>, relu_config13>, i8 %layer11_out_V, i8 %layer11_out_V_1, i8 %layer11_out_V_2, i8 %layer11_out_V_3" [firmware/myproject.cpp:72]   --->   Operation 99 'call' 'call_ret8' <Predicate = true> <Delay = 2.54> <CoreType = "Generic">   --->   Core 0 '' <Latency = 0> <II = 1> <Delay = 1.00> <Generic> <Opcode : >
ST_24 : Operation 100 [1/1] (0.00ns)   --->   "%layer13_out_V = extractvalue i32 %call_ret8" [firmware/myproject.cpp:72]   --->   Operation 100 'extractvalue' 'layer13_out_V' <Predicate = true> <Delay = 0.00>
ST_24 : Operation 101 [1/1] (0.00ns)   --->   "%layer13_out_V_1 = extractvalue i32 %call_ret8" [firmware/myproject.cpp:72]   --->   Operation 101 'extractvalue' 'layer13_out_V_1' <Predicate = true> <Delay = 0.00>
ST_24 : Operation 102 [1/1] (0.00ns)   --->   "%layer13_out_V_2 = extractvalue i32 %call_ret8" [firmware/myproject.cpp:72]   --->   Operation 102 'extractvalue' 'layer13_out_V_2' <Predicate = true> <Delay = 0.00>
ST_24 : Operation 103 [1/1] (0.00ns)   --->   "%layer13_out_V_3 = extractvalue i32 %call_ret8" [firmware/myproject.cpp:72]   --->   Operation 103 'extractvalue' 'layer13_out_V_3' <Predicate = true> <Delay = 0.00>

State 25 <SV = 24> <Delay = 3.64>
ST_25 : Operation 104 [4/4] (3.64ns)   --->   "%call_ret9 = call i24 @dense_latency<ap_fixed<8, 4, 5, 3, 0>, ap_fixed<8, 4, 5, 3, 0>, config14>, i8 %layer13_out_V, i8 %layer13_out_V_1, i8 %layer13_out_V_2, i8 %layer13_out_V_3" [firmware/nnet_utils/nnet_dense.h:54]   --->   Operation 104 'call' 'call_ret9' <Predicate = true> <Delay = 3.64> <CoreType = "Generic">   --->   Core 0 '' <Latency = 0> <II = 1> <Delay = 1.00> <Generic> <Opcode : >

State 26 <SV = 25> <Delay = 3.64>
ST_26 : Operation 105 [3/4] (3.64ns)   --->   "%call_ret9 = call i24 @dense_latency<ap_fixed<8, 4, 5, 3, 0>, ap_fixed<8, 4, 5, 3, 0>, config14>, i8 %layer13_out_V, i8 %layer13_out_V_1, i8 %layer13_out_V_2, i8 %layer13_out_V_3" [firmware/nnet_utils/nnet_dense.h:54]   --->   Operation 105 'call' 'call_ret9' <Predicate = true> <Delay = 3.64> <CoreType = "Generic">   --->   Core 0 '' <Latency = 0> <II = 1> <Delay = 1.00> <Generic> <Opcode : >

State 27 <SV = 26> <Delay = 3.64>
ST_27 : Operation 106 [2/4] (3.64ns)   --->   "%call_ret9 = call i24 @dense_latency<ap_fixed<8, 4, 5, 3, 0>, ap_fixed<8, 4, 5, 3, 0>, config14>, i8 %layer13_out_V, i8 %layer13_out_V_1, i8 %layer13_out_V_2, i8 %layer13_out_V_3" [firmware/nnet_utils/nnet_dense.h:54]   --->   Operation 106 'call' 'call_ret9' <Predicate = true> <Delay = 3.64> <CoreType = "Generic">   --->   Core 0 '' <Latency = 0> <II = 1> <Delay = 1.00> <Generic> <Opcode : >

State 28 <SV = 27> <Delay = 1.91>
ST_28 : Operation 107 [1/4] (1.91ns)   --->   "%call_ret9 = call i24 @dense_latency<ap_fixed<8, 4, 5, 3, 0>, ap_fixed<8, 4, 5, 3, 0>, config14>, i8 %layer13_out_V, i8 %layer13_out_V_1, i8 %layer13_out_V_2, i8 %layer13_out_V_3" [firmware/nnet_utils/nnet_dense.h:54]   --->   Operation 107 'call' 'call_ret9' <Predicate = true> <Delay = 1.91> <CoreType = "Generic">   --->   Core 0 '' <Latency = 0> <II = 1> <Delay = 1.00> <Generic> <Opcode : >
ST_28 : Operation 108 [1/1] (0.00ns)   --->   "%layer14_out_V = extractvalue i24 %call_ret9" [firmware/nnet_utils/nnet_dense.h:54]   --->   Operation 108 'extractvalue' 'layer14_out_V' <Predicate = true> <Delay = 0.00>
ST_28 : Operation 109 [1/1] (0.00ns)   --->   "%layer14_out_V_1 = extractvalue i24 %call_ret9" [firmware/nnet_utils/nnet_dense.h:54]   --->   Operation 109 'extractvalue' 'layer14_out_V_1' <Predicate = true> <Delay = 0.00>
ST_28 : Operation 110 [1/1] (0.00ns)   --->   "%layer14_out_V_2 = extractvalue i24 %call_ret9" [firmware/nnet_utils/nnet_dense.h:54]   --->   Operation 110 'extractvalue' 'layer14_out_V_2' <Predicate = true> <Delay = 0.00>

State 29 <SV = 28> <Delay = 2.54>
ST_29 : Operation 111 [1/1] (2.54ns)   --->   "%call_ret10 = call i24 @relu<ap_fixed<8, 4, 5, 3, 0>, ap_fixed<8, 4, 5, 3, 0>, relu_config16>, i8 %layer14_out_V, i8 %layer14_out_V_1, i8 %layer14_out_V_2" [firmware/myproject.cpp:80]   --->   Operation 111 'call' 'call_ret10' <Predicate = true> <Delay = 2.54> <CoreType = "Generic">   --->   Core 0 '' <Latency = 0> <II = 1> <Delay = 1.00> <Generic> <Opcode : >
ST_29 : Operation 112 [1/1] (0.00ns)   --->   "%layer16_out_V = extractvalue i24 %call_ret10" [firmware/myproject.cpp:80]   --->   Operation 112 'extractvalue' 'layer16_out_V' <Predicate = true> <Delay = 0.00>
ST_29 : Operation 113 [1/1] (0.00ns)   --->   "%layer16_out_V_1 = extractvalue i24 %call_ret10" [firmware/myproject.cpp:80]   --->   Operation 113 'extractvalue' 'layer16_out_V_1' <Predicate = true> <Delay = 0.00>
ST_29 : Operation 114 [1/1] (0.00ns)   --->   "%layer16_out_V_2 = extractvalue i24 %call_ret10" [firmware/myproject.cpp:80]   --->   Operation 114 'extractvalue' 'layer16_out_V_2' <Predicate = true> <Delay = 0.00>

State 30 <SV = 29> <Delay = 3.34>
ST_30 : Operation 115 [6/6] (3.34ns)   --->   "%call_ret11 = call i16 @dense_latency<ap_fixed<8, 4, 5, 3, 0>, ap_fixed<8, 4, 5, 3, 0>, config17>, i8 %layer16_out_V, i8 %layer16_out_V_1, i8 %layer16_out_V_2" [firmware/nnet_utils/nnet_dense.h:54]   --->   Operation 115 'call' 'call_ret11' <Predicate = true> <Delay = 3.34> <CoreType = "Generic">   --->   Core 0 '' <Latency = 0> <II = 1> <Delay = 1.00> <Generic> <Opcode : >

State 31 <SV = 30> <Delay = 3.34>
ST_31 : Operation 116 [5/6] (3.34ns)   --->   "%call_ret11 = call i16 @dense_latency<ap_fixed<8, 4, 5, 3, 0>, ap_fixed<8, 4, 5, 3, 0>, config17>, i8 %layer16_out_V, i8 %layer16_out_V_1, i8 %layer16_out_V_2" [firmware/nnet_utils/nnet_dense.h:54]   --->   Operation 116 'call' 'call_ret11' <Predicate = true> <Delay = 3.34> <CoreType = "Generic">   --->   Core 0 '' <Latency = 0> <II = 1> <Delay = 1.00> <Generic> <Opcode : >

State 32 <SV = 31> <Delay = 3.34>
ST_32 : Operation 117 [4/6] (3.34ns)   --->   "%call_ret11 = call i16 @dense_latency<ap_fixed<8, 4, 5, 3, 0>, ap_fixed<8, 4, 5, 3, 0>, config17>, i8 %layer16_out_V, i8 %layer16_out_V_1, i8 %layer16_out_V_2" [firmware/nnet_utils/nnet_dense.h:54]   --->   Operation 117 'call' 'call_ret11' <Predicate = true> <Delay = 3.34> <CoreType = "Generic">   --->   Core 0 '' <Latency = 0> <II = 1> <Delay = 1.00> <Generic> <Opcode : >

State 33 <SV = 32> <Delay = 3.34>
ST_33 : Operation 118 [3/6] (3.34ns)   --->   "%call_ret11 = call i16 @dense_latency<ap_fixed<8, 4, 5, 3, 0>, ap_fixed<8, 4, 5, 3, 0>, config17>, i8 %layer16_out_V, i8 %layer16_out_V_1, i8 %layer16_out_V_2" [firmware/nnet_utils/nnet_dense.h:54]   --->   Operation 118 'call' 'call_ret11' <Predicate = true> <Delay = 3.34> <CoreType = "Generic">   --->   Core 0 '' <Latency = 0> <II = 1> <Delay = 1.00> <Generic> <Opcode : >

State 34 <SV = 33> <Delay = 3.34>
ST_34 : Operation 119 [2/6] (3.34ns)   --->   "%call_ret11 = call i16 @dense_latency<ap_fixed<8, 4, 5, 3, 0>, ap_fixed<8, 4, 5, 3, 0>, config17>, i8 %layer16_out_V, i8 %layer16_out_V_1, i8 %layer16_out_V_2" [firmware/nnet_utils/nnet_dense.h:54]   --->   Operation 119 'call' 'call_ret11' <Predicate = true> <Delay = 3.34> <CoreType = "Generic">   --->   Core 0 '' <Latency = 0> <II = 1> <Delay = 1.00> <Generic> <Opcode : >

State 35 <SV = 34> <Delay = 1.91>
ST_35 : Operation 120 [1/6] (1.91ns)   --->   "%call_ret11 = call i16 @dense_latency<ap_fixed<8, 4, 5, 3, 0>, ap_fixed<8, 4, 5, 3, 0>, config17>, i8 %layer16_out_V, i8 %layer16_out_V_1, i8 %layer16_out_V_2" [firmware/nnet_utils/nnet_dense.h:54]   --->   Operation 120 'call' 'call_ret11' <Predicate = true> <Delay = 1.91> <CoreType = "Generic">   --->   Core 0 '' <Latency = 0> <II = 1> <Delay = 1.00> <Generic> <Opcode : >
ST_35 : Operation 121 [1/1] (0.00ns)   --->   "%layer17_out_V = extractvalue i16 %call_ret11" [firmware/nnet_utils/nnet_dense.h:54]   --->   Operation 121 'extractvalue' 'layer17_out_V' <Predicate = true> <Delay = 0.00>
ST_35 : Operation 122 [1/1] (0.00ns)   --->   "%layer17_out_V_1 = extractvalue i16 %call_ret11" [firmware/nnet_utils/nnet_dense.h:54]   --->   Operation 122 'extractvalue' 'layer17_out_V_1' <Predicate = true> <Delay = 0.00>

State 36 <SV = 35> <Delay = 2.79>
ST_36 : Operation 123 [11/11] (2.79ns)   --->   "%call_ret = call i16 @softmax_stable<ap_fixed,ap_fixed<8,4,5,3,0>,softmax_config19>, i8 %layer17_out_V, i8 %layer17_out_V_1, i17 %exp_table, i18 %invert_table" [firmware/nnet_utils/nnet_activation.h:386]   --->   Operation 123 'call' 'call_ret' <Predicate = true> <Delay = 2.79> <CoreType = "Generic">   --->   Core 0 '' <Latency = 0> <II = 1> <Delay = 1.00> <Generic> <Opcode : >

State 37 <SV = 36> <Delay = 3.89>
ST_37 : Operation 124 [10/11] (3.89ns)   --->   "%call_ret = call i16 @softmax_stable<ap_fixed,ap_fixed<8,4,5,3,0>,softmax_config19>, i8 %layer17_out_V, i8 %layer17_out_V_1, i17 %exp_table, i18 %invert_table" [firmware/nnet_utils/nnet_activation.h:386]   --->   Operation 124 'call' 'call_ret' <Predicate = true> <Delay = 3.89> <CoreType = "Generic">   --->   Core 0 '' <Latency = 0> <II = 1> <Delay = 1.00> <Generic> <Opcode : >

State 38 <SV = 37> <Delay = 3.89>
ST_38 : Operation 125 [9/11] (3.89ns)   --->   "%call_ret = call i16 @softmax_stable<ap_fixed,ap_fixed<8,4,5,3,0>,softmax_config19>, i8 %layer17_out_V, i8 %layer17_out_V_1, i17 %exp_table, i18 %invert_table" [firmware/nnet_utils/nnet_activation.h:386]   --->   Operation 125 'call' 'call_ret' <Predicate = true> <Delay = 3.89> <CoreType = "Generic">   --->   Core 0 '' <Latency = 0> <II = 1> <Delay = 1.00> <Generic> <Opcode : >

State 39 <SV = 38> <Delay = 3.89>
ST_39 : Operation 126 [8/11] (3.89ns)   --->   "%call_ret = call i16 @softmax_stable<ap_fixed,ap_fixed<8,4,5,3,0>,softmax_config19>, i8 %layer17_out_V, i8 %layer17_out_V_1, i17 %exp_table, i18 %invert_table" [firmware/nnet_utils/nnet_activation.h:386]   --->   Operation 126 'call' 'call_ret' <Predicate = true> <Delay = 3.89> <CoreType = "Generic">   --->   Core 0 '' <Latency = 0> <II = 1> <Delay = 1.00> <Generic> <Opcode : >

State 40 <SV = 39> <Delay = 3.89>
ST_40 : Operation 127 [7/11] (3.89ns)   --->   "%call_ret = call i16 @softmax_stable<ap_fixed,ap_fixed<8,4,5,3,0>,softmax_config19>, i8 %layer17_out_V, i8 %layer17_out_V_1, i17 %exp_table, i18 %invert_table" [firmware/nnet_utils/nnet_activation.h:386]   --->   Operation 127 'call' 'call_ret' <Predicate = true> <Delay = 3.89> <CoreType = "Generic">   --->   Core 0 '' <Latency = 0> <II = 1> <Delay = 1.00> <Generic> <Opcode : >

State 41 <SV = 40> <Delay = 3.89>
ST_41 : Operation 128 [6/11] (3.89ns)   --->   "%call_ret = call i16 @softmax_stable<ap_fixed,ap_fixed<8,4,5,3,0>,softmax_config19>, i8 %layer17_out_V, i8 %layer17_out_V_1, i17 %exp_table, i18 %invert_table" [firmware/nnet_utils/nnet_activation.h:386]   --->   Operation 128 'call' 'call_ret' <Predicate = true> <Delay = 3.89> <CoreType = "Generic">   --->   Core 0 '' <Latency = 0> <II = 1> <Delay = 1.00> <Generic> <Opcode : >

State 42 <SV = 41> <Delay = 3.89>
ST_42 : Operation 129 [5/11] (3.89ns)   --->   "%call_ret = call i16 @softmax_stable<ap_fixed,ap_fixed<8,4,5,3,0>,softmax_config19>, i8 %layer17_out_V, i8 %layer17_out_V_1, i17 %exp_table, i18 %invert_table" [firmware/nnet_utils/nnet_activation.h:386]   --->   Operation 129 'call' 'call_ret' <Predicate = true> <Delay = 3.89> <CoreType = "Generic">   --->   Core 0 '' <Latency = 0> <II = 1> <Delay = 1.00> <Generic> <Opcode : >

State 43 <SV = 42> <Delay = 3.89>
ST_43 : Operation 130 [4/11] (3.89ns)   --->   "%call_ret = call i16 @softmax_stable<ap_fixed,ap_fixed<8,4,5,3,0>,softmax_config19>, i8 %layer17_out_V, i8 %layer17_out_V_1, i17 %exp_table, i18 %invert_table" [firmware/nnet_utils/nnet_activation.h:386]   --->   Operation 130 'call' 'call_ret' <Predicate = true> <Delay = 3.89> <CoreType = "Generic">   --->   Core 0 '' <Latency = 0> <II = 1> <Delay = 1.00> <Generic> <Opcode : >

State 44 <SV = 43> <Delay = 3.89>
ST_44 : Operation 131 [3/11] (3.89ns)   --->   "%call_ret = call i16 @softmax_stable<ap_fixed,ap_fixed<8,4,5,3,0>,softmax_config19>, i8 %layer17_out_V, i8 %layer17_out_V_1, i17 %exp_table, i18 %invert_table" [firmware/nnet_utils/nnet_activation.h:386]   --->   Operation 131 'call' 'call_ret' <Predicate = true> <Delay = 3.89> <CoreType = "Generic">   --->   Core 0 '' <Latency = 0> <II = 1> <Delay = 1.00> <Generic> <Opcode : >

State 45 <SV = 44> <Delay = 3.89>
ST_45 : Operation 132 [2/11] (3.89ns)   --->   "%call_ret = call i16 @softmax_stable<ap_fixed,ap_fixed<8,4,5,3,0>,softmax_config19>, i8 %layer17_out_V, i8 %layer17_out_V_1, i17 %exp_table, i18 %invert_table" [firmware/nnet_utils/nnet_activation.h:386]   --->   Operation 132 'call' 'call_ret' <Predicate = true> <Delay = 3.89> <CoreType = "Generic">   --->   Core 0 '' <Latency = 0> <II = 1> <Delay = 1.00> <Generic> <Opcode : >

State 46 <SV = 45> <Delay = 0.00>
ST_46 : Operation 133 [1/1] (0.00ns)   --->   "%specpipeline_ln0 = specpipeline void @_ssdm_op_SpecPipeline, i32 4294967295, i32 0, i32 0, i32 0, void @empty_0"   --->   Operation 133 'specpipeline' 'specpipeline_ln0' <Predicate = true> <Delay = 0.00>
ST_46 : Operation 134 [1/1] (0.00ns)   --->   "%spectopmodule_ln0 = spectopmodule void @_ssdm_op_SpecTopModule, void @empty_2"   --->   Operation 134 'spectopmodule' 'spectopmodule_ln0' <Predicate = true> <Delay = 0.00>
ST_46 : Operation 135 [1/1] (0.00ns)   --->   "%specbitsmap_ln0 = specbitsmap void @_ssdm_op_SpecBitsMap, i2576 %inputLayer"   --->   Operation 135 'specbitsmap' 'specbitsmap_ln0' <Predicate = true> <Delay = 0.00>
ST_46 : Operation 136 [1/1] (0.00ns)   --->   "%specinterface_ln0 = specinterface void @_ssdm_op_SpecInterface, i2576 %inputLayer, void @empty, i32 0, i32 0, void @empty_0, i32 0, i32 0, void @empty_0, void @empty_0, void @empty_0, i32 0, i32 0, i32 0, i32 0, void @empty_0, void @empty_0, i32 4294967295, i32 0"   --->   Operation 136 'specinterface' 'specinterface_ln0' <Predicate = true> <Delay = 0.00>
ST_46 : Operation 137 [1/1] (0.00ns)   --->   "%specbitsmap_ln0 = specbitsmap void @_ssdm_op_SpecBitsMap, i8 %layer19_out_0"   --->   Operation 137 'specbitsmap' 'specbitsmap_ln0' <Predicate = true> <Delay = 0.00>
ST_46 : Operation 138 [1/1] (0.00ns)   --->   "%specinterface_ln0 = specinterface void @_ssdm_op_SpecInterface, i8 %layer19_out_0, void @empty, i32 0, i32 0, void @empty_0, i32 0, i32 0, void @empty_0, void @empty_0, void @empty_0, i32 0, i32 0, i32 0, i32 0, void @empty_0, void @empty_0, i32 4294967295, i32 0"   --->   Operation 138 'specinterface' 'specinterface_ln0' <Predicate = true> <Delay = 0.00>
ST_46 : Operation 139 [1/1] (0.00ns)   --->   "%specbitsmap_ln0 = specbitsmap void @_ssdm_op_SpecBitsMap, i8 %layer19_out_1"   --->   Operation 139 'specbitsmap' 'specbitsmap_ln0' <Predicate = true> <Delay = 0.00>
ST_46 : Operation 140 [1/1] (0.00ns)   --->   "%specinterface_ln0 = specinterface void @_ssdm_op_SpecInterface, i8 %layer19_out_1, void @empty, i32 0, i32 0, void @empty_0, i32 0, i32 0, void @empty_0, void @empty_0, void @empty_0, i32 0, i32 0, i32 0, i32 0, void @empty_0, void @empty_0, i32 4294967295, i32 0"   --->   Operation 140 'specinterface' 'specinterface_ln0' <Predicate = true> <Delay = 0.00>
ST_46 : Operation 141 [1/11] (0.00ns)   --->   "%call_ret = call i16 @softmax_stable<ap_fixed,ap_fixed<8,4,5,3,0>,softmax_config19>, i8 %layer17_out_V, i8 %layer17_out_V_1, i17 %exp_table, i18 %invert_table" [firmware/nnet_utils/nnet_activation.h:386]   --->   Operation 141 'call' 'call_ret' <Predicate = true> <Delay = 0.00> <CoreType = "Generic">   --->   Core 0 '' <Latency = 0> <II = 1> <Delay = 1.00> <Generic> <Opcode : >
ST_46 : Operation 142 [1/1] (0.00ns)   --->   "%layer19_out_0_ret = extractvalue i16 %call_ret" [firmware/nnet_utils/nnet_activation.h:386]   --->   Operation 142 'extractvalue' 'layer19_out_0_ret' <Predicate = true> <Delay = 0.00>
ST_46 : Operation 143 [1/1] (0.00ns)   --->   "%write_ln386 = write void @_ssdm_op_Write.ap_vld.i8P0A, i8 %layer19_out_0, i8 %layer19_out_0_ret" [firmware/nnet_utils/nnet_activation.h:386]   --->   Operation 143 'write' 'write_ln386' <Predicate = true> <Delay = 0.00>
ST_46 : Operation 144 [1/1] (0.00ns)   --->   "%layer19_out_1_ret = extractvalue i16 %call_ret" [firmware/nnet_utils/nnet_activation.h:386]   --->   Operation 144 'extractvalue' 'layer19_out_1_ret' <Predicate = true> <Delay = 0.00>
ST_46 : Operation 145 [1/1] (0.00ns)   --->   "%write_ln386 = write void @_ssdm_op_Write.ap_vld.i8P0A, i8 %layer19_out_1, i8 %layer19_out_1_ret" [firmware/nnet_utils/nnet_activation.h:386]   --->   Operation 145 'write' 'write_ln386' <Predicate = true> <Delay = 0.00>
ST_46 : Operation 146 [1/1] (0.00ns)   --->   "%ret_ln88 = ret" [firmware/myproject.cpp:88]   --->   Operation 146 'ret' 'ret_ln88' <Predicate = true> <Delay = 0.00>


============================================================
+ Verbose Summary: Binding
============================================================
STG Binding: 
---------------- STG Properties BEGIN ----------------
- Is combinational: 0
- Is one-state seq: 0
- Is datapath-only: 0
- Is pipelined: 1
- Is top level: 1
Port [ Return ] is wired: 1; IO mode=ap_ctrl_hs:ce=0
Port [ inputLayer]:  wired=1; compound=0; hidden=0; nouse=0; global=0; static=0; extern=0; dir=0; type=0; pingpong=0; private_global=0; IO mode=ap_vld:ce=0
Port [ layer19_out_0]:  wired=1; compound=0; hidden=0; nouse=0; global=0; static=0; extern=0; dir=1; type=0; pingpong=0; private_global=0; IO mode=ap_vld:ce=0
Port [ layer19_out_1]:  wired=1; compound=0; hidden=0; nouse=0; global=0; static=0; extern=0; dir=1; type=0; pingpong=0; private_global=0; IO mode=ap_vld:ce=0
Port [ exp_table]:  wired=0; compound=1; hidden=1; nouse=1; global=1; static=1; extern=0; dir=0; type=1; pingpong=0; private_global=0; MemPort=[11]; IO mode=ap_memory:ce=0
Port [ invert_table]:  wired=0; compound=1; hidden=1; nouse=1; global=1; static=1; extern=0; dir=0; type=1; pingpong=0; private_global=0; MemPort=[1]; IO mode=ap_memory:ce=0
---------------- STG Properties END ------------------

---------------- Datapath Model BEGIN ----------------

<LifeTime>
<method=bitvector/>
inputLayer_read   (read         ) [ 01111111110000000000000000000000000000000000000]
call_ret1         (call         ) [ 00000000000000000000000000000000000000000000000]
layer2_out_V      (extractvalue ) [ 01000000001000000000000000000000000000000000000]
layer2_out_V_1    (extractvalue ) [ 01000000001000000000000000000000000000000000000]
layer2_out_V_2    (extractvalue ) [ 01000000001000000000000000000000000000000000000]
layer2_out_V_3    (extractvalue ) [ 01000000001000000000000000000000000000000000000]
layer2_out_V_4    (extractvalue ) [ 01000000001000000000000000000000000000000000000]
layer2_out_V_5    (extractvalue ) [ 01000000001000000000000000000000000000000000000]
call_ret2         (call         ) [ 00000000000000000000000000000000000000000000000]
layer4_out_V      (extractvalue ) [ 01000000000111110000000000000000000000000000000]
layer4_out_V_1    (extractvalue ) [ 01000000000111110000000000000000000000000000000]
layer4_out_V_2    (extractvalue ) [ 01000000000111110000000000000000000000000000000]
layer4_out_V_3    (extractvalue ) [ 01000000000111110000000000000000000000000000000]
layer4_out_V_4    (extractvalue ) [ 01000000000111110000000000000000000000000000000]
layer4_out_V_5    (extractvalue ) [ 01000000000111110000000000000000000000000000000]
call_ret3         (call         ) [ 00000000000000000000000000000000000000000000000]
layer5_out_V      (extractvalue ) [ 01000000000000001000000000000000000000000000000]
layer5_out_V_1    (extractvalue ) [ 01000000000000001000000000000000000000000000000]
layer5_out_V_2    (extractvalue ) [ 01000000000000001000000000000000000000000000000]
layer5_out_V_3    (extractvalue ) [ 01000000000000001000000000000000000000000000000]
call_ret4         (call         ) [ 00000000000000000000000000000000000000000000000]
layer7_out_V      (extractvalue ) [ 01000000000000000111100000000000000000000000000]
layer7_out_V_1    (extractvalue ) [ 01000000000000000111100000000000000000000000000]
layer7_out_V_2    (extractvalue ) [ 01000000000000000111100000000000000000000000000]
layer7_out_V_3    (extractvalue ) [ 01000000000000000111100000000000000000000000000]
call_ret5         (call         ) [ 00000000000000000000000000000000000000000000000]
layer8_out_V      (extractvalue ) [ 01000000000000000000010000000000000000000000000]
layer8_out_V_1    (extractvalue ) [ 01000000000000000000010000000000000000000000000]
call_ret6         (call         ) [ 00000000000000000000000000000000000000000000000]
layer10_out_V     (extractvalue ) [ 01000000000000000000001000000000000000000000000]
layer10_out_V_1   (extractvalue ) [ 01000000000000000000001000000000000000000000000]
call_ret7         (call         ) [ 00000000000000000000000000000000000000000000000]
layer11_out_V     (extractvalue ) [ 01000000000000000000000010000000000000000000000]
layer11_out_V_1   (extractvalue ) [ 01000000000000000000000010000000000000000000000]
layer11_out_V_2   (extractvalue ) [ 01000000000000000000000010000000000000000000000]
layer11_out_V_3   (extractvalue ) [ 01000000000000000000000010000000000000000000000]
call_ret8         (call         ) [ 00000000000000000000000000000000000000000000000]
layer13_out_V     (extractvalue ) [ 01000000000000000000000001111000000000000000000]
layer13_out_V_1   (extractvalue ) [ 01000000000000000000000001111000000000000000000]
layer13_out_V_2   (extractvalue ) [ 01000000000000000000000001111000000000000000000]
layer13_out_V_3   (extractvalue ) [ 01000000000000000000000001111000000000000000000]
call_ret9         (call         ) [ 00000000000000000000000000000000000000000000000]
layer14_out_V     (extractvalue ) [ 01000000000000000000000000000100000000000000000]
layer14_out_V_1   (extractvalue ) [ 01000000000000000000000000000100000000000000000]
layer14_out_V_2   (extractvalue ) [ 01000000000000000000000000000100000000000000000]
call_ret10        (call         ) [ 00000000000000000000000000000000000000000000000]
layer16_out_V     (extractvalue ) [ 01000000000000000000000000000011111100000000000]
layer16_out_V_1   (extractvalue ) [ 01000000000000000000000000000011111100000000000]
layer16_out_V_2   (extractvalue ) [ 01000000000000000000000000000011111100000000000]
call_ret11        (call         ) [ 00000000000000000000000000000000000000000000000]
layer17_out_V     (extractvalue ) [ 01000000000000000000000000000000000010000000000]
layer17_out_V_1   (extractvalue ) [ 01000000000000000000000000000000000010000000000]
specpipeline_ln0  (specpipeline ) [ 00000000000000000000000000000000000000000000000]
spectopmodule_ln0 (spectopmodule) [ 00000000000000000000000000000000000000000000000]
specbitsmap_ln0   (specbitsmap  ) [ 00000000000000000000000000000000000000000000000]
specinterface_ln0 (specinterface) [ 00000000000000000000000000000000000000000000000]
specbitsmap_ln0   (specbitsmap  ) [ 00000000000000000000000000000000000000000000000]
specinterface_ln0 (specinterface) [ 00000000000000000000000000000000000000000000000]
specbitsmap_ln0   (specbitsmap  ) [ 00000000000000000000000000000000000000000000000]
specinterface_ln0 (specinterface) [ 00000000000000000000000000000000000000000000000]
call_ret          (call         ) [ 00000000000000000000000000000000000000000000000]
layer19_out_0_ret (extractvalue ) [ 00000000000000000000000000000000000000000000000]
write_ln386       (write        ) [ 00000000000000000000000000000000000000000000000]
layer19_out_1_ret (extractvalue ) [ 00000000000000000000000000000000000000000000000]
write_ln386       (write        ) [ 00000000000000000000000000000000000000000000000]
ret_ln88          (ret          ) [ 00000000000000000000000000000000000000000000000]
</LifeTime>

<model>

<comp_list>
<comp id="0" class="1000" name="inputLayer">
<pin_list>
<pin id="1" dir="1" index="0" bw="1" slack="0"/>
</pin_list>
<bind>
<StgValue><ssdm name="inputLayer"/></StgValue>
</bind>
</comp>

<comp id="2" class="1000" name="layer19_out_0">
<pin_list>
<pin id="3" dir="1" index="0" bw="1" slack="0"/>
</pin_list>
<bind>
<StgValue><ssdm name="layer19_out_0"/></StgValue>
</bind>
</comp>

<comp id="4" class="1000" name="layer19_out_1">
<pin_list>
<pin id="5" dir="1" index="0" bw="1" slack="0"/>
</pin_list>
<bind>
<StgValue><ssdm name="layer19_out_1"/></StgValue>
</bind>
</comp>

<comp id="6" class="1000" name="exp_table">
<pin_list>
<pin id="7" dir="1" index="0" bw="1" slack="0"/>
</pin_list>
<bind>
<StgValue><ssdm name="exp_table"/><MemPortTyVec>1 1 </MemPortTyVec>
</StgValue>
</bind>
</comp>

<comp id="8" class="1000" name="invert_table">
<pin_list>
<pin id="9" dir="1" index="0" bw="1" slack="0"/>
</pin_list>
<bind>
<StgValue><ssdm name="invert_table"/><MemPortTyVec>1 </MemPortTyVec>
</StgValue>
</bind>
</comp>

<comp id="10" class="1001" name="const_10">
<pin_list>
<pin id="11" dir="1" index="0" bw="1" slack="0"/>
</pin_list>
<bind>
<StgValue><ssdm name="_ssdm_op_Read.ap_vld.i2576P0A"/></StgValue>
</bind>
</comp>

<comp id="12" class="1001" name="const_12">
<pin_list>
<pin id="13" dir="1" index="0" bw="1" slack="0"/>
</pin_list>
<bind>
<StgValue><ssdm name="dense_latency<ap_fixed<16, 6, 5, 3, 0>, ap_fixed<8, 4, 5, 3, 0>, config2>"/></StgValue>
</bind>
</comp>

<comp id="14" class="1001" name="const_14">
<pin_list>
<pin id="15" dir="1" index="0" bw="1" slack="0"/>
</pin_list>
<bind>
<StgValue><ssdm name="relu<ap_fixed<8, 4, 5, 3, 0>, ap_fixed<8, 4, 5, 3, 0>, relu_config4>"/></StgValue>
</bind>
</comp>

<comp id="16" class="1001" name="const_16">
<pin_list>
<pin id="17" dir="1" index="0" bw="1" slack="0"/>
</pin_list>
<bind>
<StgValue><ssdm name="dense_latency<ap_fixed<8, 4, 5, 3, 0>, ap_fixed<8, 4, 5, 3, 0>, config5>"/></StgValue>
</bind>
</comp>

<comp id="18" class="1001" name="const_18">
<pin_list>
<pin id="19" dir="1" index="0" bw="1" slack="0"/>
</pin_list>
<bind>
<StgValue><ssdm name="relu<ap_fixed<8, 4, 5, 3, 0>, ap_fixed<8, 4, 5, 3, 0>, relu_config7>"/></StgValue>
</bind>
</comp>

<comp id="20" class="1001" name="const_20">
<pin_list>
<pin id="21" dir="1" index="0" bw="1" slack="0"/>
</pin_list>
<bind>
<StgValue><ssdm name="dense_latency<ap_fixed<8, 4, 5, 3, 0>, ap_fixed<8, 4, 5, 3, 0>, config8>"/></StgValue>
</bind>
</comp>

<comp id="22" class="1001" name="const_22">
<pin_list>
<pin id="23" dir="1" index="0" bw="1" slack="0"/>
</pin_list>
<bind>
<StgValue><ssdm name="relu<ap_fixed<8, 4, 5, 3, 0>, ap_fixed<8, 4, 5, 3, 0>, relu_config10>"/></StgValue>
</bind>
</comp>

<comp id="24" class="1001" name="const_24">
<pin_list>
<pin id="25" dir="1" index="0" bw="1" slack="0"/>
</pin_list>
<bind>
<StgValue><ssdm name="dense_latency<ap_fixed<8, 4, 5, 3, 0>, ap_fixed<8, 4, 5, 3, 0>, config11>"/></StgValue>
</bind>
</comp>

<comp id="26" class="1001" name="const_26">
<pin_list>
<pin id="27" dir="1" index="0" bw="1" slack="0"/>
</pin_list>
<bind>
<StgValue><ssdm name="relu<ap_fixed<8, 4, 5, 3, 0>, ap_fixed<8, 4, 5, 3, 0>, relu_config13>"/></StgValue>
</bind>
</comp>

<comp id="28" class="1001" name="const_28">
<pin_list>
<pin id="29" dir="1" index="0" bw="1" slack="0"/>
</pin_list>
<bind>
<StgValue><ssdm name="dense_latency<ap_fixed<8, 4, 5, 3, 0>, ap_fixed<8, 4, 5, 3, 0>, config14>"/></StgValue>
</bind>
</comp>

<comp id="30" class="1001" name="const_30">
<pin_list>
<pin id="31" dir="1" index="0" bw="1" slack="0"/>
</pin_list>
<bind>
<StgValue><ssdm name="relu<ap_fixed<8, 4, 5, 3, 0>, ap_fixed<8, 4, 5, 3, 0>, relu_config16>"/></StgValue>
</bind>
</comp>

<comp id="32" class="1001" name="const_32">
<pin_list>
<pin id="33" dir="1" index="0" bw="1" slack="0"/>
</pin_list>
<bind>
<StgValue><ssdm name="dense_latency<ap_fixed<8, 4, 5, 3, 0>, ap_fixed<8, 4, 5, 3, 0>, config17>"/></StgValue>
</bind>
</comp>

<comp id="34" class="1001" name="const_34">
<pin_list>
<pin id="35" dir="1" index="0" bw="1" slack="0"/>
</pin_list>
<bind>
<StgValue><ssdm name="softmax_stable<ap_fixed,ap_fixed<8,4,5,3,0>,softmax_config19>"/></StgValue>
</bind>
</comp>

<comp id="36" class="1001" name="const_36">
<pin_list>
<pin id="37" dir="1" index="0" bw="1" slack="2147483647"/>
</pin_list>
<bind>
<StgValue><ssdm name="_ssdm_op_SpecPipeline"/></StgValue>
</bind>
</comp>

<comp id="38" class="1001" name="const_38">
<pin_list>
<pin id="39" dir="1" index="0" bw="1" slack="2147483647"/>
</pin_list>
<bind>
<StgValue><ssdm name=""/></StgValue>
</bind>
</comp>

<comp id="40" class="1001" name="const_40">
<pin_list>
<pin id="41" dir="1" index="0" bw="1" slack="2147483647"/>
</pin_list>
<bind>
<StgValue><ssdm name=""/></StgValue>
</bind>
</comp>

<comp id="42" class="1001" name="const_42">
<pin_list>
<pin id="43" dir="1" index="0" bw="1" slack="2147483647"/>
</pin_list>
<bind>
<StgValue><ssdm name="empty_0"/></StgValue>
</bind>
</comp>

<comp id="44" class="1001" name="const_44">
<pin_list>
<pin id="45" dir="1" index="0" bw="1" slack="2147483647"/>
</pin_list>
<bind>
<StgValue><ssdm name="_ssdm_op_SpecTopModule"/></StgValue>
</bind>
</comp>

<comp id="46" class="1001" name="const_46">
<pin_list>
<pin id="47" dir="1" index="0" bw="1" slack="2147483647"/>
</pin_list>
<bind>
<StgValue><ssdm name="empty_2"/></StgValue>
</bind>
</comp>

<comp id="48" class="1001" name="const_48">
<pin_list>
<pin id="49" dir="1" index="0" bw="1" slack="2147483647"/>
</pin_list>
<bind>
<StgValue><ssdm name="_ssdm_op_SpecBitsMap"/></StgValue>
</bind>
</comp>

<comp id="50" class="1001" name="const_50">
<pin_list>
<pin id="51" dir="1" index="0" bw="1" slack="2147483647"/>
</pin_list>
<bind>
<StgValue><ssdm name="_ssdm_op_SpecInterface"/></StgValue>
</bind>
</comp>

<comp id="52" class="1001" name="const_52">
<pin_list>
<pin id="53" dir="1" index="0" bw="1" slack="2147483647"/>
</pin_list>
<bind>
<StgValue><ssdm name="empty"/></StgValue>
</bind>
</comp>

<comp id="54" class="1001" name="const_54">
<pin_list>
<pin id="55" dir="1" index="0" bw="1" slack="0"/>
</pin_list>
<bind>
<StgValue><ssdm name="_ssdm_op_Write.ap_vld.i8P0A"/></StgValue>
</bind>
</comp>

<comp id="56" class="1004" name="inputLayer_read_read_fu_56">
<pin_list>
<pin id="57" dir="0" index="0" bw="2576" slack="0"/>
<pin id="58" dir="0" index="1" bw="2576" slack="0"/>
<pin id="59" dir="1" index="2" bw="2576" slack="0"/>
</pin_list>
<bind>
<opcode="read(1150) " fcode="read"/>
<opset="inputLayer_read/1 "/>
</bind>
</comp>

<comp id="62" class="1004" name="write_ln386_write_fu_62">
<pin_list>
<pin id="63" dir="0" index="0" bw="0" slack="0"/>
<pin id="64" dir="0" index="1" bw="8" slack="0"/>
<pin id="65" dir="0" index="2" bw="8" slack="0"/>
<pin id="66" dir="1" index="3" bw="0" slack="2147483647"/>
</pin_list>
<bind>
<opcode="write(1151) " fcode="write"/>
<opset="write_ln386/46 "/>
</bind>
</comp>

<comp id="69" class="1004" name="write_ln386_write_fu_69">
<pin_list>
<pin id="70" dir="0" index="0" bw="0" slack="0"/>
<pin id="71" dir="0" index="1" bw="8" slack="0"/>
<pin id="72" dir="0" index="2" bw="8" slack="0"/>
<pin id="73" dir="1" index="3" bw="0" slack="2147483647"/>
</pin_list>
<bind>
<opcode="write(1151) " fcode="write"/>
<opset="write_ln386/46 "/>
</bind>
</comp>

<comp id="76" class="1004" name="grp_dense_latency_ap_fixed_16_6_5_3_0_ap_fixed_8_4_5_3_0_config2_s_fu_76">
<pin_list>
<pin id="77" dir="0" index="0" bw="48" slack="0"/>
<pin id="78" dir="0" index="1" bw="2576" slack="0"/>
<pin id="79" dir="1" index="2" bw="48" slack="0"/>
</pin_list>
<bind>
<opcode="call(48) " fcode="call"/>
<opset="call_ret1/1 "/>
</bind>
</comp>

<comp id="82" class="1004" name="call_ret2_relu_ap_fixed_8_4_5_3_0_ap_fixed_8_4_5_3_0_relu_config4_s_fu_82">
<pin_list>
<pin id="83" dir="0" index="0" bw="48" slack="0"/>
<pin id="84" dir="0" index="1" bw="8" slack="1"/>
<pin id="85" dir="0" index="2" bw="8" slack="1"/>
<pin id="86" dir="0" index="3" bw="8" slack="1"/>
<pin id="87" dir="0" index="4" bw="8" slack="1"/>
<pin id="88" dir="0" index="5" bw="8" slack="1"/>
<pin id="89" dir="0" index="6" bw="8" slack="1"/>
<pin id="90" dir="1" index="7" bw="48" slack="0"/>
</pin_list>
<bind>
<opcode="call(48) " fcode="call"/>
<opset="call_ret2/10 "/>
</bind>
</comp>

<comp id="92" class="1004" name="grp_dense_latency_ap_fixed_8_4_5_3_0_ap_fixed_8_4_5_3_0_config5_s_fu_92">
<pin_list>
<pin id="93" dir="0" index="0" bw="32" slack="0"/>
<pin id="94" dir="0" index="1" bw="8" slack="1"/>
<pin id="95" dir="0" index="2" bw="8" slack="1"/>
<pin id="96" dir="0" index="3" bw="8" slack="1"/>
<pin id="97" dir="0" index="4" bw="8" slack="1"/>
<pin id="98" dir="0" index="5" bw="8" slack="1"/>
<pin id="99" dir="0" index="6" bw="8" slack="1"/>
<pin id="100" dir="1" index="7" bw="32" slack="0"/>
</pin_list>
<bind>
<opcode="call(48) " fcode="call"/>
<opset="call_ret3/11 "/>
</bind>
</comp>

<comp id="102" class="1004" name="call_ret4_relu_ap_fixed_8_4_5_3_0_ap_fixed_8_4_5_3_0_relu_config7_s_fu_102">
<pin_list>
<pin id="103" dir="0" index="0" bw="32" slack="0"/>
<pin id="104" dir="0" index="1" bw="8" slack="1"/>
<pin id="105" dir="0" index="2" bw="8" slack="1"/>
<pin id="106" dir="0" index="3" bw="8" slack="1"/>
<pin id="107" dir="0" index="4" bw="8" slack="1"/>
<pin id="108" dir="1" index="5" bw="32" slack="0"/>
</pin_list>
<bind>
<opcode="call(48) " fcode="call"/>
<opset="call_ret4/16 "/>
</bind>
</comp>

<comp id="110" class="1004" name="grp_dense_latency_ap_fixed_8_4_5_3_0_ap_fixed_8_4_5_3_0_config8_s_fu_110">
<pin_list>
<pin id="111" dir="0" index="0" bw="16" slack="0"/>
<pin id="112" dir="0" index="1" bw="8" slack="1"/>
<pin id="113" dir="0" index="2" bw="8" slack="1"/>
<pin id="114" dir="0" index="3" bw="8" slack="1"/>
<pin id="115" dir="0" index="4" bw="8" slack="1"/>
<pin id="116" dir="1" index="5" bw="16" slack="0"/>
</pin_list>
<bind>
<opcode="call(48) " fcode="call"/>
<opset="call_ret5/17 "/>
</bind>
</comp>

<comp id="118" class="1004" name="call_ret6_relu_ap_fixed_8_4_5_3_0_ap_fixed_8_4_5_3_0_relu_config10_s_fu_118">
<pin_list>
<pin id="119" dir="0" index="0" bw="16" slack="0"/>
<pin id="120" dir="0" index="1" bw="8" slack="1"/>
<pin id="121" dir="0" index="2" bw="8" slack="1"/>
<pin id="122" dir="1" index="3" bw="16" slack="0"/>
</pin_list>
<bind>
<opcode="call(48) " fcode="call"/>
<opset="call_ret6/21 "/>
</bind>
</comp>

<comp id="124" class="1004" name="grp_dense_latency_ap_fixed_8_4_5_3_0_ap_fixed_8_4_5_3_0_config11_s_fu_124">
<pin_list>
<pin id="125" dir="0" index="0" bw="32" slack="0"/>
<pin id="126" dir="0" index="1" bw="8" slack="1"/>
<pin id="127" dir="0" index="2" bw="8" slack="1"/>
<pin id="128" dir="1" index="3" bw="32" slack="0"/>
</pin_list>
<bind>
<opcode="call(48) " fcode="call"/>
<opset="call_ret7/22 "/>
</bind>
</comp>

<comp id="130" class="1004" name="call_ret8_relu_ap_fixed_8_4_5_3_0_ap_fixed_8_4_5_3_0_relu_config13_s_fu_130">
<pin_list>
<pin id="131" dir="0" index="0" bw="32" slack="0"/>
<pin id="132" dir="0" index="1" bw="8" slack="1"/>
<pin id="133" dir="0" index="2" bw="8" slack="1"/>
<pin id="134" dir="0" index="3" bw="8" slack="1"/>
<pin id="135" dir="0" index="4" bw="8" slack="1"/>
<pin id="136" dir="1" index="5" bw="32" slack="0"/>
</pin_list>
<bind>
<opcode="call(48) " fcode="call"/>
<opset="call_ret8/24 "/>
</bind>
</comp>

<comp id="138" class="1004" name="grp_dense_latency_ap_fixed_8_4_5_3_0_ap_fixed_8_4_5_3_0_config14_s_fu_138">
<pin_list>
<pin id="139" dir="0" index="0" bw="24" slack="0"/>
<pin id="140" dir="0" index="1" bw="8" slack="1"/>
<pin id="141" dir="0" index="2" bw="8" slack="1"/>
<pin id="142" dir="0" index="3" bw="8" slack="1"/>
<pin id="143" dir="0" index="4" bw="8" slack="1"/>
<pin id="144" dir="1" index="5" bw="24" slack="0"/>
</pin_list>
<bind>
<opcode="call(48) " fcode="call"/>
<opset="call_ret9/25 "/>
</bind>
</comp>

<comp id="146" class="1004" name="call_ret10_relu_ap_fixed_8_4_5_3_0_ap_fixed_8_4_5_3_0_relu_config16_s_fu_146">
<pin_list>
<pin id="147" dir="0" index="0" bw="24" slack="0"/>
<pin id="148" dir="0" index="1" bw="8" slack="1"/>
<pin id="149" dir="0" index="2" bw="8" slack="1"/>
<pin id="150" dir="0" index="3" bw="8" slack="1"/>
<pin id="151" dir="1" index="4" bw="24" slack="0"/>
</pin_list>
<bind>
<opcode="call(48) " fcode="call"/>
<opset="call_ret10/29 "/>
</bind>
</comp>

<comp id="153" class="1004" name="grp_dense_latency_ap_fixed_8_4_5_3_0_ap_fixed_8_4_5_3_0_config17_s_fu_153">
<pin_list>
<pin id="154" dir="0" index="0" bw="16" slack="0"/>
<pin id="155" dir="0" index="1" bw="8" slack="1"/>
<pin id="156" dir="0" index="2" bw="8" slack="1"/>
<pin id="157" dir="0" index="3" bw="8" slack="1"/>
<pin id="158" dir="1" index="4" bw="16" slack="0"/>
</pin_list>
<bind>
<opcode="call(48) " fcode="call"/>
<opset="call_ret11/30 "/>
</bind>
</comp>

<comp id="160" class="1004" name="grp_softmax_stable_ap_fixed_ap_fixed_8_4_5_3_0_softmax_config19_s_fu_160">
<pin_list>
<pin id="161" dir="0" index="0" bw="16" slack="0"/>
<pin id="162" dir="0" index="1" bw="8" slack="1"/>
<pin id="163" dir="0" index="2" bw="8" slack="1"/>
<pin id="164" dir="0" index="3" bw="17" slack="0"/>
<pin id="165" dir="0" index="4" bw="18" slack="0"/>
<pin id="166" dir="1" index="5" bw="16" slack="0"/>
</pin_list>
<bind>
<opcode="call(48) " fcode="call"/>
<opset="call_ret/36 "/>
</bind>
</comp>

<comp id="170" class="1004" name="layer2_out_V_fu_170">
<pin_list>
<pin id="171" dir="0" index="0" bw="48" slack="0"/>
<pin id="172" dir="1" index="1" bw="8" slack="1"/>
</pin_list>
<bind>
<opcode="extractvalue(56) " fcode="extractvalue"/>
<opset="layer2_out_V/9 "/>
</bind>
</comp>

<comp id="174" class="1004" name="layer2_out_V_1_fu_174">
<pin_list>
<pin id="175" dir="0" index="0" bw="48" slack="0"/>
<pin id="176" dir="1" index="1" bw="8" slack="1"/>
</pin_list>
<bind>
<opcode="extractvalue(56) " fcode="extractvalue"/>
<opset="layer2_out_V_1/9 "/>
</bind>
</comp>

<comp id="178" class="1004" name="layer2_out_V_2_fu_178">
<pin_list>
<pin id="179" dir="0" index="0" bw="48" slack="0"/>
<pin id="180" dir="1" index="1" bw="8" slack="1"/>
</pin_list>
<bind>
<opcode="extractvalue(56) " fcode="extractvalue"/>
<opset="layer2_out_V_2/9 "/>
</bind>
</comp>

<comp id="182" class="1004" name="layer2_out_V_3_fu_182">
<pin_list>
<pin id="183" dir="0" index="0" bw="48" slack="0"/>
<pin id="184" dir="1" index="1" bw="8" slack="1"/>
</pin_list>
<bind>
<opcode="extractvalue(56) " fcode="extractvalue"/>
<opset="layer2_out_V_3/9 "/>
</bind>
</comp>

<comp id="186" class="1004" name="layer2_out_V_4_fu_186">
<pin_list>
<pin id="187" dir="0" index="0" bw="48" slack="0"/>
<pin id="188" dir="1" index="1" bw="8" slack="1"/>
</pin_list>
<bind>
<opcode="extractvalue(56) " fcode="extractvalue"/>
<opset="layer2_out_V_4/9 "/>
</bind>
</comp>

<comp id="190" class="1004" name="layer2_out_V_5_fu_190">
<pin_list>
<pin id="191" dir="0" index="0" bw="48" slack="0"/>
<pin id="192" dir="1" index="1" bw="8" slack="1"/>
</pin_list>
<bind>
<opcode="extractvalue(56) " fcode="extractvalue"/>
<opset="layer2_out_V_5/9 "/>
</bind>
</comp>

<comp id="194" class="1004" name="layer4_out_V_fu_194">
<pin_list>
<pin id="195" dir="0" index="0" bw="48" slack="0"/>
<pin id="196" dir="1" index="1" bw="8" slack="1"/>
</pin_list>
<bind>
<opcode="extractvalue(56) " fcode="extractvalue"/>
<opset="layer4_out_V/10 "/>
</bind>
</comp>

<comp id="198" class="1004" name="layer4_out_V_1_fu_198">
<pin_list>
<pin id="199" dir="0" index="0" bw="48" slack="0"/>
<pin id="200" dir="1" index="1" bw="8" slack="1"/>
</pin_list>
<bind>
<opcode="extractvalue(56) " fcode="extractvalue"/>
<opset="layer4_out_V_1/10 "/>
</bind>
</comp>

<comp id="202" class="1004" name="layer4_out_V_2_fu_202">
<pin_list>
<pin id="203" dir="0" index="0" bw="48" slack="0"/>
<pin id="204" dir="1" index="1" bw="8" slack="1"/>
</pin_list>
<bind>
<opcode="extractvalue(56) " fcode="extractvalue"/>
<opset="layer4_out_V_2/10 "/>
</bind>
</comp>

<comp id="206" class="1004" name="layer4_out_V_3_fu_206">
<pin_list>
<pin id="207" dir="0" index="0" bw="48" slack="0"/>
<pin id="208" dir="1" index="1" bw="8" slack="1"/>
</pin_list>
<bind>
<opcode="extractvalue(56) " fcode="extractvalue"/>
<opset="layer4_out_V_3/10 "/>
</bind>
</comp>

<comp id="210" class="1004" name="layer4_out_V_4_fu_210">
<pin_list>
<pin id="211" dir="0" index="0" bw="48" slack="0"/>
<pin id="212" dir="1" index="1" bw="8" slack="1"/>
</pin_list>
<bind>
<opcode="extractvalue(56) " fcode="extractvalue"/>
<opset="layer4_out_V_4/10 "/>
</bind>
</comp>

<comp id="214" class="1004" name="layer4_out_V_5_fu_214">
<pin_list>
<pin id="215" dir="0" index="0" bw="48" slack="0"/>
<pin id="216" dir="1" index="1" bw="8" slack="1"/>
</pin_list>
<bind>
<opcode="extractvalue(56) " fcode="extractvalue"/>
<opset="layer4_out_V_5/10 "/>
</bind>
</comp>

<comp id="218" class="1004" name="layer5_out_V_fu_218">
<pin_list>
<pin id="219" dir="0" index="0" bw="32" slack="0"/>
<pin id="220" dir="1" index="1" bw="8" slack="1"/>
</pin_list>
<bind>
<opcode="extractvalue(56) " fcode="extractvalue"/>
<opset="layer5_out_V/15 "/>
</bind>
</comp>

<comp id="222" class="1004" name="layer5_out_V_1_fu_222">
<pin_list>
<pin id="223" dir="0" index="0" bw="32" slack="0"/>
<pin id="224" dir="1" index="1" bw="8" slack="1"/>
</pin_list>
<bind>
<opcode="extractvalue(56) " fcode="extractvalue"/>
<opset="layer5_out_V_1/15 "/>
</bind>
</comp>

<comp id="226" class="1004" name="layer5_out_V_2_fu_226">
<pin_list>
<pin id="227" dir="0" index="0" bw="32" slack="0"/>
<pin id="228" dir="1" index="1" bw="8" slack="1"/>
</pin_list>
<bind>
<opcode="extractvalue(56) " fcode="extractvalue"/>
<opset="layer5_out_V_2/15 "/>
</bind>
</comp>

<comp id="230" class="1004" name="layer5_out_V_3_fu_230">
<pin_list>
<pin id="231" dir="0" index="0" bw="32" slack="0"/>
<pin id="232" dir="1" index="1" bw="8" slack="1"/>
</pin_list>
<bind>
<opcode="extractvalue(56) " fcode="extractvalue"/>
<opset="layer5_out_V_3/15 "/>
</bind>
</comp>

<comp id="234" class="1004" name="layer7_out_V_fu_234">
<pin_list>
<pin id="235" dir="0" index="0" bw="32" slack="0"/>
<pin id="236" dir="1" index="1" bw="8" slack="1"/>
</pin_list>
<bind>
<opcode="extractvalue(56) " fcode="extractvalue"/>
<opset="layer7_out_V/16 "/>
</bind>
</comp>

<comp id="238" class="1004" name="layer7_out_V_1_fu_238">
<pin_list>
<pin id="239" dir="0" index="0" bw="32" slack="0"/>
<pin id="240" dir="1" index="1" bw="8" slack="1"/>
</pin_list>
<bind>
<opcode="extractvalue(56) " fcode="extractvalue"/>
<opset="layer7_out_V_1/16 "/>
</bind>
</comp>

<comp id="242" class="1004" name="layer7_out_V_2_fu_242">
<pin_list>
<pin id="243" dir="0" index="0" bw="32" slack="0"/>
<pin id="244" dir="1" index="1" bw="8" slack="1"/>
</pin_list>
<bind>
<opcode="extractvalue(56) " fcode="extractvalue"/>
<opset="layer7_out_V_2/16 "/>
</bind>
</comp>

<comp id="246" class="1004" name="layer7_out_V_3_fu_246">
<pin_list>
<pin id="247" dir="0" index="0" bw="32" slack="0"/>
<pin id="248" dir="1" index="1" bw="8" slack="1"/>
</pin_list>
<bind>
<opcode="extractvalue(56) " fcode="extractvalue"/>
<opset="layer7_out_V_3/16 "/>
</bind>
</comp>

<comp id="250" class="1004" name="layer8_out_V_fu_250">
<pin_list>
<pin id="251" dir="0" index="0" bw="16" slack="0"/>
<pin id="252" dir="1" index="1" bw="8" slack="1"/>
</pin_list>
<bind>
<opcode="extractvalue(56) " fcode="extractvalue"/>
<opset="layer8_out_V/20 "/>
</bind>
</comp>

<comp id="254" class="1004" name="layer8_out_V_1_fu_254">
<pin_list>
<pin id="255" dir="0" index="0" bw="16" slack="0"/>
<pin id="256" dir="1" index="1" bw="8" slack="1"/>
</pin_list>
<bind>
<opcode="extractvalue(56) " fcode="extractvalue"/>
<opset="layer8_out_V_1/20 "/>
</bind>
</comp>

<comp id="258" class="1004" name="layer10_out_V_fu_258">
<pin_list>
<pin id="259" dir="0" index="0" bw="16" slack="0"/>
<pin id="260" dir="1" index="1" bw="8" slack="1"/>
</pin_list>
<bind>
<opcode="extractvalue(56) " fcode="extractvalue"/>
<opset="layer10_out_V/21 "/>
</bind>
</comp>

<comp id="262" class="1004" name="layer10_out_V_1_fu_262">
<pin_list>
<pin id="263" dir="0" index="0" bw="16" slack="0"/>
<pin id="264" dir="1" index="1" bw="8" slack="1"/>
</pin_list>
<bind>
<opcode="extractvalue(56) " fcode="extractvalue"/>
<opset="layer10_out_V_1/21 "/>
</bind>
</comp>

<comp id="266" class="1004" name="layer11_out_V_fu_266">
<pin_list>
<pin id="267" dir="0" index="0" bw="32" slack="0"/>
<pin id="268" dir="1" index="1" bw="8" slack="1"/>
</pin_list>
<bind>
<opcode="extractvalue(56) " fcode="extractvalue"/>
<opset="layer11_out_V/23 "/>
</bind>
</comp>

<comp id="270" class="1004" name="layer11_out_V_1_fu_270">
<pin_list>
<pin id="271" dir="0" index="0" bw="32" slack="0"/>
<pin id="272" dir="1" index="1" bw="8" slack="1"/>
</pin_list>
<bind>
<opcode="extractvalue(56) " fcode="extractvalue"/>
<opset="layer11_out_V_1/23 "/>
</bind>
</comp>

<comp id="274" class="1004" name="layer11_out_V_2_fu_274">
<pin_list>
<pin id="275" dir="0" index="0" bw="32" slack="0"/>
<pin id="276" dir="1" index="1" bw="8" slack="1"/>
</pin_list>
<bind>
<opcode="extractvalue(56) " fcode="extractvalue"/>
<opset="layer11_out_V_2/23 "/>
</bind>
</comp>

<comp id="278" class="1004" name="layer11_out_V_3_fu_278">
<pin_list>
<pin id="279" dir="0" index="0" bw="32" slack="0"/>
<pin id="280" dir="1" index="1" bw="8" slack="1"/>
</pin_list>
<bind>
<opcode="extractvalue(56) " fcode="extractvalue"/>
<opset="layer11_out_V_3/23 "/>
</bind>
</comp>

<comp id="282" class="1004" name="layer13_out_V_fu_282">
<pin_list>
<pin id="283" dir="0" index="0" bw="32" slack="0"/>
<pin id="284" dir="1" index="1" bw="8" slack="1"/>
</pin_list>
<bind>
<opcode="extractvalue(56) " fcode="extractvalue"/>
<opset="layer13_out_V/24 "/>
</bind>
</comp>

<comp id="286" class="1004" name="layer13_out_V_1_fu_286">
<pin_list>
<pin id="287" dir="0" index="0" bw="32" slack="0"/>
<pin id="288" dir="1" index="1" bw="8" slack="1"/>
</pin_list>
<bind>
<opcode="extractvalue(56) " fcode="extractvalue"/>
<opset="layer13_out_V_1/24 "/>
</bind>
</comp>

<comp id="290" class="1004" name="layer13_out_V_2_fu_290">
<pin_list>
<pin id="291" dir="0" index="0" bw="32" slack="0"/>
<pin id="292" dir="1" index="1" bw="8" slack="1"/>
</pin_list>
<bind>
<opcode="extractvalue(56) " fcode="extractvalue"/>
<opset="layer13_out_V_2/24 "/>
</bind>
</comp>

<comp id="294" class="1004" name="layer13_out_V_3_fu_294">
<pin_list>
<pin id="295" dir="0" index="0" bw="32" slack="0"/>
<pin id="296" dir="1" index="1" bw="8" slack="1"/>
</pin_list>
<bind>
<opcode="extractvalue(56) " fcode="extractvalue"/>
<opset="layer13_out_V_3/24 "/>
</bind>
</comp>

<comp id="298" class="1004" name="layer14_out_V_fu_298">
<pin_list>
<pin id="299" dir="0" index="0" bw="24" slack="0"/>
<pin id="300" dir="1" index="1" bw="8" slack="1"/>
</pin_list>
<bind>
<opcode="extractvalue(56) " fcode="extractvalue"/>
<opset="layer14_out_V/28 "/>
</bind>
</comp>

<comp id="302" class="1004" name="layer14_out_V_1_fu_302">
<pin_list>
<pin id="303" dir="0" index="0" bw="24" slack="0"/>
<pin id="304" dir="1" index="1" bw="8" slack="1"/>
</pin_list>
<bind>
<opcode="extractvalue(56) " fcode="extractvalue"/>
<opset="layer14_out_V_1/28 "/>
</bind>
</comp>

<comp id="306" class="1004" name="layer14_out_V_2_fu_306">
<pin_list>
<pin id="307" dir="0" index="0" bw="24" slack="0"/>
<pin id="308" dir="1" index="1" bw="8" slack="1"/>
</pin_list>
<bind>
<opcode="extractvalue(56) " fcode="extractvalue"/>
<opset="layer14_out_V_2/28 "/>
</bind>
</comp>

<comp id="310" class="1004" name="layer16_out_V_fu_310">
<pin_list>
<pin id="311" dir="0" index="0" bw="24" slack="0"/>
<pin id="312" dir="1" index="1" bw="8" slack="1"/>
</pin_list>
<bind>
<opcode="extractvalue(56) " fcode="extractvalue"/>
<opset="layer16_out_V/29 "/>
</bind>
</comp>

<comp id="314" class="1004" name="layer16_out_V_1_fu_314">
<pin_list>
<pin id="315" dir="0" index="0" bw="24" slack="0"/>
<pin id="316" dir="1" index="1" bw="8" slack="1"/>
</pin_list>
<bind>
<opcode="extractvalue(56) " fcode="extractvalue"/>
<opset="layer16_out_V_1/29 "/>
</bind>
</comp>

<comp id="318" class="1004" name="layer16_out_V_2_fu_318">
<pin_list>
<pin id="319" dir="0" index="0" bw="24" slack="0"/>
<pin id="320" dir="1" index="1" bw="8" slack="1"/>
</pin_list>
<bind>
<opcode="extractvalue(56) " fcode="extractvalue"/>
<opset="layer16_out_V_2/29 "/>
</bind>
</comp>

<comp id="322" class="1004" name="layer17_out_V_fu_322">
<pin_list>
<pin id="323" dir="0" index="0" bw="16" slack="0"/>
<pin id="324" dir="1" index="1" bw="8" slack="1"/>
</pin_list>
<bind>
<opcode="extractvalue(56) " fcode="extractvalue"/>
<opset="layer17_out_V/35 "/>
</bind>
</comp>

<comp id="326" class="1004" name="layer17_out_V_1_fu_326">
<pin_list>
<pin id="327" dir="0" index="0" bw="16" slack="0"/>
<pin id="328" dir="1" index="1" bw="8" slack="1"/>
</pin_list>
<bind>
<opcode="extractvalue(56) " fcode="extractvalue"/>
<opset="layer17_out_V_1/35 "/>
</bind>
</comp>

<comp id="330" class="1004" name="layer19_out_0_ret_fu_330">
<pin_list>
<pin id="331" dir="0" index="0" bw="16" slack="0"/>
<pin id="332" dir="1" index="1" bw="8" slack="0"/>
</pin_list>
<bind>
<opcode="extractvalue(56) " fcode="extractvalue"/>
<opset="layer19_out_0_ret/46 "/>
</bind>
</comp>

<comp id="335" class="1004" name="layer19_out_1_ret_fu_335">
<pin_list>
<pin id="336" dir="0" index="0" bw="16" slack="0"/>
<pin id="337" dir="1" index="1" bw="8" slack="0"/>
</pin_list>
<bind>
<opcode="extractvalue(56) " fcode="extractvalue"/>
<opset="layer19_out_1_ret/46 "/>
</bind>
</comp>

<comp id="340" class="1005" name="inputLayer_read_reg_340">
<pin_list>
<pin id="341" dir="0" index="0" bw="2576" slack="1"/>
<pin id="342" dir="1" index="1" bw="2576" slack="1"/>
</pin_list>
<bind>
<opset="inputLayer_read "/>
</bind>
</comp>

<comp id="345" class="1005" name="layer2_out_V_reg_345">
<pin_list>
<pin id="346" dir="0" index="0" bw="8" slack="1"/>
<pin id="347" dir="1" index="1" bw="8" slack="1"/>
</pin_list>
<bind>
<opset="layer2_out_V "/>
</bind>
</comp>

<comp id="350" class="1005" name="layer2_out_V_1_reg_350">
<pin_list>
<pin id="351" dir="0" index="0" bw="8" slack="1"/>
<pin id="352" dir="1" index="1" bw="8" slack="1"/>
</pin_list>
<bind>
<opset="layer2_out_V_1 "/>
</bind>
</comp>

<comp id="355" class="1005" name="layer2_out_V_2_reg_355">
<pin_list>
<pin id="356" dir="0" index="0" bw="8" slack="1"/>
<pin id="357" dir="1" index="1" bw="8" slack="1"/>
</pin_list>
<bind>
<opset="layer2_out_V_2 "/>
</bind>
</comp>

<comp id="360" class="1005" name="layer2_out_V_3_reg_360">
<pin_list>
<pin id="361" dir="0" index="0" bw="8" slack="1"/>
<pin id="362" dir="1" index="1" bw="8" slack="1"/>
</pin_list>
<bind>
<opset="layer2_out_V_3 "/>
</bind>
</comp>

<comp id="365" class="1005" name="layer2_out_V_4_reg_365">
<pin_list>
<pin id="366" dir="0" index="0" bw="8" slack="1"/>
<pin id="367" dir="1" index="1" bw="8" slack="1"/>
</pin_list>
<bind>
<opset="layer2_out_V_4 "/>
</bind>
</comp>

<comp id="370" class="1005" name="layer2_out_V_5_reg_370">
<pin_list>
<pin id="371" dir="0" index="0" bw="8" slack="1"/>
<pin id="372" dir="1" index="1" bw="8" slack="1"/>
</pin_list>
<bind>
<opset="layer2_out_V_5 "/>
</bind>
</comp>

<comp id="375" class="1005" name="layer4_out_V_reg_375">
<pin_list>
<pin id="376" dir="0" index="0" bw="8" slack="1"/>
<pin id="377" dir="1" index="1" bw="8" slack="1"/>
</pin_list>
<bind>
<opset="layer4_out_V "/>
</bind>
</comp>

<comp id="380" class="1005" name="layer4_out_V_1_reg_380">
<pin_list>
<pin id="381" dir="0" index="0" bw="8" slack="1"/>
<pin id="382" dir="1" index="1" bw="8" slack="1"/>
</pin_list>
<bind>
<opset="layer4_out_V_1 "/>
</bind>
</comp>

<comp id="385" class="1005" name="layer4_out_V_2_reg_385">
<pin_list>
<pin id="386" dir="0" index="0" bw="8" slack="1"/>
<pin id="387" dir="1" index="1" bw="8" slack="1"/>
</pin_list>
<bind>
<opset="layer4_out_V_2 "/>
</bind>
</comp>

<comp id="390" class="1005" name="layer4_out_V_3_reg_390">
<pin_list>
<pin id="391" dir="0" index="0" bw="8" slack="1"/>
<pin id="392" dir="1" index="1" bw="8" slack="1"/>
</pin_list>
<bind>
<opset="layer4_out_V_3 "/>
</bind>
</comp>

<comp id="395" class="1005" name="layer4_out_V_4_reg_395">
<pin_list>
<pin id="396" dir="0" index="0" bw="8" slack="1"/>
<pin id="397" dir="1" index="1" bw="8" slack="1"/>
</pin_list>
<bind>
<opset="layer4_out_V_4 "/>
</bind>
</comp>

<comp id="400" class="1005" name="layer4_out_V_5_reg_400">
<pin_list>
<pin id="401" dir="0" index="0" bw="8" slack="1"/>
<pin id="402" dir="1" index="1" bw="8" slack="1"/>
</pin_list>
<bind>
<opset="layer4_out_V_5 "/>
</bind>
</comp>

<comp id="405" class="1005" name="layer5_out_V_reg_405">
<pin_list>
<pin id="406" dir="0" index="0" bw="8" slack="1"/>
<pin id="407" dir="1" index="1" bw="8" slack="1"/>
</pin_list>
<bind>
<opset="layer5_out_V "/>
</bind>
</comp>

<comp id="410" class="1005" name="layer5_out_V_1_reg_410">
<pin_list>
<pin id="411" dir="0" index="0" bw="8" slack="1"/>
<pin id="412" dir="1" index="1" bw="8" slack="1"/>
</pin_list>
<bind>
<opset="layer5_out_V_1 "/>
</bind>
</comp>

<comp id="415" class="1005" name="layer5_out_V_2_reg_415">
<pin_list>
<pin id="416" dir="0" index="0" bw="8" slack="1"/>
<pin id="417" dir="1" index="1" bw="8" slack="1"/>
</pin_list>
<bind>
<opset="layer5_out_V_2 "/>
</bind>
</comp>

<comp id="420" class="1005" name="layer5_out_V_3_reg_420">
<pin_list>
<pin id="421" dir="0" index="0" bw="8" slack="1"/>
<pin id="422" dir="1" index="1" bw="8" slack="1"/>
</pin_list>
<bind>
<opset="layer5_out_V_3 "/>
</bind>
</comp>

<comp id="425" class="1005" name="layer7_out_V_reg_425">
<pin_list>
<pin id="426" dir="0" index="0" bw="8" slack="1"/>
<pin id="427" dir="1" index="1" bw="8" slack="1"/>
</pin_list>
<bind>
<opset="layer7_out_V "/>
</bind>
</comp>

<comp id="430" class="1005" name="layer7_out_V_1_reg_430">
<pin_list>
<pin id="431" dir="0" index="0" bw="8" slack="1"/>
<pin id="432" dir="1" index="1" bw="8" slack="1"/>
</pin_list>
<bind>
<opset="layer7_out_V_1 "/>
</bind>
</comp>

<comp id="435" class="1005" name="layer7_out_V_2_reg_435">
<pin_list>
<pin id="436" dir="0" index="0" bw="8" slack="1"/>
<pin id="437" dir="1" index="1" bw="8" slack="1"/>
</pin_list>
<bind>
<opset="layer7_out_V_2 "/>
</bind>
</comp>

<comp id="440" class="1005" name="layer7_out_V_3_reg_440">
<pin_list>
<pin id="441" dir="0" index="0" bw="8" slack="1"/>
<pin id="442" dir="1" index="1" bw="8" slack="1"/>
</pin_list>
<bind>
<opset="layer7_out_V_3 "/>
</bind>
</comp>

<comp id="445" class="1005" name="layer8_out_V_reg_445">
<pin_list>
<pin id="446" dir="0" index="0" bw="8" slack="1"/>
<pin id="447" dir="1" index="1" bw="8" slack="1"/>
</pin_list>
<bind>
<opset="layer8_out_V "/>
</bind>
</comp>

<comp id="450" class="1005" name="layer8_out_V_1_reg_450">
<pin_list>
<pin id="451" dir="0" index="0" bw="8" slack="1"/>
<pin id="452" dir="1" index="1" bw="8" slack="1"/>
</pin_list>
<bind>
<opset="layer8_out_V_1 "/>
</bind>
</comp>

<comp id="455" class="1005" name="layer10_out_V_reg_455">
<pin_list>
<pin id="456" dir="0" index="0" bw="8" slack="1"/>
<pin id="457" dir="1" index="1" bw="8" slack="1"/>
</pin_list>
<bind>
<opset="layer10_out_V "/>
</bind>
</comp>

<comp id="460" class="1005" name="layer10_out_V_1_reg_460">
<pin_list>
<pin id="461" dir="0" index="0" bw="8" slack="1"/>
<pin id="462" dir="1" index="1" bw="8" slack="1"/>
</pin_list>
<bind>
<opset="layer10_out_V_1 "/>
</bind>
</comp>

<comp id="465" class="1005" name="layer11_out_V_reg_465">
<pin_list>
<pin id="466" dir="0" index="0" bw="8" slack="1"/>
<pin id="467" dir="1" index="1" bw="8" slack="1"/>
</pin_list>
<bind>
<opset="layer11_out_V "/>
</bind>
</comp>

<comp id="470" class="1005" name="layer11_out_V_1_reg_470">
<pin_list>
<pin id="471" dir="0" index="0" bw="8" slack="1"/>
<pin id="472" dir="1" index="1" bw="8" slack="1"/>
</pin_list>
<bind>
<opset="layer11_out_V_1 "/>
</bind>
</comp>

<comp id="475" class="1005" name="layer11_out_V_2_reg_475">
<pin_list>
<pin id="476" dir="0" index="0" bw="8" slack="1"/>
<pin id="477" dir="1" index="1" bw="8" slack="1"/>
</pin_list>
<bind>
<opset="layer11_out_V_2 "/>
</bind>
</comp>

<comp id="480" class="1005" name="layer11_out_V_3_reg_480">
<pin_list>
<pin id="481" dir="0" index="0" bw="8" slack="1"/>
<pin id="482" dir="1" index="1" bw="8" slack="1"/>
</pin_list>
<bind>
<opset="layer11_out_V_3 "/>
</bind>
</comp>

<comp id="485" class="1005" name="layer13_out_V_reg_485">
<pin_list>
<pin id="486" dir="0" index="0" bw="8" slack="1"/>
<pin id="487" dir="1" index="1" bw="8" slack="1"/>
</pin_list>
<bind>
<opset="layer13_out_V "/>
</bind>
</comp>

<comp id="490" class="1005" name="layer13_out_V_1_reg_490">
<pin_list>
<pin id="491" dir="0" index="0" bw="8" slack="1"/>
<pin id="492" dir="1" index="1" bw="8" slack="1"/>
</pin_list>
<bind>
<opset="layer13_out_V_1 "/>
</bind>
</comp>

<comp id="495" class="1005" name="layer13_out_V_2_reg_495">
<pin_list>
<pin id="496" dir="0" index="0" bw="8" slack="1"/>
<pin id="497" dir="1" index="1" bw="8" slack="1"/>
</pin_list>
<bind>
<opset="layer13_out_V_2 "/>
</bind>
</comp>

<comp id="500" class="1005" name="layer13_out_V_3_reg_500">
<pin_list>
<pin id="501" dir="0" index="0" bw="8" slack="1"/>
<pin id="502" dir="1" index="1" bw="8" slack="1"/>
</pin_list>
<bind>
<opset="layer13_out_V_3 "/>
</bind>
</comp>

<comp id="505" class="1005" name="layer14_out_V_reg_505">
<pin_list>
<pin id="506" dir="0" index="0" bw="8" slack="1"/>
<pin id="507" dir="1" index="1" bw="8" slack="1"/>
</pin_list>
<bind>
<opset="layer14_out_V "/>
</bind>
</comp>

<comp id="510" class="1005" name="layer14_out_V_1_reg_510">
<pin_list>
<pin id="511" dir="0" index="0" bw="8" slack="1"/>
<pin id="512" dir="1" index="1" bw="8" slack="1"/>
</pin_list>
<bind>
<opset="layer14_out_V_1 "/>
</bind>
</comp>

<comp id="515" class="1005" name="layer14_out_V_2_reg_515">
<pin_list>
<pin id="516" dir="0" index="0" bw="8" slack="1"/>
<pin id="517" dir="1" index="1" bw="8" slack="1"/>
</pin_list>
<bind>
<opset="layer14_out_V_2 "/>
</bind>
</comp>

<comp id="520" class="1005" name="layer16_out_V_reg_520">
<pin_list>
<pin id="521" dir="0" index="0" bw="8" slack="1"/>
<pin id="522" dir="1" index="1" bw="8" slack="1"/>
</pin_list>
<bind>
<opset="layer16_out_V "/>
</bind>
</comp>

<comp id="525" class="1005" name="layer16_out_V_1_reg_525">
<pin_list>
<pin id="526" dir="0" index="0" bw="8" slack="1"/>
<pin id="527" dir="1" index="1" bw="8" slack="1"/>
</pin_list>
<bind>
<opset="layer16_out_V_1 "/>
</bind>
</comp>

<comp id="530" class="1005" name="layer16_out_V_2_reg_530">
<pin_list>
<pin id="531" dir="0" index="0" bw="8" slack="1"/>
<pin id="532" dir="1" index="1" bw="8" slack="1"/>
</pin_list>
<bind>
<opset="layer16_out_V_2 "/>
</bind>
</comp>

<comp id="535" class="1005" name="layer17_out_V_reg_535">
<pin_list>
<pin id="536" dir="0" index="0" bw="8" slack="1"/>
<pin id="537" dir="1" index="1" bw="8" slack="1"/>
</pin_list>
<bind>
<opset="layer17_out_V "/>
</bind>
</comp>

<comp id="540" class="1005" name="layer17_out_V_1_reg_540">
<pin_list>
<pin id="541" dir="0" index="0" bw="8" slack="1"/>
<pin id="542" dir="1" index="1" bw="8" slack="1"/>
</pin_list>
<bind>
<opset="layer17_out_V_1 "/>
</bind>
</comp>

</comp_list>

<net_list>
<net id="60"><net_src comp="10" pin="0"/><net_sink comp="56" pin=0"/></net>

<net id="61"><net_src comp="0" pin="0"/><net_sink comp="56" pin=1"/></net>

<net id="67"><net_src comp="54" pin="0"/><net_sink comp="62" pin=0"/></net>

<net id="68"><net_src comp="2" pin="0"/><net_sink comp="62" pin=1"/></net>

<net id="74"><net_src comp="54" pin="0"/><net_sink comp="69" pin=0"/></net>

<net id="75"><net_src comp="4" pin="0"/><net_sink comp="69" pin=1"/></net>

<net id="80"><net_src comp="12" pin="0"/><net_sink comp="76" pin=0"/></net>

<net id="81"><net_src comp="56" pin="2"/><net_sink comp="76" pin=1"/></net>

<net id="91"><net_src comp="14" pin="0"/><net_sink comp="82" pin=0"/></net>

<net id="101"><net_src comp="16" pin="0"/><net_sink comp="92" pin=0"/></net>

<net id="109"><net_src comp="18" pin="0"/><net_sink comp="102" pin=0"/></net>

<net id="117"><net_src comp="20" pin="0"/><net_sink comp="110" pin=0"/></net>

<net id="123"><net_src comp="22" pin="0"/><net_sink comp="118" pin=0"/></net>

<net id="129"><net_src comp="24" pin="0"/><net_sink comp="124" pin=0"/></net>

<net id="137"><net_src comp="26" pin="0"/><net_sink comp="130" pin=0"/></net>

<net id="145"><net_src comp="28" pin="0"/><net_sink comp="138" pin=0"/></net>

<net id="152"><net_src comp="30" pin="0"/><net_sink comp="146" pin=0"/></net>

<net id="159"><net_src comp="32" pin="0"/><net_sink comp="153" pin=0"/></net>

<net id="167"><net_src comp="34" pin="0"/><net_sink comp="160" pin=0"/></net>

<net id="168"><net_src comp="6" pin="0"/><net_sink comp="160" pin=3"/></net>

<net id="169"><net_src comp="8" pin="0"/><net_sink comp="160" pin=4"/></net>

<net id="173"><net_src comp="76" pin="2"/><net_sink comp="170" pin=0"/></net>

<net id="177"><net_src comp="76" pin="2"/><net_sink comp="174" pin=0"/></net>

<net id="181"><net_src comp="76" pin="2"/><net_sink comp="178" pin=0"/></net>

<net id="185"><net_src comp="76" pin="2"/><net_sink comp="182" pin=0"/></net>

<net id="189"><net_src comp="76" pin="2"/><net_sink comp="186" pin=0"/></net>

<net id="193"><net_src comp="76" pin="2"/><net_sink comp="190" pin=0"/></net>

<net id="197"><net_src comp="82" pin="7"/><net_sink comp="194" pin=0"/></net>

<net id="201"><net_src comp="82" pin="7"/><net_sink comp="198" pin=0"/></net>

<net id="205"><net_src comp="82" pin="7"/><net_sink comp="202" pin=0"/></net>

<net id="209"><net_src comp="82" pin="7"/><net_sink comp="206" pin=0"/></net>

<net id="213"><net_src comp="82" pin="7"/><net_sink comp="210" pin=0"/></net>

<net id="217"><net_src comp="82" pin="7"/><net_sink comp="214" pin=0"/></net>

<net id="221"><net_src comp="92" pin="7"/><net_sink comp="218" pin=0"/></net>

<net id="225"><net_src comp="92" pin="7"/><net_sink comp="222" pin=0"/></net>

<net id="229"><net_src comp="92" pin="7"/><net_sink comp="226" pin=0"/></net>

<net id="233"><net_src comp="92" pin="7"/><net_sink comp="230" pin=0"/></net>

<net id="237"><net_src comp="102" pin="5"/><net_sink comp="234" pin=0"/></net>

<net id="241"><net_src comp="102" pin="5"/><net_sink comp="238" pin=0"/></net>

<net id="245"><net_src comp="102" pin="5"/><net_sink comp="242" pin=0"/></net>

<net id="249"><net_src comp="102" pin="5"/><net_sink comp="246" pin=0"/></net>

<net id="253"><net_src comp="110" pin="5"/><net_sink comp="250" pin=0"/></net>

<net id="257"><net_src comp="110" pin="5"/><net_sink comp="254" pin=0"/></net>

<net id="261"><net_src comp="118" pin="3"/><net_sink comp="258" pin=0"/></net>

<net id="265"><net_src comp="118" pin="3"/><net_sink comp="262" pin=0"/></net>

<net id="269"><net_src comp="124" pin="3"/><net_sink comp="266" pin=0"/></net>

<net id="273"><net_src comp="124" pin="3"/><net_sink comp="270" pin=0"/></net>

<net id="277"><net_src comp="124" pin="3"/><net_sink comp="274" pin=0"/></net>

<net id="281"><net_src comp="124" pin="3"/><net_sink comp="278" pin=0"/></net>

<net id="285"><net_src comp="130" pin="5"/><net_sink comp="282" pin=0"/></net>

<net id="289"><net_src comp="130" pin="5"/><net_sink comp="286" pin=0"/></net>

<net id="293"><net_src comp="130" pin="5"/><net_sink comp="290" pin=0"/></net>

<net id="297"><net_src comp="130" pin="5"/><net_sink comp="294" pin=0"/></net>

<net id="301"><net_src comp="138" pin="5"/><net_sink comp="298" pin=0"/></net>

<net id="305"><net_src comp="138" pin="5"/><net_sink comp="302" pin=0"/></net>

<net id="309"><net_src comp="138" pin="5"/><net_sink comp="306" pin=0"/></net>

<net id="313"><net_src comp="146" pin="4"/><net_sink comp="310" pin=0"/></net>

<net id="317"><net_src comp="146" pin="4"/><net_sink comp="314" pin=0"/></net>

<net id="321"><net_src comp="146" pin="4"/><net_sink comp="318" pin=0"/></net>

<net id="325"><net_src comp="153" pin="4"/><net_sink comp="322" pin=0"/></net>

<net id="329"><net_src comp="153" pin="4"/><net_sink comp="326" pin=0"/></net>

<net id="333"><net_src comp="160" pin="5"/><net_sink comp="330" pin=0"/></net>

<net id="334"><net_src comp="330" pin="1"/><net_sink comp="62" pin=2"/></net>

<net id="338"><net_src comp="160" pin="5"/><net_sink comp="335" pin=0"/></net>

<net id="339"><net_src comp="335" pin="1"/><net_sink comp="69" pin=2"/></net>

<net id="343"><net_src comp="56" pin="2"/><net_sink comp="340" pin=0"/></net>

<net id="344"><net_src comp="340" pin="1"/><net_sink comp="76" pin=1"/></net>

<net id="348"><net_src comp="170" pin="1"/><net_sink comp="345" pin=0"/></net>

<net id="349"><net_src comp="345" pin="1"/><net_sink comp="82" pin=1"/></net>

<net id="353"><net_src comp="174" pin="1"/><net_sink comp="350" pin=0"/></net>

<net id="354"><net_src comp="350" pin="1"/><net_sink comp="82" pin=2"/></net>

<net id="358"><net_src comp="178" pin="1"/><net_sink comp="355" pin=0"/></net>

<net id="359"><net_src comp="355" pin="1"/><net_sink comp="82" pin=3"/></net>

<net id="363"><net_src comp="182" pin="1"/><net_sink comp="360" pin=0"/></net>

<net id="364"><net_src comp="360" pin="1"/><net_sink comp="82" pin=4"/></net>

<net id="368"><net_src comp="186" pin="1"/><net_sink comp="365" pin=0"/></net>

<net id="369"><net_src comp="365" pin="1"/><net_sink comp="82" pin=5"/></net>

<net id="373"><net_src comp="190" pin="1"/><net_sink comp="370" pin=0"/></net>

<net id="374"><net_src comp="370" pin="1"/><net_sink comp="82" pin=6"/></net>

<net id="378"><net_src comp="194" pin="1"/><net_sink comp="375" pin=0"/></net>

<net id="379"><net_src comp="375" pin="1"/><net_sink comp="92" pin=1"/></net>

<net id="383"><net_src comp="198" pin="1"/><net_sink comp="380" pin=0"/></net>

<net id="384"><net_src comp="380" pin="1"/><net_sink comp="92" pin=2"/></net>

<net id="388"><net_src comp="202" pin="1"/><net_sink comp="385" pin=0"/></net>

<net id="389"><net_src comp="385" pin="1"/><net_sink comp="92" pin=3"/></net>

<net id="393"><net_src comp="206" pin="1"/><net_sink comp="390" pin=0"/></net>

<net id="394"><net_src comp="390" pin="1"/><net_sink comp="92" pin=4"/></net>

<net id="398"><net_src comp="210" pin="1"/><net_sink comp="395" pin=0"/></net>

<net id="399"><net_src comp="395" pin="1"/><net_sink comp="92" pin=5"/></net>

<net id="403"><net_src comp="214" pin="1"/><net_sink comp="400" pin=0"/></net>

<net id="404"><net_src comp="400" pin="1"/><net_sink comp="92" pin=6"/></net>

<net id="408"><net_src comp="218" pin="1"/><net_sink comp="405" pin=0"/></net>

<net id="409"><net_src comp="405" pin="1"/><net_sink comp="102" pin=1"/></net>

<net id="413"><net_src comp="222" pin="1"/><net_sink comp="410" pin=0"/></net>

<net id="414"><net_src comp="410" pin="1"/><net_sink comp="102" pin=2"/></net>

<net id="418"><net_src comp="226" pin="1"/><net_sink comp="415" pin=0"/></net>

<net id="419"><net_src comp="415" pin="1"/><net_sink comp="102" pin=3"/></net>

<net id="423"><net_src comp="230" pin="1"/><net_sink comp="420" pin=0"/></net>

<net id="424"><net_src comp="420" pin="1"/><net_sink comp="102" pin=4"/></net>

<net id="428"><net_src comp="234" pin="1"/><net_sink comp="425" pin=0"/></net>

<net id="429"><net_src comp="425" pin="1"/><net_sink comp="110" pin=1"/></net>

<net id="433"><net_src comp="238" pin="1"/><net_sink comp="430" pin=0"/></net>

<net id="434"><net_src comp="430" pin="1"/><net_sink comp="110" pin=2"/></net>

<net id="438"><net_src comp="242" pin="1"/><net_sink comp="435" pin=0"/></net>

<net id="439"><net_src comp="435" pin="1"/><net_sink comp="110" pin=3"/></net>

<net id="443"><net_src comp="246" pin="1"/><net_sink comp="440" pin=0"/></net>

<net id="444"><net_src comp="440" pin="1"/><net_sink comp="110" pin=4"/></net>

<net id="448"><net_src comp="250" pin="1"/><net_sink comp="445" pin=0"/></net>

<net id="449"><net_src comp="445" pin="1"/><net_sink comp="118" pin=1"/></net>

<net id="453"><net_src comp="254" pin="1"/><net_sink comp="450" pin=0"/></net>

<net id="454"><net_src comp="450" pin="1"/><net_sink comp="118" pin=2"/></net>

<net id="458"><net_src comp="258" pin="1"/><net_sink comp="455" pin=0"/></net>

<net id="459"><net_src comp="455" pin="1"/><net_sink comp="124" pin=1"/></net>

<net id="463"><net_src comp="262" pin="1"/><net_sink comp="460" pin=0"/></net>

<net id="464"><net_src comp="460" pin="1"/><net_sink comp="124" pin=2"/></net>

<net id="468"><net_src comp="266" pin="1"/><net_sink comp="465" pin=0"/></net>

<net id="469"><net_src comp="465" pin="1"/><net_sink comp="130" pin=1"/></net>

<net id="473"><net_src comp="270" pin="1"/><net_sink comp="470" pin=0"/></net>

<net id="474"><net_src comp="470" pin="1"/><net_sink comp="130" pin=2"/></net>

<net id="478"><net_src comp="274" pin="1"/><net_sink comp="475" pin=0"/></net>

<net id="479"><net_src comp="475" pin="1"/><net_sink comp="130" pin=3"/></net>

<net id="483"><net_src comp="278" pin="1"/><net_sink comp="480" pin=0"/></net>

<net id="484"><net_src comp="480" pin="1"/><net_sink comp="130" pin=4"/></net>

<net id="488"><net_src comp="282" pin="1"/><net_sink comp="485" pin=0"/></net>

<net id="489"><net_src comp="485" pin="1"/><net_sink comp="138" pin=1"/></net>

<net id="493"><net_src comp="286" pin="1"/><net_sink comp="490" pin=0"/></net>

<net id="494"><net_src comp="490" pin="1"/><net_sink comp="138" pin=2"/></net>

<net id="498"><net_src comp="290" pin="1"/><net_sink comp="495" pin=0"/></net>

<net id="499"><net_src comp="495" pin="1"/><net_sink comp="138" pin=3"/></net>

<net id="503"><net_src comp="294" pin="1"/><net_sink comp="500" pin=0"/></net>

<net id="504"><net_src comp="500" pin="1"/><net_sink comp="138" pin=4"/></net>

<net id="508"><net_src comp="298" pin="1"/><net_sink comp="505" pin=0"/></net>

<net id="509"><net_src comp="505" pin="1"/><net_sink comp="146" pin=1"/></net>

<net id="513"><net_src comp="302" pin="1"/><net_sink comp="510" pin=0"/></net>

<net id="514"><net_src comp="510" pin="1"/><net_sink comp="146" pin=2"/></net>

<net id="518"><net_src comp="306" pin="1"/><net_sink comp="515" pin=0"/></net>

<net id="519"><net_src comp="515" pin="1"/><net_sink comp="146" pin=3"/></net>

<net id="523"><net_src comp="310" pin="1"/><net_sink comp="520" pin=0"/></net>

<net id="524"><net_src comp="520" pin="1"/><net_sink comp="153" pin=1"/></net>

<net id="528"><net_src comp="314" pin="1"/><net_sink comp="525" pin=0"/></net>

<net id="529"><net_src comp="525" pin="1"/><net_sink comp="153" pin=2"/></net>

<net id="533"><net_src comp="318" pin="1"/><net_sink comp="530" pin=0"/></net>

<net id="534"><net_src comp="530" pin="1"/><net_sink comp="153" pin=3"/></net>

<net id="538"><net_src comp="322" pin="1"/><net_sink comp="535" pin=0"/></net>

<net id="539"><net_src comp="535" pin="1"/><net_sink comp="160" pin=1"/></net>

<net id="543"><net_src comp="326" pin="1"/><net_sink comp="540" pin=0"/></net>

<net id="544"><net_src comp="540" pin="1"/><net_sink comp="160" pin=2"/></net>

</net_list>

</model> 
---------------- Datapath Model END ------------------

* FSMD analyzer results:
  - Output states:
	Port: layer19_out_0 | {46 }
	Port: layer19_out_1 | {46 }
 - Input state : 
	Port: myproject : inputLayer | {1 }
	Port: myproject : exp_table | {38 39 }
	Port: myproject : invert_table | {41 42 }
  - Chain level:
	State 1
	State 2
	State 3
	State 4
	State 5
	State 6
	State 7
	State 8
	State 9
		layer2_out_V : 1
		layer2_out_V_1 : 1
		layer2_out_V_2 : 1
		layer2_out_V_3 : 1
		layer2_out_V_4 : 1
		layer2_out_V_5 : 1
	State 10
		layer4_out_V : 1
		layer4_out_V_1 : 1
		layer4_out_V_2 : 1
		layer4_out_V_3 : 1
		layer4_out_V_4 : 1
		layer4_out_V_5 : 1
	State 11
	State 12
	State 13
	State 14
	State 15
		layer5_out_V : 1
		layer5_out_V_1 : 1
		layer5_out_V_2 : 1
		layer5_out_V_3 : 1
	State 16
		layer7_out_V : 1
		layer7_out_V_1 : 1
		layer7_out_V_2 : 1
		layer7_out_V_3 : 1
	State 17
	State 18
	State 19
	State 20
		layer8_out_V : 1
		layer8_out_V_1 : 1
	State 21
		layer10_out_V : 1
		layer10_out_V_1 : 1
	State 22
	State 23
		layer11_out_V : 1
		layer11_out_V_1 : 1
		layer11_out_V_2 : 1
		layer11_out_V_3 : 1
	State 24
		layer13_out_V : 1
		layer13_out_V_1 : 1
		layer13_out_V_2 : 1
		layer13_out_V_3 : 1
	State 25
	State 26
	State 27
	State 28
		layer14_out_V : 1
		layer14_out_V_1 : 1
		layer14_out_V_2 : 1
	State 29
		layer16_out_V : 1
		layer16_out_V_1 : 1
		layer16_out_V_2 : 1
	State 30
	State 31
	State 32
	State 33
	State 34
	State 35
		layer17_out_V : 1
		layer17_out_V_1 : 1
	State 36
	State 37
	State 38
	State 39
	State 40
	State 41
	State 42
	State 43
	State 44
	State 45
	State 46
		layer19_out_0_ret : 1
		write_ln386 : 2
		layer19_out_1_ret : 1
		write_ln386 : 2


============================================================
+ Verbose Summary: Datapath Resource usage 
============================================================

* Functional unit list:
|----------|------------------------------------------------------------------------------|---------|---------|---------|---------|
| Operation|                                Functional Unit                               |   DSP   |  Delay  |    FF   |   LUT   |
|----------|------------------------------------------------------------------------------|---------|---------|---------|---------|
|          |   grp_dense_latency_ap_fixed_16_6_5_3_0_ap_fixed_8_4_5_3_0_config2_s_fu_76   |    0    |    0    |   6177  |  12093  |
|          |   call_ret2_relu_ap_fixed_8_4_5_3_0_ap_fixed_8_4_5_3_0_relu_config4_s_fu_82  |    0    |    0    |    0    |   108   |
|          |    grp_dense_latency_ap_fixed_8_4_5_3_0_ap_fixed_8_4_5_3_0_config5_s_fu_92   |    0    |    0    |   190   |   365   |
|          |  call_ret4_relu_ap_fixed_8_4_5_3_0_ap_fixed_8_4_5_3_0_relu_config7_s_fu_102  |    0    |    0    |    0    |    72   |
|          |   grp_dense_latency_ap_fixed_8_4_5_3_0_ap_fixed_8_4_5_3_0_config8_s_fu_110   |    0    |    0    |    51   |   154   |
|   call   |  call_ret6_relu_ap_fixed_8_4_5_3_0_ap_fixed_8_4_5_3_0_relu_config10_s_fu_118 |    0    |    0    |    0    |    36   |
|          |   grp_dense_latency_ap_fixed_8_4_5_3_0_ap_fixed_8_4_5_3_0_config11_s_fu_124  |    0    |    0    |    40   |   118   |
|          |  call_ret8_relu_ap_fixed_8_4_5_3_0_ap_fixed_8_4_5_3_0_relu_config13_s_fu_130 |    0    |    0    |    0    |    72   |
|          |   grp_dense_latency_ap_fixed_8_4_5_3_0_ap_fixed_8_4_5_3_0_config14_s_fu_138  |    0    |    0    |    91   |   249   |
|          | call_ret10_relu_ap_fixed_8_4_5_3_0_ap_fixed_8_4_5_3_0_relu_config16_s_fu_146 |    0    |    0    |    0    |    54   |
|          |   grp_dense_latency_ap_fixed_8_4_5_3_0_ap_fixed_8_4_5_3_0_config17_s_fu_153  |    5    |   7.94  |   232   |   123   |
|          |   grp_softmax_stable_ap_fixed_ap_fixed_8_4_5_3_0_softmax_config19_s_fu_160   |    2    |  11.116 |   244   |   190   |
|----------|------------------------------------------------------------------------------|---------|---------|---------|---------|
|   read   |                          inputLayer_read_read_fu_56                          |    0    |    0    |    0    |    0    |
|----------|------------------------------------------------------------------------------|---------|---------|---------|---------|
|   write  |                            write_ln386_write_fu_62                           |    0    |    0    |    0    |    0    |
|          |                            write_ln386_write_fu_69                           |    0    |    0    |    0    |    0    |
|----------|------------------------------------------------------------------------------|---------|---------|---------|---------|
|          |                              layer2_out_V_fu_170                             |    0    |    0    |    0    |    0    |
|          |                             layer2_out_V_1_fu_174                            |    0    |    0    |    0    |    0    |
|          |                             layer2_out_V_2_fu_178                            |    0    |    0    |    0    |    0    |
|          |                             layer2_out_V_3_fu_182                            |    0    |    0    |    0    |    0    |
|          |                             layer2_out_V_4_fu_186                            |    0    |    0    |    0    |    0    |
|          |                             layer2_out_V_5_fu_190                            |    0    |    0    |    0    |    0    |
|          |                              layer4_out_V_fu_194                             |    0    |    0    |    0    |    0    |
|          |                             layer4_out_V_1_fu_198                            |    0    |    0    |    0    |    0    |
|          |                             layer4_out_V_2_fu_202                            |    0    |    0    |    0    |    0    |
|          |                             layer4_out_V_3_fu_206                            |    0    |    0    |    0    |    0    |
|          |                             layer4_out_V_4_fu_210                            |    0    |    0    |    0    |    0    |
|          |                             layer4_out_V_5_fu_214                            |    0    |    0    |    0    |    0    |
|          |                              layer5_out_V_fu_218                             |    0    |    0    |    0    |    0    |
|          |                             layer5_out_V_1_fu_222                            |    0    |    0    |    0    |    0    |
|          |                             layer5_out_V_2_fu_226                            |    0    |    0    |    0    |    0    |
|          |                             layer5_out_V_3_fu_230                            |    0    |    0    |    0    |    0    |
|          |                              layer7_out_V_fu_234                             |    0    |    0    |    0    |    0    |
|          |                             layer7_out_V_1_fu_238                            |    0    |    0    |    0    |    0    |
|          |                             layer7_out_V_2_fu_242                            |    0    |    0    |    0    |    0    |
|          |                             layer7_out_V_3_fu_246                            |    0    |    0    |    0    |    0    |
|extractvalue|                              layer8_out_V_fu_250                             |    0    |    0    |    0    |    0    |
|          |                             layer8_out_V_1_fu_254                            |    0    |    0    |    0    |    0    |
|          |                             layer10_out_V_fu_258                             |    0    |    0    |    0    |    0    |
|          |                            layer10_out_V_1_fu_262                            |    0    |    0    |    0    |    0    |
|          |                             layer11_out_V_fu_266                             |    0    |    0    |    0    |    0    |
|          |                            layer11_out_V_1_fu_270                            |    0    |    0    |    0    |    0    |
|          |                            layer11_out_V_2_fu_274                            |    0    |    0    |    0    |    0    |
|          |                            layer11_out_V_3_fu_278                            |    0    |    0    |    0    |    0    |
|          |                             layer13_out_V_fu_282                             |    0    |    0    |    0    |    0    |
|          |                            layer13_out_V_1_fu_286                            |    0    |    0    |    0    |    0    |
|          |                            layer13_out_V_2_fu_290                            |    0    |    0    |    0    |    0    |
|          |                            layer13_out_V_3_fu_294                            |    0    |    0    |    0    |    0    |
|          |                             layer14_out_V_fu_298                             |    0    |    0    |    0    |    0    |
|          |                            layer14_out_V_1_fu_302                            |    0    |    0    |    0    |    0    |
|          |                            layer14_out_V_2_fu_306                            |    0    |    0    |    0    |    0    |
|          |                             layer16_out_V_fu_310                             |    0    |    0    |    0    |    0    |
|          |                            layer16_out_V_1_fu_314                            |    0    |    0    |    0    |    0    |
|          |                            layer16_out_V_2_fu_318                            |    0    |    0    |    0    |    0    |
|          |                             layer17_out_V_fu_322                             |    0    |    0    |    0    |    0    |
|          |                            layer17_out_V_1_fu_326                            |    0    |    0    |    0    |    0    |
|          |                           layer19_out_0_ret_fu_330                           |    0    |    0    |    0    |    0    |
|          |                           layer19_out_1_ret_fu_335                           |    0    |    0    |    0    |    0    |
|----------|------------------------------------------------------------------------------|---------|---------|---------|---------|
|   Total  |                                                                              |    7    |  19.056 |   7025  |  13634  |
|----------|------------------------------------------------------------------------------|---------|---------|---------|---------|

Memories:
+------------+--------+--------+--------+
|            |  BRAM  |   FF   |   LUT  |
+------------+--------+--------+--------+
|  exp_table |    1   |    0   |    0   |
|invert_table|    1   |    0   |    0   |
+------------+--------+--------+--------+
|    Total   |    2   |    0   |    0   |
+------------+--------+--------+--------+

* Register list:
+-----------------------+--------+
|                       |   FF   |
+-----------------------+--------+
|inputLayer_read_reg_340|  2576  |
|layer10_out_V_1_reg_460|    8   |
| layer10_out_V_reg_455 |    8   |
|layer11_out_V_1_reg_470|    8   |
|layer11_out_V_2_reg_475|    8   |
|layer11_out_V_3_reg_480|    8   |
| layer11_out_V_reg_465 |    8   |
|layer13_out_V_1_reg_490|    8   |
|layer13_out_V_2_reg_495|    8   |
|layer13_out_V_3_reg_500|    8   |
| layer13_out_V_reg_485 |    8   |
|layer14_out_V_1_reg_510|    8   |
|layer14_out_V_2_reg_515|    8   |
| layer14_out_V_reg_505 |    8   |
|layer16_out_V_1_reg_525|    8   |
|layer16_out_V_2_reg_530|    8   |
| layer16_out_V_reg_520 |    8   |
|layer17_out_V_1_reg_540|    8   |
| layer17_out_V_reg_535 |    8   |
| layer2_out_V_1_reg_350|    8   |
| layer2_out_V_2_reg_355|    8   |
| layer2_out_V_3_reg_360|    8   |
| layer2_out_V_4_reg_365|    8   |
| layer2_out_V_5_reg_370|    8   |
|  layer2_out_V_reg_345 |    8   |
| layer4_out_V_1_reg_380|    8   |
| layer4_out_V_2_reg_385|    8   |
| layer4_out_V_3_reg_390|    8   |
| layer4_out_V_4_reg_395|    8   |
| layer4_out_V_5_reg_400|    8   |
|  layer4_out_V_reg_375 |    8   |
| layer5_out_V_1_reg_410|    8   |
| layer5_out_V_2_reg_415|    8   |
| layer5_out_V_3_reg_420|    8   |
|  layer5_out_V_reg_405 |    8   |
| layer7_out_V_1_reg_430|    8   |
| layer7_out_V_2_reg_435|    8   |
| layer7_out_V_3_reg_440|    8   |
|  layer7_out_V_reg_425 |    8   |
| layer8_out_V_1_reg_450|    8   |
|  layer8_out_V_reg_445 |    8   |
+-----------------------+--------+
|         Total         |  2896  |
+-----------------------+--------+

* Multiplexer (MUX) list: 
|--------------------------------------------------------------------------|------|------|------|--------||---------||---------|
|                                   Comp                                   |  Pin | Size |  BW  | S x BW ||  Delay  ||   LUT   |
|--------------------------------------------------------------------------|------|------|------|--------||---------||---------|
| grp_dense_latency_ap_fixed_16_6_5_3_0_ap_fixed_8_4_5_3_0_config2_s_fu_76 |  p1  |   2  | 2576 |  5152  ||    9    |
|--------------------------------------------------------------------------|------|------|------|--------||---------||---------|
|                                   Total                                  |      |      |      |  5152  ||  1.588  ||    9    |
|--------------------------------------------------------------------------|------|------|------|--------||---------||---------|



* Summary:
+-----------+--------+--------+--------+--------+--------+
|           |  BRAM  |   DSP  |  Delay |   FF   |   LUT  |
+-----------+--------+--------+--------+--------+--------+
|  Function |    -   |    7   |   19   |  7025  |  13634 |
|   Memory  |    2   |    -   |    -   |    0   |    0   |
|Multiplexer|    -   |    -   |    1   |    -   |    9   |
|  Register |    -   |    -   |    -   |  2896  |    -   |
+-----------+--------+--------+--------+--------+--------+
|   Total   |    2   |    7   |   20   |  9921  |  13643 |
+-----------+--------+--------+--------+--------+--------+
